﻿score,login,id,avatar_url,organizations_url,gravatar_id,repos_url,url,type,html_url,site_admin,followers_url,name,following_url,company,gists_url,email,starred_url,hireable,subscriptions_url,public_gists,events_url,followers,received_events_url,updated_at,blog,location,bio,public_repos,following,created_at
0,adriennefriend,,https://avatars3.githubusercontent.com/u/3959233?v=3&amp;s=100,,,,,,,,,Adrienne Lowe,,,,,,,,,,,,,,,"Proudly working at Emma and on Django Project, PyLadies, Write the Docs, Django Girls, and more!",,,
0,andrewgodwin,,https://avatars3.githubusercontent.com/u/36182?v=3&amp;s=100,,,,,,,,,Andrew Godwin,,,,,,,,,,,,,,,,,,
0,atsao,,https://avatars3.githubusercontent.com/u/9197992?v=3&amp;s=100,,,,,,,,,Andrew Tsao,,,,,,,,,,,,,,,Be better than you were yesterday. ✌🏽,,,
0,Eggsix,,https://avatars0.githubusercontent.com/u/9501009?v=3&amp;s=100,,,,,,,,,Preston Le Phan,,,,,,,,,,,,,,,,,,
0,gaearon,,https://avatars1.githubusercontent.com/u/810438?v=3&amp;s=100,,,,,,,,,Dan Abramov,,,,,,,,,,,,,,,"Co-authored Redux, Create React App, React Hot Loader, React DnD. Helping improve @reactjs.",,,
0,LearningNerd,,https://avatars1.githubusercontent.com/u/1555022?v=3&amp;s=100,,,,,,,,,Liz Krane,,,,,,,,,,,,,,,,,,
0,philly-d,,https://avatars3.githubusercontent.com/u/1572062?v=3&amp;s=100,,,,,,,,,Phil Ditzler,,,,,,,,,,,,,,,,,,
0,chulmo,,https://avatars3.githubusercontent.com/u/5251074?v=3&amp;s=100,,,,,,,,,chulmo,,,,,,,,,,,,,,,,,,
0,moarwick,,https://avatars2.githubusercontent.com/u/4442541?v=3&amp;s=100,,,,,,,,,Peter Morawiec,,,,,,,,,,,,,,,,,,
0,EQuimper,,https://avatars3.githubusercontent.com/u/15819498?v=3&amp;s=100,,,,,,,,,Emanuel Quimper,,,,,,,,,,,,,,,React-Native | React | Redux,,,
0,Mell777,,https://avatars2.githubusercontent.com/u/12438095?v=3&amp;s=100,,,,,,,,,Mell777,,,,,,,,,,,,,,,,,,
0,0x13a,,https://avatars0.githubusercontent.com/u/9900155?v=3&amp;s=100,,,,,,,,,Diego Mariani,,,,,,,,,,,,,,,"software developer, lifelong learner, musician",,,
0,novarac23,,https://avatars0.githubusercontent.com/u/7654314?v=3&amp;s=100,,,,,,,,,Nikola Novakovic,,,,,,,,,,,,,,,,,,
0,DanielJamesCollier,,https://avatars2.githubusercontent.com/u/6226245?v=3&amp;s=100,,,,,,,,,Daniel Collier,,,,,,,,,,,,,,,"C++, Java, OpenGL",,,
0,martijndroid,,https://avatars1.githubusercontent.com/u/10488243?v=3&amp;s=100,,,,,,,,,Martijn Hoekstra,,,,,,,,,,,,,,,,,,
0,N-faycal,,https://avatars2.githubusercontent.com/u/10491316?v=3&amp;s=100,,,,,,,,,N-faycal,,,,,,,,,,,,,,,,,,
0,DanMcInerney,,https://avatars3.githubusercontent.com/u/1813669?v=3&amp;s=100,,,,,,,,,Dan McInerney,,,,,,,,,,,,,,,,,,
0,sheldonjuncker,,https://avatars3.githubusercontent.com/u/6455461?v=3&amp;s=100,,,,,,,,,Sheldon Juncker,,,,,,,,,,,,,,,,,,
0,Jinfu1986626,,https://avatars3.githubusercontent.com/u/6972670?v=3&amp;s=100,,,,,,,,,Jinfu1986626,,,,,,,,,,,,,,,,,,
0,bizzycola,,https://avatars0.githubusercontent.com/u/845115?v=3&amp;s=100,,,,,,,,,Bizzycola,,,,,,,,,,,,,,,,,,
0,jacobclevenger,,https://avatars1.githubusercontent.com/u/7064956?v=3&amp;s=100,,,,,,,,,Jacob Clevenger,,,,,,,,,,,,,,,,,,
0,timbog80,,https://avatars0.githubusercontent.com/u/7907024?v=3&amp;s=100,,,,,,,,,Tim Bogdanov,,,,,,,,,,,,,,,,,,
0,cyanboy,,https://avatars0.githubusercontent.com/u/1775685?v=3&amp;s=100,,,,,,,,,Mathias Frits Rørvik,,,,,,,,,,,,,,,Computer Science student at the University of Oslo! 🤖,,,
0,kayandrae,,https://avatars1.githubusercontent.com/u/5002506?v=3&amp;s=100,,,,,,,,,Samuel Oloruntoba,,,,,,,,,,,,,,,,,,
0,tangplin,,https://avatars3.githubusercontent.com/u/272929?v=3&amp;s=100,,,,,,,,,tangplin,,,,,,,,,,,,,,,,,,
0,kanytu,,https://avatars2.githubusercontent.com/u/560921?v=3&amp;s=100,,,,,,,,,Pedro Oliveira,,,,,,,,,,,,,,,,,,
0,philipwalton,,https://avatars2.githubusercontent.com/u/326742?v=3&amp;s=100,,,,,,,,,Philip Walton,,,,,,,,,,,,,,,,,,
0,adchsm,,https://avatars2.githubusercontent.com/u/5276939?v=3&amp;s=100,,,,,,,,,Adam Smith,,,,,,,,,,,,,,,,,,
0,wxdong85,,https://avatars1.githubusercontent.com/u/7939699?v=3&amp;s=100,,,,,,,,,wxdong85,,,,,,,,,,,,,,,,,,
0,itsjinlie,,https://avatars0.githubusercontent.com/u/9207023?v=3&amp;s=100,,,,,,,,,itsjinlie,,,,,,,,,,,,,,,,,,
0,dmonaco05,,https://avatars2.githubusercontent.com/u/6571686?v=3&amp;s=100,,,,,,,,,Dominic Monaco,,,,,,,,,,,,,,,,,,
