﻿login,score,public_gists,avatar_url,id,created_at,html_url,gravatar_id,followers_url,url,following_url,gists_url,starred_url,subscriptions_url,organizations_url,repos_url,events_url,received_events_url,type,name,site_admin,company,blog,email,location,hireable,bio,public_repos,followers,following,updated_at
chrisbull,0,,https://avatars3.githubusercontent.com/u/753112?v=3&amp;s=100,,,,,,,,,,,,,,,,Chris,,,,,,,,,,,
deborahelizabethpadilla,0,,https://avatars3.githubusercontent.com/u/20284373?v=3&amp;s=100,,,,,,,,,,,,,,,,Deborah Elizabeth Padilla,,,,,,,Developer that loves to innovate by using different passions.,,,,
cahergil,0,,https://avatars2.githubusercontent.com/u/12985910?v=3&amp;s=100,,,,,,,,,,,,,,,,Carlos Hernández Gil,,,,,,,,,,,
tlkahn,0,,https://avatars1.githubusercontent.com/u/335719?v=3&amp;s=100,,,,,,,,,,,,,,,,Jo Goodwin,,,,,,,What the hack?,,,,
