﻿score,login,id,avatar_url,gravatar_id,url,html_url,followers_url,following_url,gists_url,starred_url,subscriptions_url,organizations_url,repos_url,events_url,received_events_url,type,site_admin,name,company,blog,location,email,hireable,bio,public_repos,public_gists,followers,following,created_at,updated_at
0,fafamx,,https://avatars1.githubusercontent.com/u/153014?v=3&amp;s=100,,,,,,,,,,,,,,,Farid Arzpeyma,,,,,,,,,,,,
0,pedramp,,https://avatars1.githubusercontent.com/u/202137?v=3&amp;s=100,,,,,,,,,,,,,,,Pedram Pourhossein,,,,,,,,,,,,
0,amir,,https://avatars0.githubusercontent.com/u/4293?v=3&amp;s=100,,,,,,,,,,,,,,,Amir M. Saeid,,,,,,wanderer,,,,,,
0,rogerclarkmelbourne,,https://avatars0.githubusercontent.com/u/6146984?v=3&amp;s=100,,,,,,,,,,,,,,,Roger Clark,,,,,,,,,,,,
0,nathansmith,,https://avatars3.githubusercontent.com/u/135995?v=3&amp;s=100,,,,,,,,,,,,,,,Nathan Smith,,,,,,,,,,,,
0,daneden,,https://avatars3.githubusercontent.com/u/439365?v=3&amp;s=100,,,,,,,,,,,,,,,Daniel Eden,,,,,,,,,,,,
0,rastikerdar,,https://avatars2.githubusercontent.com/u/3116038?v=3&amp;s=100,,,,,,,,,,,,,,,Saber Rastikerdar,,,,,,,,,,,,
0,voltan,,https://avatars3.githubusercontent.com/u/562083?v=3&amp;s=100,,,,,,,,,,,,,,,Hossein Azizabadi,,,,,,"Software Developer at @faragostaresh , @pi-engine and @pi-module ",,,,,,
0,jaavid,,https://avatars2.githubusercontent.com/u/1959108?v=3&amp;s=100,,,,,,,,,,,,,,,Javid,,,,,,,,,,,,
0,thesoulless,,https://avatars2.githubusercontent.com/u/1730786?v=3&amp;s=100,,,,,,,,,,,,,,,Hamed Nemati,,,,,,,,,,,,
0,SlashArash,,https://avatars2.githubusercontent.com/u/3456305?v=3&amp;s=100,,,,,,,,,,,,,,,Arash Kadkhodaei,,,,,,,,,,,,
0,AmirMansoury,,https://avatars1.githubusercontent.com/u/239447?v=3&amp;s=100,,,,,,,,,,,,,,,Amir Mansoury,,,,,,,,,,,,
0,N45ERGHAZI,,https://avatars1.githubusercontent.com/u/5443515?v=3&amp;s=100,,,,,,,,,,,,,,,N45ERGHAZI,,,,,,,,,,,,
0,fffaraz,,https://avatars3.githubusercontent.com/u/895678?v=3&amp;s=100,,,,,,,,,,,,,,,Faraz Fallahi,,,,,,Software Developer. Computer Science graduate student at SIUC. fffaraz@gmail.com,,,,,,
0,Fardinak,,https://avatars1.githubusercontent.com/u/768703?v=3&amp;s=100,,,,,,,,,,,,,,,Fardin Koochaki,,,,,,,,,,,,
0,sajjadrad,,https://avatars3.githubusercontent.com/u/1608837?v=3&amp;s=100,,,,,,,,,,,,,,,Sajjad Rad,,,,,,"Rise and shine, blood and pain",,,,,,
0,ialireza,,https://avatars3.githubusercontent.com/u/2772810?v=3&amp;s=100,,,,,,,,,,,,,,,Alireza Attari,,,,,,,,,,,,
0,mrReiha,,https://avatars2.githubusercontent.com/u/2474672?v=3&amp;s=100,,,,,,,,,,,,,,,Reiha Hosseini,,,,,,Peach smell...,,,,,,
0,MujanMujan,,https://avatars1.githubusercontent.com/u/5619032?v=3&amp;s=100,,,,,,,,,,,,,,,Mujan,,,,,,,,,,,,
0,mehdy,,https://avatars3.githubusercontent.com/u/2669765?v=3&amp;s=100,,,,,,,,,,,,,,,mehdy,,,,,,,,,,,,
0,iamiiir,,https://avatars1.githubusercontent.com/u/6730222?v=3&amp;s=100,,,,,,,,,,,,,,,iamiiir,,,,,,,,,,,,
0,miladkian,,https://avatars3.githubusercontent.com/u/4578704?v=3&amp;s=100,,,,,,,,,,,,,,,miladkian,,,,,,,,,,,,
0,sadid,,https://avatars3.githubusercontent.com/u/3974947?v=3&amp;s=100,,,,,,,,,,,,,,,Sadid,,,,,,,,,,,,
0,5y,,https://avatars1.githubusercontent.com/u/1941933?v=3&amp;s=100,,,,,,,,,,,,,,,Rehb (rezahb),,,,,,Computer &lt;3,,,,,,
0,zolala,,https://avatars2.githubusercontent.com/u/5901972?v=3&amp;s=100,,,,,,,,,,,,,,,شهاب الدین ذوالعلی,,,,,,,,,,,,
0,argholami,,https://avatars3.githubusercontent.com/u/6145448?v=3&amp;s=100,,,,,,,,,,,,,,,Ali Reza Gholami,,,,,,,,,,,,
0,existme,,https://avatars2.githubusercontent.com/u/3057279?v=3&amp;s=100,,,,,,,,,,,,,,,Reza Shams Amiri,,,,,,,,,,,,
0,javad75,,https://avatars2.githubusercontent.com/u/3672116?v=3&amp;s=100,,,,,,,,,,,,,,,Mohammad javad,,,,,,,,,,,,
0,mah3a,,https://avatars2.githubusercontent.com/u/8158632?v=3&amp;s=100,,,,,,,,,,,,,,,Mahsa Radinmehr,,,,,,,,,,,,
0,mehranhadidi,,https://avatars0.githubusercontent.com/u/897774?v=3&amp;s=100,,,,,,,,,,,,,,,Mehran Hadidi,,,,,,Lead Programmer / Senior Developer / Project Manager @ SHR,,,,,,
0,numb95,,https://avatars2.githubusercontent.com/u/1831847?v=3&amp;s=100,,,,,,,,,,,,,,,AmirHossein Goodarzi,,,,,,,,,,,,
0,hkazazi,,https://avatars0.githubusercontent.com/u/6842861?v=3&amp;s=100,,,,,,,,,,,,,,,Hosein Kazazi,,,,,,,,,,,,
0,nuved,,https://avatars3.githubusercontent.com/u/4522552?v=3&amp;s=100,,,,,,,,,,,,,,,nuved,,,,,,,,,,,,
0,aidinzolghadr,,https://avatars3.githubusercontent.com/u/6238122?v=3&amp;s=100,,,,,,,,,,,,,,,Aidin Zolghadr,,,,,,,,,,,,
0,n4cr,,https://avatars0.githubusercontent.com/u/1065473?v=3&amp;s=100,,,,,,,,,,,,,,,Nasir Shadravan,,,,,,,,,,,,
0,alizandi,,https://avatars3.githubusercontent.com/u/6245400?v=3&amp;s=100,,,,,,,,,,,,,,,alizandi,,,,,,,,,,,,
0,mahmoudmy,,https://avatars3.githubusercontent.com/u/5320237?v=3&amp;s=100,,,,,,,,,,,,,,,Mahmoud Mosalman,,,,,,,,,,,,
0,ramezanpour,,https://avatars3.githubusercontent.com/u/1416456?v=3&amp;s=100,,,,,,,,,,,,,,,Mohammad Mahdi Ramezanpour,,,,,,"Software developer, math lover, physics enthusiast.",,,,,,
0,zoghal,,https://avatars3.githubusercontent.com/u/174688?v=3&amp;s=100,,,,,,,,,,,,,,,Saleh Souzanchi,,,,,,,,,,,,
0,MrKarimiD,,https://avatars2.githubusercontent.com/u/7369407?v=3&amp;s=100,,,,,,,,,,,,,,,Mohammad R Karimi Dastjerdi,,,,,,,,,,,,
0,saeedalijani,,https://avatars1.githubusercontent.com/u/8503904?v=3&amp;s=100,,,,,,,,,,,,,,,saeed alijani,,,,,,,,,,,,
0,hosein33,,https://avatars2.githubusercontent.com/u/8070215?v=3&amp;s=100,,,,,,,,,,,,,,,hoseinmontazer,,,,,,,,,,,,
0,taghizadeh1987,,https://avatars0.githubusercontent.com/u/8558482?v=3&amp;s=100,,,,,,,,,,,,,,,Mohammad,,,,,,,,,,,,
0,navid-kalaei,,https://avatars3.githubusercontent.com/u/7106251?v=3&amp;s=100,,,,,,,,,,,,,,,Navid Kalaei,,,,,,,,,,,,
0,benyaminsalimi,,https://avatars2.githubusercontent.com/u/7989511?v=3&amp;s=100,,,,,,,,,,,,,,,BenYamin Salimi,,,,,,Back-end developer !,,,,,,
0,pouyanh,,https://avatars1.githubusercontent.com/u/2997770?v=3&amp;s=100,,,,,,,,,,,,,,,Pouyan Heyratpour,,,,,,Mountaineer C Developer,,,,,,
0,gheisari,,https://avatars0.githubusercontent.com/u/3327829?v=3&amp;s=100,,,,,,,,,,,,,,,Milad Gheisari,,,,,,,,,,,,
0,omidgharib,,https://avatars1.githubusercontent.com/u/2052615?v=3&amp;s=100,,,,,,,,,,,,,,,&lt;OMG,,,,,,,,,,,,
0,armantaherian,,https://avatars0.githubusercontent.com/u/870497?v=3&amp;s=100,,,,,,,,,,,,,,,Arman,,,,,,,,,,,,
0,saeidgi,,https://avatars1.githubusercontent.com/u/829894?v=3&amp;s=100,,,,,,,,,,,,,,,Saeid,,,,,,,,,,,,
0,kiavashteam,,https://avatars3.githubusercontent.com/u/9010268?v=3&amp;s=100,,,,,,,,,,,,,,,kiavashteam,,,,,,,,,,,,
