﻿score,login,id,avatar_url,gravatar_id,url,html_url,followers_url,following_url,gists_url,starred_url,subscriptions_url,organizations_url,repos_url,events_url,received_events_url,type,site_admin,name,company,blog,location,email,hireable,bio,public_repos,public_gists,followers,following,created_at,updated_at
0,felipeborgez,,https://avatars1.githubusercontent.com/u/4450268?v=3&amp;s=100,,,,,,,,,,,,,,,Felipe Borges,,,,,,,,,,,,
0,zenorocha,,https://avatars3.githubusercontent.com/u/398893?v=3&amp;s=100,,,,,,,,,,,,,,,Zeno Rocha,,,,,,born to create and share.,,,,,,
0,meendoo,,https://avatars0.githubusercontent.com/u/3496704?v=3&amp;s=100,,,,,,,,,,,,,,,Helder Santos,,,,,,,,,,,,
0,julionc,,https://avatars3.githubusercontent.com/u/981762?v=3&amp;s=100,,,,,,,,,,,,,,,Julio Napurí,,,,,,,,,,,,
0,hervethouzard,,https://avatars2.githubusercontent.com/u/117427?v=3&amp;s=100,,,,,,,,,,,,,,,Hervé Thouzard,,,,,,,,,,,,
0,lucasvscn,,https://avatars3.githubusercontent.com/u/3482569?v=3&amp;s=100,,,,,,,,,,,,,,,Lucas Vasconcelos,,,,,,,,,,,,
0,hyperclock,,https://avatars2.githubusercontent.com/u/65386?v=3&amp;s=100,,,,,,,,,,,,,,,hyperclock,,,,,,,,,,,,
0,geekwright,,https://avatars2.githubusercontent.com/u/3181636?v=3&amp;s=100,,,,,,,,,,,,,,,Richard Griffith,,,,,,,,,,,,
0,bitcero,,https://avatars3.githubusercontent.com/u/1305172?v=3&amp;s=100,,,,,,,,,,,,,,,Eduardo Cortes,,,,,,"Web designer and developer, focused on UI/UX based on México.",,,,,,
0,voltan,,https://avatars3.githubusercontent.com/u/562083?v=3&amp;s=100,,,,,,,,,,,,,,,Hossein Azizabadi,,,,,,"Software Developer at @faragostaresh , @pi-engine and @pi-module ",,,,,,
0,TarikAmine,,https://avatars3.githubusercontent.com/u/4983905?v=3&amp;s=100,,,,,,,,,,,,,,,Tarik Amine,,,,,,,,,,,,
0,alain01,,https://avatars1.githubusercontent.com/u/5336960?v=3&amp;s=100,,,,,,,,,,,,,,,alain01,,,,,,,,,,,,
0,cesagonchu,,https://avatars3.githubusercontent.com/u/4613970?v=3&amp;s=100,,,,,,,,,,,,,,,Christelle Gaulupeau,,,,,,,,,,,,
0,mambax7,,https://avatars2.githubusercontent.com/u/613686?v=3&amp;s=100,,,,,,,,,,,,,,,Mamba (Michael Beck),,,,,,,,,,,,
0,angelorocha,,https://avatars2.githubusercontent.com/u/2020098?v=3&amp;s=100,,,,,,,,,,,,,,,Angelo Rocha,,,,,,,,,,,,
0,evilsocket,,https://avatars1.githubusercontent.com/u/86922?v=3&amp;s=100,,,,,,,,,,,,,,,Simone Margaritelli,,,,,,INTP :: Hacker :: I break stuff to make the world a safer place.,,,,,,
0,andrecaribe,,https://avatars0.githubusercontent.com/u/1379298?v=3&amp;s=100,,,,,,,,,,,,,,,André Caribé,,,,,,,,,,,,
0,celsodantas,,https://avatars1.githubusercontent.com/u/408219?v=3&amp;s=100,,,,,,,,,,,,,,,Celso Dantas,,,,,,,,,,,,
0,fernanDOTdo,,https://avatars1.githubusercontent.com/u/406341?v=3&amp;s=100,,,,,,,,,,,,,,,Fernando Santos,,,,,,,,,,,,
0,pupunzi,,https://avatars3.githubusercontent.com/u/56659?v=3&amp;s=100,,,,,,,,,,,,,,,mb.jquery.components,,,,,,,,,,,,
