﻿score,login,id,avatar_url,gravatar_id,url,html_url,followers_url,following_url,gists_url,starred_url,subscriptions_url,organizations_url,repos_url,events_url,received_events_url,type,site_admin,name,company,blog,location,email,hireable,bio,public_repos,public_gists,followers,following,created_at,updated_at
0,kevinpetit,,https://avatars3.githubusercontent.com/u/313433?v=3&amp;s=100,,,,,,,,,,,,,,,Kevin,,,,,,"A self-made coder and Linux (and Windows, too) system administrator.",,,,,,
0,ixthemes,,https://avatars2.githubusercontent.com/u/87756?v=3&amp;s=100,,,,,,,,,,,,,,,IXThemes Project,,,,,,,,,,,,
0,asmecher,,https://avatars3.githubusercontent.com/u/200411?v=3&amp;s=100,,,,,,,,,,,,,,,Alec Smecher,,,,,,Optimonium: just the right amount of pandemonium,,,,,,
0,jtsternberg,,https://avatars2.githubusercontent.com/u/1098900?v=3&amp;s=100,,,,,,,,,,,,,,,Justin Sternberg,,,,,,Partner / Lead Developer at @zao-web and Lead Developer for #CMB2.,,,,,,
0,juho-jaakkola,,https://avatars1.githubusercontent.com/u/883920?v=3&amp;s=100,,,,,,,,,,,,,,,Juho Jaakkola,,,,,,,,,,,,
0,bitcero,,https://avatars3.githubusercontent.com/u/1305172?v=3&amp;s=100,,,,,,,,,,,,,,,Eduardo Cortes,,,,,,"Web designer and developer, focused on UI/UX based on México.",,,,,,
0,jegelstaff,,https://avatars0.githubusercontent.com/u/1175074?v=3&amp;s=100,,,,,,,,,,,,,,,Julian Egelstaff,,,,,,,,,,,,
0,alain01,,https://avatars1.githubusercontent.com/u/5336960?v=3&amp;s=100,,,,,,,,,,,,,,,alain01,,,,,,,,,,,,
0,redheadedrod,,https://avatars0.githubusercontent.com/u/629808?v=3&amp;s=100,,,,,,,,,,,,,,,redheadedrod,,,,,,,,,,,,
0,viniciusferreira,,https://avatars2.githubusercontent.com/u/4131628?v=3&amp;s=100,,,,,,,,,,,,,,,Vinicius Ferreira Piassarollo,,,,,,,,,,,,
0,xoopsfire,,https://avatars0.githubusercontent.com/u/7348992?v=3&amp;s=100,,,,,,,,,,,,,,,XOOPS Fire,,,,,,,,,,,,
0,justinmusgrove,,https://avatars0.githubusercontent.com/u/600758?v=3&amp;s=100,,,,,,,,,,,,,,,Justin Musgrove,,,,,,,,,,,,
0,olivee,,https://avatars2.githubusercontent.com/u/7019617?v=3&amp;s=100,,,,,,,,,,,,,,,olivee,,,,,,,,,,,,
0,krisxoofoo,,https://avatars0.githubusercontent.com/u/555219?v=3&amp;s=100,,,,,,,,,,,,,,,kris,,,,,,,,,,,,
0,pedra,,https://avatars1.githubusercontent.com/u/4870358?v=3&amp;s=100,,,,,,,,,,,,,,,Bill Rocha,,,,,,,,,,,,
0,pauloelr,,https://avatars2.githubusercontent.com/u/1790910?v=3&amp;s=100,,,,,,,,,,,,,,,Paulo Eduardo,,,,,,,,,,,,
0,Andrax,,https://avatars0.githubusercontent.com/u/200705?v=3&amp;s=100,,,,,,,,,,,,,,,Luiz Carlos B.,,,,,,,,,,,,
0,trabisdementia,,https://avatars3.githubusercontent.com/u/6377967?v=3&amp;s=100,,,,,,,,,,,,,,,Ricardo Costa,,,,,,,,,,,,
0,Heyula,,https://avatars1.githubusercontent.com/u/5504159?v=3&amp;s=100,,,,,,,,,,,,,,,Eren,,,,,,,,,,,,
0,bleekk,,https://avatars0.githubusercontent.com/u/2103826?v=3&amp;s=100,,,,,,,,,,,,,,,Bleekk,,,,,,,,,,,,
0,geekwright,,https://avatars2.githubusercontent.com/u/3181636?v=3&amp;s=100,,,,,,,,,,,,,,,Richard Griffith,,,,,,,,,,,,
0,cesagonchu,,https://avatars3.githubusercontent.com/u/4613970?v=3&amp;s=100,,,,,,,,,,,,,,,Christelle Gaulupeau,,,,,,,,,,,,
0,txmodxoops,,https://avatars1.githubusercontent.com/u/539148?v=3&amp;s=100,,,,,,,,,,,,,,,Txmod Xoops,,,,,,,,,,,,
0,mambax7,,https://avatars2.githubusercontent.com/u/613686?v=3&amp;s=100,,,,,,,,,,,,,,,Mamba (Michael Beck),,,,,,,,,,,,
0,TarikAmine,,https://avatars3.githubusercontent.com/u/4983905?v=3&amp;s=100,,,,,,,,,,,,,,,Tarik Amine,,,,,,,,,,,,
0,thiagosf,,https://avatars2.githubusercontent.com/u/319234?v=3&amp;s=100,,,,,,,,,,,,,,,Thiago Silva Ferreira,,,,,,,,,,,,
