﻿score,login,id,followers_url,avatar_url,gists_url,gravatar_id,subscriptions_url,url,events_url,html_url,received_events_url,following_url,type,starred_url,site_admin,organizations_url,name,repos_url,company,email,blog,hireable,location,public_gists,bio,followers,public_repos,following,created_at,updated_at
0,saeidzebardast,,,https://avatars3.githubusercontent.com/u/896271?v=3&amp;s=100,,,,,,,,,,,,,Saeid Zebardast,,,,,,,,Front End Developer,,,,,
0,ahmadina,,,https://avatars1.githubusercontent.com/u/5356553?v=3&amp;s=100,,,,,,,,,,,,,Ahmad Karimpour,,,,,,,,Software Engineer,,,,,
0,HoseinEmrani,,,https://avatars2.githubusercontent.com/u/1466559?v=3&amp;s=100,,,,,,,,,,,,,Hosein Emrani,,,,,,,,,,,,,
0,HamidFaraji,,,https://avatars2.githubusercontent.com/u/5663849?v=3&amp;s=100,,,,,,,,,,,,,Hamid Faraji,,,,,,,,,,,,,
0,mehdiraized,,,https://avatars3.githubusercontent.com/u/4368004?v=3&amp;s=100,,,,,,,,,,,,,Mehdi Rezaei,,,,,,,,"Web Developer , Web Design , I love job ⅓ time life other family and friendssssss , sleep , football , Berioni",,,,,
0,nezhadeh,,,https://avatars0.githubusercontent.com/u/5654838?v=3&amp;s=100,,,,,,,,,,,,,MOstafa Askarnezhad,,,,,,,,یه بیکار,,,,,
0,MBehtemam,,,https://avatars2.githubusercontent.com/u/1811124?v=3&amp;s=100,,,,,,,,,,,,,Mohammad Bagher Ehtemam,,,,,,,,,,,,,
0,farhadShekari,,,https://avatars2.githubusercontent.com/u/1051145?v=3&amp;s=100,,,,,,,,,,,,,فرهاد شکاری,,,,,,,,,,,,,
0,Arm1nE,,,https://avatars1.githubusercontent.com/u/5118836?v=3&amp;s=100,,,,,,,,,,,,,Armin Ebrahimi,,,,,,,,,,,,,
0,AlirezaAfshar,,,https://avatars2.githubusercontent.com/u/4405352?v=3&amp;s=100,,,,,,,,,,,,,Alireza Afshar,,,,,,,,,,,,,
0,airani,,,https://avatars0.githubusercontent.com/u/438573?v=3&amp;s=100,,,,,,,,,,,,,Ali Irani,,,,,,,,,,,,,
0,ehsansh,,,https://avatars3.githubusercontent.com/u/3332025?v=3&amp;s=100,,,,,,,,,,,,,Ehsan Shadmehri,,,,,,,,,,,,,
0,uyt12765,,,https://avatars1.githubusercontent.com/u/5616680?v=3&amp;s=100,,,,,,,,,,,,,uyt12765,,,,,,,,,,,,,
0,mimwaw,,,https://avatars2.githubusercontent.com/u/5278684?v=3&amp;s=100,,,,,,,,,,,,,mimwaw,,,,,,,,,,,,,
0,miladr,,,https://avatars2.githubusercontent.com/u/1630638?v=3&amp;s=100,,,,,,,,,,,,,miladr,,,,,,,,,,,,,
0,m-khosravi,,,https://avatars0.githubusercontent.com/u/4639973?v=3&amp;s=100,,,,,,,,,,,,,Mehdi,,,,,,,,,,,,,
0,miladkdz,,,https://avatars1.githubusercontent.com/u/908638?v=3&amp;s=100,,,,,,,,,,,,,Milad Karbasizadeh,,,,,,,,Full stack developer. In a complicated relationship with C# and Javascript.,,,,,
0,HamidAsadi,,,https://avatars1.githubusercontent.com/u/2959770?v=3&amp;s=100,,,,,,,,,,,,,Hamid Asadi,,,,,,,,,,,,,
0,farbod-s,,,https://avatars3.githubusercontent.com/u/2313075?v=3&amp;s=100,,,,,,,,,,,,,Farbod Samsamipour,,,,,,,,,,,,,
0,DamavandiKamali,,,https://avatars0.githubusercontent.com/u/2570517?v=3&amp;s=100,,,,,,,,,,,,,Ruhollah DamavandiKamali,,,,,,,,,,,,,
0,kharazi,,,https://avatars0.githubusercontent.com/u/1734380?v=3&amp;s=100,,,,,,,,,,,,,Vahid Kharazi,,,,,,,,,,,,,
0,novid,,,https://avatars3.githubusercontent.com/u/1545570?v=3&amp;s=100,,,,,,,,,,,,,Navid Emami,,,,,,,,An advocate of Free Software in 21&#39;st Century.,,,,,
0,sobhaan,,,https://avatars1.githubusercontent.com/u/1318012?v=3&amp;s=100,,,,,,,,,,,,,Sobhaan Hashemzadeh,,,,,,,,,,,,,
0,shgninc,,,https://avatars2.githubusercontent.com/u/3854192?v=3&amp;s=100,,,,,,,,,,,,,Shahcheraghean,,,,,,,,,,,,,
0,hamidabbaszadeh,,,https://avatars1.githubusercontent.com/u/1234122?v=3&amp;s=100,,,,,,,,,,,,,Hamid Abbaszadeh,,,,,,,,,,,,,
0,rbaghban,,,https://avatars2.githubusercontent.com/u/3795068?v=3&amp;s=100,,,,,,,,,,,,,Rasoul Baghban,,,,,,,,,,,,,
0,AmirMansoury,,,https://avatars1.githubusercontent.com/u/239447?v=3&amp;s=100,,,,,,,,,,,,,Amir Mansoury,,,,,,,,,,,,,
0,ehsania,,,https://avatars2.githubusercontent.com/u/392783?v=3&amp;s=100,,,,,,,,,,,,,Ali Ehsanfar,,,,,,,,,,,,,
0,Saeeddn,,,https://avatars0.githubusercontent.com/u/3541181?v=3&amp;s=100,,,,,,,,,,,,,Saeed Dn,,,,,,,,,,,,,
0,mrshm,,,https://avatars2.githubusercontent.com/u/2474788?v=3&amp;s=100,,,,,,,,,,,,,Mohammadreza Shahmohammadi,,,,,,,,,,,,,
0,AliMD,,,https://avatars0.githubusercontent.com/u/697913?v=3&amp;s=100,,,,,,,,,,,,,Ali Mihandoost,,,,,,,,,,,,,
0,yassersouri,,,https://avatars1.githubusercontent.com/u/289031?v=3&amp;s=100,,,,,,,,,,,,,Yasser Souri,,,,,,,,,,,,,
0,kamyarrad,,,https://avatars3.githubusercontent.com/u/3462071?v=3&amp;s=100,,,,,,,,,,,,,Kamyar Rad,,,,,,,,,,,,,
0,alijmlzd,,,https://avatars2.githubusercontent.com/u/133158?v=3&amp;s=100,,,,,,,,,,,,,Ali Jamalzadeh,,,,,,,,,,,,,
0,ahadyekta,,,https://avatars0.githubusercontent.com/u/1626537?v=3&amp;s=100,,,,,,,,,,,,,Ahad Nemati,,,,,,,,,,,,,
0,MR-Mostafa,,,https://avatars3.githubusercontent.com/u/1624943?v=3&amp;s=100,,,,,,,,,,,,,Mostafa,,,,,,,,,,,,,
0,seeking,,,https://avatars0.githubusercontent.com/u/1610697?v=3&amp;s=100,,,,,,,,,,,,,Masoud,,,,,,,,,,,,,
0,ialireza,,,https://avatars3.githubusercontent.com/u/2772810?v=3&amp;s=100,,,,,,,,,,,,,Alireza Attari,,,,,,,,,,,,,
0,mkdesign,,,https://avatars0.githubusercontent.com/u/1688735?v=3&amp;s=100,,,,,,,,,,,,,Mohammad Reza Kavian,,,,,,,,,,,,,
0,afshinm,,,https://avatars2.githubusercontent.com/u/314326?v=3&amp;s=100,,,,,,,,,,,,,Afshin Mehrabani,,,,,,,,A newbie programmer.,,,,,
0,mehrdxd,,,https://avatars3.githubusercontent.com/u/2741798?v=3&amp;s=100,,,,,,,,,,,,,Mehrdad Nayeb,,,,,,,,,,,,,
0,Seyfollahi,,,https://avatars2.githubusercontent.com/u/2345725?v=3&amp;s=100,,,,,,,,,,,,,Farzin Seyfollahi,,,,,,,,,,,,,
0,deamondisk,,,https://avatars0.githubusercontent.com/u/1909850?v=3&amp;s=100,,,,,,,,,,,,,amir jelodary,,,,,,,,,,,,,
0,whoman,,,https://avatars0.githubusercontent.com/u/1709136?v=3&amp;s=100,,,,,,,,,,,,,Hooman,,,,,,,,,,,,,
0,myvahid,,,https://avatars2.githubusercontent.com/u/1978487?v=3&amp;s=100,,,,,,,,,,,,,Vahid AB,,,,,,,,,,,,,
0,Vahidrz,,,https://avatars1.githubusercontent.com/u/1689306?v=3&amp;s=100,,,,,,,,,,,,,SeyedVahid Rezaei,,,,,,,,,,,,,
0,masoudgolchin,,,https://avatars3.githubusercontent.com/u/1687227?v=3&amp;s=100,,,,,,,,,,,,,Masoud Golchin,,,,,,,,,,,,,
0,kamyar-raad,,,https://avatars2.githubusercontent.com/u/1648152?v=3&amp;s=100,,,,,,,,,,,,,Abolfaz Kamyar Raad,,,,,,,,,,,,,
0,alireza-ahmadi,,,https://avatars2.githubusercontent.com/u/1054228?v=3&amp;s=100,,,,,,,,,,,,,Alireza Ahmadi,,,,,,,,Web Developer,,,,,
0,amirsaam,,,https://avatars2.githubusercontent.com/u/1331289?v=3&amp;s=100,,,,,,,,,,,,,Amir Mohammadi,,,,,,,,,,,,,
0,abolfathi,,,https://avatars0.githubusercontent.com/u/694204?v=3&amp;s=100,,,,,,,,,,,,,sohrab,,,,,,,,,,,,,
