﻿score,login,id,avatar_url,gravatar_id,url,html_url,followers_url,following_url,gists_url,starred_url,subscriptions_url,organizations_url,repos_url,events_url,received_events_url,type,site_admin,name,company,blog,location,email,hireable,bio,public_repos,public_gists,followers,following,created_at,updated_at
0,bkhezry,,https://avatars3.githubusercontent.com/u/91809?v=3&amp;s=100,,,,,,,,,,,,,,,Behrouz Khezry,,,,,,,,,,,,
0,Alirezaies,,https://avatars3.githubusercontent.com/u/16784257?v=3&amp;s=100,,,,,,,,,,,,,,,Sadegh Alirezaie,,,,,,Software Developer at Open Avijeh,,,,,,
0,alireza-amirsamimi,,https://avatars1.githubusercontent.com/u/7452500?v=3&amp;s=100,,,,,,,,,,,,,,,AliReza AmirSamimi,,,,,,GNU/LINUX and Music Lover,,,,,,
0,alireza-ahmadi,,https://avatars2.githubusercontent.com/u/1054228?v=3&amp;s=100,,,,,,,,,,,,,,,Alireza Ahmadi,,,,,,Web Developer,,,,,,
0,voltan,,https://avatars3.githubusercontent.com/u/562083?v=3&amp;s=100,,,,,,,,,,,,,,,Hossein Azizabadi,,,,,,"Software Developer at @faragostaresh , @pi-engine and @pi-module ",,,,,,
0,vahidR,,https://avatars2.githubusercontent.com/u/471521?v=3&amp;s=100,,,,,,,,,,,,,,,Vahid Rafiei,,,,,,"Java, Web Application Security, Political Philosophy",,,,,,
0,rezasp,,https://avatars1.githubusercontent.com/u/12808790?v=3&amp;s=100,,,,,,,,,,,,,,,Mohammad Reza Espargham,,,,,,@OWASP Project/Chapter Leader,,,,,,
0,alibo,,https://avatars0.githubusercontent.com/u/5338482?v=3&amp;s=100,,,,,,,,,,,,,,,Ali Borhani,,,,,,Backend Developer,,,,,,
0,paulgavrikov,,https://avatars3.githubusercontent.com/u/9333587?v=3&amp;s=100,,,,,,,,,,,,,,,Paul Gavrikov,,,,,,,,,,,,
0,atahani,,https://avatars3.githubusercontent.com/u/1076900?v=3&amp;s=100,,,,,,,,,,,,,,,Ahmad Tahani,,,,,,"(android / backend) developer, enjoy to (learn / educate) new stuff",,,,,,
0,hanihashemi,,https://avatars1.githubusercontent.com/u/2553497?v=3&amp;s=100,,,,,,,,,,,,,,,Hani Hashemi,,,,,,"I’m kind of a computer geek in mobile applications and I really love android development. Hence, I’m always busy with new Android articles.",,,,,,
0,mahdavipanah,,https://avatars3.githubusercontent.com/u/1397846?v=3&amp;s=100,,,,,,,,,,,,,,,Hamidreza Mahdavipanah,,,,,,"Software developer, Programmer, Computer Engineering Student, Free Software and GNU/Linux passionate.",,,,,,
0,arashkhoeini,,https://avatars3.githubusercontent.com/u/9248583?v=3&amp;s=100,,,,,,,,,,,,,,,Arash Khoeini,,,,,,,,,,,,
0,amirkarimi,,https://avatars3.githubusercontent.com/u/2813838?v=3&amp;s=100,,,,,,,,,,,,,,,Amir Karimi,,,,,,,,,,,,
0,hooshmand,,https://avatars3.githubusercontent.com/u/383099?v=3&amp;s=100,,,,,,,,,,,,,,,Hooshmand,,,,,,,,,,,,
0,sallar,,https://avatars1.githubusercontent.com/u/768052?v=3&amp;s=100,,,,,,,,,,,,,,,Sallar Kaboli,,,,,,Senior Software Engineer @Tieto. Co-creator @buttercup-pw password manager and co-owner @cafedev-org.,,,,,,
0,ScottSmith95,,https://avatars1.githubusercontent.com/u/634538?v=3&amp;s=100,,,,,,,,,,,,,,,Scott Smith,,,,,,I&#39;m a designer &amp; web developer. Always learning. ,,,,,,
0,jadijadi,,https://avatars3.githubusercontent.com/u/1290639?v=3&amp;s=100,,,,,,,,,,,,,,,Jadi,,,,,,,,,,,,
