﻿score,login,id,avatar_url,gravatar_id,url,html_url,followers_url,following_url,gists_url,starred_url,subscriptions_url,organizations_url,repos_url,events_url,received_events_url,type,site_admin,name,company,blog,location,email,hireable,bio,public_repos,public_gists,followers,following,created_at,updated_at
0,deborahelizabethpadilla,,https://avatars3.githubusercontent.com/u/20284373?v=3&amp;s=100,,,,,,,,,,,,,,,Deborah Elizabeth Padilla,,,,,,Developer that loves to innovate by using different passions.,,,,,,
0,xorbit,,https://avatars2.githubusercontent.com/u/1054370?v=3&amp;s=100,,,,,,,,,,,,,,,Patrick Van Oosterwijck,,,,,,,,,,,,
0,Austinthemighty,,https://avatars1.githubusercontent.com/u/14223130?v=3&amp;s=100,,,,,,,,,,,,,,,Austin Chopra,,,,,,,,,,,,
0,torvalds,,https://avatars0.githubusercontent.com/u/1024025?v=3&amp;s=100,,,,,,,,,,,,,,,Linus Torvalds,,,,,,,,,,,,
0,tdicola,,https://avatars3.githubusercontent.com/u/1332183?v=3&amp;s=100,,,,,,,,,,,,,,,Tony DiCola,,,,,,,,,,,,
0,tito,,https://avatars1.githubusercontent.com/u/37904?v=3&amp;s=100,,,,,,,,,,,,,,,Mathieu Virbel,,,,,,"I&#39;m doing consulting, you can contact me at contact@meltingrocks.com",,,,,,
0,nskrypnik,,https://avatars2.githubusercontent.com/u/671664?v=3&amp;s=100,,,,,,,,,,,,,,,Niko Skrypnik,,,,,,,,,,,,
0,cnlohr,,https://avatars3.githubusercontent.com/u/2748168?v=3&amp;s=100,,,,,,,,,,,,,,,CNLohr,,,,,,Science is my verb. Christ is my light.,,,,,,
0,alexrj,,https://avatars0.githubusercontent.com/u/594957?v=3&amp;s=100,,,,,,,,,,,,,,,Alessandro Ranellucci,,,,,,,,,,,,
0,foosel,,https://avatars0.githubusercontent.com/u/83657?v=3&amp;s=100,,,,,,,,,,,,,,,Gina Häußge,,,,,,,,,,,,
0,greiman,,https://avatars3.githubusercontent.com/u/3964207?v=3&amp;s=100,,,,,,,,,,,,,,,Bill Greiman,,,,,,,,,,,,
