﻿score,login,id,avatar_url,gravatar_id,url,html_url,followers_url,following_url,gists_url,starred_url,subscriptions_url,organizations_url,repos_url,events_url,received_events_url,type,site_admin,name,company,blog,location,email,hireable,bio,public_repos,public_gists,followers,following,created_at,updated_at
0,deborahelizabethpadilla,,https://avatars3.githubusercontent.com/u/20284373?v=3&amp;s=100,,,,,,,,,,,,,,,Deborah Elizabeth Padilla,,,,,,Developer that loves to innovate by using different passions.,,,,,,
0,phenax,,https://avatars1.githubusercontent.com/u/11407672?v=3&amp;s=100,,,,,,,,,,,,,,,Akshay Nair,,,,,,,,,,,,
0,a-despres,,https://avatars3.githubusercontent.com/u/21027320?v=3&amp;s=100,,,,,,,,,,,,,,,Andrew Despres,,,,,,"I&#39;m an iOS, VR, and front-end web developer day-lighting as a librarian.",,,,,,
0,ashutoshpurushottam,,https://avatars1.githubusercontent.com/u/18068790?v=3&amp;s=100,,,,,,,,,,,,,,,Ashutosh Purushottam,,,,,,,,,,,,
0,queencodemonkey,,https://avatars1.githubusercontent.com/u/381285?v=3&amp;s=100,,,,,,,,,,,,,,,Huyen Tue Dao,,,,,,"Native Android/iOS Code Monkey: monkey code, monkey break, monkey debug, monkey reiterate. Randomly typing for @trello. GDE.",,,,,,
0,devunwired,,https://avatars2.githubusercontent.com/u/215725?v=3&amp;s=100,,,,,,,,,,,,,,,Dave Smith,,,,,,IoT @ Google,,,,,,
0,Jeffchiucp,,https://avatars1.githubusercontent.com/u/10523517?v=3&amp;s=100,,,,,,,,,,,,,,,Jeff,,,,,,Software Engineer at MakeSchool,,,,,,
0,MichaelEvans,,https://avatars1.githubusercontent.com/u/1211302?v=3&amp;s=100,,,,,,,,,,,,,,,Michael Evans,,,,,,,,,,,,
0,ianhanniballake,,https://avatars0.githubusercontent.com/u/517315?v=3&amp;s=100,,,,,,,,,,,,,,,Ian Lake,,,,,,,,,,,,
0,nickbutcher,,https://avatars1.githubusercontent.com/u/352556?v=3&amp;s=100,,,,,,,,,,,,,,,Nick Butcher,,,,,,,,,,,,
0,anoo-radha,,https://avatars2.githubusercontent.com/u/13477436?v=3&amp;s=100,,,,,,,,,,,,,,,Anuradha Ohm,,,,,,Android Developer,,,,,,
0,twhetzel,,https://avatars0.githubusercontent.com/u/2167174?v=3&amp;s=100,,,,,,,,,,,,,,,Trish Whetzel,,,,,,,,,,,,
0,martinwilter,,https://avatars2.githubusercontent.com/u/16746283?v=3&amp;s=100,,,,,,,,,,,,,,,Martin Wilter,,,,,,,,,,,,
0,kylekaykim,,https://avatars1.githubusercontent.com/u/12441029?v=3&amp;s=100,,,,,,,,,,,,,,,Kyle Mi Jung Kim,,,,,,,,,,,,
0,thurstonemerson,,https://avatars1.githubusercontent.com/u/13894313?v=3&amp;s=100,,,,,,,,,,,,,,,Emerson,,,,,,,,,,,,
0,anantrao07,,https://avatars2.githubusercontent.com/u/3679862?v=3&amp;s=100,,,,,,,,,,,,,,,Anant Rao,,,,,,,,,,,,
0,aitorvs,,https://avatars3.githubusercontent.com/u/6786896?v=3&amp;s=100,,,,,,,,,,,,,,,Aitor Viana,,,,,,Senior Software Engineer @ ING Bank for Android.,,,,,,
0,Ronak-LM,,https://avatars0.githubusercontent.com/u/13075600?v=3&amp;s=100,,,,,,,,,,,,,,,Ronak Manglani,,,,,,,,,,,,
0,PhilJay,,https://avatars0.githubusercontent.com/u/6759734?v=3&amp;s=100,,,,,,,,,,,,,,,Philipp Jahoda,,,,,,,,,,,,
