﻿score,login,id,avatar_url,gravatar_id,url,html_url,followers_url,following_url,gists_url,starred_url,subscriptions_url,organizations_url,repos_url,events_url,received_events_url,type,site_admin,name,company,blog,location,email,hireable,bio,public_repos,public_gists,followers,following,created_at,updated_at
0,ihackcode,,https://avatars3.githubusercontent.com/u/5456660?v=3&amp;s=100,,,,,,,,,,,,,,,ihackcode,,,,,,&lt;insert bio/&gt;,,,,,,
0,boscorelly,,https://avatars3.githubusercontent.com/u/3873787?v=3&amp;s=100,,,,,,,,,,,,,,,Camille Ollié,,,,,,,,,,,,
0,kevinpetit,,https://avatars3.githubusercontent.com/u/313433?v=3&amp;s=100,,,,,,,,,,,,,,,Kevin,,,,,,"A self-made coder and Linux (and Windows, too) system administrator.",,,,,,
0,bioskop2,,https://avatars0.githubusercontent.com/u/20117038?v=3&amp;s=100,,,,,,,,,,,,,,,bioskop2,,,,,,,,,,,,
0,GregMage,,https://avatars0.githubusercontent.com/u/16707432?v=3&amp;s=100,,,,,,,,,,,,,,,Grégory Mage,,,,,,,,,,,,
0,jjdai,,https://avatars0.githubusercontent.com/u/5287832?v=3&amp;s=100,,,,,,,,,,,,,,,JJDai,,,,,,,,,,,,
0,montuy337513,,https://avatars3.githubusercontent.com/u/11269795?v=3&amp;s=100,,,,,,,,,,,,,,,montuy337513,,,,,,,,,,,,
0,informatux45,,https://avatars2.githubusercontent.com/u/5612530?v=3&amp;s=100,,,,,,,,,,,,,,,informatux45,,,,,,,,,,,,
0,myxoops,,https://avatars1.githubusercontent.com/u/11380009?v=3&amp;s=100,,,,,,,,,,,,,,,myxoops,,,,,,,,,,,,
0,djculex,,https://avatars0.githubusercontent.com/u/1289303?v=3&amp;s=100,,,,,,,,,,,,,,,Michael Albertsen,,,,,,,,,,,,
0,jlm69,,https://avatars0.githubusercontent.com/u/13385569?v=3&amp;s=100,,,,,,,,,,,,,,,John Mordo,,,,,,,,,,,,
0,slider84,,https://avatars1.githubusercontent.com/u/11248252?v=3&amp;s=100,,,,,,,,,,,,,,,slider84,,,,,,,,,,,,
0,angelorocha,,https://avatars2.githubusercontent.com/u/2020098?v=3&amp;s=100,,,,,,,,,,,,,,,Angelo Rocha,,,,,,,,,,,,
0,txmodxoops,,https://avatars1.githubusercontent.com/u/539148?v=3&amp;s=100,,,,,,,,,,,,,,,Txmod Xoops,,,,,,,,,,,,
0,ggoffy,,https://avatars3.githubusercontent.com/u/7547661?v=3&amp;s=100,,,,,,,,,,,,,,,Goffy,,,,,,,,,,,,
0,geekwright,,https://avatars2.githubusercontent.com/u/3181636?v=3&amp;s=100,,,,,,,,,,,,,,,Richard Griffith,,,,,,,,,,,,
0,iunderwood,,https://avatars2.githubusercontent.com/u/2049749?v=3&amp;s=100,,,,,,,,,,,,,,,Ian Underwood,,,,,,,,,,,,
0,mambax7,,https://avatars2.githubusercontent.com/u/613686?v=3&amp;s=100,,,,,,,,,,,,,,,Mamba (Michael Beck),,,,,,,,,,,,
0,bitcero,,https://avatars3.githubusercontent.com/u/1305172?v=3&amp;s=100,,,,,,,,,,,,,,,Eduardo Cortes,,,,,,"Web designer and developer, focused on UI/UX based on México.",,,,,,
