﻿html_url,score,following_url,login,starred_url,id,avatar_url,gravatar_id,url,followers_url,gists_url,subscriptions_url,organizations_url,repos_url,events_url,received_events_url,type,site_admin,name,company,blog,location,email,hireable,bio,public_repos,public_gists,followers,following,created_at,updated_at
,0,,sahat,,,https://avatars1.githubusercontent.com/u/544954?v=3&amp;s=100,,,,,,,,,,,,Sahat Yalkabov,,,,,,,,,,,,
,0,,akhgupta,,,https://avatars0.githubusercontent.com/u/1764463?v=3&amp;s=100,,,,,,,,,,,,Akhil Gupta,,,,,,,,,,,,
,0,,ryanhoo,,,https://avatars2.githubusercontent.com/u/1622320?v=3&amp;s=100,,,,,,,,,,,,Ryan Hoo,,,,,,"Major in Android, potential product manager and designer.",,,,,,
,0,,bpolania,,,https://avatars3.githubusercontent.com/u/898686?v=3&amp;s=100,,,,,,,,,,,,Boris Polania,,,,,,,,,,,,
,0,,mwaterfall,,,https://avatars2.githubusercontent.com/u/132291?v=3&amp;s=100,,,,,,,,,,,,Michael Waterfall,,,,,,iOS (Obj-C and Swift) and Python Developer,,,,,,
,0,,jinankjain,,,https://avatars1.githubusercontent.com/u/3854904?v=3&amp;s=100,,,,,,,,,,,,Jinank Jain,,,,,,Researcher at CyLab CMU,,,,,,
,0,,enginebai,,,https://avatars2.githubusercontent.com/u/3387462?v=3&amp;s=100,,,,,,,,,,,,Engine Bai,,,,,,,,,,,,
,0,,benjchristensen,,,https://avatars3.githubusercontent.com/u/813492?v=3&amp;s=100,,,,,,,,,,,,Ben Christensen,,,,,,,,,,,,
,0,,chrisjeon,,,https://avatars1.githubusercontent.com/u/2433941?v=3&amp;s=100,,,,,,,,,,,,Chris Jeon,,,,,,•͜ •,,,,,,
,0,,deborahelizabethpadilla,,,https://avatars3.githubusercontent.com/u/20284373?v=3&amp;s=100,,,,,,,,,,,,Deborah Elizabeth Padilla,,,,,,Developer that loves to innovate by using different passions.,,,,,,
,0,,ghoshabhi,,,https://avatars0.githubusercontent.com/u/19292575?v=3&amp;s=100,,,,,,,,,,,,Abhishek Ghosh,,,,,,":star2:  Aspiring Full Stack Engineer :computer:  Interests : Python, React, Redux, GraphQL, Ruby, Rails, Data Science!",,,,,,
,0,,jhusain,,,https://avatars2.githubusercontent.com/u/466863?v=3&amp;s=100,,,,,,,,,,,,Jafar Husain,,,,,,,,,,,,
,0,,queencodemonkey,,,https://avatars1.githubusercontent.com/u/381285?v=3&amp;s=100,,,,,,,,,,,,Huyen Tue Dao,,,,,,"Native Android/iOS Code Monkey: monkey code, monkey break, monkey debug, monkey reiterate. Randomly typing for @trello. GDE.",,,,,,
,0,,rakshakhegde,,,https://avatars3.githubusercontent.com/u/8101796?v=3&amp;s=100,,,,,,,,,,,,Rakshak R.Hegde,,,,,,,,,,,,
,0,,raveeshbhalla,,,https://avatars0.githubusercontent.com/u/1842515?v=3&amp;s=100,,,,,,,,,,,,Raveesh Bhalla,,,,,,,,,,,,
,0,,jaredsburrows,,,https://avatars0.githubusercontent.com/u/1739848?v=3&amp;s=100,,,,,,,,,,,,Jared Burrows,,,,,,,,,,,,
,0,,anupcowkur,,,https://avatars1.githubusercontent.com/u/1691740?v=3&amp;s=100,,,,,,,,,,,,Anup Cowkur,,,,,,,,,,,,
,0,,nickbutcher,,,https://avatars1.githubusercontent.com/u/352556?v=3&amp;s=100,,,,,,,,,,,,Nick Butcher,,,,,,,,,,,,
,0,,dlew,,,https://avatars1.githubusercontent.com/u/514850?v=3&amp;s=100,,,,,,,,,,,,Daniel Lew,,,,,,,,,,,,
,0,,commonsguy,,,https://avatars1.githubusercontent.com/u/103772?v=3&amp;s=100,,,,,,,,,,,,Mark Murphy,,,,,,,,,,,,
,0,,romainguy,,,https://avatars1.githubusercontent.com/u/869684?v=3&amp;s=100,,,,,,,,,,,,Romain Guy,,,,,,Android UI and graphics engineer at Google.,,,,,,
,0,,SimonVT,,,https://avatars0.githubusercontent.com/u/549365?v=3&amp;s=100,,,,,,,,,,,,Simon Vig Therkildsen,,,,,,,,,,,,
,0,,donnfelker,,,https://avatars2.githubusercontent.com/u/91827?v=3&amp;s=100,,,,,,,,,,,,Donn Felker,,,,,,Best Selling Mobile Dev Author. Android GDE. Android Consultant. Co-Host of the Fragmented Podcast. Teaching Android at Caster.IO.  Remote workforce advocate.,,,,,,
,0,,devunwired,,,https://avatars2.githubusercontent.com/u/215725?v=3&amp;s=100,,,,,,,,,,,,Dave Smith,,,,,,IoT @ Google,,,,,,
,0,,florina-muntenescu,,,https://avatars0.githubusercontent.com/u/2998890?v=3&amp;s=100,,,,,,,,,,,,Florina Muntenescu,,,,,,,,,,,,
,0,,riddhik84,,,https://avatars3.githubusercontent.com/u/1910385?v=3&amp;s=100,,,,,,,,,,,,Riddhi K,,,,,,,,,,,,
,0,,winterbe,,,https://avatars1.githubusercontent.com/u/485033?v=3&amp;s=100,,,,,,,,,,,,Benjamin Winterberg,,,,,,"Software Engineer. All stacks. All devices. Batteries included. Generation ARJ . I ♡ programming! Java, JavaScript, Kotlin, Swift, React, ReactNative",,,,,,
,0,,anoukruhaak,,,https://avatars0.githubusercontent.com/u/4881708?v=3&amp;s=100,,,,,,,,,,,,AnoukRuhaak,,,,,,,,,,,,
,0,,jfsso,,,https://avatars0.githubusercontent.com/u/409515?v=3&amp;s=100,,,,,,,,,,,,João Orui,,,,,,,,,,,,
,0,,dmytrodanylyk,,,https://avatars3.githubusercontent.com/u/2836354?v=3&amp;s=100,,,,,,,,,,,,Dmytro Danylyk,,,,,,Hello. I am Android Google Developer Expert. I live in Lviv - a quaint and beautiful city. I am passionate about android and flat design.,,,,,,
,0,,mustafa01ali,,,https://avatars0.githubusercontent.com/u/767705?v=3&amp;s=100,,,,,,,,,,,,Mustafa Ali,,,,,,"Director of Technology @mutualmobile, Google Developer Expert for Android",,,,,,
,0,,lexer,,,https://avatars2.githubusercontent.com/u/108267?v=3&amp;s=100,,,,,,,,,,,,Alexey Zakharov,,,,,,,,,,,,
,0,,daminisatya,,,https://avatars2.githubusercontent.com/u/6227784?v=3&amp;s=100,,,,,,,,,,,,Damini Satya,,,,,,,,,,,,
,0,,vipulasri,,,https://avatars3.githubusercontent.com/u/7822179?v=3&amp;s=100,,,,,,,,,,,,Vipul Asri,,,,,,"A young, professional mobile, web and backend developer based in New Delhi, India. Checkout my site!",,,,,,
,0,,shrav,,,https://avatars3.githubusercontent.com/u/1908153?v=3&amp;s=100,,,,,,,,,,,,Shrav Mehta,,,,,,Engineering @Lob (YC S13) - We&#39;re Hiring! ,,,,,,
,0,,droidekas,,,https://avatars1.githubusercontent.com/u/6491284?v=3&amp;s=100,,,,,,,,,,,,Satyarth Sampath,,,,,,,,,,,,
,0,,joekarl,,,https://avatars2.githubusercontent.com/u/150038?v=3&amp;s=100,,,,,,,,,,,,Karl Kirch,,,,,,,,,,,,
,0,,LadwaAditya,,,https://avatars1.githubusercontent.com/u/4971240?v=3&amp;s=100,,,,,,,,,,,,Aditya Ladwa,,,,,,"Avid Learner, Android Enthusiast, Java Hacker",,,,,,
,0,,pauldix,,,https://avatars1.githubusercontent.com/u/4331?v=3&amp;s=100,,,,,,,,,,,,Paul Dix,,,,,,,,,,,,
,0,,anantshri,,,https://avatars2.githubusercontent.com/u/236843?v=3&amp;s=100,,,,,,,,,,,,Anant Shrivastava,,,,,,Project Leader for @AndroidTamer  and @CodeVigilant ,,,,,,
,0,,sockeqwe,,,https://avatars0.githubusercontent.com/u/583598?v=3&amp;s=100,,,,,,,,,,,,Hannes Dorfmann,,,,,,,,,,,,
,0,,frankiesardo,,,https://avatars3.githubusercontent.com/u/1476561?v=3&amp;s=100,,,,,,,,,,,,Frankie Sardo,,,,,,,,,,,,
,0,,Jawnnypoo,,,https://avatars2.githubusercontent.com/u/1459320?v=3&amp;s=100,,,,,,,,,,,,John,,,,,,,,,,,,
,0,,FaizMalkani,,,https://avatars1.githubusercontent.com/u/3684528?v=3&amp;s=100,,,,,,,,,,,,Faiz Malkani,,,,,,UX Designer | Android and Web Developer,,,,,,
,0,,WillyShakes,,,https://avatars1.githubusercontent.com/u/9576524?v=3&amp;s=100,,,,,,,,,,,,Wilfried Mbouenda Mbogne,,,,,,,,,,,,
,0,,yogeshbalan,,,https://avatars0.githubusercontent.com/u/6052857?v=3&amp;s=100,,,,,,,,,,,,Yogesh Kumar,,,,,,,,,,,,
,0,,swankjesse,,,https://avatars0.githubusercontent.com/u/133019?v=3&amp;s=100,,,,,,,,,,,,Jesse Wilson,,,,,,,,,,,,
,0,,unclebob,,,https://avatars1.githubusercontent.com/u/36901?v=3&amp;s=100,,,,,,,,,,,,Robert C. Martin,,,,,,,,,,,,
,0,,vjex,,,https://avatars0.githubusercontent.com/u/2093260?v=3&amp;s=100,,,,,,,,,,,,{avicoder},,,,,,,,,,,,
,0,,lisawray,,,https://avatars1.githubusercontent.com/u/1466033?v=3&amp;s=100,,,,,,,,,,,,Lisa Wray,,,,,,,,,,,,
,0,,rShetty,,,https://avatars2.githubusercontent.com/u/1204933?v=3&amp;s=100,,,,,,,,,,,,Rajeev N Bharshetty,,,,,,Polyglot Programmer,,,,,,
