﻿score,login,id,avatar_url,gravatar_id,url,html_url,followers_url,following_url,gists_url,starred_url,subscriptions_url,organizations_url,repos_url,events_url,received_events_url,type,site_admin,name,company,blog,location,email,hireable,bio,public_repos,public_gists,followers,following,created_at,updated_at
0,angelorocha,,https://avatars2.githubusercontent.com/u/2020098?v=3&amp;s=100,,,,,,,,,,,,,,,Angelo Rocha,,,,,,,,,,,,
0,mambax7,,https://avatars2.githubusercontent.com/u/613686?v=3&amp;s=100,,,,,,,,,,,,,,,Mamba (Michael Beck),,,,,,,,,,,,
0,geekwright,,https://avatars2.githubusercontent.com/u/3181636?v=3&amp;s=100,,,,,,,,,,,,,,,Richard Griffith,,,,,,,,,,,,
0,bitcero,,https://avatars3.githubusercontent.com/u/1305172?v=3&amp;s=100,,,,,,,,,,,,,,,Eduardo Cortes,,,,,,"Web designer and developer, focused on UI/UX based on México.",,,,,,
