﻿score,login,id,avatar_url,gravatar_id,url,html_url,followers_url,following_url,gists_url,starred_url,subscriptions_url,organizations_url,repos_url,events_url,received_events_url,type,site_admin,name,company,blog,location,email,hireable,bio,public_repos,public_gists,followers,following,created_at,updated_at
0,torvalds,,https://avatars0.githubusercontent.com/u/1024025?v=3&amp;s=100,,,,,,,,,,,,,,,Linus Torvalds,,,,,,,,,,,,
0,jennieales,,https://avatars1.githubusercontent.com/u/8316711?v=3&amp;s=100,,,,,,,,,,,,,,,Jenni Eales,,,,,,,,,,,,
0,mambax7,,https://avatars2.githubusercontent.com/u/613686?v=3&amp;s=100,,,,,,,,,,,,,,,Mamba (Michael Beck),,,,,,,,,,,,
0,hbons,,https://avatars1.githubusercontent.com/u/103326?v=3&amp;s=100,,,,,,,,,,,,,,,Hylke Bons,,,,,,Designer of nice things.,,,,,,
0,smithkyle,,https://avatars2.githubusercontent.com/u/328670?v=3&amp;s=100,,,,,,,,,,,,,,,Kyle Smith,,,,,,,,,,,,
0,SteveX,,https://avatars0.githubusercontent.com/u/104599?v=3&amp;s=100,,,,,,,,,,,,,,,SteveX,,,,,,,,,,,,
0,douglaskh,,https://avatars3.githubusercontent.com/u/1953121?v=3&amp;s=100,,,,,,,,,,,,,,,Douglas Hackney,,,,,,,,,,,,
0,talldude,,https://avatars1.githubusercontent.com/u/542985?v=3&amp;s=100,,,,,,,,,,,,,,,Brian,,,,,,,,,,,,
