﻿following,score,created_at,login,updated_at,id,avatar_url,gravatar_id,url,html_url,followers_url,following_url,gists_url,starred_url,subscriptions_url,organizations_url,repos_url,events_url,received_events_url,type,site_admin,name,company,blog,location,email,hireable,bio,public_repos,public_gists,followers
,0,,nao-pon,,,https://avatars0.githubusercontent.com/u/1412630?v=3&amp;s=100,,,,,,,,,,,,,,,Naoki Sawada,,,,,,,,,
,0,,mambax7,,,https://avatars2.githubusercontent.com/u/613686?v=3&amp;s=100,,,,,,,,,,,,,,,Mamba (Michael Beck),,,,,,,,,
,0,,xoopsfire,,,https://avatars0.githubusercontent.com/u/7348992?v=3&amp;s=100,,,,,,,,,,,,,,,XOOPS Fire,,,,,,,,,
,0,,cesagonchu,,,https://avatars3.githubusercontent.com/u/4613970?v=3&amp;s=100,,,,,,,,,,,,,,,Christelle Gaulupeau,,,,,,,,,
,0,,Andrax,,,https://avatars0.githubusercontent.com/u/200705?v=3&amp;s=100,,,,,,,,,,,,,,,Luiz Carlos B.,,,,,,,,,
,0,,txmodxoops,,,https://avatars1.githubusercontent.com/u/539148?v=3&amp;s=100,,,,,,,,,,,,,,,Txmod Xoops,,,,,,,,,
,0,,angelorocha,,,https://avatars2.githubusercontent.com/u/2020098?v=3&amp;s=100,,,,,,,,,,,,,,,Angelo Rocha,,,,,,,,,
,0,,bitcero,,,https://avatars3.githubusercontent.com/u/1305172?v=3&amp;s=100,,,,,,,,,,,,,,,Eduardo Cortes,,,,,,"Web designer and developer, focused on UI/UX based on México.",,,
