﻿score,login,id,avatar_url,gravatar_id,url,html_url,followers_url,following_url,gists_url,starred_url,subscriptions_url,organizations_url,repos_url,events_url,received_events_url,type,site_admin,name,company,blog,location,email,hireable,bio,public_repos,public_gists,followers,following,created_at,updated_at
0,masihyeganeh,,https://avatars3.githubusercontent.com/u/692335?v=3&amp;s=100,,,,,,,,,,,,,,,Masih Yeganeh,,,,,,,,,,,,
0,christian-vigh-phpclasses,,https://avatars3.githubusercontent.com/u/18037866?v=3&amp;s=100,,,,,,,,,,,,,,,christian-vigh-phpclasses,,,,,,,,,,,,
0,spf13,,https://avatars1.githubusercontent.com/u/173412?v=3&amp;s=100,,,,,,,,,,,,,,,Steve Francia,,,,,,"@golang at @Google • Author, Speaker, Developer • Creator of Hugo, Cobra &amp; spf13-vim • former Docker &amp; MongoDB",,,,,,
0,jricher,,https://avatars0.githubusercontent.com/u/122511?v=3&amp;s=100,,,,,,,,,,,,,,,Justin Richer,,,,,,,,,,,,
0,fkooman,,https://avatars2.githubusercontent.com/u/616885?v=3&amp;s=100,,,,,,,,,,,,,,,François Kooman,,,,,,,,,,,,
0,aminabedi1368,,https://avatars3.githubusercontent.com/u/9851662?v=3&amp;s=100,,,,,,,,,,,,,,,amin abedi,,,,,,,,,,,,
0,piwvh,,https://avatars0.githubusercontent.com/u/7631027?v=3&amp;s=100,,,,,,,,,,,,,,,Hamid Mohayeji,,,,,,"I&#39;m a software engineer interested in web development, data mining and big data. Right now I am master student of software engineering.",,,,,,
0,saharj,,https://avatars3.githubusercontent.com/u/1468463?v=3&amp;s=100,,,,,,,,,,,,,,,Sahar Jafari,,,,,,,,,,,,
0,shykes,,https://avatars2.githubusercontent.com/u/29565?v=3&amp;s=100,,,,,,,,,,,,,,,Solomon Hykes,,,,,,,,,,,,
0,mirmousaviii,,https://avatars2.githubusercontent.com/u/464958?v=3&amp;s=100,,,,,,,,,,,,,,,Mostafa Mirmousavi,,,,,,,,,,,,
0,mojombo,,https://avatars2.githubusercontent.com/u/1?v=3&amp;s=100,,,,,,,,,,,,,,,Tom Preston-Werner,,,,,,,,,,,,
0,imraazrally,,https://avatars1.githubusercontent.com/u/10794748?v=3&amp;s=100,,,,,,,,,,,,,,,Imraaz Rally,,,,,,"C.S Graduate from NJIT, Founder / Developer @ Therapy Square ",,,,,,
0,MichalPaszkiewicz,,https://avatars2.githubusercontent.com/u/6673982?v=3&amp;s=100,,,,,,,,,,,,,,,Michal Paszkiewicz,,,,,,Just a guy who likes to make things @MichalYouDoing,,,,,,
0,phpust,,https://avatars3.githubusercontent.com/u/9350475?v=3&amp;s=100,,,,,,,,,,,,,,,SAJI KASHI,,,,,,,,,,,,
0,ehsan2e,,https://avatars0.githubusercontent.com/u/3121043?v=3&amp;s=100,,,,,,,,,,,,,,,Ehsan Enami,,,,,,,,,,,,
0,fffaraz,,https://avatars3.githubusercontent.com/u/895678?v=3&amp;s=100,,,,,,,,,,,,,,,Faraz Fallahi,,,,,,Software Developer. Computer Science graduate student at SIUC. fffaraz@gmail.com,,,,,,
0,mtdowling,,https://avatars3.githubusercontent.com/u/190930?v=3&amp;s=100,,,,,,,,,,,,,,,Michael Dowling,,,,,,,,,,,,
0,kriskowal,,https://avatars0.githubusercontent.com/u/60294?v=3&amp;s=100,,,,,,,,,,,,,,,Kris Kowal,,,,,,Open sourcerer.,,,,,,
0,HamzaElgarrab,,https://avatars1.githubusercontent.com/u/9272207?v=3&amp;s=100,,,,,,,,,,,,,,,EL GARRAB Hamza,,,,,,,,,,,,
0,sadjow,,https://avatars0.githubusercontent.com/u/177525?v=3&amp;s=100,,,,,,,,,,,,,,,Sadjow Leão,,,,,,,,,,,,
0,phpenterprise,,https://avatars2.githubusercontent.com/u/1564781?v=3&amp;s=100,,,,,,,,,,,,,,,Patrick Otto,,,,,,"Fundador da Php Enterprise, sócio em outras empresas de tecnologia e gestor de projetos de software",,,,,,
0,kamilov,,https://avatars0.githubusercontent.com/u/165041?v=3&amp;s=100,,,,,,,,,,,,,,,Ramazan Kamilov,,,,,,,,,,,,
0,agirivera,,https://avatars3.githubusercontent.com/u/3171042?v=3&amp;s=100,,,,,,,,,,,,,,,Alec Joseph Rivera,,,,,,,,,,,,
0,dariubs,,https://avatars2.githubusercontent.com/u/3078072?v=3&amp;s=100,,,,,,,,,,,,,,,Dariush Abbasi,,,,,,I just felt like running.,,,,,,
0,eahefnawy,,https://avatars3.githubusercontent.com/u/2312463?v=3&amp;s=100,,,,,,,,,,,,,,,Eslam λ Hefnawy,,,,,,Senior Developer ⚡ @serverless. In ❤️ with #Bitcoin &amp; :octocat:,,,,,,
0,cusspvz,,https://avatars2.githubusercontent.com/u/3604053?v=3&amp;s=100,,,,,,,,,,,,,,,José Moreira,,,,,,"full-stack developer, ui/ux designer, musician &amp; diy entusiast",,,,,,
0,pouyanh,,https://avatars1.githubusercontent.com/u/2997770?v=3&amp;s=100,,,,,,,,,,,,,,,Pouyan Heyratpour,,,,,,Mountaineer C Developer,,,,,,
0,mambax7,,https://avatars2.githubusercontent.com/u/613686?v=3&amp;s=100,,,,,,,,,,,,,,,Mamba (Michael Beck),,,,,,,,,,,,
0,khashnan,,https://avatars0.githubusercontent.com/u/6859662?v=3&amp;s=100,,,,,,,,,,,,,,,Reza Khashnan,,,,,,,,,,,,
0,mark-lvl,,https://avatars3.githubusercontent.com/u/119648?v=3&amp;s=100,,,,,,,,,,,,,,,Mark Kaghazgarian,,,,,,,,,,,,
0,omid,,https://avatars1.githubusercontent.com/u/45714?v=3&amp;s=100,,,,,,,,,,,,,,,Omid Rad,,,,,,someone @ somewhere,,,,,,
0,RoozbehShafiee,,https://avatars3.githubusercontent.com/u/1597161?v=3&amp;s=100,,,,,,,,,,,,,,,Roozbeh Shafiee,,,,,,,,,,,,
0,ali-hallaji,,https://avatars3.githubusercontent.com/u/3828736?v=3&amp;s=100,,,,,,,,,,,,,,,Ali Hallaji,,,,,,,,,,,,
0,shayand,,https://avatars3.githubusercontent.com/u/2535904?v=3&amp;s=100,,,,,,,,,,,,,,,Shayan Davarzani,,,,,,,,,,,,
0,GrahamCampbell,,https://avatars0.githubusercontent.com/u/2829600?v=3&amp;s=100,,,,,,,,,,,,,,,Graham Campbell,,,,,,PHP Ninja | Laravel | StyleCI | Cachet | University of York,,,,,,
0,LabsDotCoop,,https://avatars1.githubusercontent.com/u/13866798?v=3&amp;s=100,,,,,,,,,,,,,,,Simon Antony Roberts,,,,,,,,,,,,
0,ehsanabbasi,,https://avatars3.githubusercontent.com/u/8499698?v=3&amp;s=100,,,,,,,,,,,,,,,Ehsan Abbasi,,,,,,,,,,,,
0,rui314,,https://avatars3.githubusercontent.com/u/47400?v=3&amp;s=100,,,,,,,,,,,,,,,Rui Ueyama,,,,,,,,,,,,
0,nikic,,https://avatars2.githubusercontent.com/u/216080?v=3&amp;s=100,,,,,,,,,,,,,,,Nikita Popov,,,,,,,,,,,,
0,mhndev,,https://avatars2.githubusercontent.com/u/5164182?v=3&amp;s=100,,,,,,,,,,,,,,,Majid Abdolhosseini,,,,,,,,,,,,
0,keyvanakbary,,https://avatars3.githubusercontent.com/u/717129?v=3&amp;s=100,,,,,,,,,,,,,,,Keyvan Akbary,,,,,,Lead Developer @TransferWise. Built @Funddy. Author of @DDDinPHP,,,,,,
0,m6w6,,https://avatars3.githubusercontent.com/u/1265282?v=3&amp;s=100,,,,,,,,,,,,,,,Michael Wallner,,,,,,,,,,,,
0,nekofar,,https://avatars1.githubusercontent.com/u/147401?v=3&amp;s=100,,,,,,,,,,,,,,,Milad Nekofar,,,,,,I have over a decade of experience in software industry. In recent past years I dedicated part of my life to helping grow of entrepreneurship ecosystem in Iran.,,,,,,
0,dmamontov,,https://avatars0.githubusercontent.com/u/5955726?v=3&amp;s=100,,,,,,,,,,,,,,,Dmitry Mamontov,,,,,,,,,,,,
0,kvz,,https://avatars0.githubusercontent.com/u/26752?v=3&amp;s=100,,,,,,,,,,,,,,,Kevin van Zonneveld,,,,,,JavaScript • Unix • Open Source • Founded @transloadit • Created @tus ,,,,,,
0,webmozart,,https://avatars2.githubusercontent.com/u/176399?v=3&amp;s=100,,,,,,,,,,,,,,,Bernhard Schussek,,,,,,,,,,,,
0,gonzalo123,,https://avatars1.githubusercontent.com/u/39072?v=3&amp;s=100,,,,,,,,,,,,,,,Gonzalo Ayuso,,,,,,Web Architect,,,,,,
0,derickr,,https://avatars1.githubusercontent.com/u/208074?v=3&amp;s=100,,,,,,,,,,,,,,,Derick Rethans,,,,,,,,,,,,
0,beberlei,,https://avatars2.githubusercontent.com/u/26936?v=3&amp;s=100,,,,,,,,,,,,,,,Benjamin Eberlei,,,,,,,,,,,,
0,mnapoli,,https://avatars1.githubusercontent.com/u/720328?v=3&amp;s=100,,,,,,,,,,,,,,,Matthieu Napoli,,,,,,I am a software engineer passionate about code and architecture. I focus on writing maintainable and scalable web applications.,,,,,,
0,nicolas-grekas,,https://avatars2.githubusercontent.com/u/243674?v=3&amp;s=100,,,,,,,,,,,,,,,Nicolas Grekas,,,,,,,,,,,,
