﻿blog,score,login,hireable,id,gists_url,bio,avatar_url,followers,public_repos,gravatar_id,following,public_gists,url,created_at,html_url,updated_at,followers_url,following_url,starred_url,subscriptions_url,organizations_url,repos_url,events_url,received_events_url,type,site_admin,name,company,location,email
,0,monteirofilipe,,,,,https://avatars3.githubusercontent.com/u/12187566?v=3&amp;s=100,,,,,,,,,,,,,,,,,,,,Filipe Monteiro,,,
,0,samuelsimoes,,,,,https://avatars0.githubusercontent.com/u/1456228?v=3&amp;s=100,,,,,,,,,,,,,,,,,,,,Samuel Simões,,,
,0,codefranzegithub,,,,,https://avatars1.githubusercontent.com/u/10831285?v=3&amp;s=100,,,,,,,,,,,,,,,,,,,,Wagner Franze Junior,,,
,0,barryvdh,,,,,https://avatars0.githubusercontent.com/u/973269?v=3&amp;s=100,,,,,,,,,,,,,,,,,,,,Barry vd. Heuvel,,,
,0,aymone,,,,"Mainly backend developer, interested too in linux, cloud, automation and client side frameworks.",https://avatars3.githubusercontent.com/u/5973690?v=3&amp;s=100,,,,,,,,,,,,,,,,,,,,Marcelo Aymone,,,
,0,kbond,,,,,https://avatars3.githubusercontent.com/u/127811?v=3&amp;s=100,,,,,,,,,,,,,,,,,,,,Kevin Bond,,,
,0,vybs,,,,,https://avatars0.githubusercontent.com/u/98672?v=3&amp;s=100,,,,,,,,,,,,,,,,,,,,Veena Basavaraj,,,
,0,mambax7,,,,,https://avatars2.githubusercontent.com/u/613686?v=3&amp;s=100,,,,,,,,,,,,,,,,,,,,Mamba (Michael Beck),,,
,0,vitorbritto,,,,Full Stack Developer : Code Geek : Addicted to JavaScript : UNIX Evangelist : Ruby Enthusiast,https://avatars3.githubusercontent.com/u/769193?v=3&amp;s=100,,,,,,,,,,,,,,,,,,,,Vitor Britto,,,
,0,codeguy,,,,,https://avatars0.githubusercontent.com/u/31677?v=3&amp;s=100,,,,,,,,,,,,,,,,,,,,Josh Lockhart,,,
,0,torvalds,,,,,https://avatars0.githubusercontent.com/u/1024025?v=3&amp;s=100,,,,,,,,,,,,,,,,,,,,Linus Torvalds,,,
,0,guilhermeturri,,,,,https://avatars2.githubusercontent.com/u/1012051?v=3&amp;s=100,,,,,,,,,,,,,,,,,,,,Guilherme Turri,,,
,0,renatolouro,,,,,https://avatars1.githubusercontent.com/u/923594?v=3&amp;s=100,,,,,,,,,,,,,,,,,,,,Renato Louro,,,
,0,salima,,,,,https://avatars2.githubusercontent.com/u/881708?v=3&amp;s=100,,,,,,,,,,,,,,,,,,,,Saulo Lima,,,
,0,fabioegas,,,,,https://avatars2.githubusercontent.com/u/774180?v=3&amp;s=100,,,,,,,,,,,,,,,,,,,,Fábio Egas,,,
,0,snytkine,,,,,https://avatars0.githubusercontent.com/u/606771?v=3&amp;s=100,,,,,,,,,,,,,,,,,,,,Dmitri,,,
,0,Chavao,,,,,https://avatars2.githubusercontent.com/u/604917?v=3&amp;s=100,,,,,,,,,,,,,,,,,,,,Diego Chavão,,,
,0,Basquens,,,,,https://avatars3.githubusercontent.com/u/527617?v=3&amp;s=100,,,,,,,,,,,,,,,,,,,,Rafael Basquens,,,
,0,yermandu,,,,,https://avatars1.githubusercontent.com/u/505299?v=3&amp;s=100,,,,,,,,,,,,,,,,,,,,Yermandu Daniel,,,
,0,raelmax,,,,,https://avatars2.githubusercontent.com/u/459390?v=3&amp;s=100,,,,,,,,,,,,,,,,,,,,Rael Max,,,
,0,stof,,,,,https://avatars1.githubusercontent.com/u/439401?v=3&amp;s=100,,,,,,,,,,,,,,,,,,,,Christophe Coevoet,,,
,0,oaugustus,,,,,https://avatars0.githubusercontent.com/u/424960?v=3&amp;s=100,,,,,,,,,,,,,,,,,,,,Otavio Fernandes,,,
,0,afsdede,,,,,https://avatars1.githubusercontent.com/u/416952?v=3&amp;s=100,,,,,,,,,,,,,,,,,,,,André Simões,,,
,0,ded,,,,"CEO, Founder at agent.com",https://avatars2.githubusercontent.com/u/372683?v=3&amp;s=100,,,,,,,,,,,,,,,,,,,,Dustin Diaz,,,
,0,lsmith77,,,,,https://avatars2.githubusercontent.com/u/300279?v=3&amp;s=100,,,,,,,,,,,,,,,,,,,,Lukas Kahwe Smith,,,
,0,arghav,,,,,https://avatars2.githubusercontent.com/u/285170?v=3&amp;s=100,,,,,,,,,,,,,,,,,,,,Amal Raghav,,,
,0,MayogaX,,,,,https://avatars3.githubusercontent.com/u/253307?v=3&amp;s=100,,,,,,,,,,,,,,,,,,,,Priscila Sato,,,
,0,alganet,,,,,https://avatars0.githubusercontent.com/u/202642?v=3&amp;s=100,,,,,,,,,,,,,,,,,,,,Alexandre Gomes Gaigalas,,,
,0,Andrax,,,,,https://avatars0.githubusercontent.com/u/200705?v=3&amp;s=100,,,,,,,,,,,,,,,,,,,,Luiz Carlos B.,,,
,0,webmozart,,,,,https://avatars2.githubusercontent.com/u/176399?v=3&amp;s=100,,,,,,,,,,,,,,,,,,,,Bernhard Schussek,,,
,0,spf13,,,,"@golang at @Google • Author, Speaker, Developer • Creator of Hugo, Cobra &amp; spf13-vim • former Docker &amp; MongoDB",https://avatars1.githubusercontent.com/u/173412?v=3&amp;s=100,,,,,,,,,,,,,,,,,,,,Steve Francia,,,
,0,jordanlev,,,,,https://avatars3.githubusercontent.com/u/149992?v=3&amp;s=100,,,,,,,,,,,,,,,,,,,,Jordan Lev,,,
,0,ornicar,,,,"Benevolent dictator of lichess.org, a hippie communist chess server for drug fueled atheists.",https://avatars2.githubusercontent.com/u/140370?v=3&amp;s=100,,,,,,,,,,,,,,,,,,,,Thibault Duplessis,,,
,0,yegg,,,,,https://avatars3.githubusercontent.com/u/127263?v=3&amp;s=100,,,,,,,,,,,,,,,,,,,,Gabriel Weinberg,,,
,0,gpupo,,,,I look the diff before commit,https://avatars0.githubusercontent.com/u/126154?v=3&amp;s=100,,,,,,,,,,,,,,,,,,,,Gilmar Pupo,,,
,0,pablodip,,,,,https://avatars2.githubusercontent.com/u/98504?v=3&amp;s=100,,,,,,,,,,,,,,,,,,,,Pablo Díez,,,
,0,rdohms,,,,,https://avatars0.githubusercontent.com/u/94331?v=3&amp;s=100,,,,,,,,,,,,,,,,,,,,Rafael Dohms,,,
,0,avalanche123,,,,Just another bag of organic material...,https://avatars2.githubusercontent.com/u/83289?v=3&amp;s=100,,,,,,,,,,,,,,,,,,,,Bulat Shakirzyanov,,,
,0,jairhenrique,,,,,https://avatars0.githubusercontent.com/u/81854?v=3&amp;s=100,,,,,,,,,,,,,,,,,,,,Jair Henrique,,,
,0,caioariede,,,,,https://avatars2.githubusercontent.com/u/55533?v=3&amp;s=100,,,,,,,,,,,,,,,,,,,,Caio Ariede,,,
,0,guilhermechapiewski,,,,,https://avatars1.githubusercontent.com/u/47342?v=3&amp;s=100,,,,,,,,,,,,,,,,,,,,Guilherme Chapiewski,,,
,0,fabpot,,,,,https://avatars1.githubusercontent.com/u/47313?v=3&amp;s=100,,,,,,,,,,,,,,,,,,,,Fabien Potencier,,,
,0,dator,,,,,https://avatars2.githubusercontent.com/u/46281?v=3&amp;s=100,,,,,,,,,,,,,,,,,,,,Clément JOBEILI,,,
,0,leah,,,,,https://avatars2.githubusercontent.com/u/45870?v=3&amp;s=100,,,,,,,,,,,,,,,,,,,,Leah Culver,,,
,0,kriswallsmith,,,,"actor, programmer, dad",https://avatars0.githubusercontent.com/u/33886?v=3&amp;s=100,,,,,,,,,,,,,,,,,,,,Kris Wallsmith,,,
,0,davglass,,,,"I work for @yahoo doing really cool things with NodeJS. I&#39;m also the creator of @HackSI, I mentor the local HS robotics club &amp; I ❤️ Drones.",https://avatars1.githubusercontent.com/u/32551?v=3&amp;s=100,,,,,,,,,,,,,,,,,,,,Dav Glass,,,
,0,everzet,,,,,https://avatars0.githubusercontent.com/u/30813?v=3&amp;s=100,,,,,,,,,,,,,,,,,,,,Konstantin Kudryashov,,,
,0,tj,,,,,https://avatars3.githubusercontent.com/u/25254?v=3&amp;s=100,,,,,,,,,,,,,,,,,,,,TJ Holowaychuk,,,
,0,sebastianbergmann,,,,Sebastian Bergmann is the creator of PHPUnit. He co-founded thePHP.cc and helps PHP teams build better software.,https://avatars3.githubusercontent.com/u/25218?v=3&amp;s=100,,,,,,,,,,,,,,,,,,,,Sebastian Bergmann,,,
,0,tuupola,,,,,https://avatars3.githubusercontent.com/u/21913?v=3&amp;s=100,,,,,,,,,,,,,,,,,,,,Mika Tuupola,,,
,0,ryanj,,,,Open Source Operator,https://avatars0.githubusercontent.com/u/17562?v=3&amp;s=100,,,,,,,,,,,,,,,,,,,,ryan jarvinen,,,
