﻿score,login,id,avatar_url,gravatar_id,url,html_url,followers_url,following_url,gists_url,organizations_url,starred_url,events_url,subscriptions_url,hireable,repos_url,following,received_events_url,created_at,type,site_admin,name,company,blog,location,email,bio,public_repos,public_gists,followers,updated_at
0,stanislav-web,,https://avatars1.githubusercontent.com/u/5216760?v=3&amp;s=100,,,,,,,,,,,,,,,,,,Stanislav,,,,,,,,,
0,HiroshiManRise,,https://avatars0.githubusercontent.com/u/22404309?v=3&amp;s=100,,,,,,,,,,,,,,,,,,hiroshiman,,,,,,,,,
0,xtr3m3rok,,https://avatars2.githubusercontent.com/u/17928928?v=3&amp;s=100,,,,,,,,,,,,,,,,,,xtr3am3r.0k,,,,,,,,,
0,vk496,,https://avatars3.githubusercontent.com/u/5502443?v=3&amp;s=100,,,,,,,,,,,,,,,,,,Valentin,,,,,,,,,
0,deltaxflux,,https://avatars3.githubusercontent.com/u/17337753?v=3&amp;s=100,,,,,,,,,,,,,,,,,,deltax,,,,,,,,,
0,KyxRecon,,https://avatars3.githubusercontent.com/u/10926455?v=3&amp;s=100,,,,,,,,,,,,,,,,,,KyxRecon,,,,,,,,,
0,andresriancho,,https://avatars2.githubusercontent.com/u/865200?v=3&amp;s=100,,,,,,,,,,,,,,,,,,Andres Riancho,,,,,,,,,
0,x3omdax,,https://avatars1.githubusercontent.com/u/13315603?v=3&amp;s=100,,,,,,,,,,,,,,,,,,Fedy Wesleti,,,,,fb.com/ceh.tn,,,,
0,inkusu,,https://avatars0.githubusercontent.com/u/1542500?v=3&amp;s=100,,,,,,,,,,,,,,,,,,lnkusuin,,,,,,,,,
0,theogpl,,https://avatars0.githubusercontent.com/u/6322460?v=3&amp;s=100,,,,,,,,,,,,,,,,,,theogpl,,,,,,,,,
0,crispgm,,https://avatars2.githubusercontent.com/u/1425636?v=3&amp;s=100,,,,,,,,,,,,,,,,,,David Zhang,,,,,Programming as a lifestyle.,,,,
0,kbendyk,,https://avatars1.githubusercontent.com/u/506536?v=3&amp;s=100,,,,,,,,,,,,,,,,,,Bendyk,,,,,,,,,
0,beenanner,,https://avatars2.githubusercontent.com/u/723985?v=3&amp;s=100,,,,,,,,,,,,,,,,,,Jonathan Lee,,,,,,,,,
0,yuhaya,,https://avatars1.githubusercontent.com/u/2966240?v=3&amp;s=100,,,,,,,,,,,,,,,,,,Armand,,,,,,,,,
0,snetty,,https://avatars1.githubusercontent.com/u/1765472?v=3&amp;s=100,,,,,,,,,,,,,,,,,,Simon Stevens,,,,,,,,,
0,Glutexo,,https://avatars0.githubusercontent.com/u/1161096?v=3&amp;s=100,,,,,,,,,,,,,,,,,,Štěpán Tomsa,,,,,Charmeleon.,,,,
0,chrisjlee,,https://avatars0.githubusercontent.com/u/242716?v=3&amp;s=100,,,,,,,,,,,,,,,,,,Chris J. Lee,,,,,More on me @chrisjlee,,,,
0,wangrenjun,,https://avatars1.githubusercontent.com/u/1911620?v=3&amp;s=100,,,,,,,,,,,,,,,,,,Wang Renjun,,,,,,,,,
0,drodyrev,,https://avatars3.githubusercontent.com/u/6300495?v=3&amp;s=100,,,,,,,,,,,,,,,,,,drodyrev,,,,,,,,,
0,Khobalt,,https://avatars1.githubusercontent.com/u/848683?v=3&amp;s=100,,,,,,,,,,,,,,,,,,Lee Dydo,,,,,,,,,
0,monsuta64,,https://avatars2.githubusercontent.com/u/6315898?v=3&amp;s=100,,,,,,,,,,,,,,,,,,monsuta64,,,,,,,,,
0,pjotrligthart,,https://avatars1.githubusercontent.com/u/4148080?v=3&amp;s=100,,,,,,,,,,,,,,,,,,Pjotr,,,,,,,,,
0,guiled,,https://avatars3.githubusercontent.com/u/311895?v=3&amp;s=100,,,,,,,,,,,,,,,,,,guiled,,,,,,,,,
0,kiwi95,,https://avatars1.githubusercontent.com/u/3233632?v=3&amp;s=100,,,,,,,,,,,,,,,,,,kiwi95,,,,,,,,,
0,andreiglingeanu,,https://avatars0.githubusercontent.com/u/2979628?v=3&amp;s=100,,,,,,,,,,,,,,,,,,Andrei Glingeanu,,,,,,,,,
0,HikoQiu,,https://avatars3.githubusercontent.com/u/3971467?v=3&amp;s=100,,,,,,,,,,,,,,,,,,HikoQiu,,,,,,,,,
0,MHM5000,,https://avatars1.githubusercontent.com/u/2694949?v=3&amp;s=100,,,,,,,,,,,,,,,,,,Mohammad Hossein Mojtahedi,,,,,,,,,
0,xthiago,,https://avatars0.githubusercontent.com/u/720151?v=3&amp;s=100,,,,,,,,,,,,,,,,,,Thiago Rodrigues,,,,,,,,,
0,ericstone57,,https://avatars0.githubusercontent.com/u/652261?v=3&amp;s=100,,,,,,,,,,,,,,,,,,ericstone57,,,,,,,,,
0,AnhNhan,,https://avatars0.githubusercontent.com/u/3199392?v=3&amp;s=100,,,,,,,,,,,,,,,,,,Anh Nhan Nguyen,,,,,,,,,
0,erickpatrick,,https://avatars0.githubusercontent.com/u/396013?v=3&amp;s=100,,,,,,,,,,,,,,,,,,Erick Patrick,,,,,,,,,
0,stevenwoodson,,https://avatars0.githubusercontent.com/u/1857439?v=3&amp;s=100,,,,,,,,,,,,,,,,,,Steven Woodson,,,,,,,,,
0,tearwyx,,https://avatars1.githubusercontent.com/u/6378247?v=3&amp;s=100,,,,,,,,,,,,,,,,,,tearwyx,,,,,,,,,
0,appletsauce,,https://avatars2.githubusercontent.com/u/5837633?v=3&amp;s=100,,,,,,,,,,,,,,,,,,Matt Price,,,,,,,,,
0,kylelk,,https://avatars1.githubusercontent.com/u/5159173?v=3&amp;s=100,,,,,,,,,,,,,,,,,,kyle kersey,,,,,,,,,
0,elibyy,,https://avatars2.githubusercontent.com/u/836551?v=3&amp;s=100,,,,,,,,,,,,,,,,,,elibyy,,,,,,,,,
0,NickelWalter,,https://avatars0.githubusercontent.com/u/6380131?v=3&amp;s=100,,,,,,,,,,,,,,,,,,Nickel Walter,,,,,,,,,
0,hexiyou,,https://avatars0.githubusercontent.com/u/1593944?v=3&amp;s=100,,,,,,,,,,,,,,,,,,He Xiyou,,,,,"no talk,just coding...",,,,
0,jamespegg,,https://avatars3.githubusercontent.com/u/894505?v=3&amp;s=100,,,,,,,,,,,,,,,,,,James Pegg,,,,,,,,,
0,suiqirui1987,,https://avatars2.githubusercontent.com/u/1472816?v=3&amp;s=100,,,,,,,,,,,,,,,,,,孙其瑞,,,,,,,,,
0,b01,,https://avatars0.githubusercontent.com/u/619281?v=3&amp;s=100,,,,,,,,,,,,,,,,,,Khalifah Shabazz,,,,,,,,,
0,sgc-fireball,,https://avatars2.githubusercontent.com/u/4587633?v=3&amp;s=100,,,,,,,,,,,,,,,,,,Richard H.,,,,,,,,,
0,kevinferrero,,https://avatars0.githubusercontent.com/u/304900?v=3&amp;s=100,,,,,,,,,,,,,,,,,,Kevin Ferrero,,,,,,,,,
0,joshtronic,,https://avatars2.githubusercontent.com/u/112741?v=3&amp;s=100,,,,,,,,,,,,,,,,,,Josh Sherman,,,,,Husband. Father. Pug owner. I beat PHP and so can you. Building amazing tools with @AppSumo. Once beat Super Mario Bros. without using a Warp Zone.,,,,
0,boesing,,https://avatars2.githubusercontent.com/u/2189546?v=3&amp;s=100,,,,,,,,,,,,,,,,,,Max,,,,,,,,,
0,devilray,,https://avatars0.githubusercontent.com/u/6393742?v=3&amp;s=100,,,,,,,,,,,,,,,,,,devilray,,,,,,,,,
0,ryanscherler,,https://avatars2.githubusercontent.com/u/881938?v=3&amp;s=100,,,,,,,,,,,,,,,,,,Ryan Scherler,,,,,"Web designer &amp; developer residing in the Pacific Northwest. I thrive on collaborating with start-ups, non-profits, creative agencies and independent designers.",,,,
0,stormpat,,https://avatars2.githubusercontent.com/u/1650705?v=3&amp;s=100,,,,,,,,,,,,,,,,,,Patrik Storm,,,,,,,,,
0,blogmars,,https://avatars2.githubusercontent.com/u/5071461?v=3&amp;s=100,,,,,,,,,,,,,,,,,,Mars,,,,,,,,,
0,laxika,,https://avatars1.githubusercontent.com/u/1862574?v=3&amp;s=100,,,,,,,,,,,,,,,,,,Gyula Lakatos,,,,,,,,,
0,morrelinko,,https://avatars1.githubusercontent.com/u/2414096?v=3&amp;s=100,,,,,,,,,,,,,,,,,,Laju Morrison,,,,,,,,,
