﻿html_url,score,following_url,login,gists_url,id,starred_url,avatar_url,subscriptions_url,gravatar_id,organizations_url,url,repos_url,followers_url,events_url,received_events_url,type,name,site_admin,company,blog,email,location,hireable,bio,public_repos,public_gists,followers,following,created_at,updated_at
,0,,txmodxoops,,,,https://avatars1.githubusercontent.com/u/539148?v=3&amp;s=100,,,,,,,,,,Txmod Xoops,,,,,,,,,,,,,
,0,,zhangsimon,,,,https://avatars0.githubusercontent.com/u/2338722?v=3&amp;s=100,,,,,,,,,,Zhangsimon,,,,,,,,,,,,,
,0,,Marc-pi,,,,https://avatars0.githubusercontent.com/u/919332?v=3&amp;s=100,,,,,,,,,,Marco,,,,,,,,,,,,,
,0,,peyman24x,,,,https://avatars2.githubusercontent.com/u/6192441?v=3&amp;s=100,,,,,,,,,,peyman24x,,,,,,,,,,,,,
,0,,hmny,,,,https://avatars0.githubusercontent.com/u/2102983?v=3&amp;s=100,,,,,,,,,,Hooman Yar,,,,,,,hooman@y:~$ whoami,,,,,,
,0,,zoghal,,,,https://avatars3.githubusercontent.com/u/174688?v=3&amp;s=100,,,,,,,,,,Saleh Souzanchi,,,,,,,,,,,,,
,0,,djculex,,,,https://avatars0.githubusercontent.com/u/1289303?v=3&amp;s=100,,,,,,,,,,Michael Albertsen,,,,,,,,,,,,,
,0,,taiwen,,,,https://avatars2.githubusercontent.com/u/606523?v=3&amp;s=100,,,,,,,,,,Taiwen Jiang,,,,,,,"VP Technology at Jiedaibao. Worked as architect at Baidu Inc., led development at XOOPS and Pi Engine. ",,,,,,
,0,,haozime,,,,https://avatars3.githubusercontent.com/u/4150641?v=3&amp;s=100,,,,,,,,,,Jerry Lee,,,,,,,undefined,,,,,,
,0,,donglijun,,,,https://avatars2.githubusercontent.com/u/610037?v=3&amp;s=100,,,,,,,,,,donglijun,,,,,,,,,,,,,
,0,,krisxoofoo,,,,https://avatars0.githubusercontent.com/u/555219?v=3&amp;s=100,,,,,,,,,,kris,,,,,,,,,,,,,
,0,,bleekk,,,,https://avatars0.githubusercontent.com/u/2103826?v=3&amp;s=100,,,,,,,,,,Bleekk,,,,,,,,,,,,,
,0,,geekwright,,,,https://avatars2.githubusercontent.com/u/3181636?v=3&amp;s=100,,,,,,,,,,Richard Griffith,,,,,,,,,,,,,
,0,,mambax7,,,,https://avatars2.githubusercontent.com/u/613686?v=3&amp;s=100,,,,,,,,,,Mamba (Michael Beck),,,,,,,,,,,,,
