﻿score,login,id,avatar_url,gravatar_id,url,html_url,followers_url,following_url,gists_url,starred_url,subscriptions_url,organizations_url,repos_url,events_url,received_events_url,type,site_admin,name,company,blog,location,email,hireable,bio,public_repos,public_gists,followers,following,created_at,updated_at
0,arabxoops,,https://avatars1.githubusercontent.com/u/707915?v=3&amp;s=100,,,,,,,,,,,,,,,arabxoops,,,,,,,,,,,,
0,fordream,,https://avatars2.githubusercontent.com/u/3693121?v=3&amp;s=100,,,,,,,,,,,,,,,xiaosunabc,,,,,,,,,,,,
0,geek01,,https://avatars1.githubusercontent.com/u/5386866?v=3&amp;s=100,,,,,,,,,,,,,,,Chiung-Hung Lai,,,,,,,,,,,,
0,dazzlesoftware,,https://avatars2.githubusercontent.com/u/1254928?v=3&amp;s=100,,,,,,,,,,,,,,,Stephen Bishop,,,,,,,,,,,,
0,olivee,,https://avatars2.githubusercontent.com/u/7019617?v=3&amp;s=100,,,,,,,,,,,,,,,olivee,,,,,,,,,,,,
0,finderabd135,,https://avatars0.githubusercontent.com/u/6606461?v=3&amp;s=100,,,,,,,,,,,,,,,finderabd135,,,,,,,,,,,,
0,djculex,,https://avatars0.githubusercontent.com/u/1289303?v=3&amp;s=100,,,,,,,,,,,,,,,Michael Albertsen,,,,,,,,,,,,
0,fernanDOTdo,,https://avatars1.githubusercontent.com/u/406341?v=3&amp;s=100,,,,,,,,,,,,,,,Fernando Santos,,,,,,,,,,,,
0,aslani606,,https://avatars2.githubusercontent.com/u/2090637?v=3&amp;s=100,,,,,,,,,,,,,,,Aslani,,,,,,,,,,,,
0,peyman24x,,https://avatars2.githubusercontent.com/u/6192441?v=3&amp;s=100,,,,,,,,,,,,,,,peyman24x,,,,,,,,,,,,
0,artlila,,https://avatars1.githubusercontent.com/u/11167613?v=3&amp;s=100,,,,,,,,,,,,,,,artlila,,,,,,,,,,,,
0,bitcero,,https://avatars3.githubusercontent.com/u/1305172?v=3&amp;s=100,,,,,,,,,,,,,,,Eduardo Cortes,,,,,,"Web designer and developer, focused on UI/UX based on México.",,,,,,
0,iunderwood,,https://avatars2.githubusercontent.com/u/2049749?v=3&amp;s=100,,,,,,,,,,,,,,,Ian Underwood,,,,,,,,,,,,
0,jlm69,,https://avatars0.githubusercontent.com/u/13385569?v=3&amp;s=100,,,,,,,,,,,,,,,John Mordo,,,,,,,,,,,,
0,mambax7,,https://avatars2.githubusercontent.com/u/613686?v=3&amp;s=100,,,,,,,,,,,,,,,Mamba (Michael Beck),,,,,,,,,,,,
0,Heyula,,https://avatars1.githubusercontent.com/u/5504159?v=3&amp;s=100,,,,,,,,,,,,,,,Eren,,,,,,,,,,,,
0,nobat1,,https://avatars1.githubusercontent.com/u/7120258?v=3&amp;s=100,,,,,,,,,,,,,,,nobat1,,,,,,,,,,,,
0,Andrax,,https://avatars0.githubusercontent.com/u/200705?v=3&amp;s=100,,,,,,,,,,,,,,,Luiz Carlos B.,,,,,,,,,,,,
0,E1101,,https://avatars1.githubusercontent.com/u/427575?v=3&amp;s=100,,,,,,,,,,,,,,,Payam Naderi,,,,,,,,,,,,
0,voltan,,https://avatars3.githubusercontent.com/u/562083?v=3&amp;s=100,,,,,,,,,,,,,,,Hossein Azizabadi,,,,,,"Software Developer at @faragostaresh , @pi-engine and @pi-module ",,,,,,
0,angelorocha,,https://avatars2.githubusercontent.com/u/2020098?v=3&amp;s=100,,,,,,,,,,,,,,,Angelo Rocha,,,,,,,,,,,,
0,xoopsfire,,https://avatars0.githubusercontent.com/u/7348992?v=3&amp;s=100,,,,,,,,,,,,,,,XOOPS Fire,,,,,,,,,,,,
0,txmodxoops,,https://avatars1.githubusercontent.com/u/539148?v=3&amp;s=100,,,,,,,,,,,,,,,Txmod Xoops,,,,,,,,,,,,
0,cesagonchu,,https://avatars3.githubusercontent.com/u/4613970?v=3&amp;s=100,,,,,,,,,,,,,,,Christelle Gaulupeau,,,,,,,,,,,,
0,geekwright,,https://avatars2.githubusercontent.com/u/3181636?v=3&amp;s=100,,,,,,,,,,,,,,,Richard Griffith,,,,,,,,,,,,
