﻿score,starred_url,login,subscriptions_url,id,organizations_url,avatar_url,repos_url,gravatar_id,events_url,url,received_events_url,html_url,type,followers_url,site_admin,following_url,name,gists_url,company,blog,location,email,hireable,bio,public_repos,public_gists,followers,following,created_at,updated_at
0,,QConChina,,,,https://avatars0.githubusercontent.com/u/23026635?v=3&amp;s=100,,,,,,,,,,,QConChina,,,,,,,,,,,,,
0,,michaelliao,,,,https://avatars1.githubusercontent.com/u/470058?v=3&amp;s=100,,,,,,,,,,,Michael Liao,,,,,,,,,,,,,
0,,xudafeng,,,,https://avatars2.githubusercontent.com/u/1011681?v=3&amp;s=100,,,,,,,,,,,xdf,,,,,,,长期招前端，欢迎私聊：http://t.cn/R5GUoul,,,,,,
0,,ivito,,,,https://avatars2.githubusercontent.com/u/3748856?v=3&amp;s=100,,,,,,,,,,,ivito,,,,,,,,,,,,,
0,,yyx990803,,,,https://avatars2.githubusercontent.com/u/499550?v=3&amp;s=100,,,,,,,,,,,Evan You,,,,,,,"Creator of @vuejs, previously @meteor &amp; @google",,,,,,
0,,rogerwang,,,,https://avatars1.githubusercontent.com/u/165401?v=3&amp;s=100,,,,,,,,,,,Roger Wang,,,,,,,The creator of node-webkit and NW.js project,,,,,,
0,,chloerei,,,,https://avatars1.githubusercontent.com/u/49931?v=3&amp;s=100,,,,,,,,,,,Rei,,,,,,,,,,,,,
0,,daimajia,,,,https://avatars2.githubusercontent.com/u/2503423?v=3&amp;s=100,,,,,,,,,,,代码家,,,,,,,"Yeah, make a good App .",,,,,,
0,,wintercn,,,,https://avatars3.githubusercontent.com/u/726566?v=3&amp;s=100,,,,,,,,,,,Shaofei Cheng,,,,,,,,,,,,,
0,,RubyLouvre,,,,https://avatars2.githubusercontent.com/u/190846?v=3&amp;s=100,,,,,,,,,,,司徒正美,,,,,,,,,,,,,
0,,ruanyf,,,,https://avatars2.githubusercontent.com/u/905434?v=3&amp;s=100,,,,,,,,,,,Ruan YiFeng,,,,,,,,,,,,,
0,,fengmk2,,,,https://avatars3.githubusercontent.com/u/156269?v=3&amp;s=100,,,,,,,,,,,fengmk2,,,,,,,Developer of @eggjs ,,,,,,
0,,sofish,,,,https://avatars2.githubusercontent.com/u/153183?v=3&amp;s=100,,,,,,,,,,,小鱼,,,,,,,still hiring creatives,,,,,,
0,,astaxie,,,,https://avatars3.githubusercontent.com/u/233907?v=3&amp;s=100,,,,,,,,,,,astaxie,,,,,,,Write the testable code,,,,,,
0,,JacksonTian,,,,https://avatars0.githubusercontent.com/u/327019?v=3&amp;s=100,,,,,,,,,,,Jackson Tian,,,,,,,,,,,,,
0,,BYVoid,,,,https://avatars0.githubusercontent.com/u/245270?v=3&amp;s=100,,,,,,,,,,,Carbo Kuo,,,,,,,,,,,,,
0,,lifesinger,,,,https://avatars2.githubusercontent.com/u/97227?v=3&amp;s=100,,,,,,,,,,,lifesinger,,,,,,,,,,,,,
0,,diracdeltas,,,,https://avatars3.githubusercontent.com/u/549654?v=3&amp;s=100,,,,,,,,,,,yan,,,,,,,0.1x engineer,,,,,,
0,,mambax7,,,,https://avatars2.githubusercontent.com/u/613686?v=3&amp;s=100,,,,,,,,,,,Mamba (Michael Beck),,,,,,,,,,,,,
0,,codeguy,,,,https://avatars0.githubusercontent.com/u/31677?v=3&amp;s=100,,,,,,,,,,,Josh Lockhart,,,,,,,,,,,,,
0,,phalcon,,,,https://avatars2.githubusercontent.com/u/1221505?v=3&amp;s=100,,,,,,,,,,,Phalcon,,,,,,,,,,,,,
0,,desandro,,,,https://avatars0.githubusercontent.com/u/85566?v=3&amp;s=100,,,,,,,,,,,David DeSandro,,,,,,,"Designer, developer making UI libraries @metafizzy",,,,,,
0,,laruence,,,,https://avatars2.githubusercontent.com/u/382813?v=3&amp;s=100,,,,,,,,,,,Xinchen Hui,,,,,,,PHP Stylite,,,,,,
0,,yiifans,,,,https://avatars1.githubusercontent.com/u/7580655?v=3&amp;s=100,,,,,,,,,,,yiifans,,,,,,,,,,,,,
0,,narfbg,,,,https://avatars1.githubusercontent.com/u/1058011?v=3&amp;s=100,,,,,,,,,,,Andrey Andreev,,,,,,,,,,,,,
0,,caitp,,,,https://avatars2.githubusercontent.com/u/2294695?v=3&amp;s=100,,,,,,,,,,,⭐caitp⭐,,,,,,,"I work on the v8 and JavaScriptCore JS engines for a living. I enjoy doing this, this is fun. I do other things, too (like build some fun OBS Studio plugins)",,,,,,
0,,pmjones,,,,https://avatars0.githubusercontent.com/u/25754?v=3&amp;s=100,,,,,,,,,,,Paul M. Jones,,,,,,,,,,,,,
0,,sebastianbergmann,,,,https://avatars3.githubusercontent.com/u/25218?v=3&amp;s=100,,,,,,,,,,,Sebastian Bergmann,,,,,,,Sebastian Bergmann is the creator of PHPUnit. He co-founded thePHP.cc and helps PHP teams build better software.,,,,,,
0,,weierophinney,,,,https://avatars0.githubusercontent.com/u/25943?v=3&amp;s=100,,,,,,,,,,,Matthew Weier O&#39;Phinney,,,,,,,,,,,,,
0,,ralphschindler,,,,https://avatars2.githubusercontent.com/u/76674?v=3&amp;s=100,,,,,,,,,,,Ralph Schindler,,,,,,,,,,,,,
0,,voltan,,,,https://avatars3.githubusercontent.com/u/562083?v=3&amp;s=100,,,,,,,,,,,Hossein Azizabadi,,,,,,,"Software Developer at @faragostaresh , @pi-engine and @pi-module ",,,,,,
0,,kilica,,,,https://avatars0.githubusercontent.com/u/298665?v=3&amp;s=100,,,,,,,,,,,HIKAWA Kilica,,,,,,,,,,,,,
0,,taiwen,,,,https://avatars2.githubusercontent.com/u/606523?v=3&amp;s=100,,,,,,,,,,,Taiwen Jiang,,,,,,,"VP Technology at Jiedaibao. Worked as architect at Baidu Inc., led development at XOOPS and Pi Engine. ",,,,,,
0,,qiangxue,,,,https://avatars3.githubusercontent.com/u/993322?v=3&amp;s=100,,,,,,,,,,,Qiang Xue,,,,,,,"Creator of @yiisoft and @go-ozzo, with rich experience in frameworks, enterprise architecture, Web, AWS, FinTech, business intelligence.",,,,,,
0,,kartik-v,,,,https://avatars3.githubusercontent.com/u/3592619?v=3&amp;s=100,,,,,,,,,,,Kartik Visweswaran,,,,,,,,,,,,,
0,,justjavac,,,,https://avatars1.githubusercontent.com/u/359395?v=3&amp;s=100,,,,,,,,,,,迷渡,,,,,,,公众号：justjavac-blog,,,,,,
0,,ericzhang-cn,,,,https://avatars1.githubusercontent.com/u/653844?v=3&amp;s=100,,,,,,,,,,,Eric Zhang,,,,,,,,,,,,,
