﻿blog,score,location,login,email,id,hireable,avatar_url,bio,gravatar_id,public_repos,url,public_gists,html_url,followers,followers_url,following,following_url,created_at,gists_url,updated_at,starred_url,subscriptions_url,organizations_url,repos_url,events_url,received_events_url,type,site_admin,name,company
,0,,deborahelizabethpadilla,,,,https://avatars3.githubusercontent.com/u/20284373?v=3&amp;s=100,Developer that loves to innovate by using different passions.,,,,,,,,,,,,,,,,,,,,,Deborah Elizabeth Padilla,
,0,,Somachi,,,,https://avatars2.githubusercontent.com/u/13493736?v=3&amp;s=100,https://ca.linkedin.com/in/brightnwanoruo,,,,,,,,,,,,,,,,,,,,,Bright Nwanoruo,
,0,,mikelewek,,,,https://avatars0.githubusercontent.com/u/3296640?v=3&amp;s=100,,,,,,,,,,,,,,,,,,,,,,Udacity Certified Fullstack Developer,
,0,,uncleoptimus,,,,https://avatars0.githubusercontent.com/u/9262383?v=3&amp;s=100,,,,,,,,,,,,,,,,,,,,,,Andrew Roy Chen,
,0,,harrystaley,,,,https://avatars1.githubusercontent.com/u/7409601?v=3&amp;s=100,,,,,,,,,,,,,,,,,,,,,,Harry Staley,
,0,,DeannaWagner,,,,https://avatars1.githubusercontent.com/u/14878629?v=3&amp;s=100,,,,,,,,,,,,,,,,,,,,,,Deanna Wagner,
