﻿score,login,id,avatar_url,gravatar_id,url,html_url,followers_url,following_url,gists_url,starred_url,subscriptions_url,organizations_url,repos_url,events_url,received_events_url,type,site_admin,name,company,blog,location,email,hireable,bio,public_repos,public_gists,followers,following,created_at,updated_at
0,aziz,,https://avatars1.githubusercontent.com/u/3202?v=3&amp;s=100,,,,,,,,,,,,,,,Allen Bargi,,,,,,,,,,,,
0,smfgol,,https://avatars2.githubusercontent.com/u/9695307?v=3&amp;s=100,,,,,,,,,,,,,,,smfgol,,,,,,,,,,,,
0,AhmadNemati,,https://avatars3.githubusercontent.com/u/12984799?v=3&amp;s=100,,,,,,,,,,,,,,,Ahmad Nemati,,,,,,,,,,,,
0,Javid-Izadfar,,https://avatars3.githubusercontent.com/u/14288838?v=3&amp;s=100,,,,,,,,,,,,,,,Javid Izadfar,,,,,,,,,,,,
0,mohebifar,,https://avatars0.githubusercontent.com/u/6104558?v=3&amp;s=100,,,,,,,,,,,,,,,Mohamad Mohebifar,,,,,,,,,,,,
0,farhadi,,https://avatars1.githubusercontent.com/u/102497?v=3&amp;s=100,,,,,,,,,,,,,,,Ali Farhadi,,,,,,Node.js/Erlang Engineer,,,,,,
0,mojde-pajang,,https://avatars1.githubusercontent.com/u/12233693?v=3&amp;s=100,,,,,,,,,,,,,,,mojde pajang,,,,,,developer at Airin ,,,,,,
0,snhasani,,https://avatars1.githubusercontent.com/u/23160?v=3&amp;s=100,,,,,,,,,,,,,,,Naser Hassani,,,,,,A Frontend Developer,,,,,,
0,Alireza-DarkMan,,https://avatars1.githubusercontent.com/u/5059610?v=3&amp;s=100,,,,,,,,,,,,,,,DarkMan,,,,,,,,,,,,
0,fafamx,,https://avatars1.githubusercontent.com/u/153014?v=3&amp;s=100,,,,,,,,,,,,,,,Farid Arzpeyma,,,,,,,,,,,,
0,saeidzebardast,,https://avatars3.githubusercontent.com/u/896271?v=3&amp;s=100,,,,,,,,,,,,,,,Saeid Zebardast,,,,,,Front End Developer,,,,,,
0,siamak,,https://avatars2.githubusercontent.com/u/3109082?v=3&amp;s=100,,,,,,,,,,,,,,,Siamak Mokhtari,,,,,,Front–End Developer. Node.js Developer.,,,,,,
0,arashmilani,,https://avatars3.githubusercontent.com/u/586816?v=3&amp;s=100,,,,,,,,,,,,,,,Arash Milani,,,,,,,,,,,,
0,akshaynayak,,https://avatars0.githubusercontent.com/u/7882810?v=3&amp;s=100,,,,,,,,,,,,,,,Akshay Vasant Nayak,,,,,,,,,,,,
0,mrsoftware,,https://avatars0.githubusercontent.com/u/6411703?v=3&amp;s=100,,,,,,,,,,,,,,,Mohammad Rajabloo,,,,,,Just Coding ..,,,,,,
0,remohammadi,,https://avatars3.githubusercontent.com/u/174137?v=3&amp;s=100,,,,,,,,,,,,,,,Reza Mohammadi,,,,,,,,,,,,
0,pooria,,https://avatars0.githubusercontent.com/u/1077826?v=3&amp;s=100,,,,,,,,,,,,,,,pooria,,,,,,,,,,,,
0,moallemi,,https://avatars3.githubusercontent.com/u/1250691?v=3&amp;s=100,,,,,,,,,,,,,,,Reza Moallemi,,,,,,,,,,,,
0,keyhaaan,,https://avatars1.githubusercontent.com/u/1030083?v=3&amp;s=100,,,,,,,,,,,,,,,Keyhan Asghari,,,,,,,,,,,,
0,armandeh,,https://avatars1.githubusercontent.com/u/1029655?v=3&amp;s=100,,,,,,,,,,,,,,,Hessam,,,,,,,,,,,,
0,parsa-kafi,,https://avatars3.githubusercontent.com/u/7957513?v=3&amp;s=100,,,,,,,,,,,,,,,Parsa Kafi,,,,,,Web Programmer,,,,,,
0,mmnaderi,,https://avatars3.githubusercontent.com/u/2914924?v=3&amp;s=100,,,,,,,,,,,,,,,Mohammad Mahdi Naderi,,,,,,,,,,,,
0,pilevar,,https://avatars2.githubusercontent.com/u/1252853?v=3&amp;s=100,,,,,,,,,,,,,,,Omid Pilevar,,,,,,,,,,,,
0,ariana2000,,https://avatars3.githubusercontent.com/u/2966107?v=3&amp;s=100,,,,,,,,,,,,,,,ariana2000,,,,,,,,,,,,
0,jadijadi,,https://avatars3.githubusercontent.com/u/1290639?v=3&amp;s=100,,,,,,,,,,,,,,,Jadi,,,,,,,,,,,,
0,rastikerdar,,https://avatars2.githubusercontent.com/u/3116038?v=3&amp;s=100,,,,,,,,,,,,,,,Saber Rastikerdar,,,,,,,,,,,,
0,albinotonnina,,https://avatars3.githubusercontent.com/u/37283?v=3&amp;s=100,,,,,,,,,,,,,,,Albino Tonnina,,,,,,,,,,,,
0,zoghal,,https://avatars3.githubusercontent.com/u/174688?v=3&amp;s=100,,,,,,,,,,,,,,,Saleh Souzanchi,,,,,,,,,,,,
0,geminorum,,https://avatars1.githubusercontent.com/u/150718?v=3&amp;s=100,,,,,,,,,,,,,,,Nasser Rafie,,,,,,,,,,,,
0,ahadyekta,,https://avatars0.githubusercontent.com/u/1626537?v=3&amp;s=100,,,,,,,,,,,,,,,Ahad Nemati,,,,,,,,,,,,
0,kamyar-raad,,https://avatars2.githubusercontent.com/u/1648152?v=3&amp;s=100,,,,,,,,,,,,,,,Abolfaz Kamyar Raad,,,,,,,,,,,,
0,milani,,https://avatars0.githubusercontent.com/u/508130?v=3&amp;s=100,,,,,,,,,,,,,,,Morteza Milani,,,,,,,,,,,,
0,Vahidrz,,https://avatars1.githubusercontent.com/u/1689306?v=3&amp;s=100,,,,,,,,,,,,,,,SeyedVahid Rezaei,,,,,,,,,,,,
0,baghayi,,https://avatars0.githubusercontent.com/u/937667?v=3&amp;s=100,,,,,,,,,,,,,,,Hossein Baghayi,,,,,,An enthusiastic in electronics,,,,,,
0,masoudgolchin,,https://avatars3.githubusercontent.com/u/1687227?v=3&amp;s=100,,,,,,,,,,,,,,,Masoud Golchin,,,,,,,,,,,,
0,kkiani,,https://avatars2.githubusercontent.com/u/1734019?v=3&amp;s=100,,,,,,,,,,,,,,,Kiarash,,,,,,,,,,,,
0,mehrdxd,,https://avatars3.githubusercontent.com/u/2741798?v=3&amp;s=100,,,,,,,,,,,,,,,Mehrdad Nayeb,,,,,,,,,,,,
0,deamondisk,,https://avatars0.githubusercontent.com/u/1909850?v=3&amp;s=100,,,,,,,,,,,,,,,amir jelodary,,,,,,,,,,,,
0,afshinm,,https://avatars2.githubusercontent.com/u/314326?v=3&amp;s=100,,,,,,,,,,,,,,,Afshin Mehrabani,,,,,,A newbie programmer.,,,,,,
0,ialireza,,https://avatars3.githubusercontent.com/u/2772810?v=3&amp;s=100,,,,,,,,,,,,,,,Alireza Attari,,,,,,,,,,,,
0,seeking,,https://avatars0.githubusercontent.com/u/1610697?v=3&amp;s=100,,,,,,,,,,,,,,,Masoud,,,,,,,,,,,,
0,MR-Mostafa,,https://avatars3.githubusercontent.com/u/1624943?v=3&amp;s=100,,,,,,,,,,,,,,,Mostafa,,,,,,,,,,,,
0,yassersouri,,https://avatars1.githubusercontent.com/u/289031?v=3&amp;s=100,,,,,,,,,,,,,,,Yasser Souri,,,,,,,,,,,,
0,AliMD,,https://avatars0.githubusercontent.com/u/697913?v=3&amp;s=100,,,,,,,,,,,,,,,Ali Mihandoost,,,,,,,,,,,,
0,mrshm,,https://avatars2.githubusercontent.com/u/2474788?v=3&amp;s=100,,,,,,,,,,,,,,,Mohammadreza Shahmohammadi,,,,,,,,,,,,
0,ehsania,,https://avatars2.githubusercontent.com/u/392783?v=3&amp;s=100,,,,,,,,,,,,,,,Ali Ehsanfar,,,,,,,,,,,,
0,hamidabbaszadeh,,https://avatars1.githubusercontent.com/u/1234122?v=3&amp;s=100,,,,,,,,,,,,,,,Hamid Abbaszadeh,,,,,,,,,,,,
0,kamyarrad,,https://avatars3.githubusercontent.com/u/3462071?v=3&amp;s=100,,,,,,,,,,,,,,,Kamyar Rad,,,,,,,,,,,,
0,rbaghban,,https://avatars2.githubusercontent.com/u/3795068?v=3&amp;s=100,,,,,,,,,,,,,,,Rasoul Baghban,,,,,,,,,,,,
0,sobhaan,,https://avatars1.githubusercontent.com/u/1318012?v=3&amp;s=100,,,,,,,,,,,,,,,Sobhaan Hashemzadeh,,,,,,,,,,,,
0,ArianTN,,https://avatars1.githubusercontent.com/u/4983594?v=3&amp;s=100,,,,,,,,,,,,,,,Arian Tashakkor,,,,,,,,,,,,
