﻿score,login,id,avatar_url,gravatar_id,url,html_url,followers_url,following_url,gists_url,starred_url,subscriptions_url,organizations_url,repos_url,events_url,received_events_url,type,site_admin,name,company,blog,location,email,hireable,bio,public_repos,public_gists,followers,following,created_at,updated_at
0,deborahelizabethpadilla,,https://avatars3.githubusercontent.com/u/20284373?v=3&amp;s=100,,,,,,,,,,,,,,,Deborah Elizabeth Padilla,,,,,,Developer that loves to innovate by using different passions.,,,,,,
0,prairienyx,,https://avatars3.githubusercontent.com/u/198460?v=3&amp;s=100,,,,,,,,,,,,,,,Prairie Nyx,,,,,,"Programmer, web developer, maker, nerd grrl, instructional designer, editor, artist, musician...",,,,,,
0,kevinobee,,https://avatars3.githubusercontent.com/u/1688482?v=3&amp;s=100,,,,,,,,,,,,,,,Kevin Obee,,,,,,,,,,,,
0,nerdamigo,,https://avatars3.githubusercontent.com/u/7205426?v=3&amp;s=100,,,,,,,,,,,,,,,nerdamigo,,,,,,,,,,,,
0,chriscoyier,,https://avatars2.githubusercontent.com/u/69156?v=3&amp;s=100,,,,,,,,,,,,,,,Chris Coyier,,,,,,,,,,,,
0,AriX,,https://avatars3.githubusercontent.com/u/398952?v=3&amp;s=100,,,,,,,,,,,,,,,Ari Weinstein,,,,,,,,,,,,
0,ktsiegel,,https://avatars3.githubusercontent.com/u/3227974?v=3&amp;s=100,,,,,,,,,,,,,,,Katie Siegel,,,,,,engineer @ samsara; mit bs &amp; meng 2016,,,,,,
0,adrianholovaty,,https://avatars1.githubusercontent.com/u/180401?v=3&amp;s=100,,,,,,,,,,,,,,,Adrian Holovaty,,,,,,"Web developer, cocreator of @django. Mostly Python/JavaScript. These days I make Soundslice.",,,,,,
0,bigtoast,,https://avatars0.githubusercontent.com/u/71182?v=3&amp;s=100,,,,,,,,,,,,,,,Andrew Headrick,,,,,,,,,,,,
0,espringe,,https://avatars0.githubusercontent.com/u/201777?v=3&amp;s=100,,,,,,,,,,,,,,,Eric,,,,,,,,,,,,
0,jzaefferer,,https://avatars3.githubusercontent.com/u/52585?v=3&amp;s=100,,,,,,,,,,,,,,,Jörn Zaefferer,,,,,,,,,,,,
0,paulirish,,https://avatars3.githubusercontent.com/u/39191?v=3&amp;s=100,,,,,,,,,,,,,,,Paul Irish,,,,,,,,,,,,
0,doapydave,,https://avatars3.githubusercontent.com/u/1028634?v=3&amp;s=100,,,,,,,,,,,,,,,David Menache,,,,,,,,,,,,
0,kenrussell,,https://avatars3.githubusercontent.com/u/1149904?v=3&amp;s=100,,,,,,,,,,,,,,,Ken Russell,,,,,,,,,,,,
0,greggman,,https://avatars3.githubusercontent.com/u/234804?v=3&amp;s=100,,,,,,,,,,,,,,,Greggman,,,,,,,,,,,,
0,atnan,,https://avatars2.githubusercontent.com/u/3513?v=3&amp;s=100,,,,,,,,,,,,,,,Nathan de Vries,,,,,,,,,,,,
0,tekkub,,https://avatars2.githubusercontent.com/u/706?v=3&amp;s=100,,,,,,,,,,,,,,,Tekkub,,,,,,Just a lazy tanuki that likes to tinker,,,,,,
0,schacon,,https://avatars2.githubusercontent.com/u/70?v=3&amp;s=100,,,,,,,,,,,,,,,Scott Chacon,,,,,,,,,,,,
0,pjhyett,,https://avatars3.githubusercontent.com/u/3?v=3&amp;s=100,,,,,,,,,,,,,,,PJ Hyett,,,,,,,,,,,,
0,defunkt,,https://avatars3.githubusercontent.com/u/2?v=3&amp;s=100,,,,,,,,,,,,,,,Chris Wanstrath,,,,,,🍔 ,,,,,,
0,mojombo,,https://avatars2.githubusercontent.com/u/1?v=3&amp;s=100,,,,,,,,,,,,,,,Tom Preston-Werner,,,,,,,,,,,,
