﻿score,id,login,gravatar_id,avatar_url,organizations_url,url,repos_url,html_url,events_url,followers_url,received_events_url,following_url,type,gists_url,site_admin,starred_url,name,subscriptions_url,company,blog,location,email,hireable,bio,public_repos,public_gists,followers,following,created_at,updated_at
0,,deborahelizabethpadilla,,https://avatars3.githubusercontent.com/u/20284373?v=3&amp;s=100,,,,,,,,,,,,,Deborah Elizabeth Padilla,,,,,,,Developer that loves to innovate by using different passions.,,,,,,
0,,eclarson,,https://avatars0.githubusercontent.com/u/12646863?v=3&amp;s=100,,,,,,,,,,,,,Eric Larson,,,,,,,,,,,,,
0,,daresnick,,https://avatars2.githubusercontent.com/u/20326766?v=3&amp;s=100,,,,,,,,,,,,,Damon Resnick,,,,,,,"Accomplished problem solver, Data Scientist, and achievement driven experimental Ph.D. Physicist. Currently in SMU MS Data Science program.",,,,,,
0,,falcard,,https://avatars3.githubusercontent.com/u/12718229?v=3&amp;s=100,,,,,,,,,,,,,Logan Gage,,,,,,,,,,,,,
0,,do3bol85,,https://avatars3.githubusercontent.com/u/12564902?v=3&amp;s=100,,,,,,,,,,,,,Rick Coleman,,,,,,,Aspiring Data Scientist | AI and IoT Enthusiast,,,,,,
0,,codingforentrepreneurs,,https://avatars2.githubusercontent.com/u/8030945?v=3&amp;s=100,,,,,,,,,,,,,Coding For Entrepreneurs,,,,,,,"We teach you how to turn ideas into reality through code. http://codingforentrepreneurs.com, http://joincfe.com/. Created by @jmitchel3",,,,,,
0,,jared-weed,,https://avatars0.githubusercontent.com/u/7775086?v=3&amp;s=100,,,,,,,,,,,,,Jared Weed,,,,,,,,,,,,,
0,,mdo,,https://avatars0.githubusercontent.com/u/98681?v=3&amp;s=100,,,,,,,,,,,,,Mark Otto,,,,,,,Director of Design at @GitHub. Creator of Bootstrap (@twbs). Previously at Twitter. Huge nerd.,,,,,,
0,,jbaham2,,https://avatars1.githubusercontent.com/u/80343?v=3&amp;s=100,,,,,,,,,,,,,John ,,,,,,,,,,,,,
