﻿score,starred_url,login,id,avatar_url,gravatar_id,url,html_url,followers_url,following_url,gists_url,subscriptions_url,organizations_url,repos_url,events_url,received_events_url,type,site_admin,name,company,blog,location,email,hireable,bio,public_repos,public_gists,followers,following,created_at,updated_at
0,,Supergran,,https://avatars1.githubusercontent.com/u/18495726?v=3&amp;s=100,,,,,,,,,,,,,,Jan,,,,,,,,,,,,
0,,giovdk21,,https://avatars3.githubusercontent.com/u/511350?v=3&amp;s=100,,,,,,,,,,,,,,Giovanni Derks,,,,,,,,,,,,
0,,scrutinizer-auto-fixer,,https://avatars2.githubusercontent.com/u/6253494?v=3&amp;s=100,,,,,,,,,,,,,,Scrutinizer Auto-Fixer,,,,,,,,,,,,
0,,lvillani,,https://avatars2.githubusercontent.com/u/241660?v=3&amp;s=100,,,,,,,,,,,,,,Lorenzo Villani,,,,,,,,,,,,
0,,mojtabajml,,https://avatars1.githubusercontent.com/u/564363?v=3&amp;s=100,,,,,,,,,,,,,,Mojtaba Jamali,,,,,,,,,,,,
0,,chaoos2,,https://avatars3.githubusercontent.com/u/5492841?v=3&amp;s=100,,,,,,,,,,,,,,Peter Jopek,,,,,,,,,,,,
0,,redheadedrod,,https://avatars0.githubusercontent.com/u/629808?v=3&amp;s=100,,,,,,,,,,,,,,redheadedrod,,,,,,,,,,,,
0,,nao-pon,,https://avatars0.githubusercontent.com/u/1412630?v=3&amp;s=100,,,,,,,,,,,,,,Naoki Sawada,,,,,,,,,,,,
0,,Marc-pi,,https://avatars0.githubusercontent.com/u/919332?v=3&amp;s=100,,,,,,,,,,,,,,Marco,,,,,,,,,,,,
0,,trabisdementia,,https://avatars3.githubusercontent.com/u/6377967?v=3&amp;s=100,,,,,,,,,,,,,,Ricardo Costa,,,,,,,,,,,,
0,,luciorota,,https://avatars3.githubusercontent.com/u/722654?v=3&amp;s=100,,,,,,,,,,,,,,Lucio Rota,,,,,,,,,,,,
0,,xoopsfire,,https://avatars0.githubusercontent.com/u/7348992?v=3&amp;s=100,,,,,,,,,,,,,,XOOPS Fire,,,,,,,,,,,,
0,,geekwright,,https://avatars2.githubusercontent.com/u/3181636?v=3&amp;s=100,,,,,,,,,,,,,,Richard Griffith,,,,,,,,,,,,
0,,cesagonchu,,https://avatars3.githubusercontent.com/u/4613970?v=3&amp;s=100,,,,,,,,,,,,,,Christelle Gaulupeau,,,,,,,,,,,,
0,,flipse,,https://avatars1.githubusercontent.com/u/5338540?v=3&amp;s=100,,,,,,,,,,,,,,flipse,,,,,,,,,,,,
0,,alain01,,https://avatars1.githubusercontent.com/u/5336960?v=3&amp;s=100,,,,,,,,,,,,,,alain01,,,,,,,,,,,,
0,,angelorocha,,https://avatars2.githubusercontent.com/u/2020098?v=3&amp;s=100,,,,,,,,,,,,,,Angelo Rocha,,,,,,,,,,,,
0,,ggoffy,,https://avatars3.githubusercontent.com/u/7547661?v=3&amp;s=100,,,,,,,,,,,,,,Goffy,,,,,,,,,,,,
0,,joemottershaw,,https://avatars1.githubusercontent.com/u/5093255?v=3&amp;s=100,,,,,,,,,,,,,,Joe Mottershaw,,,,,,,,,,,,
0,,bitcero,,https://avatars3.githubusercontent.com/u/1305172?v=3&amp;s=100,,,,,,,,,,,,,,Eduardo Cortes,,,,,,"Web designer and developer, focused on UI/UX based on México.",,,,,,
0,,arabxoops,,https://avatars1.githubusercontent.com/u/707915?v=3&amp;s=100,,,,,,,,,,,,,,arabxoops,,,,,,,,,,,,
0,,mambax7,,https://avatars2.githubusercontent.com/u/613686?v=3&amp;s=100,,,,,,,,,,,,,,Mamba (Michael Beck),,,,,,,,,,,,
0,,taiwen,,https://avatars2.githubusercontent.com/u/606523?v=3&amp;s=100,,,,,,,,,,,,,,Taiwen Jiang,,,,,,"VP Technology at Jiedaibao. Worked as architect at Baidu Inc., led development at XOOPS and Pi Engine. ",,,,,,
0,,voltan,,https://avatars3.githubusercontent.com/u/562083?v=3&amp;s=100,,,,,,,,,,,,,,Hossein Azizabadi,,,,,,"Software Developer at @faragostaresh , @pi-engine and @pi-module ",,,,,,
0,,ralphschindler,,https://avatars2.githubusercontent.com/u/76674?v=3&amp;s=100,,,,,,,,,,,,,,Ralph Schindler,,,,,,,,,,,,
