﻿score,following,login,id,avatar_url,gravatar_id,url,html_url,followers_url,following_url,gists_url,starred_url,subscriptions_url,organizations_url,repos_url,events_url,received_events_url,type,site_admin,name,company,blog,location,email,hireable,bio,public_repos,public_gists,followers,created_at,updated_at
0,,mbijon,,https://avatars1.githubusercontent.com/u/672226?v=3&amp;s=100,,,,,,,,,,,,,,,Mike Bijon,,,,,,,,,,,
0,,torvalds,,https://avatars0.githubusercontent.com/u/1024025?v=3&amp;s=100,,,,,,,,,,,,,,,Linus Torvalds,,,,,,,,,,,
0,,ya3er,,https://avatars1.githubusercontent.com/u/23307823?v=3&amp;s=100,,,,,,,,,,,,,,,Yaser Rezaei,,,,,,,,,,,
0,,esprit-dev,,https://avatars3.githubusercontent.com/u/7630693?v=3&amp;s=100,,,,,,,,,,,,,,,Frédéric TISSOT,,,,,,,,,,,
0,,peace-,,https://avatars0.githubusercontent.com/u/927688?v=3&amp;s=100,,,,,,,,,,,,,,,peace-,,,,,,,,,,,
0,,qmery,,https://avatars1.githubusercontent.com/u/22996254?v=3&amp;s=100,,,,,,,,,,,,,,,qmery,,,,,,,,,,,
0,,nazaninreihani,,https://avatars3.githubusercontent.com/u/6875585?v=3&amp;s=100,,,,,,,,,,,,,,,Nazanin Reihani,,,,,,,,,,,
0,,Yousha,,https://avatars1.githubusercontent.com/u/18091267?v=3&amp;s=100,,,,,,,,,,,,,,,Yousha Aleayoub,,,,,,,,,,,
0,,yousefvand,,https://avatars0.githubusercontent.com/u/18329462?v=3&amp;s=100,,,,,,,,,,,,,,,Masoud Yousefvand,,,,,,,,,,,
0,,martianboy,,https://avatars3.githubusercontent.com/u/977610?v=3&amp;s=100,,,,,,,,,,,,,,,Abbas,,,,,,,,,,,
0,,ircmaxell,,https://avatars0.githubusercontent.com/u/660654?v=3&amp;s=100,,,,,,,,,,,,,,,Anthony Ferrara,,,,,,Director of Engineering for @GrovoLearning,,,,,
0,,arashmilani,,https://avatars3.githubusercontent.com/u/586816?v=3&amp;s=100,,,,,,,,,,,,,,,Arash Milani,,,,,,,,,,,
0,,beygi,,https://avatars2.githubusercontent.com/u/3748575?v=3&amp;s=100,,,,,,,,,,,,,,,Mahdy Beygi,,,,,,,,,,,
0,,ggoffy,,https://avatars3.githubusercontent.com/u/7547661?v=3&amp;s=100,,,,,,,,,,,,,,,Goffy,,,,,,,,,,,
0,,hooshmand,,https://avatars3.githubusercontent.com/u/383099?v=3&amp;s=100,,,,,,,,,,,,,,,Hooshmand,,,,,,,,,,,
0,,Andrax,,https://avatars0.githubusercontent.com/u/200705?v=3&amp;s=100,,,,,,,,,,,,,,,Luiz Carlos B.,,,,,,,,,,,
0,,Jannaty,,https://avatars1.githubusercontent.com/u/7488027?v=3&amp;s=100,,,,,,,,,,,,,,,Mohammad Jannaty,,,,,,,,,,,
0,,satrap92,,https://avatars3.githubusercontent.com/u/8467792?v=3&amp;s=100,,,,,,,,,,,,,,,Reza Hamouleh,,,,,,Software developer. Working on e-commerce solutions,,,,,
0,,Mahdihp,,https://avatars2.githubusercontent.com/u/6378625?v=3&amp;s=100,,,,,,,,,,,,,,,Mahdi Hosseinpour,,,,,,,,,,,
0,,asyn,,https://avatars2.githubusercontent.com/u/2125510?v=3&amp;s=100,,,,,,,,,,,,,,,Saeed Asyn,,,,,,,,,,,
0,,arashkhoeini,,https://avatars3.githubusercontent.com/u/9248583?v=3&amp;s=100,,,,,,,,,,,,,,,Arash Khoeini,,,,,,,,,,,
0,,RanLee,,https://avatars3.githubusercontent.com/u/9312581?v=3&amp;s=100,,,,,,,,,,,,,,,Ran Lee,,,,,,,,,,,
0,,sshnevis,,https://avatars3.githubusercontent.com/u/12251832?v=3&amp;s=100,,,,,,,,,,,,,,,Sina,,,,,,,,,,,
0,,ariana2000,,https://avatars3.githubusercontent.com/u/2966107?v=3&amp;s=100,,,,,,,,,,,,,,,ariana2000,,,,,,,,,,,
0,,LabsDotCoop,,https://avatars1.githubusercontent.com/u/13866798?v=3&amp;s=100,,,,,,,,,,,,,,,Simon Antony Roberts,,,,,,,,,,,
0,,free1,,https://avatars3.githubusercontent.com/u/3414865?v=3&amp;s=100,,,,,,,,,,,,,,,free,,,,,,,,,,,
0,,danialbehzadi,,https://avatars2.githubusercontent.com/u/3658678?v=3&amp;s=100,,,,,,,,,,,,,,,Danial Behzadi,,,,,,,,,,,
0,,rastikerdar,,https://avatars2.githubusercontent.com/u/3116038?v=3&amp;s=100,,,,,,,,,,,,,,,Saber Rastikerdar,,,,,,,,,,,
0,,morteza,,https://avatars3.githubusercontent.com/u/222198?v=3&amp;s=100,,,,,,,,,,,,,,,Morteza Ansarinia,,,,,,👻,,,,,
0,,morilog,,https://avatars0.githubusercontent.com/u/4139179?v=3&amp;s=100,,,,,,,,,,,,,,,Morteza Parvini,,,,,,Just another developer,,,,,
0,,bitcero,,https://avatars3.githubusercontent.com/u/1305172?v=3&amp;s=100,,,,,,,,,,,,,,,Eduardo Cortes,,,,,,"Web designer and developer, focused on UI/UX based on México.",,,,,
0,,fzerorubigd,,https://avatars0.githubusercontent.com/u/935155?v=3&amp;s=100,,,,,,,,,,,,,,,fzerorubigd,,,,,,"Full time dad, part time developer. ",,,,,
0,,somayeh-karami,,https://avatars2.githubusercontent.com/u/8971120?v=3&amp;s=100,,,,,,,,,,,,,,,somayeh-karami,,,,,,,,,,,
0,,numb95,,https://avatars2.githubusercontent.com/u/1831847?v=3&amp;s=100,,,,,,,,,,,,,,,AmirHossein Goodarzi,,,,,,,,,,,
0,,mattpass,,https://avatars0.githubusercontent.com/u/1311155?v=3&amp;s=100,,,,,,,,,,,,,,,Matt Pass,,,,,,,,,,,
0,,irmob,,https://avatars1.githubusercontent.com/u/4144795?v=3&amp;s=100,,,,,,,,,,,,,,,hamid,,,,,,,,,,,
0,,RoozbehShafiee,,https://avatars3.githubusercontent.com/u/1597161?v=3&amp;s=100,,,,,,,,,,,,,,,Roozbeh Shafiee,,,,,,,,,,,
0,,sallar,,https://avatars1.githubusercontent.com/u/768052?v=3&amp;s=100,,,,,,,,,,,,,,,Sallar Kaboli,,,,,,Senior Software Engineer @Tieto. Co-creator @buttercup-pw password manager and co-owner @cafedev-org.,,,,,
0,,chaoos2,,https://avatars3.githubusercontent.com/u/5492841?v=3&amp;s=100,,,,,,,,,,,,,,,Peter Jopek,,,,,,,,,,,
0,,bluemooninc,,https://avatars1.githubusercontent.com/u/1677443?v=3&amp;s=100,,,,,,,,,,,,,,,Yoshi Sakai,,,,,,,,,,,
0,,cesagonchu,,https://avatars3.githubusercontent.com/u/4613970?v=3&amp;s=100,,,,,,,,,,,,,,,Christelle Gaulupeau,,,,,,,,,,,
0,,tuupola,,https://avatars3.githubusercontent.com/u/21913?v=3&amp;s=100,,,,,,,,,,,,,,,Mika Tuupola,,,,,,,,,,,
0,,peyman24x,,https://avatars2.githubusercontent.com/u/6192441?v=3&amp;s=100,,,,,,,,,,,,,,,peyman24x,,,,,,,,,,,
0,,geekwright,,https://avatars2.githubusercontent.com/u/3181636?v=3&amp;s=100,,,,,,,,,,,,,,,Richard Griffith,,,,,,,,,,,
0,,djculex,,https://avatars0.githubusercontent.com/u/1289303?v=3&amp;s=100,,,,,,,,,,,,,,,Michael Albertsen,,,,,,,,,,,
0,,haozime,,https://avatars3.githubusercontent.com/u/4150641?v=3&amp;s=100,,,,,,,,,,,,,,,Jerry Lee,,,,,,undefined,,,,,
0,,lavenderli,,https://avatars2.githubusercontent.com/u/4251179?v=3&amp;s=100,,,,,,,,,,,,,,,lavenderli,,,,,,,,,,,
0,,zoghal,,https://avatars3.githubusercontent.com/u/174688?v=3&amp;s=100,,,,,,,,,,,,,,,Saleh Souzanchi,,,,,,,,,,,
0,,hmny,,https://avatars0.githubusercontent.com/u/2102983?v=3&amp;s=100,,,,,,,,,,,,,,,Hooman Yar,,,,,,hooman@y:~$ whoami,,,,,
0,,Hesamedin,,https://avatars0.githubusercontent.com/u/1493510?v=3&amp;s=100,,,,,,,,,,,,,,,Hesam,,,,,,,,,,,
0,,jadijadi,,https://avatars3.githubusercontent.com/u/1290639?v=3&amp;s=100,,,,,,,,,,,,,,,Jadi,,,,,,,,,,,
