﻿score,login,id,avatar_url,gravatar_id,url,html_url,followers_url,following_url,gists_url,starred_url,subscriptions_url,organizations_url,repos_url,events_url,received_events_url,type,site_admin,name,company,blog,location,email,hireable,bio,public_repos,public_gists,followers,following,created_at,updated_at
0,electron-bot,,https://avatars2.githubusercontent.com/u/18403005?v=3&amp;s=100,,,,,,,,,,,,,,,Electron Bot,,,,,,Helping out @electron however I can.,,,,,,
0,spf13,,https://avatars1.githubusercontent.com/u/173412?v=3&amp;s=100,,,,,,,,,,,,,,,Steve Francia,,,,,,"@golang at @Google • Author, Speaker, Developer • Creator of Hugo, Cobra &amp; spf13-vim • former Docker &amp; MongoDB",,,,,,
0,inconshreveable,,https://avatars0.githubusercontent.com/u/836692?v=3&amp;s=100,,,,,,,,,,,,,,,Alan Shreve,,,,,,,,,,,,
0,robbyrussell,,https://avatars1.githubusercontent.com/u/257?v=3&amp;s=100,,,,,,,,,,,,,,,Robby Russell,,,,,,Managing Partner @PlanetArgon. “Aging” Ruby on Rails dev. Creator of @ohmyzsh. Guitarist. Vinyl collector. Scotch enthusiast. Wine sipper. Writer. Explorer.,,,,,,
0,Sioxas,,https://avatars2.githubusercontent.com/u/9740581?v=3&amp;s=100,,,,,,,,,,,,,,,Sioxas,,,,,,,,,,,,
0,johnleider,,https://avatars3.githubusercontent.com/u/9064066?v=3&amp;s=100,,,,,,,,,,,,,,,John Leider,,,,,,,,,,,,
0,sebmarkbage,,https://avatars0.githubusercontent.com/u/63648?v=3&amp;s=100,,,,,,,,,,,,,,,Sebastian Markbåge,,,,,,,,,,,,
0,jonathanong,,https://avatars0.githubusercontent.com/u/643505?v=3&amp;s=100,,,,,,,,,,,,,,,jongleberry,,,,,,@expressjs @koajs @jshttp @pillarjs Available for full-time work. Will not relocate to San Francisco.,,,,,,
0,paulirish,,https://avatars3.githubusercontent.com/u/39191?v=3&amp;s=100,,,,,,,,,,,,,,,Paul Irish,,,,,,,,,,,,
0,sindresorhus,,https://avatars2.githubusercontent.com/u/170270?v=3&amp;s=100,,,,,,,,,,,,,,,Sindre Sorhus,,,,,,,,,,,,
0,addyosmani,,https://avatars1.githubusercontent.com/u/110953?v=3&amp;s=100,,,,,,,,,,,,,,,Addy Osmani,,,,,,Engineer at Google working on Chrome &amp; Web Platform,,,,,,
0,JakeWharton,,https://avatars1.githubusercontent.com/u/66577?v=3&amp;s=100,,,,,,,,,,,,,,,Jake Wharton,,,,,,,,,,,,
0,torvalds,,https://avatars0.githubusercontent.com/u/1024025?v=3&amp;s=100,,,,,,,,,,,,,,,Linus Torvalds,,,,,,,,,,,,
0,aleafs,,https://avatars3.githubusercontent.com/u/535479?v=3&amp;s=100,,,,,,,,,,,,,,,aleafs,,,,,,,,,,,,
0,Unknwon,,https://avatars2.githubusercontent.com/u/2946214?v=3&amp;s=100,,,,,,,,,,,,,,,无闻,,,,,,"Don&#39;t look at me, I&#39;m nobody.",,,,,,
0,cheng,,https://avatars3.githubusercontent.com/u/16892521?v=3&amp;s=100,,,,,,,,,,,,,,,Cheng&#39;s Cat,,,,,,A robot cat.,,,,,,
0,Stitchpunk,,https://avatars0.githubusercontent.com/u/16246169?v=3&amp;s=100,,,,,,,,,,,,,,,Winnie,,,,,,,,,,,,
0,BFush,,https://avatars3.githubusercontent.com/u/23432645?v=3&amp;s=100,,,,,,,,,,,,,,,Brisnee Fush,,,,,,Research graduate at Stanford University specializing in Natural Language Processing and Linguistics. Previously: Kilgraston School. Please follow me. 😄 ,,,,,,
0,yyx990803,,https://avatars2.githubusercontent.com/u/499550?v=3&amp;s=100,,,,,,,,,,,,,,,Evan You,,,,,,"Creator of @vuejs, previously @meteor &amp; @google",,,,,,
0,scarletsky,,https://avatars3.githubusercontent.com/u/2386165?v=3&amp;s=100,,,,,,,,,,,,,,,scarletsky,,,,,,Web developer.,,,,,,
0,ashleygwilliams,,https://avatars2.githubusercontent.com/u/1163554?v=3&amp;s=100,,,,,,,,,,,,,,,ashley williams,,,,,,"a mess like this is easily five to ten years ahead of its time. human, @npm. @nodejs board of directors. founder, @NodeTogether. sometimes i write @rust-lang.",,,,,,
0,darkdh,,https://avatars3.githubusercontent.com/u/11330831?v=3&amp;s=100,,,,,,,,,,,,,,,Anthony Tseng,,,,,,,,,,,,
0,BrendanEich,,https://avatars2.githubusercontent.com/u/313317?v=3&amp;s=100,,,,,,,,,,,,,,,Brendan Eich,,,,,,,,,,,,
0,JacksonTian,,https://avatars0.githubusercontent.com/u/327019?v=3&amp;s=100,,,,,,,,,,,,,,,Jackson Tian,,,,,,,,,,,,
0,maximecb,,https://avatars0.githubusercontent.com/u/713766?v=3&amp;s=100,,,,,,,,,,,,,,,Maxime Chevalier-Boisvert,,,,,,"CS PhD specialized in compiler design. Also interested in electronics, DIY, machine learning, 3D graphics and sound synthesis.",,,,,,
0,jennboyce,,https://avatars1.githubusercontent.com/u/6181724?v=3&amp;s=100,,,,,,,,,,,,,,,Jenn Boyce,,,,,,,,,,,,
0,mbances,,https://avatars0.githubusercontent.com/u/5840793?v=3&amp;s=100,,,,,,,,,,,,,,,Maria Isabel ,,,,,,,,,,,,
0,rakyll,,https://avatars2.githubusercontent.com/u/108380?v=3&amp;s=100,,,,,,,,,,,,,,,Jaana Burcu Dogan,,,,,,,,,,,,
0,diracdeltas,,https://avatars3.githubusercontent.com/u/549654?v=3&amp;s=100,,,,,,,,,,,,,,,yan,,,,,,0.1x engineer,,,,,,
0,olkinn,,https://avatars3.githubusercontent.com/u/9627696?v=3&amp;s=100,,,,,,,,,,,,,,,Olya Piatrova,,,,,,,,,,,,
0,tj,,https://avatars3.githubusercontent.com/u/25254?v=3&amp;s=100,,,,,,,,,,,,,,,TJ Holowaychuk,,,,,,,,,,,,
0,ErisDS,,https://avatars3.githubusercontent.com/u/101513?v=3&amp;s=100,,,,,,,,,,,,,,,Hannah Wolfe,,,,,,CTO @TryGhost :grin: :ghost: :grin: 💃,,,,,,
0,samraosmanova,,https://avatars3.githubusercontent.com/u/17216387?v=3&amp;s=100,,,,,,,,,,,,,,,Osmanova,,,,,,,,,,,,
0,k8stone,,https://avatars2.githubusercontent.com/u/15329771?v=3&amp;s=100,,,,,,,,,,,,,,,Kate,,,,,,,,,,,,
0,nathansobo,,https://avatars1.githubusercontent.com/u/1789?v=3&amp;s=100,,,,,,,,,,,,,,,Nathan Sobo,,,,,,,,,,,,
0,kevinsawicki,,https://avatars1.githubusercontent.com/u/671378?v=3&amp;s=100,,,,,,,,,,,,,,,Kevin Sawicki,,,,,,,,,,,,
0,ivadim,,https://avatars2.githubusercontent.com/u/1057997?v=3&amp;s=100,,,,,,,,,,,,,,,ivadim,,,,,,,,,,,,
0,wendycan,,https://avatars0.githubusercontent.com/u/1301338?v=3&amp;s=100,,,,,,,,,,,,,,,Wendy,,,,,,,,,,,,
0,NARKOZ,,https://avatars0.githubusercontent.com/u/253398?v=3&amp;s=100,,,,,,,,,,,,,,,Nihad Abbasov,,,,,,,,,,,,
0,i5ting,,https://avatars3.githubusercontent.com/u/3118295?v=3&amp;s=100,,,,,,,,,,,,,,,狼叔,,,,,,,,,,,,
0,gkoo,,https://avatars1.githubusercontent.com/u/665970?v=3&amp;s=100,,,,,,,,,,,,,,,Gordon Koo,,,,,,,,,,,,
0,yPangXie,,https://avatars1.githubusercontent.com/u/12368943?v=3&amp;s=100,,,,,,,,,,,,,,,Mr.Krabs,,,,,,坐骨神经病...,,,,,,
0,janebautina,,https://avatars0.githubusercontent.com/u/2508142?v=3&amp;s=100,,,,,,,,,,,,,,,Evgeniya Bautina,,,,,,,,,,,,
0,akueisara,,https://avatars0.githubusercontent.com/u/7802052?v=3&amp;s=100,,,,,,,,,,,,,,,Kuei-Jung Hu,,,,,,Taiwanese Dreamer,,,,,,
0,labarreto,,https://avatars3.githubusercontent.com/u/7773305?v=3&amp;s=100,,,,,,,,,,,,,,,Laura Barreto,,,,,,,,,,,,
0,blondiebytes,,https://avatars0.githubusercontent.com/u/8669659?v=3&amp;s=100,,,,,,,,,,,,,,,Kathryn Hodge,,,,,,,,,,,,
0,WinnieHanR,,https://avatars0.githubusercontent.com/u/20036956?v=3&amp;s=100,,,,,,,,,,,,,,,WinnieHanR,,,,,,,,,,,,
0,cusspvz,,https://avatars2.githubusercontent.com/u/3604053?v=3&amp;s=100,,,,,,,,,,,,,,,José Moreira,,,,,,"full-stack developer, ui/ux designer, musician &amp; diy entusiast",,,,,,
0,axolo,,https://avatars2.githubusercontent.com/u/1021935?v=3&amp;s=100,,,,,,,,,,,,,,,Yueming Fang,,,,,,A code farmer in west loft.,,,,,,
0,andrewsyc,,https://avatars3.githubusercontent.com/u/2940388?v=3&amp;s=100,,,,,,,,,,,,,,,Andrew Sychra,,,,,,Love to build things people use.,,,,,,
0,wanyanshaofeng,,https://avatars2.githubusercontent.com/u/11593394?v=3&amp;s=100,,,,,,,,,,,,,,,wanyanshaofeng,,,,,,,,,,,,
