﻿score,login,id,avatar_url,gravatar_id,url,html_url,followers_url,following_url,gists_url,starred_url,subscriptions_url,organizations_url,repos_url,events_url,received_events_url,type,site_admin,name,company,blog,location,email,hireable,bio,public_repos,public_gists,followers,following,created_at,updated_at
0,zol,,https://avatars0.githubusercontent.com/u/81672?v=3&amp;s=100,,,,,,,,,,,,,,,Zoltan Olah,,,,,,,,,,,,
0,manakor,,https://avatars1.githubusercontent.com/u/175385?v=3&amp;s=100,,,,,,,,,,,,,,,Nik Sumeiko,,,,,,,,,,,,
0,BZoennchen,,https://avatars3.githubusercontent.com/u/766292?v=3&amp;s=100,,,,,,,,,,,,,,,Benedikt Zönnchen,,,,,,Ph.D. student in computer science.,,,,,,
0,ben,,https://avatars2.githubusercontent.com/u/39902?v=3&amp;s=100,,,,,,,,,,,,,,,Ben Straub,,,,,,,,,,,,
0,beigeotter,,https://avatars1.githubusercontent.com/u/1992755?v=3&amp;s=100,,,,,,,,,,,,,,,Etel ,,,,,,,,,,,,
0,si74,,https://avatars2.githubusercontent.com/u/913035?v=3&amp;s=100,,,,,,,,,,,,,,,Sneha Inguva,,,,,,Software engineer @digitalocean. I like to build stuff,,,,,,
0,ltagliaferri,,https://avatars1.githubusercontent.com/u/5977693?v=3&amp;s=100,,,,,,,,,,,,,,,ltagliaferri,,,,,,,,,,,,
0,hazel-nut,,https://avatars2.githubusercontent.com/u/22687170?v=3&amp;s=100,,,,,,,,,,,,,,,Hazel Virdó,,,,,,I am what I try hard enough to be.,,,,,,
0,magicgrl111,,https://avatars2.githubusercontent.com/u/3698526?v=3&amp;s=100,,,,,,,,,,,,,,,Selby Walker,,,,,,,,,,,,
0,rhlff,,https://avatars0.githubusercontent.com/u/2922744?v=3&amp;s=100,,,,,,,,,,,,,,,Tobias Rohloff,,,,,,Researcher &amp; Engineer @openHPI,,,,,,
0,jgraichen,,https://avatars1.githubusercontent.com/u/800848?v=3&amp;s=100,,,,,,,,,,,,,,,Jan Graichen,,,,,,,,,,,,
0,hklement,,https://avatars1.githubusercontent.com/u/546907?v=3&amp;s=100,,,,,,,,,,,,,,,Hauke Klement,,,,,,,,,,,,
0,bluesabre,,https://avatars3.githubusercontent.com/u/1894517?v=3&amp;s=100,,,,,,,,,,,,,,,Sean Davis,,,,,,,,,,,,
0,fuzziness,,https://avatars2.githubusercontent.com/u/17603?v=3&amp;s=100,,,,,,,,,,,,,,,Michele Franzin,,,,,,,,,,,,
0,BFush,,https://avatars3.githubusercontent.com/u/23432645?v=3&amp;s=100,,,,,,,,,,,,,,,Brisnee Fush,,,,,,Research graduate at Stanford University specializing in Natural Language Processing and Linguistics. Previously: Kilgraston School. Please follow me. 😄 ,,,,,,
0,ggreer,,https://avatars0.githubusercontent.com/u/200121?v=3&amp;s=100,,,,,,,,,,,,,,,Geoff Greer,,,,,,,,,,,,
0,chisaramai,,https://avatars3.githubusercontent.com/u/15074886?v=3&amp;s=100,,,,,,,,,,,,,,,Sarah K. Eydel,,,,,,,,,,,,
0,dae,,https://avatars2.githubusercontent.com/u/180542?v=3&amp;s=100,,,,,,,,,,,,,,,Damien Elmes,,,,,,,,,,,,
0,Portabella,,https://avatars0.githubusercontent.com/u/2048569?v=3&amp;s=100,,,,,,,,,,,,,,,Diana,,,,,,,,,,,,
0,pinguar,,https://avatars1.githubusercontent.com/u/75133?v=3&amp;s=100,,,,,,,,,,,,,,,Pinar Yanardag,,,,,,,,,,,,
0,ffffux,,https://avatars2.githubusercontent.com/u/3472712?v=3&amp;s=100,,,,,,,,,,,,,,,Lena,,,,,,"Team Lead @travis-ci, Speaker, Photographer, Writer, Feminist Killjoy. she/her. ",,,,,,
0,renrutnnej,,https://avatars0.githubusercontent.com/u/2582805?v=3&amp;s=100,,,,,,,,,,,,,,,Jenn Turner,,,,,,Grandpas are my favorite. ,,,,,,
0,zoepage,,https://avatars0.githubusercontent.com/u/562354?v=3&amp;s=100,,,,,,,,,,,,,,,Ola Gasidlo,,,,,,,,,,,,
0,patriciagarcia,,https://avatars1.githubusercontent.com/u/572958?v=3&amp;s=100,,,,,,,,,,,,,,,Patricia Garcia,,,,,,,,,,,,
0,shkodm,,https://avatars1.githubusercontent.com/u/13331189?v=3&amp;s=100,,,,,,,,,,,,,,,shkodm,,,,,,,,,,,,
0,scottopell,,https://avatars2.githubusercontent.com/u/996472?v=3&amp;s=100,,,,,,,,,,,,,,,Scott Opell,,,,,,,,,,,,
0,3b1b,,https://avatars0.githubusercontent.com/u/11601040?v=3&amp;s=100,,,,,,,,,,,,,,,Grant Sanderson,,,,,,,,,,,,
0,aparrish,,https://avatars0.githubusercontent.com/u/125839?v=3&amp;s=100,,,,,,,,,,,,,,,Allison Parrish,,,,,,,,,,,,
0,cecileboucheron,,https://avatars2.githubusercontent.com/u/2807426?v=3&amp;s=100,,,,,,,,,,,,,,,cecileboucheron,,,,,,,,,,,,
0,manuelruder,,https://avatars3.githubusercontent.com/u/18561248?v=3&amp;s=100,,,,,,,,,,,,,,,manuelruder,,,,,,,,,,,,
0,zeke,,https://avatars1.githubusercontent.com/u/2289?v=3&amp;s=100,,,,,,,,,,,,,,,Zeke Sikelianos,,,,,,"I work on the @electron team at @github, helping people build native apps with open web technologies. Previously @npm, @heroku, and @wordnik",,,,,,
0,carlosFPGA,,https://avatars1.githubusercontent.com/u/14877732?v=3&amp;s=100,,,,,,,,,,,,,,,Carlos Eduardo Parra,,,,,,,,,,,,
0,mariushoch,,https://avatars3.githubusercontent.com/u/2446964?v=3&amp;s=100,,,,,,,,,,,,,,,Marius Hoch,,,,,,,,,,,,
0,anjeve,,https://avatars0.githubusercontent.com/u/373170?v=3&amp;s=100,,,,,,,,,,,,,,,Anja Jentzsch,,,,,,,,,,,,
0,ammeep,,https://avatars2.githubusercontent.com/u/1024672?v=3&amp;s=100,,,,,,,,,,,,,,,Amy Palamountain,,,,,,It&#39;s fine,,,,,,
0,LizzHale,,https://avatars2.githubusercontent.com/u/6598185?v=3&amp;s=100,,,,,,,,,,,,,,,Lizz Hale,,,,,,,,,,,,
0,niklasvh,,https://avatars0.githubusercontent.com/u/551347?v=3&amp;s=100,,,,,,,,,,,,,,,Niklas von Hertzen,,,,,,,,,,,,
0,andrewsyc,,https://avatars3.githubusercontent.com/u/2940388?v=3&amp;s=100,,,,,,,,,,,,,,,Andrew Sychra,,,,,,Love to build things people use.,,,,,,
0,parkjs814,,https://avatars0.githubusercontent.com/u/1618732?v=3&amp;s=100,,,,,,,,,,,,,,,Jason Park,,,,,,https://www.youtube.com/watch?v=KMU0tzLwhbE,,,,,,
0,mairatma,,https://avatars3.githubusercontent.com/u/5216049?v=3&amp;s=100,,,,,,,,,,,,,,,Maira Bello,,,,,,,,,,,,
0,Gazler,,https://avatars0.githubusercontent.com/u/477511?v=3&amp;s=100,,,,,,,,,,,,,,,Gary Rennie,,,,,,Elixir and Mouth Jenga,,,,,,
0,henu,,https://avatars2.githubusercontent.com/u/3167494?v=3&amp;s=100,,,,,,,,,,,,,,,Henrik Heino,,,,,,,,,,,,
0,axelpale,,https://avatars3.githubusercontent.com/u/992081?v=3&amp;s=100,,,,,,,,,,,,,,,Akseli Palén,,,,,,"A full-stack web dev, an open source enthusiastic, and a researcher, specialised in touch, zoomable, and graph user interfaces, and applied machine learning.",,,,,,
0,cambecc,,https://avatars1.githubusercontent.com/u/3368530?v=3&amp;s=100,,,,,,,,,,,,,,,Cameron Beccario,,,,,,,,,,,,
0,mrcrgl,,https://avatars1.githubusercontent.com/u/2584691?v=3&amp;s=100,,,,,,,,,,,,,,,Marc Riegel,,,,,,,,,,,,
0,TommesJay,,https://avatars3.githubusercontent.com/u/18460713?v=3&amp;s=100,,,,,,,,,,,,,,,TommesJay,,,,,,,,,,,,
0,jimbo00000,,https://avatars3.githubusercontent.com/u/5005203?v=3&amp;s=100,,,,,,,,,,,,,,,Jim Susinno,,,,,,,,,,,,
0,shancarter,,https://avatars1.githubusercontent.com/u/418356?v=3&amp;s=100,,,,,,,,,,,,,,,Shan Carter,,,,,,,,,,,,
0,dsmilkov,,https://avatars1.githubusercontent.com/u/2294279?v=3&amp;s=100,,,,,,,,,,,,,,,Daniel Smilkov,,,,,,,,,,,,
0,jmoritzmueller,,https://avatars0.githubusercontent.com/u/6624749?v=3&amp;s=100,,,,,,,,,,,,,,,J. Moritz Müller,,,,,,,,,,,,
0,dominikschreiber,,https://avatars0.githubusercontent.com/u/1219916?v=3&amp;s=100,,,,,,,,,,,,,,,Dominik Schreiber,,,,,,,,,,,,
