﻿score,bio,login,created_at,id,updated_at,avatar_url,gravatar_id,url,html_url,followers_url,following_url,gists_url,starred_url,subscriptions_url,organizations_url,repos_url,events_url,received_events_url,type,site_admin,name,company,blog,location,email,hireable,public_repos,public_gists,followers,following
0,Research graduate at Stanford University specializing in Natural Language Processing and Linguistics. Previously: Kilgraston School. Please follow me. 😄 ,BFush,,,,https://avatars3.githubusercontent.com/u/23432645?v=3&amp;s=100,,,,,,,,,,,,,,,Brisnee Fush,,,,,,,,,
0,,fredtcaroli,,,,https://avatars2.githubusercontent.com/u/7407656?v=3&amp;s=100,,,,,,,,,,,,,,,Frederico Tommasi Caroli,,,,,,,,,
0,,M3hrL1cht,,,,https://avatars3.githubusercontent.com/u/3264627?v=3&amp;s=100,,,,,,,,,,,,,,,Lisa Wagner,,,,,,,,,
0,,derfl0,,,,https://avatars1.githubusercontent.com/u/4931118?v=3&amp;s=100,,,,,,,,,,,,,,,Flo Bieringer,,,,,,,,,
0,,simbuerg,,,,https://avatars3.githubusercontent.com/u/598281?v=3&amp;s=100,,,,,,,,,,,,,,,Andreas Simbuerger,,,,,,,,,
0,,griesemer,,,,https://avatars2.githubusercontent.com/u/8528975?v=3&amp;s=100,,,,,,,,,,,,,,,Robert Griesemer,,,,,,,,,
0,,rupertMme,,,,https://avatars1.githubusercontent.com/u/4964045?v=3&amp;s=100,,,,,,,,,,,,,,,rupertMme,,,,,,,,,
0,,ugene143,,,,https://avatars1.githubusercontent.com/u/4444990?v=3&amp;s=100,,,,,,,,,,,,,,,ugene143,,,,,,,,,
0,,rickfox,,,,https://avatars1.githubusercontent.com/u/1868395?v=3&amp;s=100,,,,,,,,,,,,,,,rickfox,,,,,,,,,
0,,Rameos,,,,https://avatars2.githubusercontent.com/u/2414488?v=3&amp;s=100,,,,,,,,,,,,,,,Rameos,,,,,,,,,
0,,martinSteidele,,,,https://avatars0.githubusercontent.com/u/1687422?v=3&amp;s=100,,,,,,,,,,,,,,,Martin,,,,,,,,,
0,,lancetekk,,,,https://avatars3.githubusercontent.com/u/1476172?v=3&amp;s=100,,,,,,,,,,,,,,,Lorentz Roßbacher,,,,,,,,,
0,,thomaspenteker,,,,https://avatars0.githubusercontent.com/u/3259985?v=3&amp;s=100,,,,,,,,,,,,,,,Thomas Penteker,,,,,,,,,
0,Coach and Consultant at @synsugar.,sebastianhenneberg,,,,https://avatars2.githubusercontent.com/u/3903324?v=3&amp;s=100,,,,,,,,,,,,,,,Sebastian Henneberg,,,,,,,,,
0,,marcorei,,,,https://avatars2.githubusercontent.com/u/650595?v=3&amp;s=100,,,,,,,,,,,,,,,Markus Riegel,,,,,,,,,
0,,ptnplanet,,,,https://avatars2.githubusercontent.com/u/590079?v=3&amp;s=100,,,,,,,,,,,,,,,Philipp,,,,,,,,,
0,"Software Developer/Ops, technology nerd: IoT, docker, js, frontend, ☁, agile",Pindar,,,,https://avatars1.githubusercontent.com/u/131621?v=3&amp;s=100,,,,,,,,,,,,,,,Simon Dittlmann,,,,,,,,,
