﻿score,type,public_gists,followers,login,company,following,updated_at,id,blog,created_at,avatar_url,location,gravatar_id,email,url,hireable,html_url,bio,followers_url,public_repos,following_url,gists_url,starred_url,subscriptions_url,organizations_url,repos_url,events_url,received_events_url,site_admin,name
0,,,,titsuki,,,,,,,https://avatars3.githubusercontent.com/u/6792051?v=3&amp;s=100,,,,,,,,,,,,,,,,,,,Itsuki Toyota
0,,,,BFush,,,,,,,https://avatars3.githubusercontent.com/u/23432645?v=3&amp;s=100,,,,,,,Research graduate at Stanford University specializing in Natural Language Processing and Linguistics. Previously: Kilgraston School. Please follow me. 😄 ,,,,,,,,,,,,Brisnee Fush
0,,,,jodaiber,,,,,,,https://avatars0.githubusercontent.com/u/580602?v=3&amp;s=100,,,,,,,,,,,,,,,,,,,Jo Daiber
0,,,,SimonSuster,,,,,,,https://avatars1.githubusercontent.com/u/1826574?v=3&amp;s=100,,,,,,,PhD in Natural Language Processing,,,,,,,,,,,,Simon Suster
0,,,,wojzaremba,,,,,,,https://avatars0.githubusercontent.com/u/1286529?v=3&amp;s=100,,,,,,,,,,,,,,,,,,,Wojciech Zaremba
0,,,,danielhers,,,,,,,https://avatars0.githubusercontent.com/u/263363?v=3&amp;s=100,,,,,,,I am a PhD student at @huji-nlp and researcher at @ibm-research. I also volunteer in @hasadna. I am interested in natural language processing.,,,,,,,,,,,,Daniel Hershcovich
0,,,,knuppe,,,,,,,https://avatars3.githubusercontent.com/u/1040818?v=3&amp;s=100,,,,,,,,,,,,,,,,,,,Gustavo Knuppe
0,,,,dmit25,,,,,,,https://avatars2.githubusercontent.com/u/1687377?v=3&amp;s=100,,,,,,,,,,,,,,,,,,,Dmitry
0,,,,ramonsenadev,,,,,,,https://avatars1.githubusercontent.com/u/10205647?v=3&amp;s=100,,,,,,,,,,,,,,,,,,,Ramon Sena
0,,,,mpsilfve,,,,,,,https://avatars1.githubusercontent.com/u/8513723?v=3&amp;s=100,,,,,,,,,,,,,,,,,,,Miikka Silfverberg
0,,,,vjeranc,,,,,,,https://avatars0.githubusercontent.com/u/4954310?v=3&amp;s=100,,,,,,,Is tired and eats plants.,,,,,,,,,,,,Vjeran Crnjak
0,,,,pommedeterresautee,,,,,,,https://avatars2.githubusercontent.com/u/1029874?v=3&amp;s=100,,,,,,,,,,,,,,,,,,,Michaël Benesty
0,,,,KaiWeiChang,,,,,,,https://avatars1.githubusercontent.com/u/7504879?v=3&amp;s=100,,,,,,,,,,,,,,,,,,,Kai-Wei Chang
0,,,,leondz,,,,,,,https://avatars1.githubusercontent.com/u/121934?v=3&amp;s=100,,,,,,,,,,,,,,,,,,,Leon Derczynski
0,,,,bplank,,,,,,,https://avatars2.githubusercontent.com/u/445591?v=3&amp;s=100,,,,,,,,,,,,,,,,,,,Barbara Plank
0,,,,msevrens,,,,,,,https://avatars0.githubusercontent.com/u/1441846?v=3&amp;s=100,,,,,,,,,,,,,,,,,,,Matt Sevrens
0,,,,tokestermw,,,,,,,https://avatars1.githubusercontent.com/u/4722119?v=3&amp;s=100,,,,,,,"Co-founder, data science and NLP @getfoxtype (http://foxtype.com ). I turn fish into vectors.",,,,,,,,,,,,Motoki Wu
0,,,,yalesong,,,,,,,https://avatars1.githubusercontent.com/u/5506101?v=3&amp;s=100,,,,,,,,,,,,,,,,,,,Yale Song
0,,,,HadoopIt,,,,,,,https://avatars0.githubusercontent.com/u/3850454?v=3&amp;s=100,,,,,,,Natural Language Processing; Spoken Language Understanding; Neural Networks; Deep Learning; Machine Learning.,,,,,,,,,,,,Bing Liu
0,,,,datquocnguyen,,,,,,,https://avatars0.githubusercontent.com/u/2412555?v=3&amp;s=100,,,,,,,,,,,,,,,,,,,Dat Quoc Nguyen
0,,,,metpallyv,,,,,,,https://avatars0.githubusercontent.com/u/14366369?v=3&amp;s=100,,,,,,,,,,,,,,,,,,,Vardhaman Metpally
0,,,,akkikiki,,,,,,,https://avatars1.githubusercontent.com/u/1423362?v=3&amp;s=100,,,,,,,,,,,,,,,,,,,Yoshinari Fujinuma
0,,,,taku910,,,,,,,https://avatars1.githubusercontent.com/u/11470708?v=3&amp;s=100,,,,,,,,,,,,,,,,,,,Taku Kudo
0,,,,tianjianjiang,,,,,,,https://avatars3.githubusercontent.com/u/4812544?v=3&amp;s=100,,,,,,,,,,,,,,,,,,,Mike Tian-Jian Jiang
0,,,,hiroshi-manabe,,,,,,,https://avatars3.githubusercontent.com/u/606304?v=3&amp;s=100,,,,,,,,,,,,,,,,,,,Hiroshi Manabe
0,,,,minwoo,,,,,,,https://avatars1.githubusercontent.com/u/377304?v=3&amp;s=100,,,,,,,,,,,,,,,,,,,Minwoo Jeong
0,,,,Sentimentron,,,,,,,https://avatars0.githubusercontent.com/u/3706681?v=3&amp;s=100,,,,,,,,,,,,,,,,,,,Richard Townsend
0,,,,erickrf,,,,,,,https://avatars3.githubusercontent.com/u/294483?v=3&amp;s=100,,,,,,,PhD student at Univesity of São Paulo working with NLP / NLI / Machine Learning,,,,,,,,,,,,Erick Rocha Fonseca
0,,,,zseder,,,,,,,https://avatars1.githubusercontent.com/u/902585?v=3&amp;s=100,,,,,,,,,,,,,,,,,,,Attila Zséder
0,,,,VikingMew,,,,,,,https://avatars0.githubusercontent.com/u/1246991?v=3&amp;s=100,,,,,,,,,,,,,,,,,,,VikingMew
0,,,,eecrazy,,,,,,,https://avatars2.githubusercontent.com/u/3361588?v=3&amp;s=100,,,,,,,"I am now a first-year PhD candidate at HIT-SCIR.  My research interests including NLP, ML, DM, KG and DL.",,,,,,,,,,,,Zhongyang Li
0,,,,WladimirSidorenko,,,,,,,https://avatars2.githubusercontent.com/u/1080754?v=3&amp;s=100,,,,,,,,,,,,,,,,,,,Wladimir Sidorenko
0,,,,dsindex,,,,,,,https://avatars1.githubusercontent.com/u/8259057?v=3&amp;s=100,,,,,,,NLPer(Natural Language Processing),,,,,,,,,,,,Myungchul Shin
0,,,,Oneplus,,,,,,,https://avatars0.githubusercontent.com/u/745499?v=3&amp;s=100,,,,,,,Ph.D. student at @HIT-SCIR ,,,,,,,,,,,,Yijia Liu
0,,,,usptact,,,,,,,https://avatars1.githubusercontent.com/u/1818325?v=3&amp;s=100,,,,,,,,,,,,,,,,,,,usptact
0,,,,colincsl,,,,,,,https://avatars1.githubusercontent.com/u/498232?v=3&amp;s=100,,,,,,,,,,,,,,,,,,,Colin Lea
0,,,,napsternxg,,,,,,,https://avatars2.githubusercontent.com/u/112678?v=3&amp;s=100,,,,,,,,,,,,,,,,,,,Shubhanshu Mishra
0,,,,memeda,,,,,,,https://avatars3.githubusercontent.com/u/5585818?v=3&amp;s=100,,,,,,,搞自然语言的前前端工作人员，兼写影评。长时间处于计算世界难题“Who Am I”的忙碌状态。,,,,,,,,,,,,徐伟
0,,,,zhongkaifu,,,,,,,https://avatars0.githubusercontent.com/u/3347714?v=3&amp;s=100,,,,,,,,,,,,,,,,,,,Zhongkai Fu
0,,,,loveJasmine,,,,,,,https://avatars1.githubusercontent.com/u/18051187?v=3&amp;s=100,,,,,,,,,,,,,,,,,,,yk_data
