﻿score,login,id,avatar_url,gravatar_id,url,html_url,followers_url,following_url,gists_url,starred_url,subscriptions_url,organizations_url,repos_url,events_url,received_events_url,type,site_admin,name,company,blog,location,email,hireable,bio,public_repos,public_gists,followers,following,created_at,updated_at
0,BFush,,https://avatars3.githubusercontent.com/u/23432645?v=3&amp;s=100,,,,,,,,,,,,,,,Brisnee Fush,,,,,,Research graduate at Stanford University specializing in Natural Language Processing and Linguistics. Previously: Kilgraston School. Please follow me. 😄 ,,,,,,
0,ruanyf,,https://avatars2.githubusercontent.com/u/905434?v=3&amp;s=100,,,,,,,,,,,,,,,Ruan YiFeng,,,,,,,,,,,,
0,zouliping,,https://avatars1.githubusercontent.com/u/2317798?v=3&amp;s=100,,,,,,,,,,,,,,,Liping Zou,,,,,,,,,,,,
0,lingocyre,,https://avatars1.githubusercontent.com/u/15626318?v=3&amp;s=100,,,,,,,,,,,,,,,lingocyre,,,,,,,,,,,,
0,voisine,,https://avatars2.githubusercontent.com/u/316879?v=3&amp;s=100,,,,,,,,,,,,,,,Aaron Voisine,,,,,,,,,,,,
0,RogerFederer03,,https://avatars1.githubusercontent.com/u/5633006?v=3&amp;s=100,,,,,,,,,,,,,,,Zheng Luo,,,,,,Talk is cheap. Show me the code. -- Linus Torvalds,,,,,,
0,sitilge,,https://avatars3.githubusercontent.com/u/3306642?v=3&amp;s=100,,,,,,,,,,,,,,,Martins Eglitis,,,,,,,,,,,,
0,liu-dongyu,,https://avatars1.githubusercontent.com/u/16187601?v=3&amp;s=100,,,,,,,,,,,,,,,Liu Dongyu,,,,,, frontend developer,,,,,,
0,acgtyrant,,https://avatars0.githubusercontent.com/u/3921062?v=3&amp;s=100,,,,,,,,,,,,,,,Isaac Ge,,,,,,about.me/acgtyrant,,,,,,
0,rod-lin,,https://avatars1.githubusercontent.com/u/9999958?v=3&amp;s=100,,,,,,,,,,,,,,,rod,,,,,,student,,,,,,
0,irshuLx,,https://avatars1.githubusercontent.com/u/12872191?v=3&amp;s=100,,,,,,,,,,,,,,,Irshu,,,,,,"Rolls with  Android. Follower of Dubstep, Rock music, Cyberpunk....and cats?",,,,,,
0,Xuanwo,,https://avatars0.githubusercontent.com/u/5351546?v=3&amp;s=100,,,,,,,,,,,,,,,Xuanwo,,,,,,"A student who works at @yunify , intersted in Full Stack Development.",,,,,,
0,AdiChat,,https://avatars0.githubusercontent.com/u/10634210?v=3&amp;s=100,,,,,,,,,,,,,,,Ãditya⛄Chatterjee,,,,,,✌️ 🎅 gave me a stone. 🍥 + 🎁 + 🍷 💃 ,,,,,,
0,gmkhussain,,https://avatars2.githubusercontent.com/u/1250826?v=3&amp;s=100,,,,,,,,,,,,,,,GMK Hussain,,,,,,,,,,,,
0,FumikoIshizawa,,https://avatars3.githubusercontent.com/u/4344188?v=3&amp;s=100,,,,,,,,,,,,,,,fumikoi,,,,,,,,,,,,
0,ternsip,,https://avatars3.githubusercontent.com/u/10179239?v=3&amp;s=100,,,,,,,,,,,,,,,Ternsip,,,,,,If you are alone - imagine that you are Gordon Freeman.,,,,,,
0,MichalPaszkiewicz,,https://avatars2.githubusercontent.com/u/6673982?v=3&amp;s=100,,,,,,,,,,,,,,,Michal Paszkiewicz,,,,,,Just a guy who likes to make things @MichalYouDoing,,,,,,
0,aronwc,,https://avatars3.githubusercontent.com/u/3931781?v=3&amp;s=100,,,,,,,,,,,,,,,aronwc,,,,,,,,,,,,
0,iwiwi,,https://avatars0.githubusercontent.com/u/469803?v=3&amp;s=100,,,,,,,,,,,,,,,Takuya Akiba,,,,,,,,,,,,
0,Stephanie1125,,https://avatars1.githubusercontent.com/u/15961861?v=3&amp;s=100,,,,,,,,,,,,,,,"Stephanie, Hsin Wen, Liu",,,,,,,,,,,,
0,MikeMirzayanov,,https://avatars1.githubusercontent.com/u/1701892?v=3&amp;s=100,,,,,,,,,,,,,,,Mike Mirzayanov,,,,,,,,,,,,
0,sirrice,,https://avatars2.githubusercontent.com/u/464518?v=3&amp;s=100,,,,,,,,,,,,,,,Eugene Wu,,,,,,,,,,,,
0,julycoding,,https://avatars1.githubusercontent.com/u/6184536?v=3&amp;s=100,,,,,,,,,,,,,,,July,,,,,,,,,,,,
0,felix021,,https://avatars1.githubusercontent.com/u/367085?v=3&amp;s=100,,,,,,,,,,,,,,,Felix021,,,,,,,,,,,,
0,AshokRajpurohit,,https://avatars2.githubusercontent.com/u/6704365?v=3&amp;s=100,,,,,,,,,,,,,,,Ashok Rajpurohit,,,,,,,,,,,,
0,VikParuchuri,,https://avatars1.githubusercontent.com/u/913340?v=3&amp;s=100,,,,,,,,,,,,,,,Vik Paruchuri,,,,,,,,,,,,
0,manning,,https://avatars3.githubusercontent.com/u/2438050?v=3&amp;s=100,,,,,,,,,,,,,,,Christopher Manning,,,,,,,,,,,,
0,kadotami,,https://avatars3.githubusercontent.com/u/4213950?v=3&amp;s=100,,,,,,,,,,,,,,,yuta kadotamai,,,,,,,,,,,,
0,imulan,,https://avatars1.githubusercontent.com/u/12540044?v=3&amp;s=100,,,,,,,,,,,,,,,Kou Sato,,,,,,,,,,,,
0,sosuke-k,,https://avatars3.githubusercontent.com/u/4187224?v=3&amp;s=100,,,,,,,,,,,,,,,Kato Sosouke,,,,,,,,,,,,
0,programthink,,https://avatars1.githubusercontent.com/u/4027957?v=3&amp;s=100,,,,,,,,,,,,,,,编程随想,,,,,,,,,,,,
0,matthew-z,,https://avatars3.githubusercontent.com/u/5741303?v=3&amp;s=100,,,,,,,,,,,,,,,Matthew Zeng,,,,,,,,,,,,
0,pumpkinheader,,https://avatars3.githubusercontent.com/u/6647001?v=3&amp;s=100,,,,,,,,,,,,,,,pumpkinheader,,,,,,,,,,,,
0,graph226,,https://avatars0.githubusercontent.com/u/9261232?v=3&amp;s=100,,,,,,,,,,,,,,,Shintaro Inuzuka,,,,,,Web Engineer,,,,,,
0,footearth,,https://avatars0.githubusercontent.com/u/435029?v=3&amp;s=100,,,,,,,,,,,,,,,footearth,,,,,,,,,,,,
0,clowwindy,,https://avatars1.githubusercontent.com/u/1073082?v=3&amp;s=100,,,,,,,,,,,,,,,clowwindy,,,,,,,,,,,,
0,vczh,,https://avatars3.githubusercontent.com/u/773569?v=3&amp;s=100,,,,,,,,,,,,,,,Zihan Chen,,,,,,Programmer with no technology bias. Main contributor of @vczh-libraries  .,,,,,,
0,wzpan,,https://avatars0.githubusercontent.com/u/1631405?v=3&amp;s=100,,,,,,,,,,,,,,,Joseph Pan,,,,,,,,,,,,
0,kainy,,https://avatars2.githubusercontent.com/u/470729?v=3&amp;s=100,,,,,,,,,,,,,,,Kainy Guo,,,,,,A Frontender,,,,,,
0,rodrigoalvesvieira,,https://avatars3.githubusercontent.com/u/134733?v=3&amp;s=100,,,,,,,,,,,,,,,Rodrigo Vieira,,,,,,Un gentilhomme.,,,,,,
0,huangz1990,,https://avatars3.githubusercontent.com/u/536854?v=3&amp;s=100,,,,,,,,,,,,,,,黄健宏,,,,,,,,,,,,
0,NeonGo,,https://avatars0.githubusercontent.com/u/9276259?v=3&amp;s=100,,,,,,,,,,,,,,,NeonGo,,,,,,,,,,,,
