﻿score,name,login,id,company,avatar_url,gravatar_id,blog,url,html_url,location,followers_url,following_url,email,gists_url,hireable,starred_url,bio,subscriptions_url,public_repos,organizations_url,public_gists,repos_url,followers,events_url,following,received_events_url,created_at,type,updated_at,site_admin
0,Wes Bos,wesbos,,,https://avatars2.githubusercontent.com/u/176013?v=3&amp;s=100,,,,,,,,,,,,I create courses that make learning things like JavaScript easy and fun 🔥,,,,,,,,,,,,,
0,Matthew Conlen,mathisonian,,,https://avatars0.githubusercontent.com/u/1074773?v=3&amp;s=100,,,,,,,,,,,,"PhD student at @uwdata, computational journalist @fivethirtyeight",,,,,,,,,,,,,
0,Ruan YiFeng,ruanyf,,,https://avatars2.githubusercontent.com/u/905434?v=3&amp;s=100,,,,,,,,,,,,,,,,,,,,,,,,,
0,Guillaume Aubert,gaubert,,,https://avatars3.githubusercontent.com/u/1482?v=3&amp;s=100,,,,,,,,,,,,,,,,,,,,,,,,,
0,Samy Kamkar,samyk,,,https://avatars0.githubusercontent.com/u/411832?v=3&amp;s=100,,,,,,,,,,,,explo(r|it)ing boundaries,,,,,,,,,,,,,
0,Joe Zhou,josephyzhou,,,https://avatars3.githubusercontent.com/u/653722?v=3&amp;s=100,,,,,,,,,,,,"Full stack engineer, R&amp;D for government, IoT, e-commerce, banking, Bitcoin, Ethereum...",,,,,,,,,,,,,
0,Artem Golubin,rushter,,,https://avatars2.githubusercontent.com/u/3187951?v=3&amp;s=100,,,,,,,,,,,,Available for hire.,,,,,,,,,,,,,
0,Ben Alpert,spicyj,,,https://avatars0.githubusercontent.com/u/6820?v=3&amp;s=100,,,,,,,,,,,,,,,,,,,,,,,,,
0,Brisnee Fush,BFush,,,https://avatars3.githubusercontent.com/u/23432645?v=3&amp;s=100,,,,,,,,,,,,Research graduate at Stanford University specializing in Natural Language Processing and Linguistics. Previously: Kilgraston School. Please follow me. 😄 ,,,,,,,,,,,,,
0,Karissa McKelvey,karissa,,,https://avatars1.githubusercontent.com/u/633012?v=3&amp;s=100,,,,,,,,,,,, @datproject ,,,,,,,,,,,,,
0,Andrej,karpathy,,,https://avatars3.githubusercontent.com/u/241138?v=3&amp;s=100,,,,,,,,,,,,,,,,,,,,,,,,,
0,Aaron Meurer,asmeurer,,,https://avatars1.githubusercontent.com/u/71486?v=3&amp;s=100,,,,,,,,,,,,Lead developer on @sympy. Working at @ERGS lab at the University of South Carolina. Doing math and Python. ,,,,,,,,,,,,,
0,Mark Wubben,novemberborn,,,https://avatars2.githubusercontent.com/u/33538?v=3&amp;s=100,,,,,,,,,,,,Humanist ∪ Technologist. ♡ working with the web. Occasional Dutch speaker. He/his.,,,,,,,,,,,,,
0,Asad Dhamani,dhamaniasad,,,https://avatars2.githubusercontent.com/u/4560482?v=3&amp;s=100,,,,,,,,,,,,💁,,,,,,,,,,,,,
0,isaacs,isaacs,,,https://avatars2.githubusercontent.com/u/9287?v=3&amp;s=100,,,,,,,,,,,,,,,,,,,,,,,,,
0,Nam Vu,ZuzooVn,,,https://avatars2.githubusercontent.com/u/1429230?v=3&amp;s=100,,,,,,,,,,,,A Vietnamese Software Engineer who is really passionate and wants to work in the USA,,,,,,,,,,,,,
0,Thomas Watson Steen,watson,,,https://avatars2.githubusercontent.com/u/10602?v=3&amp;s=100,,,,,,,,,,,,Node.js hacker - also doing open source stuff at @opbeat,,,,,,,,,,,,,
0,Matt Rajca,mattrajca,,,https://avatars2.githubusercontent.com/u/123372?v=3&amp;s=100,,,,,,,,,,,,,,,,,,,,,,,,,
0,Jonathan Verrecchia,verekia,,,https://avatars0.githubusercontent.com/u/522007?v=3&amp;s=100,,,,,,,,,,,,"Freelance Front-End Engineer, previously @yelp",,,,,,,,,,,,,
0,Matt Zabriskie,mzabriskie,,,https://avatars1.githubusercontent.com/u/199035?v=3&amp;s=100,,,,,,,,,,,,,,,,,,,,,,,,,
0,Ivan,yfgeek,,,https://avatars2.githubusercontent.com/u/7533831?v=3&amp;s=100,,,,,,,,,,,,,,,,,,,,,,,,,
0,John Washam,jwasham,,,https://avatars0.githubusercontent.com/u/3771963?v=3&amp;s=100,,,,,,,,,,,,,,,,,,,,,,,,,
0,Filip Haglund,drathier,,,https://avatars1.githubusercontent.com/u/3695812?v=3&amp;s=100,,,,,,,,,,,,,,,,,,,,,,,,,
0,Loïc Lecrenier,loiclec,,,https://avatars3.githubusercontent.com/u/6040237?v=3&amp;s=100,,,,,,,,,,,,,,,,,,,,,,,,,
0,Sindre Sorhus,sindresorhus,,,https://avatars2.githubusercontent.com/u/170270?v=3&amp;s=100,,,,,,,,,,,,,,,,,,,,,,,,,
0,victor felder,vhf,,,https://avatars3.githubusercontent.com/u/2022803?v=3&amp;s=100,,,,,,,,,,,,@XI-lab → @recursecenter → (@Scigility | @XI-lab) → @upfrontIO,,,,,,,,,,,,,
0,Alex J. Champandard,alexjc,,,https://avatars2.githubusercontent.com/u/445208?v=3&amp;s=100,,,,,,,,,,,,"Artificial Intelligence specialist, co-Founder at creative.ai, Director nucl.ai conference, Deep Learning, ex-R☆/Guerrilla Games Senior AI Programmer.",,,,,,,,,,,,,
0,Jacob Perkins,japerk,,,https://avatars1.githubusercontent.com/u/215919?v=3&amp;s=100,,,,,,,,,,,,,,,,,,,,,,,,,
0,Christophe Coenraets,ccoenraets,,,https://avatars1.githubusercontent.com/u/384156?v=3&amp;s=100,,,,,,,,,,,,,,,,,,,,,,,,,
0,Feross Aboukhadijeh,feross,,,https://avatars0.githubusercontent.com/u/121766?v=3&amp;s=100,,,,,,,,,,,,⭐⭐⭐⭐⭐ Mad Scientist,,,,,,,,,,,,,
0,Addy Osmani,addyosmani,,,https://avatars1.githubusercontent.com/u/110953?v=3&amp;s=100,,,,,,,,,,,,Engineer at Google working on Chrome &amp; Web Platform,,,,,,,,,,,,,
0,Mathias Buus,mafintosh,,,https://avatars2.githubusercontent.com/u/376661?v=3&amp;s=100,,,,,,,,,,,,Rød grød med fløde,,,,,,,,,,,,,
0,TJ Holowaychuk,tj,,,https://avatars3.githubusercontent.com/u/25254?v=3&amp;s=100,,,,,,,,,,,,,,,,,,,,,,,,,
0,James Halliday,substack,,,https://avatars2.githubusercontent.com/u/12631?v=3&amp;s=100,,,,,,,,,,,,,,,,,,,,,,,,,
0,Linus Torvalds,torvalds,,,https://avatars0.githubusercontent.com/u/1024025?v=3&amp;s=100,,,,,,,,,,,,,,,,,,,,,,,,,
0,hardmaru,hardmaru,,,https://avatars2.githubusercontent.com/u/6318110?v=3&amp;s=100,,,,,,,,,,,,,,,,,,,,,,,,,
