﻿score,starred_url,login,repos_url,id,type,avatar_url,company,gravatar_id,blog,url,hireable,html_url,following,followers_url,following_url,gists_url,subscriptions_url,organizations_url,events_url,received_events_url,site_admin,name,location,email,bio,public_repos,public_gists,followers,created_at,updated_at
0,,dibyaghosh,,,,https://avatars2.githubusercontent.com/u/1305729?v=3&amp;s=100,,,,,,,,,,,,,,,,Dibya Ghosh,,,,,,,,
0,,BFush,,,,https://avatars3.githubusercontent.com/u/23432645?v=3&amp;s=100,,,,,,,,,,,,,,,,Brisnee Fush,,,Research graduate at Stanford University specializing in Natural Language Processing and Linguistics. Previously: Kilgraston School. Please follow me. 😄 ,,,,,
0,,Dawny33,,,,https://avatars3.githubusercontent.com/u/4637008?v=3&amp;s=100,,,,,,,,,,,,,,,,Jalem Raj Rohit,,,,,,,,
0,,zpardos,,,,https://avatars3.githubusercontent.com/u/1536150?v=3&amp;s=100,,,,,,,,,,,,,,,,Zach A. Pardos,,,,,,,,
0,,manning,,,,https://avatars3.githubusercontent.com/u/2438050?v=3&amp;s=100,,,,,,,,,,,,,,,,Christopher Manning,,,,,,,,
0,,smilli,,,,https://avatars3.githubusercontent.com/u/5109188?v=3&amp;s=100,,,,,,,,,,,,,,,,Smitha Milli,,,,,,,,
0,,seanabu,,,,https://avatars0.githubusercontent.com/u/11013055?v=3&amp;s=100,,,,,,,,,,,,,,,,Sean Abu Wilson,,,,,,,,
0,,wesm,,,,https://avatars0.githubusercontent.com/u/329591?v=3&amp;s=100,,,,,,,,,,,,,,,,Wes McKinney,,,Maker of tools and supporting libraries to make data analysis faster and easier,,,,,
0,,jarrodmillman,,,,https://avatars2.githubusercontent.com/u/123428?v=3&amp;s=100,,,,,,,,,,,,,,,,Jarrod Millman,,,,,,,,
0,,amueller,,,,https://avatars3.githubusercontent.com/u/449558?v=3&amp;s=100,,,,,,,,,,,,,,,,Andreas Mueller,,,,,,,,
