﻿score,login,id,avatar_url,gravatar_id,url,html_url,followers_url,following_url,gists_url,starred_url,subscriptions_url,organizations_url,repos_url,events_url,received_events_url,type,site_admin,name,company,blog,location,email,hireable,bio,public_repos,public_gists,followers,following,created_at,updated_at
0,BFush,,https://avatars3.githubusercontent.com/u/23432645?v=3&amp;s=100,,,,,,,,,,,,,,,Brisnee Fush,,,,,,Research graduate at Stanford University specializing in Natural Language Processing and Linguistics. Previously: Kilgraston School. Please follow me. 😄 ,,,,,,
0,vassilisstamoulos,,https://avatars2.githubusercontent.com/u/16266812?v=3&amp;s=100,,,,,,,,,,,,,,,vassilisstamoulos,,,,,,,,,,,,
0,nikosdano,,https://avatars3.githubusercontent.com/u/1569507?v=3&amp;s=100,,,,,,,,,,,,,,,nikosdano,,,,,,,,,,,,
0,tarmous,,https://avatars1.githubusercontent.com/u/22653072?v=3&amp;s=100,,,,,,,,,,,,,,,tarmous,,,,,,,,,,,,
0,KonKr,,https://avatars0.githubusercontent.com/u/20173537?v=3&amp;s=100,,,,,,,,,,,,,,,Konstantinos Kritikakis,,,,,,I&#39;m a student in Digital Systems at the University of Piraeus.,,,,,,
0,kostas95,,https://avatars1.githubusercontent.com/u/21286858?v=3&amp;s=100,,,,,,,,,,,,,,,kostas95,,,,,,,,,,,,
0,liorvh,,https://avatars1.githubusercontent.com/u/13472584?v=3&amp;s=100,,,,,,,,,,,,,,,Lior V. Haddad,,,,,,"Think bad, do good.",,,,,,
0,antok33,,https://avatars0.githubusercontent.com/u/9783481?v=3&amp;s=100,,,,,,,,,,,,,,,Apostolis Ntokos,,,,,,,,,,,,
0,ikoniaris,,https://avatars3.githubusercontent.com/u/952610?v=3&amp;s=100,,,,,,,,,,,,,,,Ioannis,,,,,,,,,,,,
0,AnnaAnge,,https://avatars1.githubusercontent.com/u/9776650?v=3&amp;s=100,,,,,,,,,,,,,,,Anna Ange,,,,,,,,,,,,
0,diracdeltas,,https://avatars3.githubusercontent.com/u/549654?v=3&amp;s=100,,,,,,,,,,,,,,,yan,,,,,,0.1x engineer,,,,,,
0,superdecimal,,https://avatars0.githubusercontent.com/u/5281398?v=3&amp;s=100,,,,,,,,,,,,,,,Paris Goudas,,,,,,,,,,,,
0,giokokos,,https://avatars0.githubusercontent.com/u/3083746?v=3&amp;s=100,,,,,,,,,,,,,,,Georgios Kokosioulis,,,,,,,,,,,,
0,dimikav,,https://avatars2.githubusercontent.com/u/13870410?v=3&amp;s=100,,,,,,,,,,,,,,,dimkav,,,,,,,,,,,,
0,stasinopoulos,,https://avatars3.githubusercontent.com/u/5289251?v=3&amp;s=100,,,,,,,,,,,,,,,Anastasios Stasinopoulos,,,,,,"Builder and breaker, seduced by the dark side.",,,,,,
0,psy2k,,https://avatars3.githubusercontent.com/u/981597?v=3&amp;s=100,,,,,,,,,,,,,,,Nikos Maounis,,,,,,"iOS Developer @taxibeat. Living in Athens, Greece.",,,,,,
0,jdtotow,,https://avatars3.githubusercontent.com/u/1069399?v=3&amp;s=100,,,,,,,,,,,,,,,Jean-Didier Totow,,,,,,,,,,,,
0,chetanspeed511987,,https://avatars2.githubusercontent.com/u/1456842?v=3&amp;s=100,,,,,,,,,,,,,,,Chetan Patel,,,,,,,,,,,,
0,PanosVl,,https://avatars3.githubusercontent.com/u/8208803?v=3&amp;s=100,,,,,,,,,,,,,,,Panagiotis Vlachos,,,,,,,,,,,,
0,jemadux,,https://avatars1.githubusercontent.com/u/750682?v=3&amp;s=100,,,,,,,,,,,,,,,Klearchos-Angelos Gkountras,,,,,,Debian User ... ,,,,,,
0,LeaVerou,,https://avatars1.githubusercontent.com/u/175836?v=3&amp;s=100,,,,,,,,,,,,,,,Lea Verou,,,,,,,,,,,,
0,securitytube,,https://avatars3.githubusercontent.com/u/4024107?v=3&amp;s=100,,,,,,,,,,,,,,,securitytube,,,,,,,,,,,,
0,ilektrojohn,,https://avatars3.githubusercontent.com/u/228137?v=3&amp;s=100,,,,,,,,,,,,,,,Ioannis Kakavas,,,,,,,,,,,,
0,juancarlospaco,,https://avatars2.githubusercontent.com/u/1189414?v=3&amp;s=100,,,,,,,,,,,,,,,Juan_Carlos,,,,,,"Python Linux, Senior, FullStack, EN|ES, Ex-SysAdmin.",,,,,,
0,Manhydra,,https://avatars3.githubusercontent.com/u/1355102?v=3&amp;s=100,,,,,,,,,,,,,,,Marc Sylvestre,,,,,,,,,,,,
0,Hawkers,,https://avatars2.githubusercontent.com/u/547810?v=3&amp;s=100,,,,,,,,,,,,,,,Scott Aikin,,,,,,,,,,,,
0,jailuthra,,https://avatars2.githubusercontent.com/u/1710825?v=3&amp;s=100,,,,,,,,,,,,,,,Jai Luthra,,,,,,"CSE sophomore at @IIIT-Delhi. Loves to tinker with C, Python and anything open source.",,,,,,
0,koslibpro,,https://avatars2.githubusercontent.com/u/2552310?v=3&amp;s=100,,,,,,,,,,,,,,,Konstantinos Livieratos,,,,,,"@madinad tech lead, @intelligems tech partner, fulltime backend engineer",,,,,,
0,ZEDGR,,https://avatars3.githubusercontent.com/u/1284896?v=3&amp;s=100,,,,,,,,,,,,,,,ZED,,,,,,,,,,,,
0,stamparm,,https://avatars1.githubusercontent.com/u/921555?v=3&amp;s=100,,,,,,,,,,,,,,,Miroslav Stampar,,,,,,74 -&gt; EB,,,,,,
