﻿score,starred_url,login,repos_url,id,type,avatar_url,site_admin,gravatar_id,name,url,company,html_url,blog,followers_url,location,following_url,email,gists_url,hireable,subscriptions_url,bio,organizations_url,public_repos,events_url,public_gists,received_events_url,followers,following,created_at,updated_at
0,,BFush,,,,https://avatars3.githubusercontent.com/u/23432645?v=3&amp;s=100,,,Brisnee Fush,,,,,,,,,,,,Research graduate at Stanford University specializing in Natural Language Processing and Linguistics. Previously: Kilgraston School. Please follow me. 😄 ,,,,,,,,,
0,,hrl,,,,https://avatars2.githubusercontent.com/u/5822321?v=3&amp;s=100,,,Ruilin Huang,,,,,,,,,,,,,,,,,,,,,
0,,akasfei,,,,https://avatars2.githubusercontent.com/u/2950976?v=3&amp;s=100,,,Sierra Zhou,,,,,,,,,,,,,,,,,,,,,
0,,micoya,,,,https://avatars2.githubusercontent.com/u/18189537?v=3&amp;s=100,,,Micoya,,,,,,,,,,,,,,,,,,,,,
0,,hww860810,,,,https://avatars2.githubusercontent.com/u/8310568?v=3&amp;s=100,,,hww860810,,,,,,,,,,,,,,,,,,,,,
0,,hexchain,,,,https://avatars2.githubusercontent.com/u/529520?v=3&amp;s=100,,,Hexchain Tong,,,,,,,,,,,,,,,,,,,,,
