﻿score,login,id,avatar_url,gravatar_id,url,html_url,followers_url,following_url,gists_url,starred_url,subscriptions_url,organizations_url,repos_url,events_url,received_events_url,type,site_admin,name,company,blog,location,email,hireable,bio,public_repos,public_gists,followers,following,created_at,updated_at
0,songhan,,https://avatars3.githubusercontent.com/u/3068011?v=3&amp;s=100,,,,,,,,,,,,,,,Song,,,,,,Song Han is a fifth year PhD student with Prof. Bill Dally at Stanford University. His research focuses on computer architecture for efficient deep learning.,,,,,,
0,nitishsrivastava,,https://avatars0.githubusercontent.com/u/2314723?v=3&amp;s=100,,,,,,,,,,,,,,,Nitish Srivastava,,,,,,,,,,,,
0,aymericdamien,,https://avatars2.githubusercontent.com/u/10386605?v=3&amp;s=100,,,,,,,,,,,,,,,Aymeric Damien,,,,,,"@TFLearn Author. Deep Learning Enthusiast. Past: Tsinghua University, EISTI",,,,,,
0,andyljones,,https://avatars0.githubusercontent.com/u/662606?v=3&amp;s=100,,,,,,,,,,,,,,,Andy Jones,,,,,,,,,,,,
0,rasbt,,https://avatars3.githubusercontent.com/u/5618407?v=3&amp;s=100,,,,,,,,,,,,,,,Sebastian Raschka,,,,,,&#39;Data Scientist&#39; and Machine Learning enthusiast with a big passion for Python &amp; open source. Author of &#39;Python Machine Learning&#39;. Michigan State University.,,,,,,
0,RuiShu,,https://avatars0.githubusercontent.com/u/7140902?v=3&amp;s=100,,,,,,,,,,,,,,,Rui Shu,,,,,,,,,,,,
0,dpkingma,,https://avatars1.githubusercontent.com/u/2432243?v=3&amp;s=100,,,,,,,,,,,,,,,Durk Kingma,,,,,,,,,,,,
0,fchollet,,https://avatars1.githubusercontent.com/u/710255?v=3&amp;s=100,,,,,,,,,,,,,,,François Chollet,,,,,,,,,,,,
0,BFush,,https://avatars3.githubusercontent.com/u/23432645?v=3&amp;s=100,,,,,,,,,,,,,,,Brisnee Fush,,,,,,Research graduate at Stanford University specializing in Natural Language Processing and Linguistics. Previously: Kilgraston School. Please follow me. 😄 ,,,,,,
0,yogazh25,,https://avatars1.githubusercontent.com/u/14055450?v=3&amp;s=100,,,,,,,,,,,,,,,YUJIA ZHAI,,,,,,I wander and I wonder ,,,,,,
0,yangliuy,,https://avatars0.githubusercontent.com/u/3292410?v=3&amp;s=100,,,,,,,,,,,,,,,Liu Yang,,,,,,"Research Intern @ Microsoft \ Research Assistant @ UMASS CIIR Research Interests: Information Retrieval, NLP, Text Mining and Machine Learning",,,,,,
0,KeyboardNerd,,https://avatars2.githubusercontent.com/u/7789622?v=3&amp;s=100,,,,,,,,,,,,,,,Sida Chen,,,,,,Dream in squirroid,,,,,,
0,colah,,https://avatars2.githubusercontent.com/u/61658?v=3&amp;s=100,,,,,,,,,,,,,,,Christopher Olah,,,,,,I want to understand things clearly and explain them well.,,,,,,
0,manning,,https://avatars3.githubusercontent.com/u/2438050?v=3&amp;s=100,,,,,,,,,,,,,,,Christopher Manning,,,,,,,,,,,,
0,cusspvz,,https://avatars2.githubusercontent.com/u/3604053?v=3&amp;s=100,,,,,,,,,,,,,,,José Moreira,,,,,,"full-stack developer, ui/ux designer, musician &amp; diy entusiast",,,,,,
0,altosaar,,https://avatars0.githubusercontent.com/u/5317244?v=3&amp;s=100,,,,,,,,,,,,,,,Jaan Altosaar,,,,,,Overfitting life.,,,,,,
0,dawenl,,https://avatars1.githubusercontent.com/u/1088672?v=3&amp;s=100,,,,,,,,,,,,,,,Dawen Liang,,,,,,,,,,,,
0,lcharlin,,https://avatars2.githubusercontent.com/u/1480264?v=3&amp;s=100,,,,,,,,,,,,,,,lcharlin,,,,,,,,,,,,
0,dustinvtran,,https://avatars1.githubusercontent.com/u/2569867?v=3&amp;s=100,,,,,,,,,,,,,,,Dustin Tran,,,,,,,,,,,,
0,laprej,,https://avatars0.githubusercontent.com/u/463531?v=3&amp;s=100,,,,,,,,,,,,,,,Justin M. LaPre,,,,,,,,,,,,
0,mnielsen,,https://avatars2.githubusercontent.com/u/52171?v=3&amp;s=100,,,,,,,,,,,,,,,Michael Nielsen,,,,,,Searching for the numinous at YC Research,,,,,,
0,yaodong,,https://avatars0.githubusercontent.com/u/703475?v=3&amp;s=100,,,,,,,,,,,,,,,Yaodong Zhao,,,,,,"Web developer, most harmless.",,,,,,
0,realbone,,https://avatars1.githubusercontent.com/u/7841312?v=3&amp;s=100,,,,,,,,,,,,,,,realbone,,,,,,,,,,,,
0,tqchen,,https://avatars2.githubusercontent.com/u/2577440?v=3&amp;s=100,,,,,,,,,,,,,,,Tianqi Chen,,,,,,Large scale Machine Learning,,,,,,
0,andyshuhsin,,https://avatars0.githubusercontent.com/u/233354?v=3&amp;s=100,,,,,,,,,,,,,,,Andy Shu Hsin,,,,,,,,,,,,
0,Chenrui26,,https://avatars0.githubusercontent.com/u/6620177?v=3&amp;s=100,,,,,,,,,,,,,,,Chenrui26,,,,,,,,,,,,
0,xil12008,,https://avatars1.githubusercontent.com/u/11338059?v=3&amp;s=100,,,,,,,,,,,,,,,xil12008,,,,,,麦子，名兜，字仲肥。生卒年不详，是我国一位极次要极次要的思想家、发明家。据说他的发明包括电饭煲、电热水炉、电蚊香，还有电鼻毛机，但是都因为一时忘记了发明电，所以他的发明品都放在家里，一无所用。无影脚也是他发明的，他还发明了隐形眼镜和隐形裤袜，不过都因为没有人看得见，所以未能列入史册。,,,,,,
0,xniu7,,https://avatars2.githubusercontent.com/u/5554536?v=3&amp;s=100,,,,,,,,,,,,,,,xniu7,,,,,,,,,,,,
0,jish6303,,https://avatars2.githubusercontent.com/u/5347873?v=3&amp;s=100,,,,,,,,,,,,,,,Jiaju Shen,,,,,,,,,,,,
0,dinever,,https://avatars3.githubusercontent.com/u/1311594?v=3&amp;s=100,,,,,,,,,,,,,,,Shawn Ding,,,,,,Based in 🗽,,,,,,
0,Robmaister,,https://avatars0.githubusercontent.com/u/1067411?v=3&amp;s=100,,,,,,,,,,,,,,,Robert Rouhani,,,,,,"Co-founder &amp; CTO @iliumvr, RPI 2016, YC Fellow (F2), VR enthusiast, hackathon organizer, and a Chi Phi.",,,,,,
0,peterhajas,,https://avatars2.githubusercontent.com/u/137576?v=3&amp;s=100,,,,,,,,,,,,,,,Peter Hajas,,,,,,,,,,,,
0,mdznr,,https://avatars0.githubusercontent.com/u/963948?v=3&amp;s=100,,,,,,,,,,,,,,,Matt Zanchelli,,,,,,,,,,,,
0,c00w,,https://avatars2.githubusercontent.com/u/486199?v=3&amp;s=100,,,,,,,,,,,,,,,Colin Rice,,,,,,,,,,,,
0,dmastylo,,https://avatars3.githubusercontent.com/u/2275125?v=3&amp;s=100,,,,,,,,,,,,,,,Damian Mastylo,,,,,,,,,,,,
0,chenmingming,,https://avatars3.githubusercontent.com/u/8085911?v=3&amp;s=100,,,,,,,,,,,,,,,Mingming Chen,,,,,,,,,,,,
0,karpathy,,https://avatars3.githubusercontent.com/u/241138?v=3&amp;s=100,,,,,,,,,,,,,,,Andrej,,,,,,,,,,,,
0,rpitrust,,https://avatars3.githubusercontent.com/u/4692393?v=3&amp;s=100,,,,,,,,,,,,,,,Sibel Adali,,,,,,,,,,,,
0,ssjssh,,https://avatars2.githubusercontent.com/u/3031411?v=3&amp;s=100,,,,,,,,,,,,,,, 沈世军,,,,,,,,,,,,
0,BeSlower,,https://avatars1.githubusercontent.com/u/10535357?v=3&amp;s=100,,,,,,,,,,,,,,,Zhan Shi,,,,,,,,,,,,
0,alexwan2011,,https://avatars0.githubusercontent.com/u/11735687?v=3&amp;s=100,,,,,,,,,,,,,,,Yangyue Wan,,,,,,,,,,,,
0,Eziohao,,https://avatars2.githubusercontent.com/u/6286479?v=3&amp;s=100,,,,,,,,,,,,,,,Eziohao,,,,,,,,,,,,
0,PresidentObamaBot,,https://avatars0.githubusercontent.com/u/6955413?v=3&amp;s=100,,,,,,,,,,,,,,,President Obama Bot,,,,,,,,,,,,
0,scan33scan33,,https://avatars0.githubusercontent.com/u/787818?v=3&amp;s=100,,,,,,,,,,,,,,,Ming-Hen (Henry) Tsai,,,,,,,,,,,,
0,niklaus520,,https://avatars0.githubusercontent.com/u/3125626?v=3&amp;s=100,,,,,,,,,,,,,,,Marvin,,,,,,我大概是一个傻逼吧，might be a moron,,,,,,
0,richardkwo,,https://avatars0.githubusercontent.com/u/4409730?v=3&amp;s=100,,,,,,,,,,,,,,,Richard Guo,,,,,,,,,,,,
0,hupili,,https://avatars0.githubusercontent.com/u/1227160?v=3&amp;s=100,,,,,,,,,,,,,,,"HU, Pili",,,,,,,,,,,,
0,cjlin1,,https://avatars3.githubusercontent.com/u/5353630?v=3&amp;s=100,,,,,,,,,,,,,,,cjlin1,,,,,,,,,,,,
