﻿login,id,avatar_url,gravatar_id,url,html_url,followers_url,score,following_url,gists_url,starred_url,subscriptions_url,organizations_url,repos_url,events_url,received_events_url,type,site_admin,name,company,blog,location,email,hireable,bio,public_repos,public_gists,followers,following,created_at,updated_at
tuetschek,,https://avatars2.githubusercontent.com/u/2931158?v=3&amp;s=100,,,,,0,,,,,,,,,,,Ondrej Dusek,,,,,,,,,,,,
tomasmcz,,https://avatars1.githubusercontent.com/u/4395563?v=3&amp;s=100,,,,,0,,,,,,,,,,,Tomáš Musil,,,,,,CS student at MFF UK in Prague.,,,,,,
ticcky,,https://avatars0.githubusercontent.com/u/369787?v=3&amp;s=100,,,,,0,,,,,,,,,,,Lukas Zilka,,,,,,,,,,,,
stranak,,https://avatars1.githubusercontent.com/u/371106?v=3&amp;s=100,,,,,0,,,,,,,,,,,Pavel Stranak,,,,,,,,,,,,
strakova,,https://avatars2.githubusercontent.com/u/22045879?v=3&amp;s=100,,,,,0,,,,,,,,,,,Jana Straková,,,,,,,,,,,,
martinpopel,,https://avatars3.githubusercontent.com/u/724617?v=3&amp;s=100,,,,,0,,,,,,,,,,,Martin Popel,,,,,,,,,,,,
m1ch4ls,,https://avatars1.githubusercontent.com/u/1168605?v=3&amp;s=100,,,,,0,,,,,,,,,,,Michal Sedlák,,,,,,,,,,,,
jindrahelcl,,https://avatars2.githubusercontent.com/u/1842355?v=3&amp;s=100,,,,,0,,,,,,,,,,,Jindra Helcl,,,,,,,,,,,,
foxik,,https://avatars1.githubusercontent.com/u/560016?v=3&amp;s=100,,,,,0,,,,,,,,,,,Milan Straka,,,,,,,,,,,,
shuoyangd,,https://avatars3.githubusercontent.com/u/5380225?v=3&amp;s=100,,,,,0,,,,,,,,,,,shuoyangd,,,,,,,,,,,,
rsennrich,,https://avatars3.githubusercontent.com/u/404427?v=3&amp;s=100,,,,,0,,,,,,,,,,,Rico Sennrich,,,,,,,,,,,,
nicolabertoldi,,https://avatars3.githubusercontent.com/u/1104476?v=3&amp;s=100,,,,,0,,,,,,,,,,,Nicola Bertoldi,,,,,,,,,,,,
jhclark,,https://avatars3.githubusercontent.com/u/259694?v=3&amp;s=100,,,,,0,,,,,,,,,,,Jonathan Clark,,,,,,"Former Carnegie-Mellon PhD student, now on Microsoft Research Translator Team. The code you&#39;ll find here is from my grad student days.",,,,,,
j6k4m8,,https://avatars1.githubusercontent.com/u/693511?v=3&amp;s=100,,,,,0,,,,,,,,,,,Jordan Matelsky,,,,,,,,,,,,
christianbuck,,https://avatars3.githubusercontent.com/u/189609?v=3&amp;s=100,,,,,0,,,,,,,,,,,Christian Buck,,,,,,,,,,,,
bhaddow,,https://avatars2.githubusercontent.com/u/992795?v=3&amp;s=100,,,,,0,,,,,,,,,,,Barry Haddow,,,,,,,,,,,,
ales-t,,https://avatars1.githubusercontent.com/u/253094?v=3&amp;s=100,,,,,0,,,,,,,,,,,Ales Tamchyna,,,,,,,,,,,,
nreimers,,https://avatars1.githubusercontent.com/u/10706961?v=3&amp;s=100,,,,,0,,,,,,,,,,,Nils Reimers,,,,,,,,,,,,
BFush,,https://avatars3.githubusercontent.com/u/23432645?v=3&amp;s=100,,,,,0,,,,,,,,,,,Brisnee Fush,,,,,,Research graduate at Stanford University specializing in Natural Language Processing and Linguistics. Previously: Kilgraston School. Please follow me. 😄 ,,,,,,
