﻿url,type,score,gists_url,login,id,avatar_url,gravatar_id,html_url,followers_url,following_url,starred_url,subscriptions_url,organizations_url,repos_url,events_url,received_events_url,site_admin,name,company,blog,location,email,hireable,bio,public_repos,public_gists,followers,following,created_at,updated_at
,,0,,BFush,,https://avatars3.githubusercontent.com/u/23432645?v=3&amp;s=100,,,,,,,,,,,,Brisnee Fush,,,,,,Research graduate at Stanford University specializing in Natural Language Processing and Linguistics. Previously: Kilgraston School. Please follow me. 😄 ,,,,,,
,,0,,tngan,,https://avatars1.githubusercontent.com/u/10245912?v=3&amp;s=100,,,,,,,,,,,,Tony Ngan,,,,,,minimalist,,,,,,
,,0,,sudheesh001,,https://avatars2.githubusercontent.com/u/4545925?v=3&amp;s=100,,,,,,,,,,,,Sudheesh Singanamalla,,,,,,,,,,,,
,,0,,norvig,,https://avatars3.githubusercontent.com/u/4370220?v=3&amp;s=100,,,,,,,,,,,,Peter Norvig,,,,,,,,,,,,
,,0,,torvalds,,https://avatars0.githubusercontent.com/u/1024025?v=3&amp;s=100,,,,,,,,,,,,Linus Torvalds,,,,,,,,,,,,
,,0,,llSourcell,,https://avatars2.githubusercontent.com/u/1279609?v=3&amp;s=100,,,,,,,,,,,,Siraj,,,,,,subscribe to my youtube channel! www.youtube.com/c/sirajology ,,,,,,
,,0,,ojwb,,https://avatars1.githubusercontent.com/u/164061?v=3&amp;s=100,,,,,,,,,,,,Olly Betts,,,,,,,,,,,,
,,0,,karan,,https://avatars3.githubusercontent.com/u/3261985?v=3&amp;s=100,,,,,,,,,,,,Karan Goel,,,,,,Little brown guy with big dreams. https://twitter.com/karangoel,,,,,,
,,0,,cassidoo,,https://avatars3.githubusercontent.com/u/1454517?v=3&amp;s=100,,,,,,,,,,,,Cassidy Williams,,,,,,Senior Software Engineer @L4Digital.,,,,,,
,,0,,aktech,,https://avatars0.githubusercontent.com/u/5647941?v=3&amp;s=100,,,,,,,,,,,,Amit Kumar,,,,,,"Programmer, Developer, Learner.",,,,,,
,,0,,ashish1294,,https://avatars2.githubusercontent.com/u/5443732?v=3&amp;s=100,,,,,,,,,,,,Ashish Kedia,,,,,,,,,,,,
,,0,,hathix,,https://avatars3.githubusercontent.com/u/728084?v=3&amp;s=100,,,,,,,,,,,,Neel Mehta,,,,,,Harvard 2018 | Technology for social good,,,,,,
,,0,,lindaliukas,,https://avatars2.githubusercontent.com/u/472056?v=3&amp;s=100,,,,,,,,,,,,Linda,,,,,,,,,,,,
,,0,,rasbt,,https://avatars3.githubusercontent.com/u/5618407?v=3&amp;s=100,,,,,,,,,,,,Sebastian Raschka,,,,,,&#39;Data Scientist&#39; and Machine Learning enthusiast with a big passion for Python &amp; open source. Author of &#39;Python Machine Learning&#39;. Michigan State University.,,,,,,
,,0,,rhiever,,https://avatars3.githubusercontent.com/u/1719223?v=3&amp;s=100,,,,,,,,,,,,Randy Olson,,,,,,Senior Data Scientist. AI &amp; Machine Learning researcher. Data tinkerer. Community leader for /r/DataIsBeautiful.,,,,,,
,,0,,caesar0301,,https://avatars0.githubusercontent.com/u/499254?v=3&amp;s=100,,,,,,,,,,,,Xiaming Chen,,,,,,Ph.D | Artisan,,,,,,
,,0,,jdm,,https://avatars3.githubusercontent.com/u/27658?v=3&amp;s=100,,,,,,,,,,,,Josh Matthews,,,,,,Cette danse n&#39;est pas pour tout le monde.,,,,,,
