﻿login,score,avatar_url,id,gravatar_id,public_gists,url,followers,html_url,following,followers_url,following_url,gists_url,starred_url,subscriptions_url,organizations_url,repos_url,events_url,received_events_url,type,site_admin,name,company,blog,location,email,hireable,bio,public_repos,created_at,updated_at
BFush,0,https://avatars3.githubusercontent.com/u/23432645?v=3&amp;s=100,,,,,,,,,,,,,,,,,,,Brisnee Fush,,,,,,Research graduate at Stanford University specializing in Natural Language Processing and Linguistics. Previously: Kilgraston School. Please follow me. 😄 ,,,
filipedeschamps,0,https://avatars3.githubusercontent.com/u/4248081?v=3&amp;s=100,,,,,,,,,,,,,,,,,,,Filipe Deschamps,,,,,,,,,
luzfcb,0,https://avatars1.githubusercontent.com/u/807599?v=3&amp;s=100,,,,,,,,,,,,,,,,,,,Fábio C. Barrionuevo da Luz,,,,,,,,,
avanslaars,0,https://avatars3.githubusercontent.com/u/1271181?v=3&amp;s=100,,,,,,,,,,,,,,,,,,,Andrew Van Slaars,,,,,,Husband and Father. Autodidact. Developer. JavaScript enthusiast. @eggheadio instructor.,,,
MatheusEloy,0,https://avatars3.githubusercontent.com/u/12449072?v=3&amp;s=100,,,,,,,,,,,,,,,,,,,Matheus Eloy,,,,,,,,,
InFog,0,https://avatars2.githubusercontent.com/u/72276?v=3&amp;s=100,,,,,,,,,,,,,,,,,,,Evaldo Junior,,,,,,,,,
drgarcia1986,0,https://avatars0.githubusercontent.com/u/5291018?v=3&amp;s=100,,,,,,,,,,,,,,,,,,,Diego Garcia,,,,,,,,,
bfernandesbfs,0,https://avatars2.githubusercontent.com/u/10085713?v=3&amp;s=100,,,,,,,,,,,,,,,,,,,Bruno Fernandes,,,,,,iOS Developer,,,
andrelramos,0,https://avatars2.githubusercontent.com/u/10236206?v=3&amp;s=100,,,,,,,,,,,,,,,,,,,André Ramos,,,,,,,,,
alex,0,https://avatars3.githubusercontent.com/u/772?v=3&amp;s=100,,,,,,,,,,,,,,,,,,,Alex Gaynor,,,,,,I program computers. Currently working @usds in Washington DC and opening up some sources in my free time.,,,
JuniorPolegato,0,https://avatars3.githubusercontent.com/u/2189713?v=3&amp;s=100,,,,,,,,,,,,,,,,,,,Junior Polegato,,,,,,,,,
ramalho,0,https://avatars2.githubusercontent.com/u/29944?v=3&amp;s=100,,,,,,,,,,,,,,,,,,,Luciano Ramalho,,,,,,,,,
erichideki,0,https://avatars3.githubusercontent.com/u/3321214?v=3&amp;s=100,,,,,,,,,,,,,,,,,,,Eric Hideki,,,,,,,,,
rochacbruno,0,https://avatars0.githubusercontent.com/u/458654?v=3&amp;s=100,,,,,,,,,,,,,,,,,,,Bruno Rocha,,,,,,"Herbivore, animalist, Minister of the Church of the Flying Spaghetti Monster, Biker, Pythonista and Software Engineer at Red Hat in his spare time!",,,
guidiego,0,https://avatars1.githubusercontent.com/u/10289071?v=3&amp;s=100,,,,,,,,,,,,,,,,,,,Guilherme Diego,,,,,,"Software Engineer, Front-End Enthusiastic and Amateur Chef! Working with Js, Python and GO. And remeber, you’ll never see me in the same place as Batman!",,,
LeaVerou,0,https://avatars1.githubusercontent.com/u/175836?v=3&amp;s=100,,,,,,,,,,,,,,,,,,,Lea Verou,,,,,,,,,
juliarizza,0,https://avatars0.githubusercontent.com/u/4185335?v=3&amp;s=100,,,,,,,,,,,,,,,,,,,Júlia Rizza,,,,,,,,,
douglaz,0,https://avatars2.githubusercontent.com/u/163706?v=3&amp;s=100,,,,,,,,,,,,,,,,,,,Allan Douglas R. de Oliveira,,,,,,,,,
mrajcok,0,https://avatars2.githubusercontent.com/u/182257?v=3&amp;s=100,,,,,,,,,,,,,,,,,,,Mark Rajcok,,,,,,,,,
renzon,0,https://avatars0.githubusercontent.com/u/3457115?v=3&amp;s=100,,,,,,,,,,,,,,,,,,,Renzo Nuccitelli,,,,,,,,,
reisraff,0,https://avatars3.githubusercontent.com/u/4624214?v=3&amp;s=100,,,,,,,,,,,,,,,,,,,Rafael Reis,,,,,,"Software Engineer, Open Source Enthusiast, Musician, and Poker Player.",,,
obedeugene,0,https://avatars0.githubusercontent.com/u/3494971?v=3&amp;s=100,,,,,,,,,,,,,,,,,,,Obed Eugene,,,,,,Co-founder at SocialCapital ,,,
RobertoVargas23,0,https://avatars1.githubusercontent.com/u/11282801?v=3&amp;s=100,,,,,,,,,,,,,,,,,,,Roberto Vargas,,,,,,,,,
gabrielpconceicao,0,https://avatars0.githubusercontent.com/u/5131269?v=3&amp;s=100,,,,,,,,,,,,,,,,,,,Gabriel Conceição,,,,,,,,,
alexandreo,0,https://avatars3.githubusercontent.com/u/3910677?v=3&amp;s=100,,,,,,,,,,,,,,,,,,,Alexandre Oliveira,,,,,,temaki,,,
hersonls,0,https://avatars2.githubusercontent.com/u/66282?v=3&amp;s=100,,,,,,,,,,,,,,,,,,,Herson Leite,,,,,,,,,
jaydson,0,https://avatars1.githubusercontent.com/u/72206?v=3&amp;s=100,,,,,,,,,,,,,,,,,,,Jaydson Gomes,,,,,,"@BrazilJS co-founder, @NascHQ co-founder, JavaScript developer",,,
henriquemoody,0,https://avatars2.githubusercontent.com/u/154023?v=3&amp;s=100,,,,,,,,,,,,,,,,,,,Henrique Moody,,,,,,"Web developer focusing on PHP since 2007, avid Linux user since 2008, ZCE (5.3) since 2011 and addicted to codes, patterns and development methodologies.",,,
zenorocha,0,https://avatars3.githubusercontent.com/u/398893?v=3&amp;s=100,,,,,,,,,,,,,,,,,,,Zeno Rocha,,,,,,born to create and share.,,,
tj,0,https://avatars3.githubusercontent.com/u/25254?v=3&amp;s=100,,,,,,,,,,,,,,,,,,,TJ Holowaychuk,,,,,,,,,
millermedeiros,0,https://avatars2.githubusercontent.com/u/155633?v=3&amp;s=100,,,,,,,,,,,,,,,,,,,Miller Medeiros,,,,,,started to make websites for fun and never stopped,,,
sergiolopes,0,https://avatars0.githubusercontent.com/u/91123?v=3&amp;s=100,,,,,,,,,,,,,,,,,,,Sérgio Lopes,,,,,,Instrutor e desenvolvedor na @alura-cursos &amp; @caelum,,,
cyberglot,0,https://avatars1.githubusercontent.com/u/609862?v=3&amp;s=100,,,,,,,,,,,,,,,,,,,Ju Gonçalves,,,,,,"PhD Student in Computer Science at RUC, messing with type theory.",,,
danielfilho,0,https://avatars1.githubusercontent.com/u/24597?v=3&amp;s=100,,,,,,,,,,,,,,,,,,,Daniel R. C. Filho,,,,,,,,,
vitorbritto,0,https://avatars3.githubusercontent.com/u/769193?v=3&amp;s=100,,,,,,,,,,,,,,,,,,,Vitor Britto,,,,,,Full Stack Developer : Code Geek : Addicted to JavaScript : UNIX Evangelist : Ruby Enthusiast,,,
fdaciuk,0,https://avatars1.githubusercontent.com/u/487669?v=3&amp;s=100,,,,,,,,,,,,,,,,,,,Fernando Daciuk,,,,,,$ _,,,
scottjehl,0,https://avatars2.githubusercontent.com/u/214783?v=3&amp;s=100,,,,,,,,,,,,,,,,,,,Scott Jehl,,,,,,Author of Responsible Responsive Design (A Book Apart). Designer/Developer at @filamentgroup. I love to surf. surf30a.com,,,
ericelliott,0,https://avatars2.githubusercontent.com/u/364727?v=3&amp;s=100,,,,,,,,,,,,,,,,,,,Eric Elliott,,,,,,"Eric Elliott is the author of “Programming JavaScript Applications” (O’Reilly). He has contributed to software experiences for Adobe, Zumba, BBC, Usher, etc...",,,
ded,0,https://avatars2.githubusercontent.com/u/372683?v=3&amp;s=100,,,,,,,,,,,,,,,,,,,Dustin Diaz,,,,,,"CEO, Founder at agent.com",,,
rwjblue,0,https://avatars1.githubusercontent.com/u/12637?v=3&amp;s=100,,,,,,,,,,,,,,,,,,,Robert Jackson,,,,,,"Husband, father, Ember Core Team member. ",,,
wagenet,0,https://avatars3.githubusercontent.com/u/9835?v=3&amp;s=100,,,,,,,,,,,,,,,,,,,Peter Wagenet,,,,,,,,,
suissa,0,https://avatars3.githubusercontent.com/u/75607?v=3&amp;s=100,,,,,,,,,,,,,,,,,,,Jean Carlo Nascimento,,,,,,Evangelista Javascript e Fundador da Webschool.io,,,
henriquebastos,0,https://avatars0.githubusercontent.com/u/12066?v=3&amp;s=100,,,,,,,,,,,,,,,,,,,Henrique Bastos,,,,,,Interested in autonomy hacking,,,
ViniGodoy,0,https://avatars2.githubusercontent.com/u/539589?v=3&amp;s=100,,,,,,,,,,,,,,,,,,,Vinícius Godoy de Mendonça,,,,,,,,,
alganet,0,https://avatars0.githubusercontent.com/u/202642?v=3&amp;s=100,,,,,,,,,,,,,,,,,,,Alexandre Gomes Gaigalas,,,,,,,,,
andersondanilo,0,https://avatars3.githubusercontent.com/u/5572326?v=3&amp;s=100,,,,,,,,,,,,,,,,,,,Anderson Danilo,,,,,,Developer,,,
RenanPalmeira,0,https://avatars2.githubusercontent.com/u/6018798?v=3&amp;s=100,,,,,,,,,,,,,,,,,,,Renan,,,,,,"Developer, Programming Languages, Linux, Python, Clojure, PHP, Open Source.",,,
netojoaobatista,0,https://avatars1.githubusercontent.com/u/273586?v=3&amp;s=100,,,,,,,,,,,,,,,,,,,João Batista Neto,,,,,,,,,
