﻿location,score,events_url,following,login,site_admin,created_at,id,blog,updated_at,avatar_url,gravatar_id,url,html_url,followers_url,following_url,gists_url,starred_url,subscriptions_url,organizations_url,repos_url,received_events_url,type,name,company,email,hireable,bio,public_repos,public_gists,followers
,0,,,jay3dec,,,,,,https://avatars2.githubusercontent.com/u/2197531?v=3&amp;s=100,,,,,,,,,,,,,Jay,,,,,,,
,0,,,ranveeraggarwal,,,,,,https://avatars2.githubusercontent.com/u/3941281?v=3&amp;s=100,,,,,,,,,,,,,Ranveer Aggarwal,,,,I like to build stuff.,,,
,0,,,vedantrathore,,,,,,https://avatars0.githubusercontent.com/u/14354315?v=3&amp;s=100,,,,,,,,,,,,,Vedant Rathore,,,,,,,
,0,,,nihal111,,,,,,https://avatars3.githubusercontent.com/u/13916513?v=3&amp;s=100,,,,,,,,,,,,,Nihal Singh,,,,Coding enthusiast | Gamer | Problem Solver,,,
,0,,,Parth-Vader,,,,,,https://avatars2.githubusercontent.com/u/16269320?v=3&amp;s=100,,,,,,,,,,,,,Parth Verma,,,,A learner.,,,
,0,,,jaindeepali,,,,,,https://avatars2.githubusercontent.com/u/3278192?v=3&amp;s=100,,,,,,,,,,,,,Deepali Jain,,,,,,,
,0,,,manujagrawal,,,,,,https://avatars3.githubusercontent.com/u/9331135?v=3&amp;s=100,,,,,,,,,,,,,manujagrawal,,,,,,,
,0,,,tj,,,,,,https://avatars3.githubusercontent.com/u/25254?v=3&amp;s=100,,,,,,,,,,,,,TJ Holowaychuk,,,,,,,
,0,,,mankeyboy,,,,,,https://avatars3.githubusercontent.com/u/6156303?v=3&amp;s=100,,,,,,,,,,,,,Mayank Roy,,,,Just another gazer into the starry night,,,
,0,,,kingofools,,,,,,https://avatars2.githubusercontent.com/u/12569767?v=3&amp;s=100,,,,,,,,,,,,,Surya Midatala,,,,,,,
,0,,,charan223,,,,,,https://avatars0.githubusercontent.com/u/16607973?v=3&amp;s=100,,,,,,,,,,,,,Charan Reddy,,,,,,,
,0,,,americast,,,,,,https://avatars2.githubusercontent.com/u/23132358?v=3&amp;s=100,,,,,,,,,,,,,Sayan Sinha,,,,1st year | B. Tech. | IIT Kharagpur,,,
,0,,,blankRick,,,,,,https://avatars1.githubusercontent.com/u/18098717?v=3&amp;s=100,,,,,,,,,,,,,blankRick,,,,,,,
,0,,,apurv1205,,,,,,https://avatars0.githubusercontent.com/u/17512300?v=3&amp;s=100,,,,,,,,,,,,,apurv1205,,,,,,,
,0,,,aniket1743,,,,,,https://avatars2.githubusercontent.com/u/13807276?v=3&amp;s=100,,,,,,,,,,,,,aniket1743,,,,,,,
,0,,,shubham4060,,,,,,https://avatars1.githubusercontent.com/u/21259509?v=3&amp;s=100,,,,,,,,,,,,,shubham4060,,,,,,,
,0,,,asketagarwal,,,,,,https://avatars1.githubusercontent.com/u/20049498?v=3&amp;s=100,,,,,,,,,,,,,asketagarwal,,,,,,,
,0,,,Demfier,,,,,,https://avatars3.githubusercontent.com/u/12595718?v=3&amp;s=100,,,,,,,,,,,,,Gaurav,,,,,,,
,0,,,b18arundhati,,,,,,https://avatars2.githubusercontent.com/u/14810609?v=3&amp;s=100,,,,,,,,,,,,,Arundhati Banerjee,,,,,,,
,0,,,nitinkgp23,,,,,,https://avatars1.githubusercontent.com/u/16208882?v=3&amp;s=100,,,,,,,,,,,,,Nitin Choudhary,,,,Coffee + code = life,,,
,0,,,CodeMaxx,,,,,,https://avatars0.githubusercontent.com/u/14044709?v=3&amp;s=100,,,,,,,,,,,,,Akash Trehan,,,,,,,
,0,,,athityakumar,,,,,,https://avatars0.githubusercontent.com/u/17109060?v=3&amp;s=100,,,,,,,,,,,,,Athitya Kumar,,,,"I&#39;m Batman. Um - I meant, Deadpool.",,,
,0,,,suraj9321,,,,,,https://avatars1.githubusercontent.com/u/24271278?v=3&amp;s=100,,,,,,,,,,,,,suraj9321,,,,,,,
,0,,,AdiChat,,,,,,https://avatars0.githubusercontent.com/u/10634210?v=3&amp;s=100,,,,,,,,,,,,,Ãditya⛄Chatterjee,,,,✌️ 🎅 gave me a stone. 🍥 + 🎁 + 🍷 💃 ,,,
,0,,,alok-upadhyay,,,,,,https://avatars0.githubusercontent.com/u/789095?v=3&amp;s=100,,,,,,,,,,,,,Alok Upadhyay,,,,,,,
,0,,,muditbac,,,,,,https://avatars1.githubusercontent.com/u/6140491?v=3&amp;s=100,,,,,,,,,,,,,Mudit Bachhawat,,,,,,,
,0,,,kennethreitz,,,,,,https://avatars1.githubusercontent.com/u/119893?v=3&amp;s=100,,,,,,,,,,,,,Kenneth Reitz,,,,I wrote Requests: HTTP for Humans. The only thing I really care about is interface design. ,,,
,0,,,BFush,,,,,,https://avatars3.githubusercontent.com/u/23432645?v=3&amp;s=100,,,,,,,,,,,,,Brisnee Fush,,,,Research graduate at Stanford University specializing in Natural Language Processing and Linguistics. Previously: Kilgraston School. Please follow me. 😄 ,,,
,0,,,guptadivyansh,,,,,,https://avatars2.githubusercontent.com/u/9139390?v=3&amp;s=100,,,,,,,,,,,,,Divyansh Gupta,,,,,,,
,0,,,djr-jsr,,,,,,https://avatars0.githubusercontent.com/u/6954106?v=3&amp;s=100,,,,,,,,,,,,,Dibya Jyoti Roy,,,,,,,
,0,,,shubh-agrawal,,,,,,https://avatars0.githubusercontent.com/u/11351081?v=3&amp;s=100,,,,,,,,,,,,,Shubh Agrawal,,,,"Robotics enthusiast @IITKGP, keen reader and observer.",,,
,0,,,kunal-iitkgp,,,,,,https://avatars1.githubusercontent.com/u/15005166?v=3&amp;s=100,,,,,,,,,,,,,Kunal Singh,,,,,,,
,0,,,sayanmandal,,,,,,https://avatars2.githubusercontent.com/u/15162393?v=3&amp;s=100,,,,,,,,,,,,,Sayan Mandal,,,,,,,
,0,,,sayan1994,,,,,,https://avatars0.githubusercontent.com/u/9436062?v=3&amp;s=100,,,,,,,,,,,,,sayan1994,,,,,,,
,0,,,groverjeenu,,,,,,https://avatars1.githubusercontent.com/u/7089495?v=3&amp;s=100,,,,,,,,,,,,,Jeenu Grover,,,,"CSE, IIT Kharagpur",,,
,0,,,ghostwriternr,,,,,,https://avatars0.githubusercontent.com/u/10023615?v=3&amp;s=100,,,,,,,,,,,,,Naresh,,,,Opening my eyes into the boundless world.,,,
,0,,,sandeepkumarpani888,,,,,,https://avatars0.githubusercontent.com/u/10356126?v=3&amp;s=100,,,,,,,,,,,,,sandeepkumarpani888,,,,,,,
,0,,,ravibansal,,,,,,https://avatars0.githubusercontent.com/u/7855978?v=3&amp;s=100,,,,,,,,,,,,,RAVI BANSAL,,,,,,,
,0,,,yvshri,,,,,,https://avatars2.githubusercontent.com/u/6893255?v=3&amp;s=100,,,,,,,,,,,,,Yash,,,,,,,
,0,,,krishna95,,,,,,https://avatars2.githubusercontent.com/u/6919844?v=3&amp;s=100,,,,,,,,,,,,,Krishna Bagadia,,,,I am a coding enthusiast and an aspiring researcher.,,,
,0,,,barno0695,,,,,,https://avatars3.githubusercontent.com/u/8300896?v=3&amp;s=100,,,,,,,,,,,,,Barnopriyo Barua,,,,,,,
,0,,,vikiboy,,,,,,https://avatars0.githubusercontent.com/u/7352854?v=3&amp;s=100,,,,,,,,,,,,,Vikram Mohanty,,,,,,,
,0,,,deepeshmakhijani,,,,,,https://avatars3.githubusercontent.com/u/13809096?v=3&amp;s=100,,,,,,,,,,,,,Deepesh Makhijani,,,,,,,
,0,,,UtkarshPathrabe,,,,,,https://avatars3.githubusercontent.com/u/7246712?v=3&amp;s=100,,,,,,,,,,,,,Utkarsh Ashok Pathrabe,,,,,,,
,0,,,mbj36,,,,,,https://avatars3.githubusercontent.com/u/9936881?v=3&amp;s=100,,,,,,,,,,,,,Mohit kumar Bajoria,,,,"GSoC&#39;16 @openMF, Web Stuffs, Mostly writes in  Javascript and Python, An Entrepreneur in making :) ",,,
,0,,,arkanath,,,,,,https://avatars2.githubusercontent.com/u/2769964?v=3&amp;s=100,,,,,,,,,,,,,Arkanath Pathak,,,,,,,
,0,,,siddhant-08,,,,,,https://avatars0.githubusercontent.com/u/16201585?v=3&amp;s=100,,,,,,,,,,,,,Siddhant Singh,,,,CSE Junior at IIT Kharagpur ,,,
,0,,,mkdadi,,,,,,https://avatars3.githubusercontent.com/u/16473359?v=3&amp;s=100,,,,,,,,,,,,,Madhu Kumar Dadi,,,,,,,
,0,,,akhiljain0777,,,,,,https://avatars2.githubusercontent.com/u/17851646?v=3&amp;s=100,,,,,,,,,,,,,Akhil Jain,,,,,,,
,0,,,sourishg,,,,,,https://avatars3.githubusercontent.com/u/1478154?v=3&amp;s=100,,,,,,,,,,,,,Sourish Ghosh,,,,,,,
,0,,,kumarkrishna,,,,,,https://avatars3.githubusercontent.com/u/5628798?v=3&amp;s=100,,,,,,,,,,,,,Kumar Krishna Agarwal,,,,Deep Learning | Robotics | Neuroscience | Reading,,,
