﻿score,bio,login,created_at,id,avatar_url,gravatar_id,url,html_url,followers_url,following_url,gists_url,starred_url,subscriptions_url,organizations_url,repos_url,events_url,received_events_url,type,site_admin,name,company,blog,location,email,hireable,public_repos,public_gists,followers,following,updated_at
0,We will win self driving cars.,geohot,,,https://avatars3.githubusercontent.com/u/72895?v=3&amp;s=100,,,,,,,,,,,,,,,George Hotz,,,,,,,,,,
0,,jayrox,,,https://avatars3.githubusercontent.com/u/1273209?v=3&amp;s=100,,,,,,,,,,,,,,,Jay Boehm,,,,,,,,,,
0,Building Bots and Breaking Builds,jcampbell05,,,https://avatars3.githubusercontent.com/u/1484989?v=3&amp;s=100,,,,,,,,,,,,,,,James Campbell,,,,,,,,,,
0,,wesleycho,,,https://avatars2.githubusercontent.com/u/1703387?v=3&amp;s=100,,,,,,,,,,,,,,,Wesley Cho,,,,,,,,,,
0,Research graduate at Stanford University specializing in Natural Language Processing and Linguistics. Previously: Kilgraston School. Please follow me. 😄 ,BFush,,,https://avatars3.githubusercontent.com/u/23432645?v=3&amp;s=100,,,,,,,,,,,,,,,Brisnee Fush,,,,,,,,,,
0,,mnowotka,,,https://avatars0.githubusercontent.com/u/837119?v=3&amp;s=100,,,,,,,,,,,,,,,Michał Nowotka,,,,,,,,,,
0,,kotakanbe,,,https://avatars3.githubusercontent.com/u/534611?v=3&amp;s=100,,,,,,,,,,,,,,,Kota Kanbe,,,,,,,,,,
0,,azac,,,https://avatars3.githubusercontent.com/u/1867924?v=3&amp;s=100,,,,,,,,,,,,,,,azac,,,,,,,,,,
0,,gunmetal313,,,https://avatars3.githubusercontent.com/u/4685934?v=3&amp;s=100,,,,,,,,,,,,,,,Ivan Kulikov,,,,,,,,,,
0,,fuzxxl,,,https://avatars3.githubusercontent.com/u/328433?v=3&amp;s=100,,,,,,,,,,,,,,,Robert Clausecker,,,,,,,,,,
0,,kfalconspb,,,https://avatars1.githubusercontent.com/u/2184721?v=3&amp;s=100,,,,,,,,,,,,,,,Scott Bollinger,,,,,,,,,,
0,,kristovatlas,,,https://avatars0.githubusercontent.com/u/7227529?v=3&amp;s=100,,,,,,,,,,,,,,,Kristov Atlas,,,,,,,,,,
0,,roobixx,,,https://avatars1.githubusercontent.com/u/5069142?v=3&amp;s=100,,,,,,,,,,,,,,,Tim Fowler,,,,,,,,,,
0,,robertdavidgraham,,,https://avatars3.githubusercontent.com/u/3814757?v=3&amp;s=100,,,,,,,,,,,,,,,Robert David Graham,,,,,,,,,,
0,"cocos2d, unicyclist, c64",ricardoquesada,,,https://avatars0.githubusercontent.com/u/232330?v=3&amp;s=100,,,,,,,,,,,,,,,Ricardo Quesada,,,,,,,,,,
0,,alekhin0w,,,https://avatars0.githubusercontent.com/u/1839147?v=3&amp;s=100,,,,,,,,,,,,,,,alekhin0w,,,,,,,,,,
0,,monnappa22,,,https://avatars1.githubusercontent.com/u/4258221?v=3&amp;s=100,,,,,,,,,,,,,,,monnappa22,,,,,,,,,,
0,Occasional coder !,vishnumaiea,,,https://avatars1.githubusercontent.com/u/10383395?v=3&amp;s=100,,,,,,,,,,,,,,,Vishnu M Aiea,,,,,,,,,,
0,,ahouseholder,,,https://avatars1.githubusercontent.com/u/2594236?v=3&amp;s=100,,,,,,,,,,,,,,,Allen D. Householder,,,,,,,,,,
0,,aaugustin,,,https://avatars2.githubusercontent.com/u/788910?v=3&amp;s=100,,,,,,,,,,,,,,,Aymeric Augustin,,,,,,,,,,
0,,tylerph3,,,https://avatars2.githubusercontent.com/u/5674936?v=3&amp;s=100,,,,,,,,,,,,,,,Tyler H,,,,,,,,,,
0,,jaraco,,,https://avatars3.githubusercontent.com/u/308610?v=3&amp;s=100,,,,,,,,,,,,,,,Jason R. Coombs,,,,,,,,,,
0,Python Software Foundation,johnwheeler,,,https://avatars1.githubusercontent.com/u/6809734?v=3&amp;s=100,,,,,,,,,,,,,,,John Wheeler,,,,,,,,,,
0,,allfro,,,https://avatars3.githubusercontent.com/u/618125?v=3&amp;s=100,,,,,,,,,,,,,,,allfro,,,,,,,,,,
0,,relopezbriega,,,https://avatars0.githubusercontent.com/u/3825737?v=3&amp;s=100,,,,,,,,,,,,,,,Raul E. Lopez Briega,,,,,,,,,,
0,Software Engineer and FP enthusiast. ,msoedov,,,https://avatars1.githubusercontent.com/u/1958116?v=3&amp;s=100,,,,,,,,,,,,,,,Alex Myasoedov,,,,,,,,,,
0,,subTee,,,https://avatars1.githubusercontent.com/u/8524088?v=3&amp;s=100,,,,,,,,,,,,,,,Casey Smith,,,,,,,,,,
0,.-.,alexandre,,,https://avatars2.githubusercontent.com/u/5252795?v=3&amp;s=100,,,,,,,,,,,,,,,Alexandre,,,,,,,,,,
0,"Herbivore, animalist, Minister of the Church of the Flying Spaghetti Monster, Biker, Pythonista and Software Engineer at Red Hat in his spare time!",rochacbruno,,,https://avatars0.githubusercontent.com/u/458654?v=3&amp;s=100,,,,,,,,,,,,,,,Bruno Rocha,,,,,,,,,,
0,,jeforgia,,,https://avatars2.githubusercontent.com/u/6785062?v=3&amp;s=100,,,,,,,,,,,,,,,Juan Esteban Forgia,,,,,,,,,,
0,,thegrayhound,,,https://avatars1.githubusercontent.com/u/4467352?v=3&amp;s=100,,,,,,,,,,,,,,,thegrayhound,,,,,,,,,,
0,JS developer!,alancampora,,,https://avatars1.githubusercontent.com/u/4420832?v=3&amp;s=100,,,,,,,,,,,,,,,Alan Campora,,,,,,,,,,
0,,deepakg,,,https://avatars2.githubusercontent.com/u/238128?v=3&amp;s=100,,,,,,,,,,,,,,,Deepak Gulati,,,,,,,,,,
0,,justone,,,https://avatars1.githubusercontent.com/u/8082?v=3&amp;s=100,,,,,,,,,,,,,,,Nate Jones,,,,,,,,,,
0,,jh3y,,,https://avatars3.githubusercontent.com/u/842246?v=3&amp;s=100,,,,,,,,,,,,,,,jhey tompkins,,,,,,,,,,
0,Gopher,dgryski,,,https://avatars1.githubusercontent.com/u/970862?v=3&amp;s=100,,,,,,,,,,,,,,,Damian Gryski,,,,,,,,,,
0,,kamidox,,,https://avatars0.githubusercontent.com/u/6936127?v=3&amp;s=100,,,,,,,,,,,,,,,Joey Huang,,,,,,,,,,
0,,ZeroChaos-,,,https://avatars3.githubusercontent.com/u/1670905?v=3&amp;s=100,,,,,,,,,,,,,,,Zero_Chaos,,,,,,,,,,
0,,tgalal,,,https://avatars2.githubusercontent.com/u/895331?v=3&amp;s=100,,,,,,,,,,,,,,,Tarek,,,,,,,,,,
0,,FuzzySecurity,,,https://avatars2.githubusercontent.com/u/10997340?v=3&amp;s=100,,,,,,,,,,,,,,,b33f,,,,,,,,,,
0,,ionescu007,,,https://avatars0.githubusercontent.com/u/6047864?v=3&amp;s=100,,,,,,,,,,,,,,,Alex Ionescu,,,,,,,,,,
0,,XayOn,,,https://avatars2.githubusercontent.com/u/107182?v=3&amp;s=100,,,,,,,,,,,,,,,David Francos,,,,,,,,,,
0,74 -&gt; EB,stamparm,,,https://avatars1.githubusercontent.com/u/921555?v=3&amp;s=100,,,,,,,,,,,,,,,Miroslav Stampar,,,,,,,,,,
0,,kissthink,,,https://avatars3.githubusercontent.com/u/175602?v=3&amp;s=100,,,,,,,,,,,,,,,kissthink,,,,,,,,,,
0,,LionSec,,,https://avatars1.githubusercontent.com/u/8742190?v=3&amp;s=100,,,,,,,,,,,,,,,LionSec,,,,,,,,,,
0,Student developer with Google Summer of Code 2016.,karandesai-96,,,https://avatars0.githubusercontent.com/u/10494087?v=3&amp;s=100,,,,,,,,,,,,,,,Karan Desai,,,,,,,,,,
0,,historypeats,,,https://avatars1.githubusercontent.com/u/2753849?v=3&amp;s=100,,,,,,,,,,,,,,,mike santillana,,,,,,,,,,
0,Full stack hacker,dxa4481,,,https://avatars1.githubusercontent.com/u/3084554?v=3&amp;s=100,,,,,,,,,,,,,,,Dylan Ayrey,,,,,,,,,,
0,,exp-sky,,,https://avatars2.githubusercontent.com/u/5362303?v=3&amp;s=100,,,,,,,,,,,,,,,exp-sky,,,,,,,,,,
0,,bobuss,,,https://avatars1.githubusercontent.com/u/159857?v=3&amp;s=100,,,,,,,,,,,,,,,Bertrand Tornil,,,,,,,,,,
0,,Rich-Harris,,,https://avatars0.githubusercontent.com/u/1162160?v=3&amp;s=100,,,,,,,,,,,,,,,Rich Harris,,,,,,,,,,
