﻿email,hireable,score,bio,login,public_repos,id,public_gists,avatar_url,followers,gravatar_id,following,url,created_at,html_url,updated_at,followers_url,following_url,gists_url,starred_url,subscriptions_url,organizations_url,repos_url,events_url,received_events_url,type,site_admin,name,company,blog,location
,,0,Research graduate at Stanford University specializing in Natural Language Processing and Linguistics. Previously: Kilgraston School. Please follow me. 😄 ,BFush,,,,https://avatars3.githubusercontent.com/u/23432645?v=3&amp;s=100,,,,,,,,,,,,,,,,,,,Brisnee Fush,,,
,,0,,IngoScholtes,,,,https://avatars0.githubusercontent.com/u/939244?v=3&amp;s=100,,,,,,,,,,,,,,,,,,,Ingo Scholtes,,,
,,0,,tvelden,,,,https://avatars1.githubusercontent.com/u/1392252?v=3&amp;s=100,,,,,,,,,,,,,,,,,,,tvelden,,,
,,0,,benosteen,,,,https://avatars1.githubusercontent.com/u/134128?v=3&amp;s=100,,,,,,,,,,,,,,,,,,,Ben O&#39;Steen,,,
,,0,,paulgirard,,,,https://avatars0.githubusercontent.com/u/193478?v=3&amp;s=100,,,,,,,,,,,,,,,,,,,Paul Girard,,,
