﻿score,login,id,avatar_url,gravatar_id,url,html_url,followers_url,following_url,gists_url,starred_url,subscriptions_url,organizations_url,repos_url,events_url,received_events_url,type,site_admin,name,company,blog,location,email,hireable,bio,public_repos,public_gists,followers,following,created_at,updated_at
0,521xueweihan,,https://avatars2.githubusercontent.com/u/8255800?v=3&amp;s=100,,,,,,,,,,,,,,,削微寒,,,,,,,,,,,,
0,wxmahen,,https://avatars2.githubusercontent.com/u/13268706?v=3&amp;s=100,,,,,,,,,,,,,,,Mahen Samaranayake,,,,,,A huge fan of AI and Big Data.,,,,,,
0,tccpc,,https://avatars1.githubusercontent.com/u/21104716?v=3&amp;s=100,,,,,,,,,,,,,,,天寒,,,,,,Web Front-End,,,,,,
0,BFush,,https://avatars3.githubusercontent.com/u/23432645?v=3&amp;s=100,,,,,,,,,,,,,,,Brisnee Fush,,,,,,Research graduate at Stanford University specializing in Natural Language Processing and Linguistics. Previously: Kilgraston School. Please follow me. 😄 ,,,,,,
0,gcelaor,,https://avatars1.githubusercontent.com/u/17756993?v=3&amp;s=100,,,,,,,,,,,,,,,Kevin,,,,,,A front-end programmer🐬,,,,,,
0,qiyian,,https://avatars0.githubusercontent.com/u/21237528?v=3&amp;s=100,,,,,,,,,,,,,,,琪艺安,,,,,,万丈阴霾总有一束阳光透彻心底☀,,,,,,
0,evinw,,https://avatars0.githubusercontent.com/u/844215?v=3&amp;s=100,,,,,,,,,,,,,,,Evin Weissenberg,,,,,,bluelab.io,,,,,,
0,lsqy,,https://avatars2.githubusercontent.com/u/18533232?v=3&amp;s=100,,,,,,,,,,,,,,,ShaoQian Liu,,,,,,JSUT DO IT!,,,,,,
0,ruanyf,,https://avatars2.githubusercontent.com/u/905434?v=3&amp;s=100,,,,,,,,,,,,,,,Ruan YiFeng,,,,,,,,,,,,
0,zce,,https://avatars2.githubusercontent.com/u/6166576?v=3&amp;s=100,,,,,,,,,,,,,,,汪磊,,,,,,,,,,,,
0,zwxs,,https://avatars2.githubusercontent.com/u/18496323?v=3&amp;s=100,,,,,,,,,,,,,,,郑维,,,,,,,,,,,,
