﻿score,login,id,avatar_url,gravatar_id,url,html_url,followers_url,following_url,gists_url,starred_url,subscriptions_url,organizations_url,repos_url,events_url,received_events_url,type,site_admin,name,company,blog,location,email,hireable,bio,public_repos,public_gists,followers,following,created_at,updated_at
0,KungW,,https://avatars1.githubusercontent.com/u/22239603?v=3&amp;s=100,,,,,,,,,,,,,,,KungW,,,,,,,,,,,,
0,BFush,,https://avatars3.githubusercontent.com/u/23432645?v=3&amp;s=100,,,,,,,,,,,,,,,Brisnee Fush,,,,,,Research graduate at Stanford University specializing in Natural Language Processing and Linguistics. Previously: Kilgraston School. Please follow me. 😄 ,,,,,,
0,huruji,,https://avatars3.githubusercontent.com/u/15937065?v=3&amp;s=100,,,,,,,,,,,,,,,忽如寄,,,,,,以梦为码，仗键天涯。,,,,,,
0,haitaochen,,https://avatars3.githubusercontent.com/u/14857317?v=3&amp;s=100,,,,,,,,,,,,,,,hitcker,,,,,,You can call me Susan if it makes you happy,,,,,,
0,yfgeek,,https://avatars2.githubusercontent.com/u/7533831?v=3&amp;s=100,,,,,,,,,,,,,,,Ivan,,,,,,,,,,,,
0,myuanyuan,,https://avatars3.githubusercontent.com/u/22052330?v=3&amp;s=100,,,,,,,,,,,,,,,myuanyuan,,,,,,,,,,,,
0,qiyian,,https://avatars0.githubusercontent.com/u/21237528?v=3&amp;s=100,,,,,,,,,,,,,,,琪艺安,,,,,,万丈阴霾总有一束阳光透彻心底☀,,,,,,
0,Vermisse,,https://avatars2.githubusercontent.com/u/17972943?v=3&amp;s=100,,,,,,,,,,,,,,,Sunki,,,,,,Java、Scala、Clojure,,,,,,
0,ultrasilicon,,https://avatars2.githubusercontent.com/u/11886827?v=3&amp;s=100,,,,,,,,,,,,,,,Tim Z.,,,,,,"Live to be happy, design to be loved.",,,,,,
0,FantasRu,,https://avatars2.githubusercontent.com/u/14819901?v=3&amp;s=100,,,,,,,,,,,,,,,FantasRu,,,,,, ►_◄,,,,,,
0,jtsky,,https://avatars1.githubusercontent.com/u/4486497?v=3&amp;s=100,,,,,,,,,,,,,,,金台,,,,,,,,,,,,
0,kevin1999,,https://avatars3.githubusercontent.com/u/2956767?v=3&amp;s=100,,,,,,,,,,,,,,,kevin1999,,,,,,,,,,,,
0,jjs1233,,https://avatars2.githubusercontent.com/u/14259711?v=3&amp;s=100,,,,,,,,,,,,,,,Smalt,,,,,,,,,,,,
0,ruanyf,,https://avatars2.githubusercontent.com/u/905434?v=3&amp;s=100,,,,,,,,,,,,,,,Ruan YiFeng,,,,,,,,,,,,
0,unruledboy,,https://avatars1.githubusercontent.com/u/682883?v=3&amp;s=100,,,,,,,,,,,,,,,Wilson Chen,,,,,,"Started to write GWBASIC code since 1993 when I was 13, used .NET 1.0 beta in commercial web system. Seasoned Microsoft stack commando, overflow stack",,,,,,
0,xiaowei223,,https://avatars0.githubusercontent.com/u/19906226?v=3&amp;s=100,,,,,,,,,,,,,,,xiaowei223,,,,,,,,,,,,
0,yaotong3020152451,,https://avatars1.githubusercontent.com/u/16290576?v=3&amp;s=100,,,,,,,,,,,,,,,yaotong3020152451,,,,,,,,,,,,
0,shiqiezi,,https://avatars2.githubusercontent.com/u/3131404?v=3&amp;s=100,,,,,,,,,,,,,,,Qianqian Shi,,,,,,Coding is fun!,,,,,,
0,irshuLx,,https://avatars1.githubusercontent.com/u/12872191?v=3&amp;s=100,,,,,,,,,,,,,,,Irshu,,,,,,"Rolls with  Android. Follower of Dubstep, Rock music, Cyberpunk....and cats?",,,,,,
0,AdiChat,,https://avatars0.githubusercontent.com/u/10634210?v=3&amp;s=100,,,,,,,,,,,,,,,Ãditya⛄Chatterjee,,,,,,✌️ 🎅 gave me a stone. 🍥 + 🎁 + 🍷 💃 ,,,,,,
0,gmkhussain,,https://avatars2.githubusercontent.com/u/1250826?v=3&amp;s=100,,,,,,,,,,,,,,,GMK Hussain,,,,,,,,,,,,
0,andelf,,https://avatars1.githubusercontent.com/u/72891?v=3&amp;s=100,,,,,,,,,,,,,,,ShuYu Wang,,,,,,,,,,,,
0,programthink,,https://avatars1.githubusercontent.com/u/4027957?v=3&amp;s=100,,,,,,,,,,,,,,,编程随想,,,,,,,,,,,,
0,alanhamlett,,https://avatars0.githubusercontent.com/u/522344?v=3&amp;s=100,,,,,,,,,,,,,,,Alan Hamlett,,,,,,,,,,,,
0,olehch,,https://avatars2.githubusercontent.com/u/2100323?v=3&amp;s=100,,,,,,,,,,,,,,,Oleh,,,,,,Musician / Engineer,,,,,,
0,andrewsyc,,https://avatars3.githubusercontent.com/u/2940388?v=3&amp;s=100,,,,,,,,,,,,,,,Andrew Sychra,,,,,,Love to build things people use.,,,,,,
0,MichalPaszkiewicz,,https://avatars2.githubusercontent.com/u/6673982?v=3&amp;s=100,,,,,,,,,,,,,,,Michal Paszkiewicz,,,,,,Just a guy who likes to make things @MichalYouDoing,,,,,,
0,yoshitomimaehara,,https://avatars3.githubusercontent.com/u/5152862?v=3&amp;s=100,,,,,,,,,,,,,,,Yoshitomi Maehara,,,,,,,,,,,,
0,fool2fish,,https://avatars0.githubusercontent.com/u/340282?v=3&amp;s=100,,,,,,,,,,,,,,,Zhouxuan Yang,,,,,,,,,,,,
0,cyfdecyf,,https://avatars3.githubusercontent.com/u/344294?v=3&amp;s=100,,,,,,,,,,,,,,,Chen Yufei,,,,,,,,,,,,
0,elaine96,,https://avatars1.githubusercontent.com/u/14259792?v=3&amp;s=100,,,,,,,,,,,,,,,ELAINE,,,,,,,,,,,,
0,Hennessy-zhao,,https://avatars0.githubusercontent.com/u/14259791?v=3&amp;s=100,,,,,,,,,,,,,,,Hennessy-zhao,,,,,,,,,,,,
0,rasbt,,https://avatars3.githubusercontent.com/u/5618407?v=3&amp;s=100,,,,,,,,,,,,,,,Sebastian Raschka,,,,,,&#39;Data Scientist&#39; and Machine Learning enthusiast with a big passion for Python &amp; open source. Author of &#39;Python Machine Learning&#39;. Michigan State University.,,,,,,
0,gaotongfei,,https://avatars3.githubusercontent.com/u/7582133?v=3&amp;s=100,,,,,,,,,,,,,,,Taff Gao,,,,,,Hammer is a hamster. Cheers!,,,,,,
0,daimajia,,https://avatars2.githubusercontent.com/u/2503423?v=3&amp;s=100,,,,,,,,,,,,,,,代码家,,,,,,"Yeah, make a good App .",,,,,,
0,vczh,,https://avatars3.githubusercontent.com/u/773569?v=3&amp;s=100,,,,,,,,,,,,,,,Zihan Chen,,,,,,Programmer with no technology bias. Main contributor of @vczh-libraries  .,,,,,,
0,tomdyq,,https://avatars2.githubusercontent.com/u/5807893?v=3&amp;s=100,,,,,,,,,,,,,,,tomdyq,,,,,,,,,,,,
0,whypro,,https://avatars3.githubusercontent.com/u/2081494?v=3&amp;s=100,,,,,,,,,,,,,,,Haoyu Wang,,,,,,May the force be with you.,,,,,,
0,AlloVince,,https://avatars2.githubusercontent.com/u/176019?v=3&amp;s=100,,,,,,,,,,,,,,,AlloVince,,,,,,,,,,,,
