﻿score,repos_url,organizations_url,login,received_events_url,events_url,id,email,type,avatar_url,hireable,site_admin,gravatar_id,name,url,company,html_url,blog,followers_url,location,following_url,bio,gists_url,public_repos,starred_url,public_gists,subscriptions_url,followers,following,created_at,updated_at
0,,,torvalds,,,,,,https://avatars0.githubusercontent.com/u/1024025?v=3&amp;s=100,,,,Linus Torvalds,,,,,,,,,,,,,,,,,
0,,,shaunathedead,,,,,,https://avatars0.githubusercontent.com/u/22242524?v=3&amp;s=100,,,,Shauna,,,,,,,,,,,,,,,,,
0,,,zekenie,,,,,,https://avatars1.githubusercontent.com/u/962281?v=3&amp;s=100,,,,Zeke Nierenberg,,,,,,,,,,,,,,,,,
0,,,devashishmamgain,,,,,,https://avatars3.githubusercontent.com/u/159686?v=3&amp;s=100,,,,Devashish Datt Mamgain,,,,,,,,Cofounder @Applozic - Chat &amp; Messaging SDK,,,,,,,,,
0,,,pasoev,,,,,,https://avatars1.githubusercontent.com/u/2624191?v=3&amp;s=100,,,,Sergi Pasoev,,,,,,,,,,,,,,,,,
0,,,chrisjburch,,,,,,https://avatars0.githubusercontent.com/u/19980376?v=3&amp;s=100,,,,Christopher Burch,,,,,,,,,,,,,,,,,
0,,,edu-bot,,,,,,https://avatars0.githubusercontent.com/u/23435604?v=3&amp;s=100,,,,Edu Bot,,,,,,,,,,,,,,,,,
0,,,BFush,,,,,,https://avatars3.githubusercontent.com/u/23432645?v=3&amp;s=100,,,,Brisnee Fush,,,,,,,,Research graduate at Stanford University specializing in Natural Language Processing and Linguistics. Previously: Kilgraston School. Please follow me. 😄 ,,,,,,,,,
0,,,tekknolagi,,,,,,https://avatars2.githubusercontent.com/u/401167?v=3&amp;s=100,,,,Max Bernstein,,,,,,,,Computer Science and German at Tufts University,,,,,,,,,
0,,,pcalcado,,,,,,https://avatars2.githubusercontent.com/u/7781?v=3&amp;s=100,,,,Phil Calçado,,,,,,,,,,,,,,,,,
0,,,capotej,,,,,,https://avatars1.githubusercontent.com/u/6135?v=3&amp;s=100,,,,Julio Capote,,,,,,,,,,,,,,,,,
0,,,fson,,,,,,https://avatars3.githubusercontent.com/u/497214?v=3&amp;s=100,,,,Ville Immonen,,,,,,,,Co-founder of @reindexio,,,,,,,,,
0,,,rauchg,,,,,,https://avatars2.githubusercontent.com/u/13041?v=3&amp;s=100,,,,Guillermo Rauch,,,,,,,,,,,,,,,,,
0,,,fzaninotto,,,,,,https://avatars0.githubusercontent.com/u/99944?v=3&amp;s=100,,,,Francois Zaninotto,,,,,,,,,,,,,,,,,
0,,,tilakpatidar,,,,,,https://avatars3.githubusercontent.com/u/8450471?v=3&amp;s=100,,,,Tilak Patidar,,,,,,,,[http://www.tilakpatidar.in](http://www.tilakpatidar.in),,,,,,,,,
0,,,hanula,,,,,,https://avatars3.githubusercontent.com/u/446998?v=3&amp;s=100,,,,Sebastian Hanula,,,,,,,,,,,,,,,,,
0,,,devarajphukan,,,,,,https://avatars0.githubusercontent.com/u/8536463?v=3&amp;s=100,,,,Devaraj Phukan,,,,,,,,,,,,,,,,,
0,,,anilshanbhag,,,,,,https://avatars1.githubusercontent.com/u/703656?v=3&amp;s=100,,,,Anil Shanbhag,,,,,,,,,,,,,,,,,
0,,,mikevic,,,,,,https://avatars3.githubusercontent.com/u/1719146?v=3&amp;s=100,,,,Michael Kevin Victor,,,,,,,,,,,,,,,,,
0,,,josegonzalez,,,,,,https://avatars1.githubusercontent.com/u/65675?v=3&amp;s=100,,,,Jose Diaz-Gonzalez,,,,,,,,,,,,,,,,,
0,,,jeffheaton,,,,,,https://avatars1.githubusercontent.com/u/462761?v=3&amp;s=100,,,,Jeff Heaton,,,,,,,,"Data scientist, indy publisher, and phd candidate in computer science. ",,,,,,,,,
0,,,vladikoff,,,,,,https://avatars1.githubusercontent.com/u/128755?v=3&amp;s=100,,,,Vlad Filippov,,,,,,,,☢️ &lt;script&gt;alert(&#39;hello!&#39;);&lt;/script&gt;,,,,,,,,,
0,,,norweeg,,,,,,https://avatars2.githubusercontent.com/u/5969754?v=3&amp;s=100,,,,norweeg,,,,,,,,,,,,,,,,,
0,,,charliesome,,,,,,https://avatars0.githubusercontent.com/u/179065?v=3&amp;s=100,,,,Charlie Somerville,,,,,,,,,,,,,,,,,
