﻿score,login,id,avatar_url,gravatar_id,url,html_url,followers_url,following_url,gists_url,starred_url,subscriptions_url,organizations_url,repos_url,events_url,received_events_url,type,site_admin,name,company,blog,location,email,hireable,bio,public_repos,public_gists,followers,following,created_at,updated_at
0,mdo,,https://avatars0.githubusercontent.com/u/98681?v=3&amp;s=100,,,,,,,,,,,,,,,Mark Otto,,,,,,Director of Design at @GitHub. Creator of Bootstrap (@twbs). Previously at Twitter. Huge nerd.,,,,,,
0,maryrosecook,,https://avatars1.githubusercontent.com/u/2716?v=3&amp;s=100,,,,,,,,,,,,,,,Mary Rose Cook,,,,,,"I’m making Code Lauren (game programming for beginners). I made Gitlet, Isla, Empty Black and Pistol Slut.",,,,,,
0,skipgram,,https://avatars3.githubusercontent.com/u/17678188?v=3&amp;s=100,,,,,,,,,,,,,,,skipgram,,,,,,,,,,,,
0,stuhlmueller,,https://avatars3.githubusercontent.com/u/382515?v=3&amp;s=100,,,,,,,,,,,,,,,Andreas Stuhlmüller,,,,,,,,,,,,
0,yaringal,,https://avatars1.githubusercontent.com/u/3817641?v=3&amp;s=100,,,,,,,,,,,,,,,yaringal,,,,,,"Research Fellow in Machine Learning, University of Cambridge",,,,,,
0,jalammar,,https://avatars0.githubusercontent.com/u/1007956?v=3&amp;s=100,,,,,,,,,,,,,,,J Alammar,,,,,,,,,,,,
0,cemoody,,https://avatars3.githubusercontent.com/u/3419930?v=3&amp;s=100,,,,,,,,,,,,,,,Christopher Erick Moody,,,,,,,,,,,,
0,sth4nth,,https://avatars3.githubusercontent.com/u/1963308?v=3&amp;s=100,,,,,,,,,,,,,,,Mo Chen,,,,,,"I am principal research scientist of SenseTime. I am interested in Bayesian Statistics, Variational Inference and Deep Learning",,,,,,
0,myleott,,https://avatars1.githubusercontent.com/u/231798?v=3&amp;s=100,,,,,,,,,,,,,,,Myle Ott,,,,,,,,,,,,
0,yegor256,,https://avatars2.githubusercontent.com/u/526301?v=3&amp;s=100,,,,,,,,,,,,,,,Yegor Bugayenko,,,,,,Author of &quot;Elegant Objects&quot; book (buy it on Amazon),,,,,,
0,davidsbatista,,https://avatars0.githubusercontent.com/u/7937824?v=3&amp;s=100,,,,,,,,,,,,,,,David S. Batista,,,,,,"Ph.D., Natural Language Processing, Machine Learning, Big-Data",,,,,,
0,abhishekkrthakur,,https://avatars3.githubusercontent.com/u/1183441?v=3&amp;s=100,,,,,,,,,,,,,,,abhishek thakur,,,,,,,,,,,,
0,tuanpmt,,https://avatars3.githubusercontent.com/u/1904924?v=3&amp;s=100,,,,,,,,,,,,,,,Tuan PM,,,,,,,,,,,,
0,Mituvinci,,https://avatars3.githubusercontent.com/u/11071607?v=3&amp;s=100,,,,,,,,,,,,,,,Halima Akhter Mitu,,,,,,"I like to write program . I like to know about new technologies, learn programming languages, love to meet geeks.  ",,,,,,
0,rvladimiro,,https://avatars0.githubusercontent.com/u/7200046?v=3&amp;s=100,,,,,,,,,,,,,,,Ricardo Vladimiro,,,,,,,,,,,,
0,espes,,https://avatars0.githubusercontent.com/u/426116?v=3&amp;s=100,,,,,,,,,,,,,,,espes,,,,,,,,,,,,
0,sebastianruder,,https://avatars0.githubusercontent.com/u/6792642?v=3&amp;s=100,,,,,,,,,,,,,,,Sebastian Ruder,,,,,,,,,,,,
0,miguelgrinberg,,https://avatars0.githubusercontent.com/u/2715854?v=3&amp;s=100,,,,,,,,,,,,,,,Miguel Grinberg,,,,,,,,,,,,
0,3b1b,,https://avatars0.githubusercontent.com/u/11601040?v=3&amp;s=100,,,,,,,,,,,,,,,Grant Sanderson,,,,,,,,,,,,
0,anfederico,,https://avatars0.githubusercontent.com/u/18452646?v=3&amp;s=100,,,,,,,,,,,,,,,Anthony Federico,,,,,,"Interested in bioinformatics, genomics, biohacking, machine learning, artificial intelligence, and data mining",,,,,,
0,jamt9000,,https://avatars1.githubusercontent.com/u/1186841?v=3&amp;s=100,,,,,,,,,,,,,,,James Thewlis,,,,,,,,,,,,
0,danilobellini,,https://avatars1.githubusercontent.com/u/2096474?v=3&amp;s=100,,,,,,,,,,,,,,,Danilo de Jesus da Silva Bellini,,,,,,,,,,,,
0,rubenfiszel,,https://avatars2.githubusercontent.com/u/275584?v=3&amp;s=100,,,,,,,,,,,,,,,Ruben Fiszel,,,,,,,,,,,,
0,ssaamm,,https://avatars2.githubusercontent.com/u/3611210?v=3&amp;s=100,,,,,,,,,,,,,,,Samuel Taylor,,,,,,,,,,,,
0,zayd,,https://avatars0.githubusercontent.com/u/1335708?v=3&amp;s=100,,,,,,,,,,,,,,,S. Zayd Enam,,,,,,,,,,,,
0,tansey,,https://avatars0.githubusercontent.com/u/277434?v=3&amp;s=100,,,,,,,,,,,,,,,Wesley Tansey,,,,,,,,,,,,
0,dennybritz,,https://avatars1.githubusercontent.com/u/403133?v=3&amp;s=100,,,,,,,,,,,,,,,Denny Britz,,,,,,"High-school dropout. Google Brain, Stanford, Berkeley. Into Startups, Deep Learning. Writing at wildml.com  and dennybritz.com. Lived in 日本 and 한국",,,,,,
0,vrv,,https://avatars0.githubusercontent.com/u/463737?v=3&amp;s=100,,,,,,,,,,,,,,,Vijay Vasudevan,,,,,,,,,,,,
0,ibab,,https://avatars2.githubusercontent.com/u/890531?v=3&amp;s=100,,,,,,,,,,,,,,,Igor Babuschkin,,,,,,,,,,,,
0,mGalarnyk,,https://avatars2.githubusercontent.com/u/11932986?v=3&amp;s=100,,,,,,,,,,,,,,,Michael Galarnyk,,,,,,,,,,,,
0,codelucas,,https://avatars0.githubusercontent.com/u/2288709?v=3&amp;s=100,,,,,,,,,,,,,,,Lucas Ou-Yang,,,,,,Engineering &amp; Product @Facebook,,,,,,
0,fchollet,,https://avatars1.githubusercontent.com/u/710255?v=3&amp;s=100,,,,,,,,,,,,,,,François Chollet,,,,,,,,,,,,
0,honnibal,,https://avatars1.githubusercontent.com/u/8059750?v=3&amp;s=100,,,,,,,,,,,,,,,Matthew Honnibal,,,,,,Computational linguist from Sydney and Berlin. Author of the spaCy NLP library.,,,,,,
0,BFush,,https://avatars3.githubusercontent.com/u/23432645?v=3&amp;s=100,,,,,,,,,,,,,,,Brisnee Fush,,,,,,Research graduate at Stanford University specializing in Natural Language Processing and Linguistics. Previously: Kilgraston School. Please follow me. 😄 ,,,,,,
0,Thibaut,,https://avatars3.githubusercontent.com/u/17579?v=3&amp;s=100,,,,,,,,,,,,,,,Thibaut Courouble,,,,,,,,,,,,
0,timofurrer,,https://avatars3.githubusercontent.com/u/1008252?v=3&amp;s=100,,,,,,,,,,,,,,,Timo Furrer,,,,,,,,,,,,
0,oliverguenther,,https://avatars2.githubusercontent.com/u/459462?v=3&amp;s=100,,,,,,,,,,,,,,,Oliver Günther,,,,,,,,,,,,
0,minemeraj,,https://avatars2.githubusercontent.com/u/2042835?v=3&amp;s=100,,,,,,,,,,,,,,,Shahriar Robbani,,,,,,,,,,,,
0,HFTrader,,https://avatars2.githubusercontent.com/u/11621271?v=3&amp;s=100,,,,,,,,,,,,,,,Henrique Bucher,,,,,,,,,,,,
0,wiredfool,,https://avatars2.githubusercontent.com/u/19792?v=3&amp;s=100,,,,,,,,,,,,,,,wiredfool,,,,,,,,,,,,
0,hendrikebbers,,https://avatars3.githubusercontent.com/u/9443847?v=3&amp;s=100,,,,,,,,,,,,,,,Hendrik Ebbers,,,,,,"Java Punk at @canoo - Founder of @JUGDortmund - JavaOne Rockstar, @jsr377 &amp; @beanvalidation member and Java Champion - Blogs at @guigarage - Loves Star Wars ;) ",,,,,,
0,tfc,,https://avatars2.githubusercontent.com/u/29044?v=3&amp;s=100,,,,,,,,,,,,,,,Jacek Galowicz,,,,,,https://twitter.com/jgalowicz,,,,,,
0,ayush1997,,https://avatars0.githubusercontent.com/u/15091994?v=3&amp;s=100,,,,,,,,,,,,,,,Ayush Singh,,,,,,Machine Learning | Data Science | Python | Developer ,,,,,,
0,zewa666,,https://avatars3.githubusercontent.com/u/2861414?v=3&amp;s=100,,,,,,,,,,,,,,,Vildan Softic,,,,,,,,,,,,
0,tryexceptpass,,https://avatars0.githubusercontent.com/u/12687166?v=3&amp;s=100,,,,,,,,,,,,,,,Cristian Medina,,,,,,Could deep learning model a python to power your dockerized gaming AI while you cruise within the confines of subspace? That&#39;s what we&#39;re here to find out!,,,,,,
0,yask123,,https://avatars2.githubusercontent.com/u/1812021?v=3&amp;s=100,,,,,,,,,,,,,,,Yask Srivastava,,,,,,"I love to build and ship Softwares​ that enhances human lives. Previously worked @Flipkart ,@Zomato and @Python Software Foundation (GSoC&#39;15).",,,,,,
0,alexjc,,https://avatars2.githubusercontent.com/u/445208?v=3&amp;s=100,,,,,,,,,,,,,,,Alex J. Champandard,,,,,,"Artificial Intelligence specialist, co-Founder at creative.ai, Director nucl.ai conference, Deep Learning, ex-R☆/Guerrilla Games Senior AI Programmer.",,,,,,
0,RubelAhmed57,,https://avatars1.githubusercontent.com/u/11561346?v=3&amp;s=100,,,,,,,,,,,,,,,Rubel Ahmed,,,,,,,,,,,,
0,Monte9,,https://avatars3.githubusercontent.com/u/7840686?v=3&amp;s=100,,,,,,,,,,,,,,,Monte Thakkar,,,,,,"iOS, React Native &amp; Ruby on Rails dev",,,,,,
0,jcjohnson,,https://avatars1.githubusercontent.com/u/2718714?v=3&amp;s=100,,,,,,,,,,,,,,,Justin Johnson,,,,,,,,,,,,
0,alexwhb,,https://avatars2.githubusercontent.com/u/4073691?v=3&amp;s=100,,,,,,,,,,,,,,,Alex Black,,,,,,,,,,,,
