﻿login,score,avatar_url,id,url,gravatar_id,followers_url,html_url,gists_url,following_url,repos_url,starred_url,subscriptions_url,organizations_url,events_url,received_events_url,type,site_admin,name,company,blog,location,email,hireable,bio,public_repos,public_gists,followers,following,created_at,updated_at
Hironsan,0,https://avatars0.githubusercontent.com/u/6737785?v=3&amp;s=100,,,,,,,,,,,,,,,,Hiroki Nakayama,,,,,,,,,,,,
dgrtwo,0,https://avatars1.githubusercontent.com/u/994718?v=3&amp;s=100,,,,,,,,,,,,,,,,David Robinson,,,,,,Data Scientist,,,,,,
Crypt0s,0,https://avatars2.githubusercontent.com/u/1554605?v=3&amp;s=100,,,,,,,,,,,,,,,,Bryan &quot;Crypt0s&quot; Halfpap,,,,,,,,,,,,
ioerror,0,https://avatars0.githubusercontent.com/u/145203?v=3&amp;s=100,,,,,,,,,,,,,,,,\033]2;Jacob Appelbaum\007,,,,,,,,,,,,
byt3bl33d3r,0,https://avatars1.githubusercontent.com/u/5151193?v=3&amp;s=100,,,,,,,,,,,,,,,,byt3bl33d3r,,,,,,I swear I had something for this...,,,,,,
gencer,0,https://avatars3.githubusercontent.com/u/1711576?v=3&amp;s=100,,,,,,,,,,,,,,,,Gencer Genç,,,,,,"C/C++, PHP, Python, Lua Developer",,,,,,
CodeReclaimers,0,https://avatars2.githubusercontent.com/u/12574428?v=3&amp;s=100,,,,,,,,,,,,,,,,CodeReclaimers,,,,,,Applied mathematician &amp; software engineer,,,,,,
whitef0x0,0,https://avatars2.githubusercontent.com/u/1160417?v=3&amp;s=100,,,,,,,,,,,,,,,,David Baldwynn,,,,,,"founder of @nwhacks, opensource hacker and student at UBC",,,,,,
sp1thas,0,https://avatars0.githubusercontent.com/u/8322266?v=3&amp;s=100,,,,,,,,,,,,,,,,Simakis Panagiotis,,,,,,,,,,,,
terbo,0,https://avatars1.githubusercontent.com/u/2475167?v=3&amp;s=100,,,,,,,,,,,,,,,,CB,,,,,,"..  grown men who still use code names .. most of the children of the fallen builders, still callin it coincidence ...",,,,,,
paulhendricks,0,https://avatars2.githubusercontent.com/u/7489752?v=3&amp;s=100,,,,,,,,,,,,,,,,Paul Hendricks,,,,,,"Machine Learning Engineer, Data Scientist, Entrepreneur. Avid cook and runner. ",,,,,,
ryanbungard,0,https://avatars2.githubusercontent.com/u/3113211?v=3&amp;s=100,,,,,,,,,,,,,,,,Ryan Bungard,,,,,,,,,,,,
benjaminaaron,0,https://avatars0.githubusercontent.com/u/5141792?v=3&amp;s=100,,,,,,,,,,,,,,,,Benjamin Aaron Degenhart,,,,,,"BA in Scientific Computing (hm.edu), currently pursuing a MA in Computational Science and Engineering (tum.de)",,,,,,
g3k0,0,https://avatars1.githubusercontent.com/u/4429186?v=3&amp;s=100,,,,,,,,,,,,,,,,Christian Palazzo,,,,,,,,,,,,
indutny,0,https://avatars2.githubusercontent.com/u/238531?v=3&amp;s=100,,,,,,,,,,,,,,,,Fedor Indutny,,,,,,"While being kept on ice in a Cryostasis Chamber, Fedor Indutny was held in the HYDRA Siberian Facility alongside other Winter Soldiers...",,,,,,
isaacs,0,https://avatars2.githubusercontent.com/u/9287?v=3&amp;s=100,,,,,,,,,,,,,,,,isaacs,,,,,,,,,,,,
liuchengxu,0,https://avatars3.githubusercontent.com/u/8850248?v=3&amp;s=100,,,,,,,,,,,,,,,,Liu-Cheng Xu,,,,,,,,,,,,
amueller,0,https://avatars3.githubusercontent.com/u/449558?v=3&amp;s=100,,,,,,,,,,,,,,,,Andreas Mueller,,,,,,,,,,,,
jarrodmillman,0,https://avatars2.githubusercontent.com/u/123428?v=3&amp;s=100,,,,,,,,,,,,,,,,Jarrod Millman,,,,,,,,,,,,
divyansha,0,https://avatars2.githubusercontent.com/u/6996908?v=3&amp;s=100,,,,,,,,,,,,,,,,Divyansh Agarwal,,,,,,"Entrepreneur, Data Scientist, Full Stack Web Developer (MEAN stack, Meteor, ReactJS), Studying CS and Statistics at UC Berkeley",,,,,,
Fluidbyte,0,https://avatars0.githubusercontent.com/u/1153376?v=3&amp;s=100,,,,,,,,,,,,,,,,Kent Safranski,,,,,,,,,,,,
vinta,0,https://avatars0.githubusercontent.com/u/652070?v=3&amp;s=100,,,,,,,,,,,,,,,,Vinta,,,,,,I failed the Turing Test.,,,,,,
reorx,0,https://avatars1.githubusercontent.com/u/405972?v=3&amp;s=100,,,,,,,,,,,,,,,,Xiao Meng,,,,,,Craft and smelt.,,,,,,
davecheney,0,https://avatars2.githubusercontent.com/u/7171?v=3&amp;s=100,,,,,,,,,,,,,,,,Dave Cheney,,,,,,,,,,,,
AndiChiou,0,https://avatars2.githubusercontent.com/u/23460812?v=3&amp;s=100,,,,,,,,,,,,,,,,Andi Chiou,,,,,,High school student @bartlett-high-school,,,,,,
aniruddh214,0,https://avatars0.githubusercontent.com/u/24314942?v=3&amp;s=100,,,,,,,,,,,,,,,,Aniruddh Saxena,,,,,,"HI, I’M aniru SAXENA FROM INDIA. BASICALLY, I AM A SOFTWARE ENGINEER – TEST, WORKING PRESENTLY WITH SYSTWEAK SOFTWARES, JAIPUR (RAJ.), INDIA. AS FAR AS MY ACADE",,,,,,
SnehaRane,0,https://avatars3.githubusercontent.com/u/10234186?v=3&amp;s=100,,,,,,,,,,,,,,,,Sneha Rane,,,,,,,,,,,,
buckyroberts,0,https://avatars1.githubusercontent.com/u/8547538?v=3&amp;s=100,,,,,,,,,,,,,,,,Bucky Roberts,,,,,,linkedin.com/in/buckyroberts,,,,,,
Vermisse,0,https://avatars2.githubusercontent.com/u/17972943?v=3&amp;s=100,,,,,,,,,,,,,,,,Sunki,,,,,,Java、Scala、Clojure,,,,,,
chenyoufu,0,https://avatars2.githubusercontent.com/u/7324573?v=3&amp;s=100,,,,,,,,,,,,,,,,比特,,,,,,Specilize in C/Python/Go/Lua/,,,,,,
brunocvcunha,0,https://avatars2.githubusercontent.com/u/3207647?v=3&amp;s=100,,,,,,,,,,,,,,,,Bruno Candido Volpato da Cunha,,,,,,☕️  💻  ,,,,,,
BFush,0,https://avatars3.githubusercontent.com/u/23432645?v=3&amp;s=100,,,,,,,,,,,,,,,,Brisnee Fush,,,,,,Research graduate at Stanford University specializing in Natural Language Processing and Linguistics. Previously: Kilgraston School. Please follow me. 😄 ,,,,,,
ZuzooVn,0,https://avatars2.githubusercontent.com/u/1429230?v=3&amp;s=100,,,,,,,,,,,,,,,,Nam Vu,,,,,,A Vietnamese Software Engineer who is really passionate and wants to work in the USA,,,,,,
codahale,0,https://avatars1.githubusercontent.com/u/207?v=3&amp;s=100,,,,,,,,,,,,,,,,Coda Hale,,,,,,Co-founder at Skyliner.,,,,,,
briandoll,0,https://avatars1.githubusercontent.com/u/4590?v=3&amp;s=100,,,,,,,,,,,,,,,,Brian Doll,,,,,,"Co-founder &amp; Principal @ReifyWorks. Prev: @GitHub, @NewRelic. Cycling, always.",,,,,,
jlord,0,https://avatars1.githubusercontent.com/u/1305617?v=3&amp;s=100,,,,,,,,,,,,,,,,Jessica Lord,,,,,,"JS on the front, JS on the back, JS at supper time :pizza: Taiwan #1",,,,,,
hrwgc,0,https://avatars0.githubusercontent.com/u/1704627?v=3&amp;s=100,,,,,,,,,,,,,,,,Chris Herwig,,,,,,,,,,,,
acgessler,0,https://avatars3.githubusercontent.com/u/908209?v=3&amp;s=100,,,,,,,,,,,,,,,,Alexander Gessler,,,,,,,,,,,,
davepeck,0,https://avatars1.githubusercontent.com/u/53165?v=3&amp;s=100,,,,,,,,,,,,,,,,Dave Peck,,,,,,I try to write software that makes hard things simple.,,,,,,
dattasid,0,https://avatars1.githubusercontent.com/u/15094408?v=3&amp;s=100,,,,,,,,,,,,,,,,dattasid,,,,,,,,,,,,
torvalds,0,https://avatars0.githubusercontent.com/u/1024025?v=3&amp;s=100,,,,,,,,,,,,,,,,Linus Torvalds,,,,,,,,,,,,
benbalter,0,https://avatars1.githubusercontent.com/u/282759?v=3&amp;s=100,,,,,,,,,,,,,,,,Ben Balter,,,,,,"Attorney, open source developer, Product manager at @GitHub ",,,,,,
