﻿score,starred_url,login,repos_url,id,type,avatar_url,company,gravatar_id,email,url,hireable,html_url,public_gists,followers_url,created_at,following_url,gists_url,subscriptions_url,organizations_url,events_url,received_events_url,site_admin,name,blog,location,bio,public_repos,followers,following,updated_at
0,,llSourcell,,,,https://avatars2.githubusercontent.com/u/1279609?v=3&amp;s=100,,,,,,,,,,,,,,,,,Siraj,,,subscribe to my youtube channel! www.youtube.com/c/sirajology ,,,,
0,,dsbeginner,,,,https://avatars2.githubusercontent.com/u/24223030?v=3&amp;s=100,,,,,,,,,,,,,,,,,dsbeginner,,,,,,,
0,,BlitzKraft,,,,https://avatars2.githubusercontent.com/u/6516167?v=3&amp;s=100,,,,,,,,,,,,,,,,,BK,,,Freelance Code Ninja.,,,,
0,,angusshire,,,,https://avatars1.githubusercontent.com/u/5877145?v=3&amp;s=100,,,,,,,,,,,,,,,,,Angus H.,,,Available for part-time or freelance work.,,,,
0,,jgthms,,,,https://avatars0.githubusercontent.com/u/1254808?v=3&amp;s=100,,,,,,,,,,,,,,,,,Jeremy Thomas,,,CSS Guru,,,,
0,,mikeckennedy,,,,https://avatars0.githubusercontent.com/u/2035561?v=3&amp;s=100,,,,,,,,,,,,,,,,,Michael Kennedy,,,"I&#39;m an author, instructor and speaker. A Python and MongoDB enthusiast, and an entrepreneur. Host of @TalkPython podcast, founder of Talk Python Training",,,,
0,,Sentdex,,,,https://avatars2.githubusercontent.com/u/5905296?v=3&amp;s=100,,,,,,,,,,,,,,,,,Harrison,,,,,,,
0,,wesbos,,,,https://avatars2.githubusercontent.com/u/176013?v=3&amp;s=100,,,,,,,,,,,,,,,,,Wes Bos,,,I create courses that make learning things like JavaScript easy and fun 🔥,,,,
0,,gvanrossum,,,,https://avatars3.githubusercontent.com/u/2894642?v=3&amp;s=100,,,,,,,,,,,,,,,,,Guido van Rossum,,,,,,,
0,,TGyAlDeen,,,,https://avatars2.githubusercontent.com/u/11543974?v=3&amp;s=100,,,,,,,,,,,,,,,,,TGy AlDeen,,,,,,,
0,,BFush,,,,https://avatars3.githubusercontent.com/u/23432645?v=3&amp;s=100,,,,,,,,,,,,,,,,,Brisnee Fush,,,Research graduate at Stanford University specializing in Natural Language Processing and Linguistics. Previously: Kilgraston School. Please follow me. 😄 ,,,,
0,,mdo,,,,https://avatars0.githubusercontent.com/u/98681?v=3&amp;s=100,,,,,,,,,,,,,,,,,Mark Otto,,,Director of Design at @GitHub. Creator of Bootstrap (@twbs). Previously at Twitter. Huge nerd.,,,,
0,,mahmoud,,,,https://avatars0.githubusercontent.com/u/130193?v=3&amp;s=100,,,,,,,,,,,,,,,,,Mahmoud Hashemi,,,"Code goes here, but also @hatnote and @paypal. Belaboring the finer points of software on sedimental.org. Currently focusing on code for Wiki Loves Monuments.",,,,
0,,kennethlove,,,,https://avatars1.githubusercontent.com/u/11908?v=3&amp;s=100,,,,,,,,,,,,,,,,,Kenneth Love,,,,,,,
0,,Rchristiani,,,,https://avatars0.githubusercontent.com/u/1775147?v=3&amp;s=100,,,,,,,,,,,,,,,,,Ryan Christiani,,,Head Instructor &amp; Development Lead @HackerYou,,,,
0,,inooid,,,,https://avatars3.githubusercontent.com/u/1291263?v=3&amp;s=100,,,,,,,,,,,,,,,,,Boyd Dames,,,A dude with a passion for front-end development and solving problems 😁,,,,
0,,ReidHolmes,,,,https://avatars3.githubusercontent.com/u/17958554?v=3&amp;s=100,,,,,,,,,,,,,,,,,Reidholmes,,,,,,,
0,,thomasjbradley,,,,https://avatars0.githubusercontent.com/u/105192?v=3&amp;s=100,,,,,,,,,,,,,,,,,Thomas J Bradley,,,Professor and developer for The Open Web.,,,,
0,,willrstern,,,,https://avatars2.githubusercontent.com/u/1680215?v=3&amp;s=100,,,,,,,,,,,,,,,,,Will Stern,,,,,,,
0,,learncodeacademy,,,,https://avatars1.githubusercontent.com/u/8009308?v=3&amp;s=100,,,,,,,,,,,,,,,,,LearnCode,,,,,,,
0,,EngineeredTruth,,,,https://avatars0.githubusercontent.com/u/16612438?v=3&amp;s=100,,,,,,,,,,,,,,,,,Matt,,,"Looking for junior web developer work. Knowledgeable in React, Angular, Node, and SQL.",,,,
0,,assertchris,,,,https://avatars2.githubusercontent.com/u/200609?v=3&amp;s=100,,,,,,,,,,,,,,,,,Christopher Pitt,,,Code and robots!,,,,
0,,mildronize,,,,https://avatars2.githubusercontent.com/u/3647850?v=3&amp;s=100,,,,,,,,,,,,,,,,,Thada Wangthammang,,,Master Student,,,,
0,,jakearchibald,,,,https://avatars2.githubusercontent.com/u/93594?v=3&amp;s=100,,,,,,,,,,,,,,,,,Jake Archibald,,,,,,,
0,,paullewis,,,,https://avatars2.githubusercontent.com/u/617438?v=3&amp;s=100,,,,,,,,,,,,,,,,,Paul Lewis,,,,,,,
0,,RiccardoZaffalon,,,,https://avatars1.githubusercontent.com/u/5782262?v=3&amp;s=100,,,,,,,,,,,,,,,,,Riccardo Zaffalon,,,,,,,
0,,officialkhairi,,,,https://avatars0.githubusercontent.com/u/16029696?v=3&amp;s=100,,,,,,,,,,,,,,,,,Ahmed khairi,,,,,,,
0,,slidenerd,,,,https://avatars0.githubusercontent.com/u/5139030?v=3&amp;s=100,,,,,,,,,,,,,,,,,slidenerd,,,,,,,
0,,SaraSoueidan,,,,https://avatars1.githubusercontent.com/u/2527933?v=3&amp;s=100,,,,,,,,,,,,,,,,,Sara Soueidan,,,,,,,
0,,travisneilson,,,,https://avatars2.githubusercontent.com/u/1036980?v=3&amp;s=100,,,,,,,,,,,,,,,,,Travis Neilson,,,,,,,
0,,ratedali,,,,https://avatars3.githubusercontent.com/u/6123799?v=3&amp;s=100,,,,,,,,,,,,,,,,,Ali Salah,,,,,,,
