﻿login,score,id,gravatar_id,avatar_url,url,gists_url,html_url,subscriptions_url,followers_url,organizations_url,following_url,repos_url,starred_url,events_url,received_events_url,type,site_admin,name,company,blog,location,email,hireable,bio,public_repos,public_gists,followers,following,created_at,updated_at
BFush,0,,,https://avatars3.githubusercontent.com/u/23432645?v=3&amp;s=100,,,,,,,,,,,,,,Brisnee Fush,,,,,,Research graduate at Stanford University specializing in Natural Language Processing and Linguistics. Previously: Kilgraston School. Please follow me. 😄 ,,,,,,
miso-belica,0,,,https://avatars2.githubusercontent.com/u/1072330?v=3&amp;s=100,,,,,,,,,,,,,,Mišo Belica,,,,,,Introvert,,,,,,
biawaktamvan,0,,,https://avatars2.githubusercontent.com/u/15708250?v=3&amp;s=100,,,,,,,,,,,,,,Farah Clarashinta Rachmady,,,,,,They called me crazy. Sometimes.,,,,,,
sirriuss,0,,,https://avatars3.githubusercontent.com/u/16744793?v=3&amp;s=100,,,,,,,,,,,,,,Sirius,,,,,,,,,,,,
dhamdani666,0,,,https://avatars0.githubusercontent.com/u/13973698?v=3&amp;s=100,,,,,,,,,,,,,,Dadan Hamdani,,,,,,Life &lt;3 Laravel,,,,,,
Stitchpunk,0,,,https://avatars0.githubusercontent.com/u/16246169?v=3&amp;s=100,,,,,,,,,,,,,,Winnie,,,,,,,,,,,,
geovedi,0,,,https://avatars0.githubusercontent.com/u/747879?v=3&amp;s=100,,,,,,,,,,,,,,Jim Geovedi,,,,,,,,,,,,
mardinw,0,,,https://avatars1.githubusercontent.com/u/8389965?v=3&amp;s=100,,,,,,,,,,,,,,Mardin Wijaya,,,,,,Just hobbyist programming,,,,,,
