﻿score,starred_url,login,subscriptions_url,id,organizations_url,avatar_url,repos_url,gravatar_id,events_url,url,received_events_url,html_url,type,followers_url,site_admin,following_url,name,gists_url,company,blog,location,email,hireable,bio,public_repos,public_gists,followers,following,created_at,updated_at
0,,sunzhilei,,,,https://avatars2.githubusercontent.com/u/13790689?v=3&amp;s=100,,,,,,,,,,,孙志雷,,,,,,,,,,,,,
0,,codingXiaxw,,,,https://avatars1.githubusercontent.com/u/17295340?v=3&amp;s=100,,,,,,,,,,,夏循武,,,,,,,"Life is short,just coding",,,,,,
0,,AlDanial,,,,https://avatars2.githubusercontent.com/u/1459933?v=3&amp;s=100,,,,,,,,,,,AlDanial,,,,,,,,,,,,,
0,,BFush,,,,https://avatars3.githubusercontent.com/u/23432645?v=3&amp;s=100,,,,,,,,,,,Brisnee Fush,,,,,,,Research graduate at Stanford University specializing in Natural Language Processing and Linguistics. Previously: Kilgraston School. Please follow me. 😄 ,,,,,,
0,,chongbenben,,,,https://avatars0.githubusercontent.com/u/21237518?v=3&amp;s=100,,,,,,,,,,,种奔奔,,,,,,,FEE in China.,,,,,,
0,,Vermisse,,,,https://avatars2.githubusercontent.com/u/17972943?v=3&amp;s=100,,,,,,,,,,,Sunki,,,,,,,Java、Scala、Clojure,,,,,,
0,,SnehaRane,,,,https://avatars3.githubusercontent.com/u/10234186?v=3&amp;s=100,,,,,,,,,,,Sneha Rane,,,,,,,,,,,,,
0,,hczhcz,,,,https://avatars2.githubusercontent.com/u/3832986?v=3&amp;s=100,,,,,,,,,,,hcz,,,,,,,,,,,,,
0,,dushibaiyu,,,,https://avatars2.githubusercontent.com/u/4462337?v=3&amp;s=100,,,,,,,,,,,渡世白玉,,,,,,,码农,,,,,,
0,,hubo1016,,,,https://avatars3.githubusercontent.com/u/14069404?v=3&amp;s=100,,,,,,,,,,,Hu Bo,,,,,,,SDN controller developer,,,,,,
0,,shanzhenren,,,,https://avatars0.githubusercontent.com/u/6671595?v=3&amp;s=100,,,,,,,,,,,Xiang Ren,,,,,,,Automatic Construction of Domain Knowledge Networks,,,,,,
0,,Forec,,,,https://avatars1.githubusercontent.com/u/13556999?v=3&amp;s=100,,,,,,,,,,,王耀,,,,,,,Keep the pace.,,,,,,
0,,Mrzeron,,,,https://avatars0.githubusercontent.com/u/17607933?v=3&amp;s=100,,,,,,,,,,,Binging,,,,,,,"your happy passer-by all knows,  my distressed there is no place hides",,,,,,
0,,lovecandy233,,,,https://avatars3.githubusercontent.com/u/15241353?v=3&amp;s=100,,,,,,,,,,,Mona,,,,,,,,,,,,,
0,,REMitchell,,,,https://avatars2.githubusercontent.com/u/468917?v=3&amp;s=100,,,,,,,,,,,REMitchell,,,,,,,,,,,,,
0,,levblanc,,,,https://avatars0.githubusercontent.com/u/4057887?v=3&amp;s=100,,,,,,,,,,,Levblanc,,,,,,,"learn, code &amp; travel.",,,,,,
0,,steven5538,,,,https://avatars1.githubusercontent.com/u/3387916?v=3&amp;s=100,,,,,,,,,,,steven5538,,,,,,,,,,,,,
0,,varyshare,,,,https://avatars1.githubusercontent.com/u/15812204?v=3&amp;s=100,,,,,,,,,,,varyshare,,,,,,,one like do some no sample,,,,,,
0,,verg0207,,,,https://avatars0.githubusercontent.com/u/20573474?v=3&amp;s=100,,,,,,,,,,,verg0207,,,,,,,,,,,,,
0,,XiaoLeee,,,,https://avatars0.githubusercontent.com/u/20492543?v=3&amp;s=100,,,,,,,,,,,XiaoLeee,,,,,,,,,,,,,
0,,emailtohl,,,,https://avatars3.githubusercontent.com/u/19604795?v=3&amp;s=100,,,,,,,,,,,helei,,,,,,,向业界标准看齐,,,,,,
0,,yangliuy,,,,https://avatars0.githubusercontent.com/u/3292410?v=3&amp;s=100,,,,,,,,,,,Liu Yang,,,,,,,"Research Intern @ Microsoft \ Research Assistant @ UMASS CIIR Research Interests: Information Retrieval, NLP, Text Mining and Machine Learning",,,,,,
0,,kennethreitz,,,,https://avatars1.githubusercontent.com/u/119893?v=3&amp;s=100,,,,,,,,,,,Kenneth Reitz,,,,,,,I wrote Requests: HTTP for Humans. The only thing I really care about is interface design. ,,,,,,
0,,Moskize91,,,,https://avatars1.githubusercontent.com/u/14900772?v=3&amp;s=100,,,,,,,,,,,TaoZeyu,,,,,,,,,,,,,
0,,bshillingford,,,,https://avatars0.githubusercontent.com/u/2326749?v=3&amp;s=100,,,,,,,,,,,Brendan Shillingford,,,,,,,PhD student in deep learning,,,,,,
0,,vincentclee,,,,https://avatars3.githubusercontent.com/u/5388077?v=3&amp;s=100,,,,,,,,,,,Vincent Lee,,,,,,,,,,,,,
0,,pingao777,,,,https://avatars2.githubusercontent.com/u/2225426?v=3&amp;s=100,,,,,,,,,,,那就是我,,,,,,,member of XinLingJun,,,,,,
0,,winterland1989,,,,https://avatars2.githubusercontent.com/u/1295998?v=3&amp;s=100,,,,,,,,,,,winterland,,,,,,,,,,,,,
0,,Moonisky,,,,https://avatars0.githubusercontent.com/u/8235830?v=3&amp;s=100,,,,,,,,,,,星夜暮晨,,,,,,,"Swift &amp; Java developer, Realm.io translator",,,,,,
0,,spinlockirqsave,,,,https://avatars0.githubusercontent.com/u/3834198?v=3&amp;s=100,,,,,,,,,,,Piotr Gregor,,,,,,,,,,,,,
0,,MichaelSuen-thePointer,,,,https://avatars2.githubusercontent.com/u/12868093?v=3&amp;s=100,,,,,,,,,,,MichaelSuen,,,,,,,,,,,,,
0,,QianMo,,,,https://avatars0.githubusercontent.com/u/7830161?v=3&amp;s=100,,,,,,,,,,,浅墨,,,,,,,,,,,,,
0,,mmp,,,,https://avatars1.githubusercontent.com/u/102567?v=3&amp;s=100,,,,,,,,,,,Matt Pharr,,,,,,,,,,,,,
0,,laruence,,,,https://avatars2.githubusercontent.com/u/382813?v=3&amp;s=100,,,,,,,,,,,Xinchen Hui,,,,,,,PHP Stylite,,,,,,
0,,cloudwu,,,,https://avatars2.githubusercontent.com/u/729648?v=3&amp;s=100,,,,,,,,,,,云风,,,,,,,,,,,,,
0,,cataska,,,,https://avatars0.githubusercontent.com/u/51941?v=3&amp;s=100,,,,,,,,,,,Wen-Chun Lin,,,,,,,"Husband, Father, Coder",,,,,,
0,,phoenixlzx,,,,https://avatars1.githubusercontent.com/u/1400198?v=3&amp;s=100,,,,,,,,,,,Phoenix Nemo,,,,,,,,,,,,,
0,,NijiharaTsubasa,,,,https://avatars2.githubusercontent.com/u/7794838?v=3&amp;s=100,,,,,,,,,,,NijiharaTsubasa,,,,,,,,,,,,,
0,,hjcapple,,,,https://avatars3.githubusercontent.com/u/1400112?v=3&amp;s=100,,,,,,,,,,,HJC,,,,,,,,,,,,,
0,,mosra,,,,https://avatars0.githubusercontent.com/u/344828?v=3&amp;s=100,,,,,,,,,,,Vladimír Vondruš,,,,,,,,,,,,,
0,,Ruilx,,,,https://avatars3.githubusercontent.com/u/6389553?v=3&amp;s=100,,,,,,,,,,,Ruilx Zhang,,,,,,,Forget about git tags.,,,,,,
0,,yxjiang,,,,https://avatars2.githubusercontent.com/u/2237303?v=3&amp;s=100,,,,,,,,,,,yxjiang,,,,,,,,,,,,,
0,,justdark,,,,https://avatars0.githubusercontent.com/u/2044835?v=3&amp;s=100,,,,,,,,,,,justdark,,,,,,,,,,,,,
0,,Glacier759,,,,https://avatars0.githubusercontent.com/u/6058150?v=3&amp;s=100,,,,,,,,,,,Glacier,,,,,,,,,,,,,
0,,yinwang0,,,,https://avatars2.githubusercontent.com/u/396124?v=3&amp;s=100,,,,,,,,,,,Yin Wang,,,,,,,,,,,,,
0,,xxnet,,,,https://avatars3.githubusercontent.com/u/10395528?v=3&amp;s=100,,,,,,,,,,,Michael.X,,,,,,,,,,,,,
0,,ChouUn,,,,https://avatars3.githubusercontent.com/u/8581754?v=3&amp;s=100,,,,,,,,,,,ChouUn,,,,,,,,,,,,,
0,,wesm,,,,https://avatars0.githubusercontent.com/u/329591?v=3&amp;s=100,,,,,,,,,,,Wes McKinney,,,,,,,Maker of tools and supporting libraries to make data analysis faster and easier,,,,,,
0,,tl3shi,,,,https://avatars0.githubusercontent.com/u/491629?v=3&amp;s=100,,,,,,,,,,,tanglei,,,,,,,"CSU &amp; THU, Tencent, UMeng &amp; CreditEase",,,,,,
0,,Attect,,,,https://avatars3.githubusercontent.com/u/6385678?v=3&amp;s=100,,,,,,,,,,,Attect,,,,,,,,,,,,,
0,,ShawnyXiao,,,,https://avatars2.githubusercontent.com/u/9656978?v=3&amp;s=100,,,,,,,,,,,Xiaoyue Xiao,,,,,,,Student,,,,,,
