﻿hireable,score,login,public_gists,id,followers,avatar_url,following,gravatar_id,created_at,url,updated_at,html_url,followers_url,following_url,gists_url,starred_url,subscriptions_url,organizations_url,repos_url,events_url,received_events_url,type,site_admin,name,company,blog,location,email,bio,public_repos
,0,alexey-zolotarev-aurea-com,,,,https://avatars3.githubusercontent.com/u/22526235?v=3&amp;s=100,,,,,,,,,,,,,,,,,,Alexey Zolotarev,,,,,,
,0,BFush,,,,https://avatars3.githubusercontent.com/u/23432645?v=3&amp;s=100,,,,,,,,,,,,,,,,,,Brisnee Fush,,,,,Research graduate at Stanford University specializing in Natural Language Processing and Linguistics. Previously: Kilgraston School. Please follow me. 😄 ,
,0,tbosch,,,,https://avatars2.githubusercontent.com/u/690815?v=3&amp;s=100,,,,,,,,,,,,,,,,,,Tobias Bosch,,,,,,
,0,suissa,,,,https://avatars3.githubusercontent.com/u/75607?v=3&amp;s=100,,,,,,,,,,,,,,,,,,Jean Carlo Nascimento,,,,,Evangelista Javascript e Fundador da Webschool.io,
,0,jdubois,,,,https://avatars2.githubusercontent.com/u/316835?v=3&amp;s=100,,,,,,,,,,,,,,,,,,Julien Dubois,,,,,,
,0,saralouhicks,,,,https://avatars0.githubusercontent.com/u/5458670?v=3&amp;s=100,,,,,,,,,,,,,,,,,,Sara Hicks,,,,,"Co-Founder &amp; CEO, Reaction Commerce",
,0,mikemurray,,,,https://avatars3.githubusercontent.com/u/42217?v=3&amp;s=100,,,,,,,,,,,,,,,,,,Mike Murray,,,,,,
,0,jshimko,,,,https://avatars1.githubusercontent.com/u/3077956?v=3&amp;s=100,,,,,,,,,,,,,,,,,,Jeremy Shimko,,,,,,
,0,aaronjudd,,,,https://avatars2.githubusercontent.com/u/439959?v=3&amp;s=100,,,,,,,,,,,,,,,,,,Aaron Judd,,,,,,
,0,doug-martin,,,,https://avatars0.githubusercontent.com/u/361261?v=3&amp;s=100,,,,,,,,,,,,,,,,,,Doug Martin,,,,,"Enjoys solving hard problems and learning new languages. Actively developing with Scala, Node and Golang. Husband to a great wife and VP of Engineering at C2FO.",
,0,inocode,,,,https://avatars1.githubusercontent.com/u/8362166?v=3&amp;s=100,,,,,,,,,,,,,,,,,,Inocode,,,,,,
,0,henrique-rotava,,,,https://avatars0.githubusercontent.com/u/3440998?v=3&amp;s=100,,,,,,,,,,,,,,,,,,Henrique Rotava,,,,,,
,0,madalozzo,,,,https://avatars0.githubusercontent.com/u/9031156?v=3&amp;s=100,,,,,,,,,,,,,,,,,,Saulo Matte Madalozzo,,,,,,
,0,eduardofbs,,,,https://avatars0.githubusercontent.com/u/1022592?v=3&amp;s=100,,,,,,,,,,,,,,,,,,Eduardo Fialho Barcellos da Silva,,,,,,
,0,EduwHS,,,,https://avatars1.githubusercontent.com/u/6845999?v=3&amp;s=100,,,,,,,,,,,,,,,,,,Eduardo H Smaniotto,,,,,,
,0,unclebob,,,,https://avatars1.githubusercontent.com/u/36901?v=3&amp;s=100,,,,,,,,,,,,,,,,,,Robert C. Martin,,,,,,
,0,gelias,,,,https://avatars3.githubusercontent.com/u/379981?v=3&amp;s=100,,,,,,,,,,,,,,,,,,Guilherme Elias,,,,,,
,0,mlynch,,,,https://avatars2.githubusercontent.com/u/11214?v=3&amp;s=100,,,,,,,,,,,,,,,,,,Max Lynch,,,,,Co-creator of Ionic Framework. ,
