﻿score,login,id,avatar_url,gravatar_id,url,html_url,followers_url,following_url,gists_url,starred_url,subscriptions_url,organizations_url,repos_url,events_url,received_events_url,type,site_admin,name,company,blog,location,email,hireable,bio,public_repos,public_gists,followers,following,created_at,updated_at
0,tavisrudd,,https://avatars1.githubusercontent.com/u/236886?v=3&amp;s=100,,,,,,,,,,,,,,,Tavis Rudd,,,,,,,,,,,,
0,poulson,,https://avatars2.githubusercontent.com/u/129293?v=3&amp;s=100,,,,,,,,,,,,,,,Jack Poulson,,,,,,,,,,,,
0,bodono,,https://avatars2.githubusercontent.com/u/555071?v=3&amp;s=100,,,,,,,,,,,,,,,Brendan O&#39;Donoghue,,,,,,,,,,,,
0,madeleineudell,,https://avatars0.githubusercontent.com/u/829940?v=3&amp;s=100,,,,,,,,,,,,,,,Madeleine Udell,,,,,,,,,,,,
0,kdmurray91,,https://avatars0.githubusercontent.com/u/1560490?v=3&amp;s=100,,,,,,,,,,,,,,,Kevin Murray,,,,,,Hacking on DNA,,,,,,
0,kescobo,,https://avatars2.githubusercontent.com/u/3502975?v=3&amp;s=100,,,,,,,,,,,,,,,Kevin Bonham,,,,,,"I&#39;m a scientist interested in fermented foods, microbes, and immune systems. My code should be considered CRAPL licenced (http://matt.might.net/articles/crapl/)",,,,,,
0,pabloferz,,https://avatars1.githubusercontent.com/u/8410335?v=3&amp;s=100,,,,,,,,,,,,,,,Pablo Zubieta,,,,,,,,,,,,
0,mschauer,,https://avatars2.githubusercontent.com/u/1923437?v=3&amp;s=100,,,,,,,,,,,,,,,M. Schauer,,,,,,,,,,,,
0,mronian,,https://avatars2.githubusercontent.com/u/6151667?v=3&amp;s=100,,,,,,,,,,,,,,,Anchit Navelkar,,,,,,,,,,,,
0,mauro3,,https://avatars2.githubusercontent.com/u/4098145?v=3&amp;s=100,,,,,,,,,,,,,,,Mauro,,,,,,,,,,,,
0,lopezm94,,https://avatars0.githubusercontent.com/u/14032787?v=3&amp;s=100,,,,,,,,,,,,,,,Juan Antonio López Mendoza,,,,,,,,,,,,
0,ChrisRackauckas,,https://avatars3.githubusercontent.com/u/1814174?v=3&amp;s=100,,,,,,,,,,,,,,,Christopher Rackauckas,,,,,,"Mathematician, researching stochastic (partial) differential equations and their applications to developmental biology.",,,,,,
0,ararslan,,https://avatars3.githubusercontent.com/u/6396159?v=3&amp;s=100,,,,,,,,,,,,,,,Alex Arslan,,,,,,Ten hour tomato,,,,,,
0,ranjanan,,https://avatars0.githubusercontent.com/u/9101377?v=3&amp;s=100,,,,,,,,,,,,,,,Ranjan Anantharaman,,,,,,,,,,,,
0,nkottary,,https://avatars0.githubusercontent.com/u/2999399?v=3&amp;s=100,,,,,,,,,,,,,,,Nishanth H. Kottary,,,,,,,,,,,,
0,mdpradeep,,https://avatars0.githubusercontent.com/u/13034211?v=3&amp;s=100,,,,,,,,,,,,,,,mdpradeep,,,,,,,,,,,,
0,bmharsha,,https://avatars1.githubusercontent.com/u/5441491?v=3&amp;s=100,,,,,,,,,,,,,,,Harsha Byadarahalli Mahesh,,,,,,,,,,,,
0,abhijithch,,https://avatars0.githubusercontent.com/u/2932535?v=3&amp;s=100,,,,,,,,,,,,,,,Abhijith Chandraprabhu,,,,,,,,,,,,
0,wm3ndez,,https://avatars2.githubusercontent.com/u/342813?v=3&amp;s=100,,,,,,,,,,,,,,,Williams Mendez,,,,,,,,,,,,
0,akkuraten,,https://avatars2.githubusercontent.com/u/20773735?v=3&amp;s=100,,,,,,,,,,,,,,,Zaira Akhmednanova,,,,,,,,,,,,
0,philipithomas,,https://avatars3.githubusercontent.com/u/1312414?v=3&amp;s=100,,,,,,,,,,,,,,,Philip I. Thomas,,,,,,,,,,,,
0,kootommy,,https://avatars3.githubusercontent.com/u/20780617?v=3&amp;s=100,,,,,,,,,,,,,,,Tommy Koo,,,,,,Product Designer @Staffjoy ,,,,,,
0,yuyichao,,https://avatars3.githubusercontent.com/u/712232?v=3&amp;s=100,,,,,,,,,,,,,,,Yichao Yu,,,,,,,,,,,,
0,wlbksy,,https://avatars0.githubusercontent.com/u/2433806?v=3&amp;s=100,,,,,,,,,,,,,,,WANG Lei,,,,,,,,,,,,
0,WestleyArgentum,,https://avatars0.githubusercontent.com/u/1900307?v=3&amp;s=100,,,,,,,,,,,,,,,Westley Argentum Hennigh-Palermo,,,,,,,,,,,,
0,vtjnash,,https://avatars2.githubusercontent.com/u/330950?v=3&amp;s=100,,,,,,,,,,,,,,,Jameson Nash,,,,,,,,,,,,
0,ViralBShah,,https://avatars1.githubusercontent.com/u/744411?v=3&amp;s=100,,,,,,,,,,,,,,,Viral B. Shah,,,,,,,,,,,,
0,vchuravy,,https://avatars0.githubusercontent.com/u/145258?v=3&amp;s=100,,,,,,,,,,,,,,,Valentin Churavy,,,,,,Graduate student @oist.,,,,,,
0,tshort,,https://avatars3.githubusercontent.com/u/636420?v=3&amp;s=100,,,,,,,,,,,,,,,Tom Short,,,,,,,,,,,,
0,tonyhffong,,https://avatars0.githubusercontent.com/u/7191122?v=3&amp;s=100,,,,,,,,,,,,,,,tonyhffong,,,,,,,,,,,,
0,toivoh,,https://avatars1.githubusercontent.com/u/1627007?v=3&amp;s=100,,,,,,,,,,,,,,,toivoh,,,,,,,,,,,,
0,tlycken,,https://avatars1.githubusercontent.com/u/1550920?v=3&amp;s=100,,,,,,,,,,,,,,,Tomas Lycken,,,,,,,,,,,,
0,timholy,,https://avatars1.githubusercontent.com/u/1525481?v=3&amp;s=100,,,,,,,,,,,,,,,Tim Holy,,,,,,,,,,,,
0,tanmaykm,,https://avatars0.githubusercontent.com/u/1010989?v=3&amp;s=100,,,,,,,,,,,,,,,Tanmay Mohapatra,,,,,,,,,,,,
0,stevengj,,https://avatars1.githubusercontent.com/u/2913679?v=3&amp;s=100,,,,,,,,,,,,,,,Steven G. Johnson,,,,,,,,,,,,
0,staticfloat,,https://avatars2.githubusercontent.com/u/130920?v=3&amp;s=100,,,,,,,,,,,,,,,Elliot Saba,,,,,,,,,,,,
0,sebastien-villemot,,https://avatars2.githubusercontent.com/u/586809?v=3&amp;s=100,,,,,,,,,,,,,,,Sébastien Villemot,,,,,,,,,,,,
0,samuelpowell,,https://avatars2.githubusercontent.com/u/6370657?v=3&amp;s=100,,,,,,,,,,,,,,,Samuel Powell,,,,,,,,,,,,
0,rsrock,,https://avatars2.githubusercontent.com/u/1935770?v=3&amp;s=100,,,,,,,,,,,,,,,Ron Rock,,,,,,,,,,,,
0,rennis250,,https://avatars0.githubusercontent.com/u/1783559?v=3&amp;s=100,,,,,,,,,,,,,,,Robert J. Ennis,,,,,,,,,,,,
0,rened,,https://avatars3.githubusercontent.com/u/1553856?v=3&amp;s=100,,,,,,,,,,,,,,,rened,,,,,,,,,,,,
0,rahuldave,,https://avatars1.githubusercontent.com/u/43227?v=3&amp;s=100,,,,,,,,,,,,,,,Rahul Dave,,,,,,,,,,,,
0,quinnj,,https://avatars2.githubusercontent.com/u/2896623?v=3&amp;s=100,,,,,,,,,,,,,,,Jacob Quinn,,,,,,,,,,,,
0,porterjamesj,,https://avatars1.githubusercontent.com/u/2532521?v=3&amp;s=100,,,,,,,,,,,,,,,James J Porter,,,,,,,,,,,,
0,pao,,https://avatars3.githubusercontent.com/u/140497?v=3&amp;s=100,,,,,,,,,,,,,,,Patrick O&#39;Leary,,,,,,,,,,,,
0,o-jasper,,https://avatars3.githubusercontent.com/u/149418?v=3&amp;s=100,,,,,,,,,,,,,,,Jasper den Ouden,,,,,,,,,,,,
0,nolta,,https://avatars1.githubusercontent.com/u/201456?v=3&amp;s=100,,,,,,,,,,,,,,,Mike Nolta,,,,,,,,,,,,
0,natj,,https://avatars3.githubusercontent.com/u/3612029?v=3&amp;s=100,,,,,,,,,,,,,,,Joonas Nättilä,,,,,,,,,,,,
0,nanoant,,https://avatars0.githubusercontent.com/u/103067?v=3&amp;s=100,,,,,,,,,,,,,,,Adam Strzelecki,,,,,,,,,,,,
0,MikeInnes,,https://avatars2.githubusercontent.com/u/2234614?v=3&amp;s=100,,,,,,,,,,,,,,,Mike J Innes,,,,,,@one_more_minute,,,,,,
0,MichaelHatherly,,https://avatars0.githubusercontent.com/u/6144086?v=3&amp;s=100,,,,,,,,,,,,,,,Michael Hatherly,,,,,,,,,,,,
