﻿id,login,score,avatar_url,gravatar_id,url,html_url,followers_url,following_url,gists_url,starred_url,subscriptions_url,organizations_url,repos_url,events_url,received_events_url,type,site_admin,name,company,blog,location,email,hireable,bio,public_repos,public_gists,followers,following,created_at,updated_at
,Vermisse,0,https://avatars2.githubusercontent.com/u/17972943?v=3&amp;s=100,,,,,,,,,,,,,,,Sunki,,,,,,Java、Scala、Clojure,,,,,,
,BFush,0,https://avatars3.githubusercontent.com/u/23432645?v=3&amp;s=100,,,,,,,,,,,,,,,Brisnee Fush,,,,,,Research graduate at Stanford University specializing in Natural Language Processing and Linguistics. Previously: Kilgraston School. Please follow me. 😄 ,,,,,,
,uestccokey,0,https://avatars3.githubusercontent.com/u/7234924?v=3&amp;s=100,,,,,,,,,,,,,,,uestccokey,,,,,,,,,,,,
,uttnaoki,0,https://avatars1.githubusercontent.com/u/16728090?v=3&amp;s=100,,,,,,,,,,,,,,,Naoki Kinoshita,,,,,,,,,,,,
