﻿score,login,id,avatar_url,gravatar_id,url,html_url,followers_url,following_url,gists_url,starred_url,subscriptions_url,organizations_url,repos_url,events_url,received_events_url,type,site_admin,name,company,blog,location,email,hireable,bio,public_repos,public_gists,followers,following,created_at,updated_at
0,yasna13,,https://avatars2.githubusercontent.com/u/24316383?v=3&amp;s=100,,,,,,,,,,,,,,,Yasna Mindilikova,,,,,,,,,,,,
0,SteffiB,,https://avatars3.githubusercontent.com/u/5577083?v=3&amp;s=100,,,,,,,,,,,,,,,SteffiB,,,,,,,,,,,,
0,Chukki,,https://avatars0.githubusercontent.com/u/2306936?v=3&amp;s=100,,,,,,,,,,,,,,,André,,,,,,,,,,,,
0,chunksnbits,,https://avatars1.githubusercontent.com/u/1517125?v=3&amp;s=100,,,,,,,,,,,,,,,Daniel Eißing,,,,,,,,,,,,
0,abdolg,,https://avatars3.githubusercontent.com/u/13379786?v=3&amp;s=100,,,,,,,,,,,,,,,abdolg,,,,,,,,,,,,
0,georgiee,,https://avatars2.githubusercontent.com/u/1701755?v=3&amp;s=100,,,,,,,,,,,,,,,George,,,,,,I love beautiful algorithms and technologies like WebGL to visualize what happens in my mind,,,,,,
0,patrick-michelberger,,https://avatars1.githubusercontent.com/u/1750000?v=3&amp;s=100,,,,,,,,,,,,,,,Patrick Michelberger,,,,,,"Information Systems (M.Sc), Technische Universität München",,,,,,
0,BFush,,https://avatars3.githubusercontent.com/u/23432645?v=3&amp;s=100,,,,,,,,,,,,,,,Brisnee Fush,,,,,,Research graduate at Stanford University specializing in Natural Language Processing and Linguistics. Previously: Kilgraston School. Please follow me. 😄 ,,,,,,
0,matiger,,https://avatars3.githubusercontent.com/u/1542030?v=3&amp;s=100,,,,,,,,,,,,,,,matiger,,,,,,,,,,,,
0,athalhammer,,https://avatars1.githubusercontent.com/u/832500?v=3&amp;s=100,,,,,,,,,,,,,,,Andreas Thalhammer,,,,,,,,,,,,
0,feedm3,,https://avatars3.githubusercontent.com/u/7814926?v=3&amp;s=100,,,,,,,,,,,,,,,Fabian Dietenberger,,,,,,,,,,,,
0,gorantado,,https://avatars0.githubusercontent.com/u/7124691?v=3&amp;s=100,,,,,,,,,,,,,,,Goran,,,,,,,,,,,,
0,marionebl,,https://avatars0.githubusercontent.com/u/4248851?v=3&amp;s=100,,,,,,,,,,,,,,,Mario Nebl,,,,,,,,,,,,
0,rasshofer,,https://avatars3.githubusercontent.com/u/497973?v=3&amp;s=100,,,,,,,,,,,,,,,Thomas Rasshofer,,,,,,Developer &amp; Designer,,,,,,
0,thoras,,https://avatars1.githubusercontent.com/u/5625310?v=3&amp;s=100,,,,,,,,,,,,,,,TR @ S2,,,,,,Profile for S2-related stuff. Check out my other profile for my personal stuff.,,,,,,
0,jantimon,,https://avatars2.githubusercontent.com/u/4113649?v=3&amp;s=100,,,,,,,,,,,,,,,Jan Nicklas,,,,,,,,,,,,
0,rynr,,https://avatars0.githubusercontent.com/u/11313?v=3&amp;s=100,,,,,,,,,,,,,,,Rainer Jung,,,,,,"Java, Ruby on Rails and JavaScript Developer · Agile-/Scrum-Enthusiast · Musician · Singer · Snowboarder · Biker · Rock-Climber · Diver",,,,,,
0,sebs,,https://avatars0.githubusercontent.com/u/55102?v=3&amp;s=100,,,,,,,,,,,,,,,Sebastian Schürmann,,,,,,,,,,,,
0,writeline,,https://avatars0.githubusercontent.com/u/104804?v=3&amp;s=100,,,,,,,,,,,,,,,Dariusz Parys,,,,,,"Geek, Coder, Gamer, Bayern Munich Fan",,,,,,
0,volumio,,https://avatars2.githubusercontent.com/u/5835489?v=3&amp;s=100,,,,,,,,,,,,,,,Volumio,,,,,,Open source Audiophile Media Player for Raspberry PI and other micro-computers. Easy to use thanks to its web ui and optimized for bit perfect audio playback,,,,,,
0,codeho,,https://avatars1.githubusercontent.com/u/40859?v=3&amp;s=100,,,,,,,,,,,,,,,Thorsten Schau,,,,,,,,,,,,
0,vanthoom,,https://avatars0.githubusercontent.com/u/2599587?v=3&amp;s=100,,,,,,,,,,,,,,,vanthoom,,,,,,just me doin things ,,,,,,
0,brianredbeard,,https://avatars0.githubusercontent.com/u/57542?v=3&amp;s=100,,,,,,,,,,,,,,,redbeard,,,,,,A vegan jerk who rabbles about open source software.,,,,,,
0,MichaelKohler,,https://avatars1.githubusercontent.com/u/330324?v=3&amp;s=100,,,,,,,,,,,,,,,Michael Kohler,,,,,,"Web developer, Mozilla volunteer, Mozilla Rep",,,,,,
0,modipeluri,,https://avatars2.githubusercontent.com/u/2727074?v=3&amp;s=100,,,,,,,,,,,,,,,Pekka Hiltunen,,,,,,,,,,,,
0,fooforge,,https://avatars0.githubusercontent.com/u/959793?v=3&amp;s=100,,,,,,,,,,,,,,,Mike Adolphs,,,,,,,,,,,,
0,videlalvaro,,https://avatars0.githubusercontent.com/u/30834?v=3&amp;s=100,,,,,,,,,,,,,,,Alvaro Videla,,,,,,,,,,,,
0,mcollina,,https://avatars2.githubusercontent.com/u/52195?v=3&amp;s=100,,,,,,,,,,,,,,,Matteo Collina,,,,,,"Code Pirate and Ph.D. Software Architect @nearForm, IoT Expert, Consultant, and Conference Speaker.",,,,,,
0,chirino,,https://avatars2.githubusercontent.com/u/103255?v=3&amp;s=100,,,,,,,,,,,,,,,Hiram Chirino,,,,,,,,,,,,
0,goetzchr,,https://avatars3.githubusercontent.com/u/1310498?v=3&amp;s=100,,,,,,,,,,,,,,,Christian Götz,,,,,,,,,,,,
0,valueof,,https://avatars3.githubusercontent.com/u/49106?v=3&amp;s=100,,,,,,,,,,,,,,,Anton Kovalyov,,,,,,"Engineer at @Medium, original author of @JSHint, editor of Beautiful JavaScript and co-author of Third-party JavaScript. Forever an immigrant.",,,,,,
0,PascalPrecht,,https://avatars2.githubusercontent.com/u/445106?v=3&amp;s=100,,,,,,,,,,,,,,,Pascal Precht,,,,,,"I like coding, skateboarding and art. Co-Founder of thoughtram",,,,,,
0,0xPIT,,https://avatars2.githubusercontent.com/u/658157?v=3&amp;s=100,,,,,,,,,,,,,,,0xPIT,,,,,,,,,,,,
0,l-ray,,https://avatars2.githubusercontent.com/u/4076336?v=3&amp;s=100,,,,,,,,,,,,,,,Lennart,,,,,,,,,,,,
0,marcorei,,https://avatars2.githubusercontent.com/u/650595?v=3&amp;s=100,,,,,,,,,,,,,,,Markus Riegel,,,,,,,,,,,,
0,andresteingress,,https://avatars0.githubusercontent.com/u/231265?v=3&amp;s=100,,,,,,,,,,,,,,,Andre Steingress,,,,,,,,,,,,
0,rse,,https://avatars0.githubusercontent.com/u/221273?v=3&amp;s=100,,,,,,,,,,,,,,,Ralf S. Engelschall,,,,,,,,,,,,
0,mixomat,,https://avatars2.githubusercontent.com/u/18866?v=3&amp;s=100,,,,,,,,,,,,,,,Marc Weinberger,,,,,,,,,,,,
0,algogenius,,https://avatars0.githubusercontent.com/u/1552766?v=3&amp;s=100,,,,,,,,,,,,,,,Christoph Hanf,,,,,,,,,,,,
0,torvalds,,https://avatars0.githubusercontent.com/u/1024025?v=3&amp;s=100,,,,,,,,,,,,,,,Linus Torvalds,,,,,,,,,,,,
0,blang,,https://avatars2.githubusercontent.com/u/803897?v=3&amp;s=100,,,,,,,,,,,,,,,Benedikt Lang,,,,,,,,,,,,
0,tbosch,,https://avatars2.githubusercontent.com/u/690815?v=3&amp;s=100,,,,,,,,,,,,,,,Tobias Bosch,,,,,,,,,,,,
0,jehoffmann,,https://avatars0.githubusercontent.com/u/418373?v=3&amp;s=100,,,,,,,,,,,,,,,Jens Hoffmann,,,,,,,,,,,,
0,sanitz,,https://avatars3.githubusercontent.com/u/171083?v=3&amp;s=100,,,,,,,,,,,,,,,Sebastian Sanitz,,,,,,,,,,,,
0,scholchr,,https://avatars0.githubusercontent.com/u/149324?v=3&amp;s=100,,,,,,,,,,,,,,,Christian Scholten,,,,,,,,,,,,
0,addyosmani,,https://avatars1.githubusercontent.com/u/110953?v=3&amp;s=100,,,,,,,,,,,,,,,Addy Osmani,,,,,,Engineer at Google working on Chrome &amp; Web Platform,,,,,,
0,mat,,https://avatars0.githubusercontent.com/u/23060?v=3&amp;s=100,,,,,,,,,,,,,,,Matthias Lüdtke,,,,,,"I love doing mobile client-server apps in @xing&#39;s Mobile Infrastructure Team. Go, iOS, Ruby. Previously seen at @dynport, @crealytics",,,,,,
0,janl,,https://avatars1.githubusercontent.com/u/11321?v=3&amp;s=100,,,,,,,,,,,,,,,Jan Lehnardt,,,,,,,,,,,,
0,dhh,,https://avatars2.githubusercontent.com/u/2741?v=3&amp;s=100,,,,,,,,,,,,,,,David Heinemeier Hansson,,,,,,,,,,,,
