﻿followers,score,url,login,subscriptions_url,id,organizations_url,avatar_url,gravatar_id,html_url,followers_url,following_url,gists_url,starred_url,repos_url,events_url,received_events_url,type,site_admin,name,company,blog,location,email,hireable,bio,public_repos,public_gists,following,created_at,updated_at
,0,,SupriyaKalghatgi,,,,https://avatars1.githubusercontent.com/u/13464885?v=3&amp;s=100,,,,,,,,,,,,SupriyaKalghatgi,,,,,,,,,,,
,0,,prakhar1989,,,,https://avatars3.githubusercontent.com/u/649249?v=3&amp;s=100,,,,,,,,,,,,Prakhar Srivastav,,,,,,"CS Grad student @Columbia. Eat, code, sleep, repeat.",,,,,
,0,,ashwanthkumar,,,,https://avatars0.githubusercontent.com/u/600279?v=3&amp;s=100,,,,,,,,,,,,Ashwanth Kumar,,,,,,Distributed Systems - Gopher - Scala - Hacker Kid @indix ,,,,,
,0,,priyaaank,,,,https://avatars3.githubusercontent.com/u/234654?v=3&amp;s=100,,,,,,,,,,,,Priyank Gupta,,,,,,,,,,,
,0,,BFush,,,,https://avatars3.githubusercontent.com/u/23432645?v=3&amp;s=100,,,,,,,,,,,,Brisnee Fush,,,,,,Research graduate at Stanford University specializing in Natural Language Processing and Linguistics. Previously: Kilgraston School. Please follow me. 😄 ,,,,,
,0,,yrq110,,,,https://avatars0.githubusercontent.com/u/7822364?v=3&amp;s=100,,,,,,,,,,,,yrq110,,,,,,noob,,,,,
,0,,balajisivaraman,,,,https://avatars1.githubusercontent.com/u/1876249?v=3&amp;s=100,,,,,,,,,,,,Balaji Sivaraman,,,,,,,,,,,
,0,,shakthimaan,,,,https://avatars1.githubusercontent.com/u/312622?v=3&amp;s=100,,,,,,,,,,,,Shakthi Kannan,,,,,,,,,,,
,0,,Strawhatfy,,,,https://avatars3.githubusercontent.com/u/11535295?v=3&amp;s=100,,,,,,,,,,,,Strawhatfy,,,,,,,,,,,
,0,,oliviertassinari,,,,https://avatars1.githubusercontent.com/u/3165635?v=3&amp;s=100,,,,,,,,,,,,Olivier Tassinari,,,,,,"Front-end engineer at @doctolib, a maintainer of http://www.material-ui.com, creator of https://splitme.net. Studied @TelecomPTech",,,,,
,0,,tsenart,,,,https://avatars1.githubusercontent.com/u/67471?v=3&amp;s=100,,,,,,,,,,,,Tomás Senart,,,,,,,,,,,
,0,,gitmarket,,,,https://avatars1.githubusercontent.com/u/13490227?v=3&amp;s=100,,,,,,,,,,,,GitMarket,,,,,,First Git-Powered marketplace for buying and selling source code,,,,,
,0,,satya164,,,,https://avatars2.githubusercontent.com/u/1174278?v=3&amp;s=100,,,,,,,,,,,,Satyajit Sahoo,,,,,,Front-end developer and UX designer. JavaScript is life&#39;s love!,,,,,
,0,,M2shad0w,,,,https://avatars3.githubusercontent.com/u/3387446?v=3&amp;s=100,,,,,,,,,,,,Deyong Zhu,,,,,,ML,,,,,
,0,,ajdavis,,,,https://avatars3.githubusercontent.com/u/84101?v=3&amp;s=100,,,,,,,,,,,,A. Jesse Jiryu Davis,,,,,,,,,,,
,0,,prachi1210,,,,https://avatars2.githubusercontent.com/u/14016564?v=3&amp;s=100,,,,,,,,,,,,Prachi Manchanda,,,,,,Undergrad at NSIT,,,,,
,0,,retrohacker,,,,https://avatars3.githubusercontent.com/u/1081565?v=3&amp;s=100,,,,,,,,,,,,William Blankenship,,,,,,,,,,,
,0,,cihadturhan,,,,https://avatars0.githubusercontent.com/u/3739536?v=3&amp;s=100,,,,,,,,,,,,cihadturhan,,,,,,,,,,,
,0,,andrewsyc,,,,https://avatars3.githubusercontent.com/u/2940388?v=3&amp;s=100,,,,,,,,,,,,Andrew Sychra,,,,,,Love to build things people use.,,,,,
,0,,brettcannon,,,,https://avatars2.githubusercontent.com/u/54418?v=3&amp;s=100,,,,,,,,,,,,Brett Cannon,,,,,,,,,,,
,0,,1094401996,,,,https://avatars0.githubusercontent.com/u/2977629?v=3&amp;s=100,,,,,,,,,,,,Chen Geng,,,,,,,,,,,
,0,,parkjs814,,,,https://avatars0.githubusercontent.com/u/1618732?v=3&amp;s=100,,,,,,,,,,,,Jason Park,,,,,,https://www.youtube.com/watch?v=KMU0tzLwhbE,,,,,
,0,,fatiherikli,,,,https://avatars3.githubusercontent.com/u/1220743?v=3&amp;s=100,,,,,,,,,,,,Fatih Erikli,,,,,,"software developer, cyclist, creator of arguman.org",,,,,
,0,,financeCoding,,,,https://avatars2.githubusercontent.com/u/654526?v=3&amp;s=100,,,,,,,,,,,,Adam Singer,,,,,,,,,,,
,0,,jisungk,,,,https://avatars0.githubusercontent.com/u/9053987?v=3&amp;s=100,,,,,,,,,,,,Ji-Sung Kim,,,,,,"Currently studying CS @ Princeton. Involved in data science, deep learning, and machine learning. Passionate about fashion, design &amp; learning how to cook.",,,,,
,0,,kevinsawicki,,,,https://avatars1.githubusercontent.com/u/671378?v=3&amp;s=100,,,,,,,,,,,,Kevin Sawicki,,,,,,,,,,,
,0,,arnoldthebat,,,,https://avatars0.githubusercontent.com/u/3314969?v=3&amp;s=100,,,,,,,,,,,,arnoldthebat,,,,,,,,,,,
,0,,ibc,,,,https://avatars0.githubusercontent.com/u/16191?v=3&amp;s=100,,,,,,,,,,,,Iñaki Baz Castillo,,,,,,"Passionate about new technologies, Open Source, modern web applications development, Node.js, C++, SIP protocol and, above all, Real-Time Communications.",,,,,
,0,,slightlyoff,,,,https://avatars3.githubusercontent.com/u/97331?v=3&amp;s=100,,,,,,,,,,,,Alex Russell,,,,,,,,,,,
,0,,qinix,,,,https://avatars0.githubusercontent.com/u/1946663?v=3&amp;s=100,,,,,,,,,,,,Eric Zhang,,,,,,,,,,,
,0,,korbin,,,,https://avatars3.githubusercontent.com/u/107757?v=3&amp;s=100,,,,,,,,,,,,korbin,,,,,,,,,,,
,0,,arunoda,,,,https://avatars1.githubusercontent.com/u/50838?v=3&amp;s=100,,,,,,,,,,,,Arunoda Susiripala,,,,,,,,,,,
,0,,tommymarshall,,,,https://avatars2.githubusercontent.com/u/871454?v=3&amp;s=100,,,,,,,,,,,,Tommy Marshall,,,,,,,,,,,
,0,,andrewhathaway,,,,https://avatars2.githubusercontent.com/u/1188830?v=3&amp;s=100,,,,,,,,,,,,Andrew Hathaway,,,,,,,,,,,
,0,,thnee,,,,https://avatars3.githubusercontent.com/u/51159?v=3&amp;s=100,,,,,,,,,,,,Mattias Lindvall,,,,,,,,,,,
,0,,gcanti,,,,https://avatars0.githubusercontent.com/u/878912?v=3&amp;s=100,,,,,,,,,,,,Giulio Canti,,,,,,mathematician and rock climber,,,,,
,0,,aminkodaganur,,,,https://avatars3.githubusercontent.com/u/4979312?v=3&amp;s=100,,,,,,,,,,,,Amin Kodaganur,,,,,,"Hi, As I having 4+ years of experience in UI/Front-end Development I always seeks how to make application more efficient and user friendly by using latest tech.",,,,,
,0,,dhermes,,,,https://avatars2.githubusercontent.com/u/520669?v=3&amp;s=100,,,,,,,,,,,,Danny Hermes,,,,,,,,,,,
,0,,maraujop,,,,https://avatars0.githubusercontent.com/u/252257?v=3&amp;s=100,,,,,,,,,,,,Miguel Araujo,,,,,,,,,,,
,0,,oney,,,,https://avatars2.githubusercontent.com/u/4091190?v=3&amp;s=100,,,,,,,,,,,,Howard Yang,,,,,,,,,,,
,0,,budowski,,,,https://avatars0.githubusercontent.com/u/1490104?v=3&amp;s=100,,,,,,,,,,,,budowski,,,,,,,,,,,
,0,,bdarnell,,,,https://avatars0.githubusercontent.com/u/160562?v=3&amp;s=100,,,,,,,,,,,,Ben Darnell,,,,,,,,,,,
,0,,stoked-zz,,,,https://avatars2.githubusercontent.com/u/13973828?v=3&amp;s=100,,,,,,,,,,,,Amie Lynn,,,,,,,,,,,
,0,,fulldecent,,,,https://avatars3.githubusercontent.com/u/382183?v=3&amp;s=100,,,,,,,,,,,,William Entriken,,,,,,,,,,,
,0,,mohangk,,,,https://avatars2.githubusercontent.com/u/37199?v=3&amp;s=100,,,,,,,,,,,,Mohan Krishnan,,,,,,,,,,,
,0,,ReinventingHell,,,,https://avatars2.githubusercontent.com/u/804303?v=3&amp;s=100,,,,,,,,,,,,Bruno Tagliani,,,,,,,,,,,
,0,,contra,,,,https://avatars2.githubusercontent.com/u/425716?v=3&amp;s=100,,,,,,,,,,,,contra,,,,,,Engineer/entrepreneur/explorer. Created @staeco + @gulpjs + @wearefractal + @parks-foundation + @genomejs + a bunch of other stuff,,,,,
,0,,notwaldorf,,,,https://avatars1.githubusercontent.com/u/1369170?v=3&amp;s=100,,,,,,,,,,,,Monica Dinculescu,,,,,,,,,,,
,0,,steverob,,,,https://avatars1.githubusercontent.com/u/1220480?v=3&amp;s=100,,,,,,,,,,,,Steve Robinson,,,,,,,,,,,
,0,,cjb,,,,https://avatars2.githubusercontent.com/u/21217?v=3&amp;s=100,,,,,,,,,,,,Chris Ball,,,,,,,,,,,
,0,,ajb,,,,https://avatars0.githubusercontent.com/u/1270317?v=3&amp;s=100,,,,,,,,,,,,Adam Becker,,,,,,,,,,,
