﻿public_gists,bio,public_repos,score,following,followers,login,updated_at,created_at,id,avatar_url,gravatar_id,url,html_url,followers_url,following_url,gists_url,starred_url,subscriptions_url,organizations_url,repos_url,events_url,received_events_url,type,site_admin,name,company,blog,location,email,hireable
,,,0,,,ace12358,,,,https://avatars0.githubusercontent.com/u/8369563?v=3&amp;s=100,,,,,,,,,,,,,,,北川善彬,,,,,
,"High-school dropout. Google Brain, Stanford, Berkeley. Into Startups, Deep Learning. Writing at wildml.com  and dennybritz.com. Lived in 日本 and 한국",,0,,,dennybritz,,,,https://avatars1.githubusercontent.com/u/403133?v=3&amp;s=100,,,,,,,,,,,,,,,Denny Britz,,,,,
,,,0,,,indiejoseph,,,,https://avatars2.githubusercontent.com/u/577551?v=3&amp;s=100,,,,,,,,,,,,,,,Joseph cheng,,,,,
,☕️  💻  ,,0,,,brunocvcunha,,,,https://avatars2.githubusercontent.com/u/3207647?v=3&amp;s=100,,,,,,,,,,,,,,,Bruno Candido Volpato da Cunha,,,,,
,,,0,,,karpathy,,,,https://avatars3.githubusercontent.com/u/241138?v=3&amp;s=100,,,,,,,,,,,,,,,Andrej,,,,,
,,,0,,,mitaki28,,,,https://avatars1.githubusercontent.com/u/1253986?v=3&amp;s=100,,,,,,,,,,,,,,,Yasuaki Mitani,,,,,
,Research graduate at Stanford University specializing in Natural Language Processing and Linguistics. Previously: Kilgraston School. Please follow me. 😄 ,,0,,,BFush,,,,https://avatars3.githubusercontent.com/u/23432645?v=3&amp;s=100,,,,,,,,,,,,,,,Brisnee Fush,,,,,
,,,0,,,yusuketomoto,,,,https://avatars3.githubusercontent.com/u/3320497?v=3&amp;s=100,,,,,,,,,,,,,,,Yusuke Tomoto,,,,,
,,,0,,,ichiroex,,,,https://avatars0.githubusercontent.com/u/13919583?v=3&amp;s=100,,,,,,,,,,,,,,,Soichiro Murakami,,,,,
,,,0,,,tkengo,,,,https://avatars2.githubusercontent.com/u/565954?v=3&amp;s=100,,,,,,,,,,,,,,,Kengo Tateishi,,,,,
,,,0,,,yoonkim,,,,https://avatars3.githubusercontent.com/u/5378003?v=3&amp;s=100,,,,,,,,,,,,,,,Yoon Kim,,,,,
