﻿login,followers,score,public_gists,url,updated_at,id,following,followers_url,avatar_url,created_at,gists_url,gravatar_id,starred_url,html_url,subscriptions_url,following_url,organizations_url,type,repos_url,company,events_url,received_events_url,site_admin,name,blog,location,email,hireable,bio,public_repos
BFush,,0,,,,,,,https://avatars3.githubusercontent.com/u/23432645?v=3&amp;s=100,,,,,,,,,,,,,,,Brisnee Fush,,,,,Research graduate at Stanford University specializing in Natural Language Processing and Linguistics. Previously: Kilgraston School. Please follow me. 😄 ,
blakelohnwiley,,0,,,,,,,https://avatars0.githubusercontent.com/u/14383368?v=3&amp;s=100,,,,,,,,,,,,,,,blakelohnwiley,,,,,,
whalsey,,0,,,,,,,https://avatars3.githubusercontent.com/u/6462362?v=3&amp;s=100,,,,,,,,,,,,,,,William Halsey,,,,,,
aymericdamien,,0,,,,,,,https://avatars2.githubusercontent.com/u/10386605?v=3&amp;s=100,,,,,,,,,,,,,,,Aymeric Damien,,,,,"@TFLearn Author. Deep Learning Enthusiast. Past: Tsinghua University, EISTI",
rayborg,,0,,,,,,,https://avatars1.githubusercontent.com/u/1373543?v=3&amp;s=100,,,,,,,,,,,,,,,Raymond C. Borges Hink,,,,,,
petrknoth,,0,,,,,,,https://avatars0.githubusercontent.com/u/2691525?v=3&amp;s=100,,,,,,,,,,,,,,,petrknoth,,,,,,
madisonmay,,0,,,,,,,https://avatars3.githubusercontent.com/u/2645393?v=3&amp;s=100,,,,,,,,,,,,,,,Madison May,,,,,,
gnewton,,0,,,,,,,https://avatars0.githubusercontent.com/u/793478?v=3&amp;s=100,,,,,,,,,,,,,,,gnewton,,,,,,
ragaj,,0,,,,,,,https://avatars1.githubusercontent.com/u/1458323?v=3&amp;s=100,,,,,,,,,,,,,,,Radek Gajdušek,,,,,,
