﻿login,score,avatar_url,id,url,gravatar_id,followers_url,html_url,following_url,gists_url,starred_url,subscriptions_url,organizations_url,repos_url,events_url,received_events_url,type,site_admin,name,company,blog,location,email,hireable,bio,public_repos,public_gists,followers,following,created_at,updated_at
BFush,0,https://avatars3.githubusercontent.com/u/23432645?v=3&amp;s=100,,,,,,,,,,,,,,,,Brisnee Fush,,,,,,Research graduate at Stanford University specializing in Natural Language Processing and Linguistics. Previously: Kilgraston School. Please follow me. 😄 ,,,,,,
aslijiasheng,0,https://avatars2.githubusercontent.com/u/6622275?v=3&amp;s=100,,,,,,,,,,,,,,,,jason,,,,,,,,,,,,
akstrfn,0,https://avatars2.githubusercontent.com/u/6161338?v=3&amp;s=100,,,,,,,,,,,,,,,,Aleksandar Trifunovic,,,,,,,,,,,,
jceb,0,https://avatars1.githubusercontent.com/u/101593?v=3&amp;s=100,,,,,,,,,,,,,,,,Jan Christoph Ebersbach,,,,,,,,,,,,
