﻿score,avatar_url,login,url,id,html_url,gravatar_id,followers_url,following_url,gists_url,starred_url,subscriptions_url,organizations_url,repos_url,events_url,received_events_url,type,site_admin,name,company,blog,location,email,hireable,bio,public_repos,public_gists,followers,following,created_at,updated_at
0,https://avatars1.githubusercontent.com/u/5877145?v=3&amp;s=100,angusshire,,,,,,,,,,,,,,,,Angus H.,,,,,,Available for part-time or freelance work.,,,,,,
0,https://avatars2.githubusercontent.com/u/3604053?v=3&amp;s=100,cusspvz,,,,,,,,,,,,,,,,José Moreira,,,,,,"full-stack developer, ui/ux designer, musician &amp; diy entusiast",,,,,,
0,https://avatars2.githubusercontent.com/u/7079828?v=3&amp;s=100,mpenchev,,,,,,,,,,,,,,,,mpenchev,,,,,,,,,,,,
0,https://avatars3.githubusercontent.com/u/23432645?v=3&amp;s=100,BFush,,,,,,,,,,,,,,,,Brisnee Fush,,,,,,Research graduate at Stanford University specializing in Natural Language Processing and Linguistics. Previously: Kilgraston School. Please follow me. 😄 ,,,,,,
0,https://avatars3.githubusercontent.com/u/225407?v=3&amp;s=100,anvaka,,,,,,,,,,,,,,,,Andrei Kashcha,,,,,,I love graphs,,,,,,
0,https://avatars3.githubusercontent.com/u/39191?v=3&amp;s=100,paulirish,,,,,,,,,,,,,,,,Paul Irish,,,,,,,,,,,,
0,https://avatars2.githubusercontent.com/u/170270?v=3&amp;s=100,sindresorhus,,,,,,,,,,,,,,,,Sindre Sorhus,,,,,,,,,,,,
0,https://avatars3.githubusercontent.com/u/551151?v=3&amp;s=100,Yangqing,,,,,,,,,,,,,,,,Yangqing Jia,,,,,,,,,,,,
0,https://avatars0.githubusercontent.com/u/31677?v=3&amp;s=100,codeguy,,,,,,,,,,,,,,,,Josh Lockhart,,,,,,,,,,,,
0,https://avatars0.githubusercontent.com/u/463737?v=3&amp;s=100,vrv,,,,,,,,,,,,,,,,Vijay Vasudevan,,,,,,,,,,,,
0,https://avatars0.githubusercontent.com/u/1024025?v=3&amp;s=100,torvalds,,,,,,,,,,,,,,,,Linus Torvalds,,,,,,,,,,,,
0,https://avatars2.githubusercontent.com/u/498775?v=3&amp;s=100,TheAlphaNerd,,,,,,,,,,,,,,,,Myles Borins,,,,,,,,,,,,
0,https://avatars0.githubusercontent.com/u/208434?v=3&amp;s=100,johnbillion,,,,,,,,,,,,,,,,John Blackbourn,,,,,,,,,,,,
0,https://avatars1.githubusercontent.com/u/1215992?v=3&amp;s=100,graymic,,,,,,,,,,,,,,,,Michael Gray,,,,,,"Head of Technology, lover of drone technology. Motorcyclist and hobbyist pilot.",,,,,,
0,https://avatars3.githubusercontent.com/u/1719223?v=3&amp;s=100,rhiever,,,,,,,,,,,,,,,,Randy Olson,,,,,,Senior Data Scientist. AI &amp; Machine Learning researcher. Data tinkerer. Community leader for /r/DataIsBeautiful.,,,,,,
0,https://avatars2.githubusercontent.com/u/193034?v=3&amp;s=100,lehoff,,,,,,,,,,,,,,,,Torben Hoffmann,,,,,,,,,,,,
