﻿[
    {
        "Followers": [
            "swuecho",
            "jonathanegol",
            "dododocook",
            "choonsiong",
            "ericherman",
            "flaing",
            "FHToledo",
            "amirbehzad",
            "evelynmitchell",
            "rain1024",
            "pythontrending",
            "kwcto",
            "briwilcox",
            "dannguyen",
            "dled",
            "mindonly",
            "Geremia",
            "2016rshah",
            "aadarshasubedi",
            "noxplague",
            "chesnokovyuriy",
            "lchsk",
            "GradientVector",
            "tokenrove",
            "danecando",
            "qinson",
            "miroslavsabo",
            "reillysiemens",
            "1995parham",
            "laserswald",
            "Mandar12",
            "hamid914",
            "dmasad",
            "paulgribble",
            "ilovejs",
            "ajschumacher",
            "isms",
            "zmughal",
            "sent1nel",
            "dazld",
            "tmcw",
            "jeffbhasin",
            "Decave",
            "sballesteros",
            "vishalbelsare",
            "vsbuffalo"
        ],
        "Followings": [
            "amundo"
        ],
        "Repositories": null,
        "Stars": null,
        "User": {
            "Extension": null,
            "avatar_url": null,
            "bio": null,
            "blog": null,
            "company": null,
            "created_at": null,
            "email": null,
            "events_url": null,
            "followers": null,
            "followers_url": null,
            "following": null,
            "following_url": null,
            "gists_url": null,
            "gravatar_id": null,
            "hireable": null,
            "html_url": null,
            "id": null,
            "location": null,
            "login": "b-k",
            "name": null,
            "organizations_url": null,
            "public_gists": null,
            "public_repos": null,
            "received_events_url": null,
            "repos_url": null,
            "score": 0,
            "site_admin": null,
            "starred_url": null,
            "subscriptions_url": null,
            "type": null,
            "updated_at": null,
            "url": null
        }
    }
]