﻿[
    {
        "Followers": [
            "faresbs",
            "jessewriter",
            "parthpatelforut",
            "Wharpus",
            "BedirT",
            "huahuizi",
            "Jessica121",
            "dsbeginner",
            "cando-FCI",
            "favourch",
            "hkommineni",
            "Sahanave",
            "thecableguy11492",
            "LordAniket06",
            "suhirtha",
            "smbkzt",
            "nvanthao",
            "monsieurCarter",
            "BarakaElias",
            "sanjayrajpoot",
            "ganeshuxd",
            "Peter-Moldenhauer",
            "avinashw50w",
            "scholarr",
            "Elbee10",
            "GhettoCole",
            "SalamVivek",
            "TebelloX",
            "OgnjenMedan",
            "15Vaibhav",
            "rahulroxx",
            "S4FFIR",
            "zenvercoder",
            "ClarkeLi",
            "SanchitB23",
            "wangding",
            "Tomekske",
            "yusufakdas",
            "bisshh",
            "RomainFrechic",
            "uwajhi",
            "erastolaizer",
            "ericariyanto",
            "Khushalbalan",
            "nocaoper",
            "asandid",
            "OsirisC",
            "srbakb",
            "CodingT",
            "gogo94",
            "Prinston23"
        ],
        "Followings": [
            "adriennefriend",
            "andrewgodwin",
            "atsao",
            "Eggsix",
            "gaearon",
            "LearningNerd",
            "philly-d",
            "chulmo",
            "moarwick",
            "EQuimper",
            "Mell777",
            "0x13a",
            "novarac23",
            "DanielJamesCollier",
            "martijndroid",
            "N-faycal",
            "DanMcInerney",
            "sheldonjuncker",
            "Jinfu1986626",
            "bizzycola",
            "jacobclevenger",
            "timbog80",
            "cyanboy",
            "kayandrae",
            "tangplin",
            "kanytu",
            "philipwalton",
            "adchsm",
            "wxdong85",
            "itsjinlie",
            "dmonaco05"
        ],
        "Repositories": null,
        "Stars": null,
        "User": {
            "Extension": null,
            "avatar_url": null,
            "bio": null,
            "blog": null,
            "company": null,
            "created_at": null,
            "email": null,
            "events_url": null,
            "followers": null,
            "followers_url": null,
            "following": null,
            "following_url": null,
            "gists_url": null,
            "gravatar_id": null,
            "hireable": null,
            "html_url": null,
            "id": null,
            "location": null,
            "login": "buckyroberts",
            "name": null,
            "organizations_url": null,
            "public_gists": null,
            "public_repos": null,
            "received_events_url": null,
            "repos_url": null,
            "score": 0,
            "site_admin": null,
            "starred_url": null,
            "subscriptions_url": null,
            "type": null,
            "updated_at": null,
            "url": null
        }
    }
]