﻿score,following,login,id,avatar_url,gravatar_id,url,html_url,followers_url,following_url,gists_url,starred_url,subscriptions_url,organizations_url,repos_url,events_url,received_events_url,type,site_admin,name,company,blog,location,email,hireable,bio,public_repos,public_gists,followers,created_at,updated_at
0,,swuecho,,https://avatars3.githubusercontent.com/u/666683?v=3&amp;s=100,,,,,,,,,,,,,,,Hao Wu,,,,,,,,,,,
0,,jonathanegol,,https://avatars1.githubusercontent.com/u/11355405?v=3&amp;s=100,,,,,,,,,,,,,,,Jonathan Egol,,,,,,,,,,,
0,,dododocook,,https://avatars3.githubusercontent.com/u/20492883?v=3&amp;s=100,,,,,,,,,,,,,,,dododocook,,,,,,,,,,,
0,,choonsiong,,https://avatars1.githubusercontent.com/u/1597057?v=3&amp;s=100,,,,,,,,,,,,,,,俊雄,,,,,,,,,,,
0,,ericherman,,https://avatars2.githubusercontent.com/u/1174254?v=3&amp;s=100,,,,,,,,,,,,,,,Eric Herman,,,,,,,,,,,
0,,flaing,,https://avatars2.githubusercontent.com/u/8140670?v=3&amp;s=100,,,,,,,,,,,,,,,rudi,,,,,,it&#39;s special always when nothing special,,,,,
0,,FHToledo,,https://avatars0.githubusercontent.com/u/12073917?v=3&amp;s=100,,,,,,,,,,,,,,,Fernando HRB Toledo,,,,,,,,,,,
0,,amirbehzad,,https://avatars2.githubusercontent.com/u/1307711?v=3&amp;s=100,,,,,,,,,,,,,,,Amirbehzad (Behzad) Eslami,,,,,,,,,,,
0,,evelynmitchell,,https://avatars1.githubusercontent.com/u/1007591?v=3&amp;s=100,,,,,,,,,,,,,,,evelynmitchell,,,,,,,,,,,
0,,rain1024,,https://avatars0.githubusercontent.com/u/1780281?v=3&amp;s=100,,,,,,,,,,,,,,,Brother Rain,,,,,,,,,,,
0,,pythontrending,,https://avatars0.githubusercontent.com/u/10108228?v=3&amp;s=100,,,,,,,,,,,,,,,pythontrending,,,,,,,,,,,
0,,kwcto,,https://avatars3.githubusercontent.com/u/7588299?v=3&amp;s=100,,,,,,,,,,,,,,,Will Sahatdjian,,,,,,,,,,,
0,,briwilcox,,https://avatars1.githubusercontent.com/u/3598417?v=3&amp;s=100,,,,,,,,,,,,,,,Brian Wilcox,,,,,,,,,,,
0,,dannguyen,,https://avatars3.githubusercontent.com/u/121520?v=3&amp;s=100,,,,,,,,,,,,,,,Dan Nguyen,,,,,,Visiting Professor at Stanford University Computational Journalism,,,,,
0,,dled,,https://avatars3.githubusercontent.com/u/7898035?v=3&amp;s=100,,,,,,,,,,,,,,,Dylan Ledbetter,,,,,,_beamforming_,,,,,
0,,mindonly,,https://avatars3.githubusercontent.com/u/17532588?v=3&amp;s=100,,,,,,,,,,,,,,,mindonly,,,,,,,,,,,
0,,Geremia,,https://avatars1.githubusercontent.com/u/4298614?v=3&amp;s=100,,,,,,,,,,,,,,,Geremia,,,,,,,,,,,
0,,2016rshah,,https://avatars2.githubusercontent.com/u/6821244?v=3&amp;s=100,,,,,,,,,,,,,,,Rushi Shah,,,,,,"Java, Python, JavaScript, Ruby, and Haskell enthusiast. Check out rshah.org/blog",,,,,
0,,aadarshasubedi,,https://avatars2.githubusercontent.com/u/9349883?v=3&amp;s=100,,,,,,,,,,,,,,,aadarshasubedi,,,,,,,,,,,
0,,noxplague,,https://avatars3.githubusercontent.com/u/8055345?v=3&amp;s=100,,,,,,,,,,,,,,,noxplague,,,,,,,,,,,
0,,chesnokovyuriy,,https://avatars3.githubusercontent.com/u/2661785?v=3&amp;s=100,,,,,,,,,,,,,,,Chesnokov Yuriy,,,,,,,,,,,
0,,lchsk,,https://avatars3.githubusercontent.com/u/383507?v=3&amp;s=100,,,,,,,,,,,,,,,Maciek Lechowski,,,,,,,,,,,
0,,GradientVector,,https://avatars2.githubusercontent.com/u/2426243?v=3&amp;s=100,,,,,,,,,,,,,,,John,,,,,,,,,,,
0,,tokenrove,,https://avatars3.githubusercontent.com/u/71495?v=3&amp;s=100,,,,,,,,,,,,,,,Julian Squires,,,,,,Eccentric layabout,,,,,
0,,danecando,,https://avatars2.githubusercontent.com/u/3721977?v=3&amp;s=100,,,,,,,,,,,,,,,Dane Grant,,,,,,"I force a smile, knowing that my ambition far exceeded my talent. There are no more white horses or pretty ladies at my door.",,,,,
0,,qinson,,https://avatars2.githubusercontent.com/u/10904714?v=3&amp;s=100,,,,,,,,,,,,,,,qinson,,,,,,,,,,,
0,,miroslavsabo,,https://avatars3.githubusercontent.com/u/5206919?v=3&amp;s=100,,,,,,,,,,,,,,,Miroslav Sabo,,,,,,"Data Science, Big Data",,,,,
0,,reillysiemens,,https://avatars1.githubusercontent.com/u/3084059?v=3&amp;s=100,,,,,,,,,,,,,,,Tucker,,,,,,,,,,,
0,,1995parham,,https://avatars2.githubusercontent.com/u/8181240?v=3&amp;s=100,,,,,,,,,,,,,,,Parham Alvani,,,,,,,,,,,
0,,laserswald,,https://avatars2.githubusercontent.com/u/232329?v=3&amp;s=100,,,,,,,,,,,,,,,Ben Davenport-Ray,,,,,,,,,,,
0,,Mandar12,,https://avatars1.githubusercontent.com/u/3316044?v=3&amp;s=100,,,,,,,,,,,,,,,Mandar Kulkarni,,,,,,,,,,,
0,,hamid914,,https://avatars3.githubusercontent.com/u/1765587?v=3&amp;s=100,,,,,,,,,,,,,,,Hamid Rohani,,,,,,I&#39;m a M.Sc student of Software Engineering at Ferdowsi University of Mashhad. I&#39;m working in Web Technology lab under supervision of Prof. Mohsen Kahani.,,,,,
0,,dmasad,,https://avatars0.githubusercontent.com/u/596978?v=3&amp;s=100,,,,,,,,,,,,,,,David Masad,,,,,,Computational social scientist,,,,,
0,,paulgribble,,https://avatars2.githubusercontent.com/u/2848?v=3&amp;s=100,,,,,,,,,,,,,,,Paul Gribble,,,,,,,,,,,
0,,ilovejs,,https://avatars1.githubusercontent.com/u/978919?v=3&amp;s=100,,,,,,,,,,,,,,,Tianhao Zhuang,,,,,,,,,,,
0,,ajschumacher,,https://avatars3.githubusercontent.com/u/1071322?v=3&amp;s=100,,,,,,,,,,,,,,,Aaron Schumacher,,,,,,I like to fill in bios.,,,,,
0,,isms,,https://avatars2.githubusercontent.com/u/1284973?v=3&amp;s=100,,,,,,,,,,,,,,,Isaac Slavitt,,,,,,,,,,,
0,,zmughal,,https://avatars3.githubusercontent.com/u/94489?v=3&amp;s=100,,,,,,,,,,,,,,,Zaki Mughal [sivoais],,,,,,"biomedical image analysis (@CBL-ORION), scientific computing (@EntropyOrg, @PDLPorters), tool for thought (@project-renard).  E-mail me if you want to chat! ",,,,,
0,,sent1nel,,https://avatars2.githubusercontent.com/u/435746?v=3&amp;s=100,,,,,,,,,,,,,,,Joshua K. Farrar,,,,,,,,,,,
0,,dazld,,https://avatars3.githubusercontent.com/u/201036?v=3&amp;s=100,,,,,,,,,,,,,,,Dan Peddle,,,,,,,,,,,
0,,tmcw,,https://avatars1.githubusercontent.com/u/32314?v=3&amp;s=100,,,,,,,,,,,,,,,Tom MacWright,,,,,,,,,,,
0,,jeffbhasin,,https://avatars0.githubusercontent.com/u/3300748?v=3&amp;s=100,,,,,,,,,,,,,,,Jeff Bhasin,,,,,,,,,,,
0,,Decave,,https://avatars2.githubusercontent.com/u/4442853?v=3&amp;s=100,,,,,,,,,,,,,,,David Vernet,,,,,,,,,,,
0,,sballesteros,,https://avatars1.githubusercontent.com/u/1141327?v=3&amp;s=100,,,,,,,,,,,,,,,Sebastien Ballesteros,,,,,,Noble without the arrogance of nobility  🐳 ,,,,,
0,,vishalbelsare,,https://avatars1.githubusercontent.com/u/1388100?v=3&amp;s=100,,,,,,,,,,,,,,,Vishal Belsare,,,,,,,,,,,
0,,vsbuffalo,,https://avatars3.githubusercontent.com/u/160549?v=3&amp;s=100,,,,,,,,,,,,,,,Vince Buffalo,,,,,,"Aspiring evolutionary geneticist, PhD student with @cooplab, former bioinformatician. ♥s probability, statistics. Author of book Bioinformatics Data Skills.",,,,,
