﻿blog,location,email,hireable,bio,public_repos,public_gists,followers,following,created_at,updated_at,score,login,id,avatar_url,gravatar_id,url,html_url,followers_url,following_url,gists_url,starred_url,subscriptions_url,organizations_url,repos_url,events_url,received_events_url,type,site_admin,name,company
,,,,Computer science student,,,,,,,0,faresbs,,https://avatars3.githubusercontent.com/u/18466124?v=3&amp;s=100,,,,,,,,,,,,,,,Fares Ben Slimane,
,,,,"Product owner, scrum master and Java developer.  Passions also include biking, gardening, photography and entrepreneurship.",,,,,,,0,jessewriter,,https://avatars0.githubusercontent.com/u/16365134?v=3&amp;s=100,,,,,,,,,,,,,,,Jesse Boyd,
,,,,,,,,,,,0,parthpatelforut,,https://avatars2.githubusercontent.com/u/18368497?v=3&amp;s=100,,,,,,,,,,,,,,,parthpatelforut,
,,,,Learning Python 3,,,,,,,0,Wharpus,,https://avatars0.githubusercontent.com/u/8604555?v=3&amp;s=100,,,,,,,,,,,,,,,Wharpus,
,,,,,,,,,,,0,BedirT,,https://avatars2.githubusercontent.com/u/10860127?v=3&amp;s=100,,,,,,,,,,,,,,,Mustafa Bedir Tapkan,
,,,,,,,,,,,0,huahuizi,,https://avatars3.githubusercontent.com/u/10607039?v=3&amp;s=100,,,,,,,,,,,,,,,huahuizi,
,,,,,,,,,,,0,Jessica121,,https://avatars2.githubusercontent.com/u/22728834?v=3&amp;s=100,,,,,,,,,,,,,,,Jessica121,
,,,,,,,,,,,0,dsbeginner,,https://avatars2.githubusercontent.com/u/24223030?v=3&amp;s=100,,,,,,,,,,,,,,,dsbeginner,
,,,,,,,,,,,0,cando-FCI,,https://avatars0.githubusercontent.com/u/18594097?v=3&amp;s=100,,,,,,,,,,,,,,,cando-FCI,
,,,,,,,,,,,0,favourch,,https://avatars1.githubusercontent.com/u/9114705?v=3&amp;s=100,,,,,,,,,,,,,,,favourch,
,,,,,,,,,,,0,hkommineni,,https://avatars2.githubusercontent.com/u/20464077?v=3&amp;s=100,,,,,,,,,,,,,,,hkommineni,
,,,,Grad Student @USC,,,,,,,0,Sahanave,,https://avatars1.githubusercontent.com/u/20681186?v=3&amp;s=100,,,,,,,,,,,,,,,Sahana Venkatesh,
,,,,,,,,,,,0,thecableguy11492,,https://avatars1.githubusercontent.com/u/22936865?v=3&amp;s=100,,,,,,,,,,,,,,,thecableguy11492,
,,,,,,,,,,,0,LordAniket06,,https://avatars2.githubusercontent.com/u/24573641?v=3&amp;s=100,,,,,,,,,,,,,,,Aniket Pandey,
,,,,,,,,,,,0,suhirtha,,https://avatars0.githubusercontent.com/u/24540035?v=3&amp;s=100,,,,,,,,,,,,,,,suhirtha,
,,,,,,,,,,,0,smbkzt,,https://avatars2.githubusercontent.com/u/12483815?v=3&amp;s=100,,,,,,,,,,,,,,,Bekzat Shayakhmetov,
,,,,,,,,,,,0,nvanthao,,https://avatars1.githubusercontent.com/u/1071078?v=3&amp;s=100,,,,,,,,,,,,,,,Gerard Nguyen Van Thao,
,,,,,,,,,,,0,monsieurCarter,,https://avatars2.githubusercontent.com/u/7183947?v=3&amp;s=100,,,,,,,,,,,,,,,Mike,
,,,,,,,,,,,0,BarakaElias,,https://avatars3.githubusercontent.com/u/17127081?v=3&amp;s=100,,,,,,,,,,,,,,,Baraka Elias,
,,,,,,,,,,,0,sanjayrajpoot,,https://avatars2.githubusercontent.com/u/15050352?v=3&amp;s=100,,,,,,,,,,,,,,,sanjayrajpoot,
,,,,,,,,,,,0,ganeshuxd,,https://avatars0.githubusercontent.com/u/22701799?v=3&amp;s=100,,,,,,,,,,,,,,,ganeshuxd,
,,,,,,,,,,,0,Peter-Moldenhauer,,https://avatars3.githubusercontent.com/u/20465408?v=3&amp;s=100,,,,,,,,,,,,,,,Peter Moldenhauer,
,,,,,,,,,,,0,avinashw50w,,https://avatars1.githubusercontent.com/u/11509525?v=3&amp;s=100,,,,,,,,,,,,,,,Avinash Kumar Saw,
,,,,,,,,,,,0,scholarr,,https://avatars0.githubusercontent.com/u/24771111?v=3&amp;s=100,,,,,,,,,,,,,,,scholarr,
,,,,Future Nigerian Software and Networks ENGINEER,,,,,,,0,Elbee10,,https://avatars1.githubusercontent.com/u/22393372?v=3&amp;s=100,,,,,,,,,,,,,,,Ali Barma Muhammad,
,,,,I am a teenage boy and I am fascinated by computers. I am always eager to learn new things about computer programming and networks. I can code in Python and C++,,,,,,,0,GhettoCole,,https://avatars3.githubusercontent.com/u/24306132?v=3&amp;s=100,,,,,,,,,,,,,,,Given Lepita,
,,,,,,,,,,,0,SalamVivek,,https://avatars2.githubusercontent.com/u/16971620?v=3&amp;s=100,,,,,,,,,,,,,,,SalamVivek,
,,,,I am passionate about software development; particularly using software to create new things and solve problems.,,,,,,,0,TebelloX,,https://avatars1.githubusercontent.com/u/19570350?v=3&amp;s=100,,,,,,,,,,,,,,,Tebello Namo,
,,,,,,,,,,,0,OgnjenMedan,,https://avatars1.githubusercontent.com/u/24781224?v=3&amp;s=100,,,,,,,,,,,,,,,Ognjen Medan,
,,,,,,,,,,,0,15Vaibhav,,https://avatars2.githubusercontent.com/u/24780937?v=3&amp;s=100,,,,,,,,,,,,,,,15Vaibhav,
,,,,,,,,,,,0,rahulroxx,,https://avatars3.githubusercontent.com/u/16189966?v=3&amp;s=100,,,,,,,,,,,,,,,rahulroxx,
,,,,,,,,,,,0,S4FFIR,,https://avatars0.githubusercontent.com/u/16909977?v=3&amp;s=100,,,,,,,,,,,,,,,S4FFIR,
,,,,I like to code,,,,,,,0,zenvercoder,,https://avatars2.githubusercontent.com/u/15267817?v=3&amp;s=100,,,,,,,,,,,,,,,zenvercoder,
,,,,,,,,,,,0,ClarkeLi,,https://avatars1.githubusercontent.com/u/19742969?v=3&amp;s=100,,,,,,,,,,,,,,,ClarkeLi,
,,,,,,,,,,,0,SanchitB23,,https://avatars1.githubusercontent.com/u/24359070?v=3&amp;s=100,,,,,,,,,,,,,,,Sanchit Bhatnagar,
,,,,教师，产品经理，佛法修行者，等,,,,,,,0,wangding,,https://avatars3.githubusercontent.com/u/1182720?v=3&amp;s=100,,,,,,,,,,,,,,,王顶,
,,,,,,,,,,,0,Tomekske,,https://avatars1.githubusercontent.com/u/22329280?v=3&amp;s=100,,,,,,,,,,,,,,,Tomekske,
,,,,,,,,,,,0,yusufakdas,,https://avatars0.githubusercontent.com/u/15719325?v=3&amp;s=100,,,,,,,,,,,,,,,Yusuf Akdas,
,,,,a freelancer Front End Developer from Nepal.,,,,,,,0,bisshh,,https://avatars2.githubusercontent.com/u/6284278?v=3&amp;s=100,,,,,,,,,,,,,,,Resham Khadka,
,,,,,,,,,,,0,RomainFrechic,,https://avatars3.githubusercontent.com/u/22005660?v=3&amp;s=100,,,,,,,,,,,,,,,RomainFrechic,
,,,,,,,,,,,0,uwajhi,,https://avatars3.githubusercontent.com/u/16879051?v=3&amp;s=100,,,,,,,,,,,,,,,uwajhi,
,,,,,,,,,,,0,erastolaizer,,https://avatars2.githubusercontent.com/u/21289597?v=3&amp;s=100,,,,,,,,,,,,,,,erastolaizer,
,,,,,,,,,,,0,ericariyanto,,https://avatars2.githubusercontent.com/u/6174525?v=3&amp;s=100,,,,,,,,,,,,,,,Eric Ariyanto,
,,,,,,,,,,,0,Khushalbalan,,https://avatars2.githubusercontent.com/u/17965080?v=3&amp;s=100,,,,,,,,,,,,,,,Khushalbalan,
,,,,,,,,,,,0,nocaoper,,https://avatars0.githubusercontent.com/u/7820699?v=3&amp;s=100,,,,,,,,,,,,,,,Yu-Chiang Hsu,
,,,,,,,,,,,0,asandid,,https://avatars2.githubusercontent.com/u/9282081?v=3&amp;s=100,,,,,,,,,,,,,,,asandid,
,,,,,,,,,,,0,OsirisC,,https://avatars1.githubusercontent.com/u/24767826?v=3&amp;s=100,,,,,,,,,,,,,,,OsirisC,
,,,,,,,,,,,0,srbakb,,https://avatars2.githubusercontent.com/u/11771043?v=3&amp;s=100,,,,,,,,,,,,,,,Srba Trifunovic,
,,,,,,,,,,,0,CodingT,,https://avatars1.githubusercontent.com/u/16363726?v=3&amp;s=100,,,,,,,,,,,,,,,Anthony,
,,,,,,,,,,,0,gogo94,,https://avatars0.githubusercontent.com/u/15571153?v=3&amp;s=100,,,,,,,,,,,,,,,gogo94,
,,,,,,,,,,,0,Prinston23,,https://avatars2.githubusercontent.com/u/24224152?v=3&amp;s=100,,,,,,,,,,,,,,,Prinston23,
