﻿score,followers_url,login,gists_url,id,organizations_url,avatar_url,received_events_url,gravatar_id,type,url,company,html_url,email,following_url,starred_url,subscriptions_url,repos_url,events_url,site_admin,name,blog,location,hireable,bio,public_repos,public_gists,followers,following,created_at,updated_at
0,,aadarshasubedi,,,,https://avatars2.githubusercontent.com/u/9349883?v=3&amp;s=100,,,,,,,,,,,,,,aadarshasubedi,,,,,,,,,,
0,,Husamui,,,,https://avatars0.githubusercontent.com/u/4307924?v=3&amp;s=100,,,,,,,,,,,,,,Husam Alrubaye,,,,,,,,,,
0,,bytescout-es,,,,https://avatars3.githubusercontent.com/u/19299998?v=3&amp;s=100,,,,,,,,,,,,,,bytescout-es,,,,,,,,,,
0,,efarzad,,,,https://avatars2.githubusercontent.com/u/1247898?v=3&amp;s=100,,,,,,,,,,,,,,efarzad,,,,,,,,,,
