﻿score,login,id,avatar_url,gravatar_id,url,html_url,followers_url,following_url,gists_url,starred_url,subscriptions_url,organizations_url,repos_url,events_url,received_events_url,type,site_admin,name,company,blog,location,email,hireable,bio,public_repos,public_gists,followers,following,created_at,updated_at
0,hollen9,,https://avatars0.githubusercontent.com/u/13811678?v=3&amp;s=100,,,,,,,,,,,,,,,hollen9,,,,,,,,,,,,
0,MCUnderground,,https://avatars0.githubusercontent.com/u/12677828?v=3&amp;s=100,,,,,,,,,,,,,,,Daniel,,,,,,"Founder of @LostTeam, lover of coding world.",,,,,,
0,bubbie,,https://avatars1.githubusercontent.com/u/13948027?v=3&amp;s=100,,,,,,,,,,,,,,,bubbie,,,,,,I do stupid shit and then regret it a week later,,,,,,
0,Commander-Firestrike,,https://avatars2.githubusercontent.com/u/7178589?v=3&amp;s=100,,,,,,,,,,,,,,,Commander-Firestrike,,,,,,,,,,,,
0,SunDwarf,,https://avatars3.githubusercontent.com/u/8783751?v=3&amp;s=100,,,,,,,,,,,,,,,Isaac Dickinson,,,,,,,,,,,,
0,barea13,,https://avatars2.githubusercontent.com/u/22201930?v=3&amp;s=100,,,,,,,,,,,,,,,Barea,,,,,,,,,,,,
0,aadarshasubedi,,https://avatars2.githubusercontent.com/u/9349883?v=3&amp;s=100,,,,,,,,,,,,,,,aadarshasubedi,,,,,,,,,,,,
0,moiph,,https://avatars0.githubusercontent.com/u/102394?v=3&amp;s=100,,,,,,,,,,,,,,,Pat Murphy,,,,,,,,,,,,
