﻿score,login,id,avatar_url,gravatar_id,url,html_url,followers_url,following_url,gists_url,starred_url,subscriptions_url,organizations_url,repos_url,events_url,received_events_url,type,site_admin,name,company,blog,location,email,hireable,bio,public_repos,public_gists,followers,following,created_at,updated_at
0,souying,,https://avatars2.githubusercontent.com/u/20512945?v=3&amp;s=100,,,,,,,,,,,,,,,MICE,,,,,,小菜鸟努力学习，向技术大牛看齐,,,,,,
0,weimingtom,,https://avatars3.githubusercontent.com/u/1041542?v=3&amp;s=100,,,,,,,,,,,,,,,weimingtom,,,,,,Looking for a miracle from what people ignore to get maximum power in my soul,,,,,,
0,AndiChiou,,https://avatars2.githubusercontent.com/u/23460812?v=3&amp;s=100,,,,,,,,,,,,,,,Andi Chiou,,,,,,High school student @bartlett-high-school,,,,,,
0,Vermisse,,https://avatars2.githubusercontent.com/u/17972943?v=3&amp;s=100,,,,,,,,,,,,,,,Sunki,,,,,,Java、Scala、Clojure,,,,,,
0,BFush,,https://avatars3.githubusercontent.com/u/23432645?v=3&amp;s=100,,,,,,,,,,,,,,,Brisnee Fush,,,,,,Research graduate at Stanford University specializing in Natural Language Processing and Linguistics. Previously: Kilgraston School. Please follow me. 😄 ,,,,,,
0,nikelius,,https://avatars3.githubusercontent.com/u/4926297?v=3&amp;s=100,,,,,,,,,,,,,,,LiuS,,,,,,,,,,,,
0,happyqq,,https://avatars2.githubusercontent.com/u/534200?v=3&amp;s=100,,,,,,,,,,,,,,,HappyQQ,,,,,,,,,,,,
0,AmorBlog,,https://avatars1.githubusercontent.com/u/20414074?v=3&amp;s=100,,,,,,,,,,,,,,,Amor,,,,,,Amor,,,,,,
0,evinw,,https://avatars0.githubusercontent.com/u/844215?v=3&amp;s=100,,,,,,,,,,,,,,,Evin Weissenberg,,,,,,bluelab.io,,,,,,
0,WinnieHanR,,https://avatars0.githubusercontent.com/u/20036956?v=3&amp;s=100,,,,,,,,,,,,,,,WinnieHanR,,,,,,,,,,,,
0,gmkhussain,,https://avatars2.githubusercontent.com/u/1250826?v=3&amp;s=100,,,,,,,,,,,,,,,GMK Hussain,,,,,,,,,,,,
0,zp1112,,https://avatars0.githubusercontent.com/u/14245159?v=3&amp;s=100,,,,,,,,,,,,,,,zp1112,,,,,,front-end-developer,,,,,,
0,axolo,,https://avatars2.githubusercontent.com/u/1021935?v=3&amp;s=100,,,,,,,,,,,,,,,Yueming Fang,,,,,,A code farmer in west loft.,,,,,,
0,cusspvz,,https://avatars2.githubusercontent.com/u/3604053?v=3&amp;s=100,,,,,,,,,,,,,,,José Moreira,,,,,,"full-stack developer, ui/ux designer, musician &amp; diy entusiast",,,,,,
