﻿score,login,email,id,avatar_url,gravatar_id,url,html_url,followers_url,following_url,gists_url,starred_url,subscriptions_url,organizations_url,repos_url,events_url,received_events_url,type,hireable,site_admin,bio,name,public_repos,company,public_gists,blog,followers,location,following,created_at,updated_at
0,mikeant42,,,https://avatars2.githubusercontent.com/u/8772919?v=3&amp;s=100,,,,,,,,,,,,,,,,,Michael Antkiewicz,,,,,,,,,
0,BZoennchen,,,https://avatars3.githubusercontent.com/u/766292?v=3&amp;s=100,,,,,,,,,,,,,,,,Ph.D. student in computer science.,Benedikt Zönnchen,,,,,,,,,
0,namin,,,https://avatars3.githubusercontent.com/u/6441?v=3&amp;s=100,,,,,,,,,,,,,,,,(art is long and time is fleeting) ,Nada Amin,,,,,,,,,
0,AndiChiou,,,https://avatars2.githubusercontent.com/u/23460812?v=3&amp;s=100,,,,,,,,,,,,,,,,High school student @bartlett-high-school,Andi Chiou,,,,,,,,,
0,aamiralahazan,,,https://avatars1.githubusercontent.com/u/23739039?v=3&amp;s=100,,,,,,,,,,,,,,,,,aamiralahazan,,,,,,,,,
0,kfalconspb,,,https://avatars1.githubusercontent.com/u/2184721?v=3&amp;s=100,,,,,,,,,,,,,,,,,Scott Bollinger,,,,,,,,,
0,Vermisse,,,https://avatars2.githubusercontent.com/u/17972943?v=3&amp;s=100,,,,,,,,,,,,,,,,Java、Scala、Clojure,Sunki,,,,,,,,,
0,edu-bot,,,https://avatars0.githubusercontent.com/u/23435604?v=3&amp;s=100,,,,,,,,,,,,,,,,,Edu Bot,,,,,,,,,
0,chisaramai,,,https://avatars3.githubusercontent.com/u/15074886?v=3&amp;s=100,,,,,,,,,,,,,,,,,Sarah K. Eydel,,,,,,,,,
0,dashswati,,,https://avatars3.githubusercontent.com/u/22832066?v=3&amp;s=100,,,,,,,,,,,,,,,,"Hi!, friends i m new in programming, i m just come on github becoz i want to learn new things from other programmers! ",swati jain,,,,,,,,,
0,evinw,,,https://avatars0.githubusercontent.com/u/844215?v=3&amp;s=100,,,,,,,,,,,,,,,,bluelab.io,Evin Weissenberg,,,,,,,,,
0,Allen-Liang,,,https://avatars2.githubusercontent.com/u/15662936?v=3&amp;s=100,,,,,,,,,,,,,,,,,Allen-Liang,,,,,,,,,
0,dsmoore,,,https://avatars0.githubusercontent.com/u/124718?v=3&amp;s=100,,,,,,,,,,,,,,,,Excellent play ethic.,Derek Moore,,,,,,,,,
0,bihcode,,,https://avatars3.githubusercontent.com/u/16131634?v=3&amp;s=100,,,,,,,,,,,,,,,,,ba,,,,,,,,,
0,gmkhussain,,,https://avatars2.githubusercontent.com/u/1250826?v=3&amp;s=100,,,,,,,,,,,,,,,,,GMK Hussain,,,,,,,,,
0,zexpp5,,,https://avatars2.githubusercontent.com/u/4337492?v=3&amp;s=100,,,,,,,,,,,,,,,,code run ride,Lance7in,,,,,,,,,
0,MarionH2h,,,https://avatars0.githubusercontent.com/u/18439640?v=3&amp;s=100,,,,,,,,,,,,,,,,,Marion Otschik,,,,,,,,,
0,sigmaticsMUC,,,https://avatars2.githubusercontent.com/u/12942673?v=3&amp;s=100,,,,,,,,,,,,,,,,,sigmaticsMUC,,,,,,,,,
0,toxtli,,,https://avatars1.githubusercontent.com/u/1299233?v=3&amp;s=100,,,,,,,,,,,,,,,,Senior Bot developer and Full-Stack developer with more than 15 years of experience.,Carlos Toxtli,,,,,,,,,
0,MichalPaszkiewicz,,,https://avatars2.githubusercontent.com/u/6673982?v=3&amp;s=100,,,,,,,,,,,,,,,,Just a guy who likes to make things @MichalYouDoing,Michal Paszkiewicz,,,,,,,,,
0,Vroni22,,,https://avatars0.githubusercontent.com/u/17743305?v=3&amp;s=100,,,,,,,,,,,,,,,,,Vroni22,,,,,,,,,
0,juliabecker,,,https://avatars2.githubusercontent.com/u/11391809?v=3&amp;s=100,,,,,,,,,,,,,,,,,Julia Becker,,,,,,,,,
0,stoked-zz,,,https://avatars2.githubusercontent.com/u/13973828?v=3&amp;s=100,,,,,,,,,,,,,,,,,Amie Lynn,,,,,,,,,
0,sasha240100,,,https://avatars0.githubusercontent.com/u/7657429?v=3&amp;s=100,,,,,,,,,,,,,,,,Web-developer and hockey player,Alexander Buzin,,,,,,,,,
0,AnthonyoscarOkoth,,,https://avatars0.githubusercontent.com/u/5249802?v=3&amp;s=100,,,,,,,,,,,,,,,,,Anthony Okoth,,,,,,,,,
0,angusshire,,,https://avatars1.githubusercontent.com/u/5877145?v=3&amp;s=100,,,,,,,,,,,,,,,,Available for part-time or freelance work.,Angus H.,,,,,,,,,
0,tsiliakis,,,https://avatars3.githubusercontent.com/u/1663177?v=3&amp;s=100,,,,,,,,,,,,,,,,,Christos Tsiliakis,,,,,,,,,
0,Xaverl,,,https://avatars0.githubusercontent.com/u/15210744?v=3&amp;s=100,,,,,,,,,,,,,,,,,Daniel Johannes Seitz,,,,,,,,,
0,Lesya91,,,https://avatars3.githubusercontent.com/u/15193144?v=3&amp;s=100,,,,,,,,,,,,,,,,,Lesya91,,,,,,,,,
0,shoshindes,,,https://avatars1.githubusercontent.com/u/13901088?v=3&amp;s=100,,,,,,,,,,,,,,,,,Jack Thompson,,,,,,,,,
0,cusspvz,,,https://avatars2.githubusercontent.com/u/3604053?v=3&amp;s=100,,,,,,,,,,,,,,,,"full-stack developer, ui/ux designer, musician &amp; diy entusiast",José Moreira,,,,,,,,,
0,pmav,,,https://avatars1.githubusercontent.com/u/141031?v=3&amp;s=100,,,,,,,,,,,,,,,,Software engineer at @wizdee,Pedro Verruma,,,,,,,,,
0,murej,,,https://avatars2.githubusercontent.com/u/4493568?v=3&amp;s=100,,,,,,,,,,,,,,,,,murej,,,,,,,,,
0,hacklschorsch,,,https://avatars1.githubusercontent.com/u/454605?v=3&amp;s=100,,,,,,,,,,,,,,,,,Florian Sesser,,,,,,,,,
0,FabianHoltkoetter,,,https://avatars1.githubusercontent.com/u/10800158?v=3&amp;s=100,,,,,,,,,,,,,,,,,Fabian Holtkötter,,,,,,,,,
0,trampi,,,https://avatars2.githubusercontent.com/u/4292951?v=3&amp;s=100,,,,,,,,,,,,,,,,,Fabian Trampusch,,,,,,,,,
0,thomai,,,https://avatars3.githubusercontent.com/u/6260106?v=3&amp;s=100,,,,,,,,,,,,,,,,,Thomas Maier,,,,,,,,,
0,jpb11,,,https://avatars2.githubusercontent.com/u/11632941?v=3&amp;s=100,,,,,,,,,,,,,,,,,jpb11,,,,,,,,,
0,chanton1392,,,https://avatars1.githubusercontent.com/u/11632832?v=3&amp;s=100,,,,,,,,,,,,,,,,,chanton1392,,,,,,,,,
0,nvcleemp,,,https://avatars3.githubusercontent.com/u/1782526?v=3&amp;s=100,,,,,,,,,,,,,,,,,nvcleemp,,,,,,,,,
0,pbeek1982,,,https://avatars3.githubusercontent.com/u/6739736?v=3&amp;s=100,,,,,,,,,,,,,,,,,pbeek1982,,,,,,,,,
0,bbuecherl,,,https://avatars3.githubusercontent.com/u/5740025?v=3&amp;s=100,,,,,,,,,,,,,,,,,Bernhard Bücherl,,,,,,,,,
0,Sanjo,,,https://avatars3.githubusercontent.com/u/727955?v=3&amp;s=100,,,,,,,,,,,,,,,,Full-stack JavaScript developer and entrepreneur,Jonas Aschenbrenner,,,,,,,,,
