﻿score,login,id,avatar_url,gravatar_id,url,html_url,followers_url,following_url,gists_url,starred_url,subscriptions_url,organizations_url,repos_url,events_url,received_events_url,type,site_admin,name,company,blog,location,email,hireable,bio,public_repos,public_gists,followers,following,created_at,updated_at
0,AndiChiou,,https://avatars2.githubusercontent.com/u/23460812?v=3&amp;s=100,,,,,,,,,,,,,,,Andi Chiou,,,,,,High school student @bartlett-high-school,,,,,,
0,Vermisse,,https://avatars2.githubusercontent.com/u/17972943?v=3&amp;s=100,,,,,,,,,,,,,,,Sunki,,,,,,Java、Scala、Clojure,,,,,,
0,BFush,,https://avatars3.githubusercontent.com/u/23432645?v=3&amp;s=100,,,,,,,,,,,,,,,Brisnee Fush,,,,,,Research graduate at Stanford University specializing in Natural Language Processing and Linguistics. Previously: Kilgraston School. Please follow me. 😄 ,,,,,,
0,Jogga,,https://avatars2.githubusercontent.com/u/1643572?v=3&amp;s=100,,,,,,,,,,,,,,,Joachim Fröstl,,,,,,,,,,,,
0,simbuerg,,https://avatars3.githubusercontent.com/u/598281?v=3&amp;s=100,,,,,,,,,,,,,,,Andreas Simbuerger,,,,,,,,,,,,
0,lanzafame,,https://avatars2.githubusercontent.com/u/5924712?v=3&amp;s=100,,,,,,,,,,,,,,,Adrian Lanzafame,,,,,,"Developer, Geologist, Entrepreneur.",,,,,,
0,MichalPaszkiewicz,,https://avatars2.githubusercontent.com/u/6673982?v=3&amp;s=100,,,,,,,,,,,,,,,Michal Paszkiewicz,,,,,,Just a guy who likes to make things @MichalYouDoing,,,,,,
0,M3hrL1cht,,https://avatars3.githubusercontent.com/u/3264627?v=3&amp;s=100,,,,,,,,,,,,,,,Lisa Wagner,,,,,,,,,,,,
0,Felix11H,,https://avatars1.githubusercontent.com/u/610633?v=3&amp;s=100,,,,,,,,,,,,,,,Felix Z. Hoffmann,,,,,,PhD student in computational neuroscience. Open Scientist.,,,,,,
0,gwutz,,https://avatars3.githubusercontent.com/u/373597?v=3&amp;s=100,,,,,,,,,,,,,,,Günther Wutz,,,,,,,,,,,,
0,pedroinformatico,,https://avatars1.githubusercontent.com/u/5778099?v=3&amp;s=100,,,,,,,,,,,,,,,pedroinformatico,,,,,,,,,,,,
0,skipshot4,,https://avatars3.githubusercontent.com/u/13862676?v=3&amp;s=100,,,,,,,,,,,,,,,Alexander Salazar,,,,,,,,,,,,
0,jackspirou,,https://avatars2.githubusercontent.com/u/5687406?v=3&amp;s=100,,,,,,,,,,,,,,,Jack Spirou,,,,,,,,,,,,
0,janvajda,,https://avatars1.githubusercontent.com/u/3266245?v=3&amp;s=100,,,,,,,,,,,,,,,"Jan Vajda Attorney at Law Namestovo, Slovakia, Europe",,,,,,,,,,,,
0,Trigger81,,https://avatars2.githubusercontent.com/u/7804471?v=3&amp;s=100,,,,,,,,,,,,,,,Trigger81,,,,,,,,,,,,
0,RIPchen,,https://avatars3.githubusercontent.com/u/8537209?v=3&amp;s=100,,,,,,,,,,,,,,,RIPchen,,,,,,,,,,,,
0,roteskamel,,https://avatars1.githubusercontent.com/u/8396266?v=3&amp;s=100,,,,,,,,,,,,,,,roteskamel,,,,,,,,,,,,
0,ugene143,,https://avatars1.githubusercontent.com/u/4444990?v=3&amp;s=100,,,,,,,,,,,,,,,ugene143,,,,,,,,,,,,
0,Rameos,,https://avatars2.githubusercontent.com/u/2414488?v=3&amp;s=100,,,,,,,,,,,,,,,Rameos,,,,,,,,,,,,
0,Rickyfox,,https://avatars1.githubusercontent.com/u/937767?v=3&amp;s=100,,,,,,,,,,,,,,,Rickyfox,,,,,,,,,,,,
0,marcorei,,https://avatars2.githubusercontent.com/u/650595?v=3&amp;s=100,,,,,,,,,,,,,,,Markus Riegel,,,,,,,,,,,,
0,ptnplanet,,https://avatars2.githubusercontent.com/u/590079?v=3&amp;s=100,,,,,,,,,,,,,,,Philipp,,,,,,,,,,,,
0,Pindar,,https://avatars1.githubusercontent.com/u/131621?v=3&amp;s=100,,,,,,,,,,,,,,,Simon Dittlmann,,,,,,"Software Developer/Ops, technology nerd: IoT, docker, js, frontend, ☁, agile",,,,,,
