﻿score,login,id,avatar_url,gravatar_id,url,html_url,followers_url,following_url,gists_url,starred_url,subscriptions_url,organizations_url,repos_url,events_url,received_events_url,type,site_admin,name,company,blog,location,email,hireable,bio,public_repos,public_gists,followers,following,created_at,updated_at
0,iamyoginth,,https://avatars1.githubusercontent.com/u/24349940?v=3&amp;s=100,,,,,,,,,,,,,,,iamyoginth,,,,,,,,,,,,
0,titsuki,,https://avatars3.githubusercontent.com/u/6792051?v=3&amp;s=100,,,,,,,,,,,,,,,Itsuki Toyota,,,,,,,,,,,,
0,rebeling,,https://avatars0.githubusercontent.com/u/1188408?v=3&amp;s=100,,,,,,,,,,,,,,,Matthias Rebel,,,,,,,,,,,,
0,AndiChiou,,https://avatars2.githubusercontent.com/u/23460812?v=3&amp;s=100,,,,,,,,,,,,,,,Andi Chiou,,,,,,High school student @bartlett-high-school,,,,,,
0,loveJasmine,,https://avatars1.githubusercontent.com/u/18051187?v=3&amp;s=100,,,,,,,,,,,,,,,yk_data,,,,,,,,,,,,
0,Vermisse,,https://avatars2.githubusercontent.com/u/17972943?v=3&amp;s=100,,,,,,,,,,,,,,,Sunki,,,,,,Java、Scala、Clojure,,,,,,
0,BFush,,https://avatars3.githubusercontent.com/u/23432645?v=3&amp;s=100,,,,,,,,,,,,,,,Brisnee Fush,,,,,,Research graduate at Stanford University specializing in Natural Language Processing and Linguistics. Previously: Kilgraston School. Please follow me. 😄 ,,,,,,
0,andresmasegosa,,https://avatars3.githubusercontent.com/u/496510?v=3&amp;s=100,,,,,,,,,,,,,,,Andres R. Masegosa,,,,,,,,,,,,
0,ramonsenadev,,https://avatars1.githubusercontent.com/u/10205647?v=3&amp;s=100,,,,,,,,,,,,,,,Ramon Sena,,,,,,,,,,,,
0,gabrielpeixoto,,https://avatars3.githubusercontent.com/u/3699061?v=3&amp;s=100,,,,,,,,,,,,,,,Gabriel Peixoto,,,,,,,,,,,,
0,ddanborges,,https://avatars3.githubusercontent.com/u/11928812?v=3&amp;s=100,,,,,,,,,,,,,,,ddanborges,,,,,,,,,,,,
0,fly51fly,,https://avatars2.githubusercontent.com/u/128885?v=3&amp;s=100,,,,,,,,,,,,,,,fly51fly,,,,,,,,,,,,
0,cretchas,,https://avatars3.githubusercontent.com/u/1260969?v=3&amp;s=100,,,,,,,,,,,,,,,Crescencio Lima,,,,,,,,,,,,
0,joabepinheiro,,https://avatars0.githubusercontent.com/u/8135439?v=3&amp;s=100,,,,,,,,,,,,,,,Joabe Pinheiro,,,,,,,,,,,,
