﻿score,login,id,avatar_url,gravatar_id,url,html_url,followers_url,following_url,gists_url,starred_url,subscriptions_url,organizations_url,repos_url,events_url,received_events_url,type,site_admin,name,company,blog,location,email,hireable,bio,public_repos,public_gists,followers,following,created_at,updated_at
0,AndiChiou,,https://avatars2.githubusercontent.com/u/23460812?v=3&amp;s=100,,,,,,,,,,,,,,,Andi Chiou,,,,,,High school student @bartlett-high-school,,,,,,
0,BFush,,https://avatars3.githubusercontent.com/u/23432645?v=3&amp;s=100,,,,,,,,,,,,,,,Brisnee Fush,,,,,,Research graduate at Stanford University specializing in Natural Language Processing and Linguistics. Previously: Kilgraston School. Please follow me. 😄 ,,,,,,
0,ReidHolmes,,https://avatars3.githubusercontent.com/u/17958554?v=3&amp;s=100,,,,,,,,,,,,,,,Reidholmes,,,,,,,,,,,,
0,Vermisse,,https://avatars2.githubusercontent.com/u/17972943?v=3&amp;s=100,,,,,,,,,,,,,,,Sunki,,,,,,Java、Scala、Clojure,,,,,,
0,sosuke-k,,https://avatars3.githubusercontent.com/u/4187224?v=3&amp;s=100,,,,,,,,,,,,,,,Kato Sosouke,,,,,,,,,,,,
0,loveaffair26,,https://avatars2.githubusercontent.com/u/22592199?v=3&amp;s=100,,,,,,,,,,,,,,,loveaffair26,,,,,,,,,,,,
0,lingocyre,,https://avatars1.githubusercontent.com/u/15626318?v=3&amp;s=100,,,,,,,,,,,,,,,lingocyre,,,,,,,,,,,,
0,FumikoIshizawa,,https://avatars3.githubusercontent.com/u/4344188?v=3&amp;s=100,,,,,,,,,,,,,,,fumikoi,,,,,,,,,,,,
0,inver39,,https://avatars1.githubusercontent.com/u/21008609?v=3&amp;s=100,,,,,,,,,,,,,,,inver39,,,,,,,,,,,,
0,rod-lin,,https://avatars1.githubusercontent.com/u/9999958?v=3&amp;s=100,,,,,,,,,,,,,,,rod,,,,,,student,,,,,,
0,RogerFederer03,,https://avatars1.githubusercontent.com/u/5633006?v=3&amp;s=100,,,,,,,,,,,,,,,Zheng Luo,,,,,,Talk is cheap. Show me the code. -- Linus Torvalds,,,,,,
0,irshuLx,,https://avatars1.githubusercontent.com/u/12872191?v=3&amp;s=100,,,,,,,,,,,,,,,Irshu,,,,,,"Rolls with  Android. Follower of Dubstep, Rock music, Cyberpunk....and cats?",,,,,,
0,gmkhussain,,https://avatars2.githubusercontent.com/u/1250826?v=3&amp;s=100,,,,,,,,,,,,,,,GMK Hussain,,,,,,,,,,,,
0,AdiChat,,https://avatars0.githubusercontent.com/u/10634210?v=3&amp;s=100,,,,,,,,,,,,,,,Ãditya⛄Chatterjee,,,,,,✌️ 🎅 gave me a stone. 🍥 + 🎁 + 🍷 💃 ,,,,,,
0,pumpkinheader,,https://avatars3.githubusercontent.com/u/6647001?v=3&amp;s=100,,,,,,,,,,,,,,,pumpkinheader,,,,,,,,,,,,
0,MichalPaszkiewicz,,https://avatars2.githubusercontent.com/u/6673982?v=3&amp;s=100,,,,,,,,,,,,,,,Michal Paszkiewicz,,,,,,Just a guy who likes to make things @MichalYouDoing,,,,,,
0,ternsip,,https://avatars3.githubusercontent.com/u/10179239?v=3&amp;s=100,,,,,,,,,,,,,,,Ternsip,,,,,,If you are alone - imagine that you are Gordon Freeman.,,,,,,
0,pittkao,,https://avatars1.githubusercontent.com/u/6783588?v=3&amp;s=100,,,,,,,,,,,,,,,pittkao,,,,,,Entreprenur / Founder of cocotrek  ,,,,,,
0,Stephanie1125,,https://avatars1.githubusercontent.com/u/15961861?v=3&amp;s=100,,,,,,,,,,,,,,,"Stephanie, Hsin Wen, Liu",,,,,,,,,,,,
0,matthew-z,,https://avatars3.githubusercontent.com/u/5741303?v=3&amp;s=100,,,,,,,,,,,,,,,Matthew Zeng,,,,,,,,,,,,
0,imulan,,https://avatars1.githubusercontent.com/u/12540044?v=3&amp;s=100,,,,,,,,,,,,,,,Kou Sato,,,,,,,,,,,,
0,graph226,,https://avatars0.githubusercontent.com/u/9261232?v=3&amp;s=100,,,,,,,,,,,,,,,Shintaro Inuzuka,,,,,,Web Engineer,,,,,,
