﻿score,login,id,avatar_url,gravatar_id,url,html_url,followers_url,following_url,gists_url,starred_url,subscriptions_url,organizations_url,repos_url,events_url,received_events_url,type,site_admin,name,company,blog,location,email,hireable,bio,public_repos,public_gists,followers,following,created_at,updated_at
0,AndiChiou,,https://avatars2.githubusercontent.com/u/23460812?v=3&amp;s=100,,,,,,,,,,,,,,,Andi Chiou,,,,,,High school student @bartlett-high-school,,,,,,
0,BFush,,https://avatars3.githubusercontent.com/u/23432645?v=3&amp;s=100,,,,,,,,,,,,,,,Brisnee Fush,,,,,,Research graduate at Stanford University specializing in Natural Language Processing and Linguistics. Previously: Kilgraston School. Please follow me. 😄 ,,,,,,
0,mengye-yang,,https://avatars0.githubusercontent.com/u/23436266?v=3&amp;s=100,,,,,,,,,,,,,,,Mengye Yang,,,,,,cool girl who love to code :) ,,,,,,
0,kimbergee,,https://avatars0.githubusercontent.com/u/9678944?v=3&amp;s=100,,,,,,,,,,,,,,,kimbergee,,,,,,,,,,,,
