﻿score,login,id,avatar_url,gravatar_id,url,html_url,followers_url,following_url,gists_url,starred_url,subscriptions_url,organizations_url,repos_url,events_url,received_events_url,type,site_admin,name,company,blog,location,email,hireable,bio,public_repos,public_gists,followers,following,created_at,updated_at
0,AndiChiou,,https://avatars2.githubusercontent.com/u/23460812?v=3&amp;s=100,,,,,,,,,,,,,,,Andi Chiou,,,,,,High school student @bartlett-high-school,,,,,,
0,BFush,,https://avatars3.githubusercontent.com/u/23432645?v=3&amp;s=100,,,,,,,,,,,,,,,Brisnee Fush,,,,,,Research graduate at Stanford University specializing in Natural Language Processing and Linguistics. Previously: Kilgraston School. Please follow me. 😄 ,,,,,,
0,vassilisstamoulos,,https://avatars2.githubusercontent.com/u/16266812?v=3&amp;s=100,,,,,,,,,,,,,,,vassilisstamoulos,,,,,,,,,,,,
0,tarmous,,https://avatars1.githubusercontent.com/u/22653072?v=3&amp;s=100,,,,,,,,,,,,,,,tarmous,,,,,,,,,,,,
0,KonKr,,https://avatars0.githubusercontent.com/u/20173537?v=3&amp;s=100,,,,,,,,,,,,,,,Konstantinos Kritikakis,,,,,,I&#39;m a student in Digital Systems at the University of Piraeus.,,,,,,
0,AnnaAnge,,https://avatars1.githubusercontent.com/u/9776650?v=3&amp;s=100,,,,,,,,,,,,,,,Anna Ange,,,,,,,,,,,,
0,liorvh,,https://avatars1.githubusercontent.com/u/13472584?v=3&amp;s=100,,,,,,,,,,,,,,,Lior V. Haddad,,,,,,"Think bad, do good.",,,,,,
0,giokokos,,https://avatars0.githubusercontent.com/u/3083746?v=3&amp;s=100,,,,,,,,,,,,,,,Georgios Kokosioulis,,,,,,,,,,,,
0,dimikav,,https://avatars2.githubusercontent.com/u/13870410?v=3&amp;s=100,,,,,,,,,,,,,,,dimkav,,,,,,,,,,,,
0,ypersyntelykos,,https://avatars1.githubusercontent.com/u/10236771?v=3&amp;s=100,,,,,,,,,,,,,,,ypersyntelykos,,,,,,,,,,,,
0,seven7scanner,,https://avatars3.githubusercontent.com/u/10391929?v=3&amp;s=100,,,,,,,,,,,,,,,seven7scanner,,,,,,,,,,,,
0,PanosVl,,https://avatars3.githubusercontent.com/u/8208803?v=3&amp;s=100,,,,,,,,,,,,,,,Panagiotis Vlachos,,,,,,,,,,,,
0,juancarlospaco,,https://avatars2.githubusercontent.com/u/1189414?v=3&amp;s=100,,,,,,,,,,,,,,,Juan_Carlos,,,,,,"Python Linux, Senior, FullStack, EN|ES, Ex-SysAdmin.",,,,,,
0,chetanspeed511987,,https://avatars2.githubusercontent.com/u/1456842?v=3&amp;s=100,,,,,,,,,,,,,,,Chetan Patel,,,,,,,,,,,,
0,koslibpro,,https://avatars2.githubusercontent.com/u/2552310?v=3&amp;s=100,,,,,,,,,,,,,,,Konstantinos Livieratos,,,,,,"@madinad tech lead, @intelligems tech partner, fulltime backend engineer",,,,,,
0,ZEDGR,,https://avatars3.githubusercontent.com/u/1284896?v=3&amp;s=100,,,,,,,,,,,,,,,ZED,,,,,,,,,,,,
