﻿score,login,id,avatar_url,gravatar_id,url,html_url,followers_url,following_url,gists_url,starred_url,subscriptions_url,organizations_url,repos_url,events_url,received_events_url,type,site_admin,name,company,blog,location,email,hireable,bio,public_repos,public_gists,followers,following,created_at,updated_at
0,AndiChiou,,https://avatars2.githubusercontent.com/u/23460812?v=3&amp;s=100,,,,,,,,,,,,,,,Andi Chiou,,,,,,High school student @bartlett-high-school,,,,,,
0,Vermisse,,https://avatars2.githubusercontent.com/u/17972943?v=3&amp;s=100,,,,,,,,,,,,,,,Sunki,,,,,,Java、Scala、Clojure,,,,,,
0,BFush,,https://avatars3.githubusercontent.com/u/23432645?v=3&amp;s=100,,,,,,,,,,,,,,,Brisnee Fush,,,,,,Research graduate at Stanford University specializing in Natural Language Processing and Linguistics. Previously: Kilgraston School. Please follow me. 😄 ,,,,,,
0,wm1214,,https://avatars1.githubusercontent.com/u/22728777?v=3&amp;s=100,,,,,,,,,,,,,,,wm1214,,,,,,,,,,,,
0,joses-soul,,https://avatars3.githubusercontent.com/u/21228026?v=3&amp;s=100,,,,,,,,,,,,,,,José Luís Soto Jr.,,,,,,Systematic software programmer. Book lover.,,,,,,
0,zhengnengchen,,https://avatars1.githubusercontent.com/u/16925212?v=3&amp;s=100,,,,,,,,,,,,,,,Zhengneng Chen,,,,,,,,,,,,
0,realbone,,https://avatars1.githubusercontent.com/u/7841312?v=3&amp;s=100,,,,,,,,,,,,,,,realbone,,,,,,,,,,,,
0,Chenrui26,,https://avatars0.githubusercontent.com/u/6620177?v=3&amp;s=100,,,,,,,,,,,,,,,Chenrui26,,,,,,,,,,,,
0,dinever,,https://avatars3.githubusercontent.com/u/1311594?v=3&amp;s=100,,,,,,,,,,,,,,,Shawn Ding,,,,,,Based in 🗽,,,,,,
0,cusspvz,,https://avatars2.githubusercontent.com/u/3604053?v=3&amp;s=100,,,,,,,,,,,,,,,José Moreira,,,,,,"full-stack developer, ui/ux designer, musician &amp; diy entusiast",,,,,,
0,baogechen,,https://avatars3.githubusercontent.com/u/1744903?v=3&amp;s=100,,,,,,,,,,,,,,,暴哥陈威,,,,,,,,,,,,
0,alexwan2011,,https://avatars0.githubusercontent.com/u/11735687?v=3&amp;s=100,,,,,,,,,,,,,,,Yangyue Wan,,,,,,,,,,,,
0,BeSlower,,https://avatars1.githubusercontent.com/u/10535357?v=3&amp;s=100,,,,,,,,,,,,,,,Zhan Shi,,,,,,,,,,,,
0,Eziohao,,https://avatars2.githubusercontent.com/u/6286479?v=3&amp;s=100,,,,,,,,,,,,,,,Eziohao,,,,,,,,,,,,
0,panhong2009,,https://avatars3.githubusercontent.com/u/7419057?v=3&amp;s=100,,,,,,,,,,,,,,,Pan Hong,,,,,,,,,,,,
0,niklaus520,,https://avatars0.githubusercontent.com/u/3125626?v=3&amp;s=100,,,,,,,,,,,,,,,Marvin,,,,,,我大概是一个傻逼吧，might be a moron,,,,,,
