﻿score,login,id,avatar_url,gravatar_id,url,html_url,followers_url,following_url,gists_url,starred_url,subscriptions_url,organizations_url,repos_url,events_url,received_events_url,type,site_admin,name,company,blog,location,email,hireable,bio,public_repos,public_gists,followers,following,created_at,updated_at
0,c0deum,,https://avatars3.githubusercontent.com/u/14249574?v=3&amp;s=100,,,,,,,,,,,,,,,c0deum,,,,,,,,,,,,
0,AndiChiou,,https://avatars2.githubusercontent.com/u/23460812?v=3&amp;s=100,,,,,,,,,,,,,,,Andi Chiou,,,,,,High school student @bartlett-high-school,,,,,,
0,Vermisse,,https://avatars2.githubusercontent.com/u/17972943?v=3&amp;s=100,,,,,,,,,,,,,,,Sunki,,,,,,Java、Scala、Clojure,,,,,,
0,brunocvcunha,,https://avatars2.githubusercontent.com/u/3207647?v=3&amp;s=100,,,,,,,,,,,,,,,Bruno Candido Volpato da Cunha,,,,,,☕️  💻  ,,,,,,
0,Qwerl,,https://avatars3.githubusercontent.com/u/5570135?v=3&amp;s=100,,,,,,,,,,,,,,,Askar Bikmetov,,,,,,,,,,,,
0,BFush,,https://avatars3.githubusercontent.com/u/23432645?v=3&amp;s=100,,,,,,,,,,,,,,,Brisnee Fush,,,,,,Research graduate at Stanford University specializing in Natural Language Processing and Linguistics. Previously: Kilgraston School. Please follow me. 😄 ,,,,,,
0,halfcrazy,,https://avatars2.githubusercontent.com/u/4113173?v=3&amp;s=100,,,,,,,,,,,,,,,halfcrazy,,,,,,"Life is just like a dream, and how many happy hours do we have?",,,,,,
0,ocean7pm,,https://avatars2.githubusercontent.com/u/5089703?v=3&amp;s=100,,,,,,,,,,,,,,,ocean7pm,,,,,,,,,,,,
0,jakefb,,https://avatars0.githubusercontent.com/u/6836282?v=3&amp;s=100,,,,,,,,,,,,,,,Jake Fulton Buckle,,,,,,"Snowboard instructor and web developer, working on @fastcast",,,,,,
0,rinetd,,https://avatars3.githubusercontent.com/u/15907353?v=3&amp;s=100,,,,,,,,,,,,,,,rinetd,,,,,,,,,,,,
0,kucerarichard,,https://avatars2.githubusercontent.com/u/677032?v=3&amp;s=100,,,,,,,,,,,,,,,Rich Kucera,,,,,,,,,,,,
0,jgmize,,https://avatars2.githubusercontent.com/u/161718?v=3&amp;s=100,,,,,,,,,,,,,,,Josh Mize,,,,,,,,,,,,
0,zwb-ict,,https://avatars3.githubusercontent.com/u/10378547?v=3&amp;s=100,,,,,,,,,,,,,,,Altair,,,,,,,,,,,,
0,HubKG,,https://avatars1.githubusercontent.com/u/9066798?v=3&amp;s=100,,,,,,,,,,,,,,,HubKG,,,,,,,,,,,,
0,ninrod,,https://avatars2.githubusercontent.com/u/8352747?v=3&amp;s=100,,,,,,,,,,,,,,,Filipe Silva,,,,,,,,,,,,
0,syl20bnr,,https://avatars0.githubusercontent.com/u/1243537?v=3&amp;s=100,,,,,,,,,,,,,,,Sylvain Benner,,,,,,(づ｡◕‿‿◕｡)づ,,,,,,
