﻿score,login,id,avatar_url,gravatar_id,url,html_url,followers_url,following_url,gists_url,starred_url,subscriptions_url,organizations_url,repos_url,events_url,received_events_url,type,site_admin,name,company,blog,location,email,hireable,bio,public_repos,public_gists,followers,following,created_at,updated_at
0,AndiChiou,,https://avatars2.githubusercontent.com/u/23460812?v=3&amp;s=100,,,,,,,,,,,,,,,Andi Chiou,,,,,,High school student @bartlett-high-school,,,,,,
0,Vermisse,,https://avatars2.githubusercontent.com/u/17972943?v=3&amp;s=100,,,,,,,,,,,,,,,Sunki,,,,,,Java、Scala、Clojure,,,,,,
0,BFush,,https://avatars3.githubusercontent.com/u/23432645?v=3&amp;s=100,,,,,,,,,,,,,,,Brisnee Fush,,,,,,Research graduate at Stanford University specializing in Natural Language Processing and Linguistics. Previously: Kilgraston School. Please follow me. 😄 ,,,,,,
0,stoked-zz,,https://avatars2.githubusercontent.com/u/13973828?v=3&amp;s=100,,,,,,,,,,,,,,,Amie Lynn,,,,,,,,,,,,
0,leandrw,,https://avatars0.githubusercontent.com/u/1456009?v=3&amp;s=100,,,,,,,,,,,,,,,leandrw,,,,,,A brazilian #frontend #web #developer.,,,,,,
0,angusshire,,https://avatars1.githubusercontent.com/u/5877145?v=3&amp;s=100,,,,,,,,,,,,,,,Angus H.,,,,,,Available for part-time or freelance work.,,,,,,
0,reisraff,,https://avatars3.githubusercontent.com/u/4624214?v=3&amp;s=100,,,,,,,,,,,,,,,Rafael Reis,,,,,,"Software Engineer, Open Source Enthusiast, Musician, and Poker Player.",,,,,,
0,brunocasanova,,https://avatars3.githubusercontent.com/u/4107768?v=3&amp;s=100,,,,,,,,,,,,,,,Bruno Casanova,,,,,,,,,,,,
0,cusspvz,,https://avatars2.githubusercontent.com/u/3604053?v=3&amp;s=100,,,,,,,,,,,,,,,José Moreira,,,,,,"full-stack developer, ui/ux designer, musician &amp; diy entusiast",,,,,,
0,shoshindes,,https://avatars1.githubusercontent.com/u/13901088?v=3&amp;s=100,,,,,,,,,,,,,,,Jack Thompson,,,,,,,,,,,,
0,emirias1,,https://avatars0.githubusercontent.com/u/13353815?v=3&amp;s=100,,,,,,,,,,,,,,,Emirias,,,,,,,,,,,,
0,royopa,,https://avatars1.githubusercontent.com/u/442991?v=3&amp;s=100,,,,,,,,,,,,,,,Rodrigo Prado,,,,,,,,,,,,
0,obedeugene,,https://avatars0.githubusercontent.com/u/3494971?v=3&amp;s=100,,,,,,,,,,,,,,,Obed Eugene,,,,,,Co-founder at SocialCapital ,,,,,,
0,alexandreo,,https://avatars3.githubusercontent.com/u/3910677?v=3&amp;s=100,,,,,,,,,,,,,,,Alexandre Oliveira,,,,,,temaki,,,,,,
0,gabrielpconceicao,,https://avatars0.githubusercontent.com/u/5131269?v=3&amp;s=100,,,,,,,,,,,,,,,Gabriel Conceição,,,,,,,,,,,,
0,RobertoVargas23,,https://avatars1.githubusercontent.com/u/11282801?v=3&amp;s=100,,,,,,,,,,,,,,,Roberto Vargas,,,,,,,,,,,,
0,andersondanilo,,https://avatars3.githubusercontent.com/u/5572326?v=3&amp;s=100,,,,,,,,,,,,,,,Anderson Danilo,,,,,,Developer,,,,,,
0,RenanPalmeira,,https://avatars2.githubusercontent.com/u/6018798?v=3&amp;s=100,,,,,,,,,,,,,,,Renan,,,,,,"Developer, Programming Languages, Linux, Python, Clojure, PHP, Open Source.",,,,,,
