﻿score,login,id,avatar_url,gravatar_id,url,html_url,followers_url,following_url,gists_url,starred_url,subscriptions_url,organizations_url,repos_url,events_url,received_events_url,type,site_admin,name,company,blog,location,email,hireable,bio,public_repos,public_gists,followers,following,created_at,updated_at
0,rahul-da,,https://avatars1.githubusercontent.com/u/23260322?v=3&amp;s=100,,,,,,,,,,,,,,,Rahul Das,,,,,,"I am a second year undergraduate student of Mathematics and Computing at Indian Institute of Technology,Kharagpur.",,,,,,
0,Parth-Vader,,https://avatars2.githubusercontent.com/u/16269320?v=3&amp;s=100,,,,,,,,,,,,,,,Parth Verma,,,,,,A learner.,,,,,,
0,mankeyboy,,https://avatars3.githubusercontent.com/u/6156303?v=3&amp;s=100,,,,,,,,,,,,,,,Mayank Roy,,,,,,Just another gazer into the starry night,,,,,,
0,sourav-roni,,https://avatars2.githubusercontent.com/u/16147376?v=3&amp;s=100,,,,,,,,,,,,,,,Sourav,,,,,,I am a 3rd Year Undergraduate Student of CSE at IIT Kharagpur,,,,,,
0,b18arundhati,,https://avatars2.githubusercontent.com/u/14810609?v=3&amp;s=100,,,,,,,,,,,,,,,Arundhati Banerjee,,,,,,,,,,,,
0,akhiljain0777,,https://avatars2.githubusercontent.com/u/17851646?v=3&amp;s=100,,,,,,,,,,,,,,,Akhil Jain,,,,,,,,,,,,
0,americast,,https://avatars2.githubusercontent.com/u/23132358?v=3&amp;s=100,,,,,,,,,,,,,,,Sayan Sinha,,,,,,1st year | B. Tech. | IIT Kharagpur,,,,,,
0,AndiChiou,,https://avatars2.githubusercontent.com/u/23460812?v=3&amp;s=100,,,,,,,,,,,,,,,Andi Chiou,,,,,,High school student @bartlett-high-school,,,,,,
0,Vermisse,,https://avatars2.githubusercontent.com/u/17972943?v=3&amp;s=100,,,,,,,,,,,,,,,Sunki,,,,,,Java、Scala、Clojure,,,,,,
0,ghostwriternr,,https://avatars0.githubusercontent.com/u/10023615?v=3&amp;s=100,,,,,,,,,,,,,,,Naresh,,,,,,Opening my eyes into the boundless world.,,,,,,
0,BFush,,https://avatars3.githubusercontent.com/u/23432645?v=3&amp;s=100,,,,,,,,,,,,,,,Brisnee Fush,,,,,,Research graduate at Stanford University specializing in Natural Language Processing and Linguistics. Previously: Kilgraston School. Please follow me. 😄 ,,,,,,
0,Wit-E-Kname,,https://avatars0.githubusercontent.com/u/23074495?v=3&amp;s=100,,,,,,,,,,,,,,,Wit-E-Kname,,,,,,,,,,,,
0,alumyen,,https://avatars2.githubusercontent.com/u/23034858?v=3&amp;s=100,,,,,,,,,,,,,,,alumyen,,,,,,,,,,,,
0,Vaishal-shah,,https://avatars2.githubusercontent.com/u/11445667?v=3&amp;s=100,,,,,,,,,,,,,,,Vaishal Shah,,,,,,,,,,,,
0,ritz301,,https://avatars1.githubusercontent.com/u/10402990?v=3&amp;s=100,,,,,,,,,,,,,,,Ritvik Raj,,,,,,CSE | IIT Kharagpur,,,,,,
0,webianks,,https://avatars2.githubusercontent.com/u/8144959?v=3&amp;s=100,,,,,,,,,,,,,,,Ramankit Singh,,,,,,Google Certified Associate Android Developer who likes to keep things simple and clear.,,,,,,
0,shubhamtibra,,https://avatars0.githubusercontent.com/u/9497860?v=3&amp;s=100,,,,,,,,,,,,,,,Subham Tibra,,,,,,Math and Computer Science major at I.I.T Kharagpur. I was a GSoC&#39;16 student with @sympy.,,,,,,
0,mousam05,,https://avatars3.githubusercontent.com/u/14129821?v=3&amp;s=100,,,,,,,,,,,,,,,Mousam Roy,,,,,,"Third year CS undergrad, Linux geek",,,,,,
0,madan96,,https://avatars3.githubusercontent.com/u/13871064?v=3&amp;s=100,,,,,,,,,,,,,,,Rishabh Madan,,,,,,Just doing what I love to do!,,,,,,
0,ManashRaja,,https://avatars1.githubusercontent.com/u/6487572?v=3&amp;s=100,,,,,,,,,,,,,,,Manash Pratim Das,,,,,,Undergraduate @ IIT Kharagpur,,,,,,
0,deepeshmakhijani,,https://avatars3.githubusercontent.com/u/13809096?v=3&amp;s=100,,,,,,,,,,,,,,,Deepesh Makhijani,,,,,,,,,,,,
0,pranitbauva1997,,https://avatars3.githubusercontent.com/u/2959938?v=3&amp;s=100,,,,,,,,,,,,,,,Pranit Bauva,,,,,,Sportsman turned into Programmer and Mathematician,,,,,,
0,Avikalp7,,https://avatars3.githubusercontent.com/u/15063927?v=3&amp;s=100,,,,,,,,,,,,,,,Avikalp Srivastava,,,,,,,,,,,,
0,kingofools,,https://avatars2.githubusercontent.com/u/12569767?v=3&amp;s=100,,,,,,,,,,,,,,,Surya Midatala,,,,,,,,,,,,
0,zorroblue,,https://avatars1.githubusercontent.com/u/8344320?v=3&amp;s=100,,,,,,,,,,,,,,,Rameshwar Bhaskaran,,,,,,Student at IIT Kharagpur. Coding Enthusiast!,,,,,,
0,greptruth,,https://avatars2.githubusercontent.com/u/11009231?v=3&amp;s=100,,,,,,,,,,,,,,,Satyanand,,,,,,,,,,,,
0,meetjoshi,,https://avatars2.githubusercontent.com/u/10573805?v=3&amp;s=100,,,,,,,,,,,,,,,Meet Joshi,,,,,,,,,,,,
0,raghav1296,,https://avatars0.githubusercontent.com/u/11334495?v=3&amp;s=100,,,,,,,,,,,,,,,raghav1296,,,,,,,,,,,,
0,kshitij10496,,https://avatars0.githubusercontent.com/u/12427142?v=3&amp;s=100,,,,,,,,,,,,,,,Kshitij Saraogi,,,,,,Explorer | Learner | Developer,,,,,,
0,hargup,,https://avatars1.githubusercontent.com/u/2477788?v=3&amp;s=100,,,,,,,,,,,,,,,Harsh Gupta,,,,,,,,,,,,
