﻿score,login,id,avatar_url,gravatar_id,url,html_url,followers_url,following_url,gists_url,starred_url,subscriptions_url,organizations_url,repos_url,events_url,received_events_url,type,site_admin,name,company,blog,location,email,hireable,bio,public_repos,public_gists,followers,following,created_at,updated_at
0,wilon,,https://avatars2.githubusercontent.com/u/7512755?v=3&amp;s=100,,,,,,,,,,,,,,,wilon,,,,,,PHPer.,,,,,,
0,eliehirschfield,,https://avatars1.githubusercontent.com/u/22083539?v=3&amp;s=100,,,,,,,,,,,,,,,eliehirschfield,,,,,,,,,,,,
0,jonathanegol,,https://avatars1.githubusercontent.com/u/11355405?v=3&amp;s=100,,,,,,,,,,,,,,,Jonathan Egol,,,,,,,,,,,,
0,pikhovkin,,https://avatars3.githubusercontent.com/u/630071?v=3&amp;s=100,,,,,,,,,,,,,,,Sergey Pikhovkin,,,,,,,,,,,,
0,CoR-E420,,https://avatars3.githubusercontent.com/u/23659405?v=3&amp;s=100,,,,,,,,,,,,,,,CoR-E420,,,,,,,,,,,,
0,AndiChiou,,https://avatars2.githubusercontent.com/u/23460812?v=3&amp;s=100,,,,,,,,,,,,,,,Andi Chiou,,,,,,High school student @bartlett-high-school,,,,,,
0,Vermisse,,https://avatars2.githubusercontent.com/u/17972943?v=3&amp;s=100,,,,,,,,,,,,,,,Sunki,,,,,,Java、Scala、Clojure,,,,,,
0,BFush,,https://avatars3.githubusercontent.com/u/23432645?v=3&amp;s=100,,,,,,,,,,,,,,,Brisnee Fush,,,,,,Research graduate at Stanford University specializing in Natural Language Processing and Linguistics. Previously: Kilgraston School. Please follow me. 😄 ,,,,,,
0,Mait22,,https://avatars3.githubusercontent.com/u/7687966?v=3&amp;s=100,,,,,,,,,,,,,,,Mait Metelitsa,,,,,,,,,,,,
0,foonnnnn,,https://avatars1.githubusercontent.com/u/232325?v=3&amp;s=100,,,,,,,,,,,,,,,KennethPCF,,,,,,,,,,,,
0,kfalconspb,,https://avatars1.githubusercontent.com/u/2184721?v=3&amp;s=100,,,,,,,,,,,,,,,Scott Bollinger,,,,,,,,,,,,
0,sam0hack,,https://avatars1.githubusercontent.com/u/5379650?v=3&amp;s=100,,,,,,,,,,,,,,,sam,,,,,,full stack developer,,,,,,
0,dgarner100,,https://avatars3.githubusercontent.com/u/23042337?v=3&amp;s=100,,,,,,,,,,,,,,,dgarner100,,,,,,,,,,,,
0,AeronStory,,https://avatars2.githubusercontent.com/u/22915694?v=3&amp;s=100,,,,,,,,,,,,,,,mohammad,,,,,,,,,,,,
0,shivamshekhar,,https://avatars1.githubusercontent.com/u/13262314?v=3&amp;s=100,,,,,,,,,,,,,,,Shivam Shekhar,,,,,,,,,,,,
0,munshkr,,https://avatars3.githubusercontent.com/u/4862?v=3&amp;s=100,,,,,,,,,,,,,,,Damián Silvani,,,,,,,,,,,,
0,chitrasem,,https://avatars2.githubusercontent.com/u/8621444?v=3&amp;s=100,,,,,,,,,,,,,,,Sabaychitra84,,,,,,,,,,,,
0,vasquez23,,https://avatars2.githubusercontent.com/u/13828236?v=3&amp;s=100,,,,,,,,,,,,,,,vasquez23,,,,,,,,,,,,
0,msoedov,,https://avatars1.githubusercontent.com/u/1958116?v=3&amp;s=100,,,,,,,,,,,,,,,Alex Myasoedov,,,,,,Software Engineer and FP enthusiast. ,,,,,,
0,Billybob,,https://avatars0.githubusercontent.com/u/15119?v=3&amp;s=100,,,,,,,,,,,,,,,Mickael,,,,,,,,,,,,
0,limeki,,https://avatars2.githubusercontent.com/u/22162619?v=3&amp;s=100,,,,,,,,,,,,,,,limeki,,,,,,,,,,,,
0,evinw,,https://avatars0.githubusercontent.com/u/844215?v=3&amp;s=100,,,,,,,,,,,,,,,Evin Weissenberg,,,,,,bluelab.io,,,,,,
0,alancampora,,https://avatars1.githubusercontent.com/u/4420832?v=3&amp;s=100,,,,,,,,,,,,,,,Alan Campora,,,,,,JS developer!,,,,,,
0,subhoTN,,https://avatars2.githubusercontent.com/u/16285677?v=3&amp;s=100,,,,,,,,,,,,,,,subhoTN,,,,,,,,,,,,
0,jpm7,,https://avatars2.githubusercontent.com/u/7722594?v=3&amp;s=100,,,,,,,,,,,,,,,jpm7,,,,,,,,,,,,
0,miladkahsarialhadi,,https://avatars0.githubusercontent.com/u/4937845?v=3&amp;s=100,,,,,,,,,,,,,,,Milad Kahsari Alhadi,,,,,,"I am a computer science student who has keen interest about security, system development and discrete mathematics. ",,,,,,
0,gofullthrottle,,https://avatars0.githubusercontent.com/u/12420531?v=3&amp;s=100,,,,,,,,,,,,,,,gofullthrottle,,,,,,,,,,,,
0,mckelvin,,https://avatars0.githubusercontent.com/u/865677?v=3&amp;s=100,,,,,,,,,,,,,,,"PAN, Myautsai",,,,,,,,,,,,
0,femtotrader,,https://avatars0.githubusercontent.com/u/5049737?v=3&amp;s=100,,,,,,,,,,,,,,,femtotrader,,,,,,"Geek (or nerd?), physicist (academic position) and amateur trader (trying to become a much more professional investor ;-) )",,,,,,
0,riverdarda,,https://avatars3.githubusercontent.com/u/6128008?v=3&amp;s=100,,,,,,,,,,,,,,,river hong,,,,,,,,,,,,
0,pardeep-tm,,https://avatars0.githubusercontent.com/u/4372012?v=3&amp;s=100,,,,,,,,,,,,,,,Pardeep Singh,,,,,,,,,,,,
0,zackhaikal,,https://avatars3.githubusercontent.com/u/17828772?v=3&amp;s=100,,,,,,,,,,,,,,,zackhaikal,,,,,,,,,,,,
0,sirfz,,https://avatars3.githubusercontent.com/u/4741099?v=3&amp;s=100,,,,,,,,,,,,,,,Fayez,,,,,,,,,,,,
0,stanvalentino,,https://avatars3.githubusercontent.com/u/19583170?v=3&amp;s=100,,,,,,,,,,,,,,,stanvalentino,,,,,,,,,,,,
0,P3t3rp4rk3r,,https://avatars3.githubusercontent.com/u/7028794?v=3&amp;s=100,,,,,,,,,,,,,,,Santhosh Baswa,,,,,,,,,,,,
0,gitalexchan,,https://avatars1.githubusercontent.com/u/17595016?v=3&amp;s=100,,,,,,,,,,,,,,,gitalexchan,,,,,,,,,,,,
0,gbnk0,,https://avatars1.githubusercontent.com/u/6898551?v=3&amp;s=100,,,,,,,,,,,,,,,gbnk0,,,,,,,,,,,,
0,RowlandOti,,https://avatars0.githubusercontent.com/u/8356008?v=3&amp;s=100,,,,,,,,,,,,,,,Rowland Oti,,,,,,"Your scared of how my code may make your work extremely easy, am scared of how it may not. Cheers!",,,,,,
0,Solci,,https://avatars2.githubusercontent.com/u/18383031?v=3&amp;s=100,,,,,,,,,,,,,,,Sol Ara,,,,,,,,,,,,
0,qinix,,https://avatars0.githubusercontent.com/u/1946663?v=3&amp;s=100,,,,,,,,,,,,,,,Eric Zhang,,,,,,,,,,,,
0,lubegamark,,https://avatars1.githubusercontent.com/u/4676538?v=3&amp;s=100,,,,,,,,,,,,,,,Lubega Mark,,,,,,,,,,,,
0,fly51fly,,https://avatars2.githubusercontent.com/u/128885?v=3&amp;s=100,,,,,,,,,,,,,,,fly51fly,,,,,,,,,,,,
0,GervasioCalderon,,https://avatars1.githubusercontent.com/u/13007119?v=3&amp;s=100,,,,,,,,,,,,,,,Gervasio Calderón,,,,,,,,,,,,
0,johnsmth0124,,https://avatars0.githubusercontent.com/u/14013606?v=3&amp;s=100,,,,,,,,,,,,,,,J0hn $m!h,,,,,,,,,,,,
0,derek73,,https://avatars1.githubusercontent.com/u/18306?v=3&amp;s=100,,,,,,,,,,,,,,,derek73,,,,,,,,,,,,
0,aljiwalamohsin,,https://avatars3.githubusercontent.com/u/10774925?v=3&amp;s=100,,,,,,,,,,,,,,,Mohsin,,,,,,,,,,,,
0,Lispre,,https://avatars3.githubusercontent.com/u/14808551?v=3&amp;s=100,,,,,,,,,,,,,,,zero,,,,,,,,,,,,
0,pythontrending,,https://avatars0.githubusercontent.com/u/10108228?v=3&amp;s=100,,,,,,,,,,,,,,,pythontrending,,,,,,,,,,,,
0,ParinVachhani,,https://avatars0.githubusercontent.com/u/8489742?v=3&amp;s=100,,,,,,,,,,,,,,,Parin,,,,,,Live Free or Die Hard!,,,,,,
0,ideaplat,,https://avatars2.githubusercontent.com/u/2016679?v=3&amp;s=100,,,,,,,,,,,,,,,zhaowindy,,,,,,oooo,,,,,,
0,jescalante,,https://avatars3.githubusercontent.com/u/157633?v=3&amp;s=100,,,,,,,,,,,,,,,Jose Escalante,,,,,,,,,,,,
