﻿score,login,id,avatar_url,gravatar_id,url,html_url,followers_url,following_url,gists_url,starred_url,subscriptions_url,organizations_url,repos_url,events_url,received_events_url,type,site_admin,name,company,blog,location,email,hireable,bio,public_repos,public_gists,followers,following,created_at,updated_at
0,GENiusWZ,,https://avatars3.githubusercontent.com/u/17812109?v=3&amp;s=100,,,,,,,,,,,,,,,WYn,,,,,,,,,,,,
0,AndiChiou,,https://avatars2.githubusercontent.com/u/23460812?v=3&amp;s=100,,,,,,,,,,,,,,,Andi Chiou,,,,,,High school student @bartlett-high-school,,,,,,
0,haitaochen,,https://avatars3.githubusercontent.com/u/14857317?v=3&amp;s=100,,,,,,,,,,,,,,,hitcker,,,,,,You can call me Susan if it makes you happy,,,,,,
0,BFush,,https://avatars3.githubusercontent.com/u/23432645?v=3&amp;s=100,,,,,,,,,,,,,,,Brisnee Fush,,,,,,Research graduate at Stanford University specializing in Natural Language Processing and Linguistics. Previously: Kilgraston School. Please follow me. 😄 ,,,,,,
0,KungW,,https://avatars1.githubusercontent.com/u/22239603?v=3&amp;s=100,,,,,,,,,,,,,,,KungW,,,,,,,,,,,,
0,yfgeek,,https://avatars2.githubusercontent.com/u/7533831?v=3&amp;s=100,,,,,,,,,,,,,,,Ivan,,,,,,,,,,,,
0,Vermisse,,https://avatars2.githubusercontent.com/u/17972943?v=3&amp;s=100,,,,,,,,,,,,,,,Sunki,,,,,,Java、Scala、Clojure,,,,,,
0,ultrasilicon,,https://avatars2.githubusercontent.com/u/11886827?v=3&amp;s=100,,,,,,,,,,,,,,,Tim Z.,,,,,,"Live to be happy, design to be loved.",,,,,,
0,jjs1233,,https://avatars2.githubusercontent.com/u/14259711?v=3&amp;s=100,,,,,,,,,,,,,,,Smalt,,,,,,,,,,,,
0,gaotongfei,,https://avatars3.githubusercontent.com/u/7582133?v=3&amp;s=100,,,,,,,,,,,,,,,Taff Gao,,,,,,Hammer is a hamster. Cheers!,,,,,,
0,yaotong3020152451,,https://avatars1.githubusercontent.com/u/16290576?v=3&amp;s=100,,,,,,,,,,,,,,,yaotong3020152451,,,,,,,,,,,,
0,xiaowei223,,https://avatars0.githubusercontent.com/u/19906226?v=3&amp;s=100,,,,,,,,,,,,,,,xiaowei223,,,,,,,,,,,,
0,Houjingchao,,https://avatars0.githubusercontent.com/u/18436312?v=3&amp;s=100,,,,,,,,,,,,,,,Houjingchao,,,,,,,,,,,,
0,irshuLx,,https://avatars1.githubusercontent.com/u/12872191?v=3&amp;s=100,,,,,,,,,,,,,,,Irshu,,,,,,"Rolls with  Android. Follower of Dubstep, Rock music, Cyberpunk....and cats?",,,,,,
0,gmkhussain,,https://avatars2.githubusercontent.com/u/1250826?v=3&amp;s=100,,,,,,,,,,,,,,,GMK Hussain,,,,,,,,,,,,
0,AdiChat,,https://avatars0.githubusercontent.com/u/10634210?v=3&amp;s=100,,,,,,,,,,,,,,,Ãditya⛄Chatterjee,,,,,,✌️ 🎅 gave me a stone. 🍥 + 🎁 + 🍷 💃 ,,,,,,
0,olehch,,https://avatars2.githubusercontent.com/u/2100323?v=3&amp;s=100,,,,,,,,,,,,,,,Oleh,,,,,,Musician / Engineer,,,,,,
0,MichalPaszkiewicz,,https://avatars2.githubusercontent.com/u/6673982?v=3&amp;s=100,,,,,,,,,,,,,,,Michal Paszkiewicz,,,,,,Just a guy who likes to make things @MichalYouDoing,,,,,,
0,yoshitomimaehara,,https://avatars3.githubusercontent.com/u/5152862?v=3&amp;s=100,,,,,,,,,,,,,,,Yoshitomi Maehara,,,,,,,,,,,,
0,elaine96,,https://avatars1.githubusercontent.com/u/14259792?v=3&amp;s=100,,,,,,,,,,,,,,,ELAINE,,,,,,,,,,,,
