﻿score,login,id,avatar_url,gravatar_id,url,html_url,followers_url,following_url,gists_url,starred_url,subscriptions_url,organizations_url,repos_url,events_url,received_events_url,type,site_admin,name,company,blog,location,email,hireable,bio,public_repos,public_gists,followers,following,created_at,updated_at
0,MaxySpark,,https://avatars1.githubusercontent.com/u/8802860?v=3&amp;s=100,,,,,,,,,,,,,,,BHARGAB,,,,,,,,,,,,
0,ShubhamBadal,,https://avatars1.githubusercontent.com/u/6375378?v=3&amp;s=100,,,,,,,,,,,,,,,Shubham Badal,,,,,,,,,,,,
0,wxmahen,,https://avatars2.githubusercontent.com/u/13268706?v=3&amp;s=100,,,,,,,,,,,,,,,Mahen Samaranayake,,,,,,A huge fan of AI and Big Data.,,,,,,
0,AndiChiou,,https://avatars2.githubusercontent.com/u/23460812?v=3&amp;s=100,,,,,,,,,,,,,,,Andi Chiou,,,,,,High school student @bartlett-high-school,,,,,,
0,devashishmamgain,,https://avatars3.githubusercontent.com/u/159686?v=3&amp;s=100,,,,,,,,,,,,,,,Devashish Datt Mamgain,,,,,,Cofounder @Applozic - Chat &amp; Messaging SDK,,,,,,
0,zerocool443,,https://avatars0.githubusercontent.com/u/11675258?v=3&amp;s=100,,,,,,,,,,,,,,,Akash Thakur,,,,,,,,,,,,
0,angusshire,,https://avatars1.githubusercontent.com/u/5877145?v=3&amp;s=100,,,,,,,,,,,,,,,Angus H.,,,,,,Available for part-time or freelance work.,,,,,,
0,poke19962008,,https://avatars2.githubusercontent.com/u/9280180?v=3&amp;s=100,,,,,,,,,,,,,,,Sayan Das,,,,,,B.Tech sophomore in Computer Science at SRM University. I am open for  projects or avenues that can help me learn new things in the world of computers.,,,,,,
