﻿score,login,id,avatar_url,gravatar_id,url,html_url,followers_url,following_url,gists_url,starred_url,subscriptions_url,organizations_url,repos_url,events_url,received_events_url,type,site_admin,name,company,blog,location,email,hireable,bio,public_repos,public_gists,followers,following,created_at,updated_at
0,Chaklader,,https://avatars2.githubusercontent.com/u/1360249?v=3&amp;s=100,,,,,,,,,,,,,,,Chaklader,,,,,,Follow the rabbit hole down your influences,,,,,,
0,RootCode71,,https://avatars3.githubusercontent.com/u/16268719?v=3&amp;s=100,,,,,,,,,,,,,,,Tanjin Adnan Abir,,,,,,,,,,,,
0,t0n4r,,https://avatars3.githubusercontent.com/u/24549684?v=3&amp;s=100,,,,,,,,,,,,,,,Murshed Al-Amin,,,,,,: Super-Villain.,,,,,,
0,ofsazib,,https://avatars0.githubusercontent.com/u/11788555?v=3&amp;s=100,,,,,,,,,,,,,,,Omar Faruk Sazib,,,,,,,,,,,,
0,abidkhan484,,https://avatars2.githubusercontent.com/u/15053047?v=3&amp;s=100,,,,,,,,,,,,,,,AbId KhAn,,,,,,update is coming soon........,,,,,,
0,Nabid,,https://avatars3.githubusercontent.com/u/4307574?v=3&amp;s=100,,,,,,,,,,,,,,,Md. Nabid Imteaj,,,,,,,,,,,,
0,Shuvo-mandol,,https://avatars2.githubusercontent.com/u/15196891?v=3&amp;s=100,,,,,,,,,,,,,,,Shuvo mandol,,,,,,,,,,,,
0,hrittwik,,https://avatars0.githubusercontent.com/u/5450051?v=3&amp;s=100,,,,,,,,,,,,,,,Hrittwik,,,,,,,,,,,,
0,AndiChiou,,https://avatars2.githubusercontent.com/u/23460812?v=3&amp;s=100,,,,,,,,,,,,,,,Andi Chiou,,,,,,High school student @bartlett-high-school,,,,,,
0,shawonis08,,https://avatars0.githubusercontent.com/u/15838889?v=3&amp;s=100,,,,,,,,,,,,,,,Shahidul Islam,,,,,,I like to dream &amp; try to my Dream come true with my hard work.,,,,,,
0,Mituvinci,,https://avatars3.githubusercontent.com/u/11071607?v=3&amp;s=100,,,,,,,,,,,,,,,Halima Akhter Mitu,,,,,,"I like to write program . I like to know about new technologies, learn programming languages, love to meet geeks.  ",,,,,,
0,doha420du,,https://avatars0.githubusercontent.com/u/8086387?v=3&amp;s=100,,,,,,,,,,,,,,,Hasan Doha,,,,,,,,,,,,
0,cmabdullah,,https://avatars2.githubusercontent.com/u/15700877?v=3&amp;s=100,,,,,,,,,,,,,,,C M Abdullah Khan,,,,,,https://twitter.com/CMAbdullahKhan,,,,,,
0,hemel-cse,,https://avatars3.githubusercontent.com/u/6664461?v=3&amp;s=100,,,,,,,,,,,,,,,Md Hashibul Amin,,,,,,,,,,,,
0,aniruddh214,,https://avatars0.githubusercontent.com/u/24314942?v=3&amp;s=100,,,,,,,,,,,,,,,Aniruddh Saxena,,,,,,"HI, I’M aniru SAXENA FROM INDIA. BASICALLY, I AM A SOFTWARE ENGINEER – TEST, WORKING PRESENTLY WITH SYSTWEAK SOFTWARES, JAIPUR (RAJ.), INDIA. AS FAR AS MY ACADE",,,,,,
0,merin83,,https://avatars0.githubusercontent.com/u/4384466?v=3&amp;s=100,,,,,,,,,,,,,,,Md. Estiak Ahmmed (Merin),,,,,,,,,,,,
0,ailuropodaAvenger,,https://avatars1.githubusercontent.com/u/17966214?v=3&amp;s=100,,,,,,,,,,,,,,,ailuropodaAvenger,,,,,,,,,,,,
0,faysalhaque,,https://avatars1.githubusercontent.com/u/6605465?v=3&amp;s=100,,,,,,,,,,,,,,,Faysal Ul Haque,,,,,,,,,,,,
0,harun1393,,https://avatars2.githubusercontent.com/u/9543395?v=3&amp;s=100,,,,,,,,,,,,,,,Harun Or Rashid,,,,,,,,,,,,
0,asliabir,,https://avatars0.githubusercontent.com/u/20683047?v=3&amp;s=100,,,,,,,,,,,,,,,Md. Abiruzzaman Molla,,,,,,"My self Abir, I&#39;m a student of Feni Computer Institute under The department of Data telecommunication &amp; networking . I want to be a Software Engineer.   ",,,,,,
0,swarupsro,,https://avatars3.githubusercontent.com/u/7780919?v=3&amp;s=100,,,,,,,,,,,,,,,Swarup Saha,,,,,,"Open Source, Computer Network and Security Enthusiast",,,,,,
0,isakib,,https://avatars2.githubusercontent.com/u/476985?v=3&amp;s=100,,,,,,,,,,,,,,,Sakib Mahmud,,,,,,,,,,,,
0,arifinrahman,,https://avatars0.githubusercontent.com/u/16328665?v=3&amp;s=100,,,,,,,,,,,,,,,arifinrahman,,,,,,,,,,,,
0,shemul,,https://avatars3.githubusercontent.com/u/869628?v=3&amp;s=100,,,,,,,,,,,,,,,Shemul Hossain,,,,,,A polyglot programmer with enhanced aspect,,,,,,
0,AlaminMahamud,,https://avatars0.githubusercontent.com/u/11760918?v=3&amp;s=100,,,,,,,,,,,,,,,Md. Alamin Mahamud,,,,,,Adrenaline Rush,,,,,,
0,yfgeek,,https://avatars2.githubusercontent.com/u/7533831?v=3&amp;s=100,,,,,,,,,,,,,,,Ivan,,,,,,,,,,,,
0,yajoarderhimel,,https://avatars2.githubusercontent.com/u/12533056?v=3&amp;s=100,,,,,,,,,,,,,,,yajoarderhimel,,,,,,,,,,,,
0,mhraju,,https://avatars2.githubusercontent.com/u/12496228?v=3&amp;s=100,,,,,,,,,,,,,,,Maksudul Hasan Raju,,,,,,,,,,,,
0,BFush,,https://avatars3.githubusercontent.com/u/23432645?v=3&amp;s=100,,,,,,,,,,,,,,,Brisnee Fush,,,,,,Research graduate at Stanford University specializing in Natural Language Processing and Linguistics. Previously: Kilgraston School. Please follow me. 😄 ,,,,,,
0,shakib609,,https://avatars0.githubusercontent.com/u/3992124?v=3&amp;s=100,,,,,,,,,,,,,,,Shakib Hossain,,,,,,A person who loves www and gaming,,,,,,
0,xphabib,,https://avatars1.githubusercontent.com/u/16209844?v=3&amp;s=100,,,,,,,,,,,,,,,Mohammah Habibur Rahman,,,,,,,,,,,,
0,deepakpathania,,https://avatars1.githubusercontent.com/u/15071438?v=3&amp;s=100,,,,,,,,,,,,,,,Deepak Pathania,,,,,,https://about.me/deepakpathania,,,,,,
0,memotiur,,https://avatars3.githubusercontent.com/u/9117362?v=3&amp;s=100,,,,,,,,,,,,,,,Md. Motiur Rahaman,,,,,,,,,,,,
0,anindyaspaul,,https://avatars1.githubusercontent.com/u/5926675?v=3&amp;s=100,,,,,,,,,,,,,,,Anindya Sundar Paul,,,,,,,,,,,,
0,rauaha,,https://avatars2.githubusercontent.com/u/7415359?v=3&amp;s=100,,,,,,,,,,,,,,,Mahmud Al Hasan,,,,,,,,,,,,
0,SanjithKanagavel,,https://avatars2.githubusercontent.com/u/9746842?v=3&amp;s=100,,,,,,,,,,,,,,,Sanjith Jothi Kanagavel,,,,,,iOS/Android/Windows/Game/IOT turns me on for the game 😍,,,,,,
0,Vermisse,,https://avatars2.githubusercontent.com/u/17972943?v=3&amp;s=100,,,,,,,,,,,,,,,Sunki,,,,,,Java、Scala、Clojure,,,,,,
0,VijayRameshR,,https://avatars0.githubusercontent.com/u/22904005?v=3&amp;s=100,,,,,,,,,,,,,,,VijayRameshR,,,,,,,,,,,,
0,shivamshekhar,,https://avatars1.githubusercontent.com/u/13262314?v=3&amp;s=100,,,,,,,,,,,,,,,Shivam Shekhar,,,,,,,,,,,,
0,AnabetsyR,,https://avatars0.githubusercontent.com/u/17307011?v=3&amp;s=100,,,,,,,,,,,,,,,AnabetsyR,,,,,,,,,,,,
0,kspine,,https://avatars3.githubusercontent.com/u/1188221?v=3&amp;s=100,,,,,,,,,,,,,,,wangxiusong,,,,,,,,,,,,
0,ferguson-abel,,https://avatars3.githubusercontent.com/u/17093317?v=3&amp;s=100,,,,,,,,,,,,,,,JOSHUA ABEL ,,,,,,Software Engineer @ MoonSAT Technology.,,,,,,
0,ultrasilicon,,https://avatars2.githubusercontent.com/u/11886827?v=3&amp;s=100,,,,,,,,,,,,,,,Tim Z.,,,,,,"Live to be happy, design to be loved.",,,,,,
0,abdalimran,,https://avatars0.githubusercontent.com/u/5567760?v=3&amp;s=100,,,,,,,,,,,,,,,Abdullah Al Imran,,,,,,"A passionate programmer | Java, Android &amp; Python developer | Machine Learning &amp; Data Science",,,,,,
0,evinw,,https://avatars0.githubusercontent.com/u/844215?v=3&amp;s=100,,,,,,,,,,,,,,,Evin Weissenberg,,,,,,bluelab.io,,,,,,
0,charbz,,https://avatars3.githubusercontent.com/u/2410246?v=3&amp;s=100,,,,,,,,,,,,,,,Charbel,,,,,,"My name is Charbel, I am a developer working out of San Francisco. When not coding or tinkering with devices, I&#39;m out hiking the outdoors",,,,,,
0,codeheadshopon,,https://avatars3.githubusercontent.com/u/14003684?v=3&amp;s=100,,,,,,,,,,,,,,,Md Shopon,,,,,,Hello. I am a competitive programmer. I am currently doing some research on convolutional neural network. I have great enthusiasm on Machine learning.,,,,,,
0,theUnspecified,,https://avatars3.githubusercontent.com/u/15657244?v=3&amp;s=100,,,,,,,,,,,,,,,Kazi Mejbaul Islam,,,,,,hobbyist,,,,,,
0,wasi0013,,https://avatars0.githubusercontent.com/u/3449675?v=3&amp;s=100,,,,,,,,,,,,,,,Wasi Mohammed Abdullah,,,,,,* Day Dreamer * Night Owl * Thinker * Python Enthusiast * JavaScript Admirer * Love Chess &amp; Music  + An introvert with Exception,,,,,,
0,ziaridoy20,,https://avatars3.githubusercontent.com/u/5106449?v=3&amp;s=100,,,,,,,,,,,,,,,Ziauddin Ridoy,,,,,,,,,,,,
0,abrarShariar,,https://avatars2.githubusercontent.com/u/11766606?v=3&amp;s=100,,,,,,,,,,,,,,,Abrar Shariar,,,,,,building cool stuffs and loving it,,,,,,
