﻿score,blog,login,hireable,id,public_gists,avatar_url,gravatar_id,url,html_url,followers_url,following_url,gists_url,starred_url,subscriptions_url,organizations_url,repos_url,events_url,received_events_url,type,site_admin,name,company,location,email,bio,public_repos,followers,following,created_at,updated_at
0,,paulhendricks,,,,https://avatars2.githubusercontent.com/u/7489752?v=3&amp;s=100,,,,,,,,,,,,,,,Paul Hendricks,,,,"Machine Learning Engineer, Data Scientist, Entrepreneur. Avid cook and runner. ",,,,,
0,,g3k0,,,,https://avatars1.githubusercontent.com/u/4429186?v=3&amp;s=100,,,,,,,,,,,,,,,Christian Palazzo,,,,,,,,,
0,,AndiChiou,,,,https://avatars2.githubusercontent.com/u/23460812?v=3&amp;s=100,,,,,,,,,,,,,,,Andi Chiou,,,,High school student @bartlett-high-school,,,,,
0,,aniruddh214,,,,https://avatars0.githubusercontent.com/u/24314942?v=3&amp;s=100,,,,,,,,,,,,,,,Aniruddh Saxena,,,,"HI, I’M aniru SAXENA FROM INDIA. BASICALLY, I AM A SOFTWARE ENGINEER – TEST, WORKING PRESENTLY WITH SYSTWEAK SOFTWARES, JAIPUR (RAJ.), INDIA. AS FAR AS MY ACADE",,,,,
0,,Vermisse,,,,https://avatars2.githubusercontent.com/u/17972943?v=3&amp;s=100,,,,,,,,,,,,,,,Sunki,,,,Java、Scala、Clojure,,,,,
0,,brunocvcunha,,,,https://avatars2.githubusercontent.com/u/3207647?v=3&amp;s=100,,,,,,,,,,,,,,,Bruno Candido Volpato da Cunha,,,,☕️  💻  ,,,,,
0,,BFush,,,,https://avatars3.githubusercontent.com/u/23432645?v=3&amp;s=100,,,,,,,,,,,,,,,Brisnee Fush,,,,Research graduate at Stanford University specializing in Natural Language Processing and Linguistics. Previously: Kilgraston School. Please follow me. 😄 ,,,,,
