﻿score,following,login,id,avatar_url,gravatar_id,url,html_url,followers_url,following_url,gists_url,starred_url,subscriptions_url,organizations_url,repos_url,events_url,received_events_url,type,site_admin,name,company,blog,location,email,hireable,bio,public_repos,public_gists,followers,created_at,updated_at
0,,dsbeginner,,https://avatars2.githubusercontent.com/u/24223030?v=3&amp;s=100,,,,,,,,,,,,,,,dsbeginner,,,,,,,,,,,
0,,RiccardoZaffalon,,https://avatars1.githubusercontent.com/u/5782262?v=3&amp;s=100,,,,,,,,,,,,,,,Riccardo Zaffalon,,,,,,,,,,,
0,,AndiChiou,,https://avatars2.githubusercontent.com/u/23460812?v=3&amp;s=100,,,,,,,,,,,,,,,Andi Chiou,,,,,,High school student @bartlett-high-school,,,,,
0,,BFush,,https://avatars3.githubusercontent.com/u/23432645?v=3&amp;s=100,,,,,,,,,,,,,,,Brisnee Fush,,,,,,Research graduate at Stanford University specializing in Natural Language Processing and Linguistics. Previously: Kilgraston School. Please follow me. 😄 ,,,,,
0,,Vermisse,,https://avatars2.githubusercontent.com/u/17972943?v=3&amp;s=100,,,,,,,,,,,,,,,Sunki,,,,,,Java、Scala、Clojure,,,,,
0,,ReidHolmes,,https://avatars3.githubusercontent.com/u/17958554?v=3&amp;s=100,,,,,,,,,,,,,,,Reidholmes,,,,,,,,,,,
0,,RogerFederer03,,https://avatars1.githubusercontent.com/u/5633006?v=3&amp;s=100,,,,,,,,,,,,,,,Zheng Luo,,,,,,Talk is cheap. Show me the code. -- Linus Torvalds,,,,,
0,,Gooooodman,,https://avatars0.githubusercontent.com/u/13062160?v=3&amp;s=100,,,,,,,,,,,,,,,Goooood,,,,,,give me your love!,,,,,
0,,officialkhairi,,https://avatars0.githubusercontent.com/u/16029696?v=3&amp;s=100,,,,,,,,,,,,,,,Ahmed khairi,,,,,,,,,,,
0,,stoked-zz,,https://avatars2.githubusercontent.com/u/13973828?v=3&amp;s=100,,,,,,,,,,,,,,,Amie Lynn,,,,,,,,,,,
0,,angusshire,,https://avatars1.githubusercontent.com/u/5877145?v=3&amp;s=100,,,,,,,,,,,,,,,Angus H.,,,,,,Available for part-time or freelance work.,,,,,
0,,Alireza-Dezfoolian,,https://avatars1.githubusercontent.com/u/2324821?v=3&amp;s=100,,,,,,,,,,,,,,,Alireza,,,,,,My name is Alireza Dezfoolian Senior front end Developer/ UI Designer located in Sydney atm,,,,,
0,,mildronize,,https://avatars2.githubusercontent.com/u/3647850?v=3&amp;s=100,,,,,,,,,,,,,,,Thada Wangthammang,,,,,,Master Student,,,,,
0,,ratedali,,https://avatars3.githubusercontent.com/u/6123799?v=3&amp;s=100,,,,,,,,,,,,,,,Ali Salah,,,,,,,,,,,
