﻿score,login,id,avatar_url,gravatar_id,url,html_url,followers_url,following_url,gists_url,starred_url,subscriptions_url,organizations_url,repos_url,events_url,received_events_url,type,site_admin,name,company,blog,location,email,hireable,bio,public_repos,public_gists,followers,following,created_at,updated_at
0,orangeC,,https://avatars0.githubusercontent.com/u/21263650?v=3&amp;s=100,,,,,,,,,,,,,,,Cheng,,,,,,,,,,,,
0,AndiChiou,,https://avatars2.githubusercontent.com/u/23460812?v=3&amp;s=100,,,,,,,,,,,,,,,Andi Chiou,,,,,,High school student @bartlett-high-school,,,,,,
0,BFush,,https://avatars3.githubusercontent.com/u/23432645?v=3&amp;s=100,,,,,,,,,,,,,,,Brisnee Fush,,,,,,Research graduate at Stanford University specializing in Natural Language Processing and Linguistics. Previously: Kilgraston School. Please follow me. 😄 ,,,,,,
0,chongbenben,,https://avatars0.githubusercontent.com/u/21237518?v=3&amp;s=100,,,,,,,,,,,,,,,种奔奔,,,,,,FEE in China.,,,,,,
0,Vermisse,,https://avatars2.githubusercontent.com/u/17972943?v=3&amp;s=100,,,,,,,,,,,,,,,Sunki,,,,,,Java、Scala、Clojure,,,,,,
0,priest-jjn,,https://avatars0.githubusercontent.com/u/15652537?v=3&amp;s=100,,,,,,,,,,,,,,,priest-jjn,,,,,,,,,,,,
0,XiaoLeee,,https://avatars0.githubusercontent.com/u/20492543?v=3&amp;s=100,,,,,,,,,,,,,,,XiaoLeee,,,,,,,,,,,,
0,kspine,,https://avatars3.githubusercontent.com/u/1188221?v=3&amp;s=100,,,,,,,,,,,,,,,wangxiusong,,,,,,,,,,,,
0,kenpusney,,https://avatars0.githubusercontent.com/u/1501332?v=3&amp;s=100,,,,,,,,,,,,,,,Kimmy Leo,,,,,,Programming Language F**ker,,,,,,
0,EDD-GH,,https://avatars2.githubusercontent.com/u/19351694?v=3&amp;s=100,,,,,,,,,,,,,,,E.D,,,,,,,,,,,,
0,lucky-beans,,https://avatars0.githubusercontent.com/u/18460367?v=3&amp;s=100,,,,,,,,,,,,,,,lucky-beans,,,,,,,,,,,,
0,eyesfrog,,https://avatars0.githubusercontent.com/u/7132922?v=3&amp;s=100,,,,,,,,,,,,,,,Zhan Yu,,,,,,,,,,,,
0,pisual,,https://avatars0.githubusercontent.com/u/9153294?v=3&amp;s=100,,,,,,,,,,,,,,,FelixSion,,,,,,DSN Pisual 首席设计师、蟾宫折桂科技有限公司技术总监、月牙堂科技有限公司技术总监、Stargazer（观星者）首席设计师,,,,,,
0,lhmouse,,https://avatars3.githubusercontent.com/u/5071344?v=3&amp;s=100,,,,,,,,,,,,,,,LH_Mouse,,,,,,For the Red Army!,,,,,,
0,Matrixbirds,,https://avatars1.githubusercontent.com/u/9990676?v=3&amp;s=100,,,,,,,,,,,,,,,matrixbirds,,,,,,,,,,,,
0,mahmoudparsian,,https://avatars0.githubusercontent.com/u/2573520?v=3&amp;s=100,,,,,,,,,,,,,,,Mahmoud Parsian,,,,,,Mahmoud Parsian has a PhD in computer science and is a software architect and author. He leads Illumina&#39;s Big Data team focused on large-scale genome analytics.,,,,,,
0,allenx,,https://avatars1.githubusercontent.com/u/2217581?v=3&amp;s=100,,,,,,,,,,,,,,,Allen X,,,,,,,,,,,,
0,XiaotianJin,,https://avatars3.githubusercontent.com/u/10831555?v=3&amp;s=100,,,,,,,,,,,,,,,XTST,,,,,,a green hand in coding,,,,,,
0,soyelmnd,,https://avatars2.githubusercontent.com/u/2678063?v=3&amp;s=100,,,,,,,,,,,,,,,Minh Nguyen,,,,,,,,,,,,
0,Whistlle,,https://avatars0.githubusercontent.com/u/7846394?v=3&amp;s=100,,,,,,,,,,,,,,,Whistlle,,,,,,,,,,,,
0,l1nxy,,https://avatars1.githubusercontent.com/u/12152770?v=3&amp;s=100,,,,,,,,,,,,,,,l1nxy,,,,,,,,,,,,
0,zhuixunforever,,https://avatars2.githubusercontent.com/u/9960172?v=3&amp;s=100,,,,,,,,,,,,,,,zhuixunforever,,,,,,,,,,,,
0,johnalex01,,https://avatars0.githubusercontent.com/u/12949163?v=3&amp;s=100,,,,,,,,,,,,,,,johnalex01,,,,,,,,,,,,
0,nobystander,,https://avatars2.githubusercontent.com/u/9493961?v=3&amp;s=100,,,,,,,,,,,,,,,GYH,,,,,,Today is a new day~,,,,,,
0,LYP951018,,https://avatars2.githubusercontent.com/u/5786586?v=3&amp;s=100,,,,,,,,,,,,,,,刘雨培,,,,,,,,,,,,
0,zhiyb,,https://avatars0.githubusercontent.com/u/5932502?v=3&amp;s=100,,,,,,,,,,,,,,,Norman Zhi,,,,,,Electronic hobbyist 😝,,,,,,
0,yyj-beatgithub,,https://avatars0.githubusercontent.com/u/10831670?v=3&amp;s=100,,,,,,,,,,,,,,,yyj-beatgithub,,,,,,,,,,,,
0,ProfessorJiang,,https://avatars2.githubusercontent.com/u/10169089?v=3&amp;s=100,,,,,,,,,,,,,,,Jiang Wei,,,,,,,,,,,,
0,rootming,,https://avatars0.githubusercontent.com/u/6301465?v=3&amp;s=100,,,,,,,,,,,,,,,rootming,,,,,,,,,,,,
