﻿score,login,id,avatar_url,gravatar_id,url,html_url,followers_url,following_url,gists_url,starred_url,subscriptions_url,organizations_url,repos_url,events_url,received_events_url,type,site_admin,name,company,blog,location,email,hireable,bio,public_repos,public_gists,followers,following,created_at,updated_at
0,AndiChiou,,https://avatars2.githubusercontent.com/u/23460812?v=3&amp;s=100,,,,,,,,,,,,,,,Andi Chiou,,,,,,High school student @bartlett-high-school,,,,,,
0,BFush,,https://avatars3.githubusercontent.com/u/23432645?v=3&amp;s=100,,,,,,,,,,,,,,,Brisnee Fush,,,,,,Research graduate at Stanford University specializing in Natural Language Processing and Linguistics. Previously: Kilgraston School. Please follow me. 😄 ,,,,,,
0,mateusnava,,https://avatars0.githubusercontent.com/u/3704377?v=3&amp;s=100,,,,,,,,,,,,,,,Mateus Nava,,,,,,,,,,,,
0,henrique-rotava,,https://avatars0.githubusercontent.com/u/3440998?v=3&amp;s=100,,,,,,,,,,,,,,,Henrique Rotava,,,,,,,,,,,,
0,ramcnrk,,https://avatars3.githubusercontent.com/u/12997880?v=3&amp;s=100,,,,,,,,,,,,,,,Ram,,,,,,,,,,,,
0,bmrrossi,,https://avatars3.githubusercontent.com/u/4509111?v=3&amp;s=100,,,,,,,,,,,,,,,Bruno Michel Rossi,,,,,,,,,,,,
0,EduwHS,,https://avatars1.githubusercontent.com/u/6845999?v=3&amp;s=100,,,,,,,,,,,,,,,Eduardo H Smaniotto,,,,,,,,,,,,
0,GuiSevero,,https://avatars0.githubusercontent.com/u/2412494?v=3&amp;s=100,,,,,,,,,,,,,,,Guilherme Severo,,,,,,,,,,,,
0,joamcc,,https://avatars0.githubusercontent.com/u/6345799?v=3&amp;s=100,,,,,,,,,,,,,,,joamcc,,,,,,,,,,,,
0,AugustMesavila,,https://avatars1.githubusercontent.com/u/9134037?v=3&amp;s=100,,,,,,,,,,,,,,,AugustMesavila,,,,,,,,,,,,
0,aadario,,https://avatars0.githubusercontent.com/u/9122874?v=3&amp;s=100,,,,,,,,,,,,,,,Alexandro Magno dos Santos Adário,,,,,,,,,,,,
0,eduardofbs,,https://avatars0.githubusercontent.com/u/1022592?v=3&amp;s=100,,,,,,,,,,,,,,,Eduardo Fialho Barcellos da Silva,,,,,,,,,,,,
0,madalozzo,,https://avatars0.githubusercontent.com/u/9031156?v=3&amp;s=100,,,,,,,,,,,,,,,Saulo Matte Madalozzo,,,,,,,,,,,,
0,JulioCesarCeron,,https://avatars3.githubusercontent.com/u/7506632?v=3&amp;s=100,,,,,,,,,,,,,,,Julio Cesar Ceron,,,,,,,,,,,,
0,guxlightyear,,https://avatars0.githubusercontent.com/u/2995598?v=3&amp;s=100,,,,,,,,,,,,,,,Gustavo,,,,,,,,,,,,
