﻿score,login,id,avatar_url,gravatar_id,url,html_url,followers_url,following_url,gists_url,starred_url,subscriptions_url,organizations_url,repos_url,events_url,received_events_url,type,site_admin,name,company,blog,location,email,hireable,bio,public_repos,public_gists,followers,following,created_at,updated_at
0,akkuraten,,https://avatars2.githubusercontent.com/u/20773735?v=3&amp;s=100,,,,,,,,,,,,,,,Zaira Akhmednanova,,,,,,,,,,,,
0,cryptojojo,,https://avatars1.githubusercontent.com/u/19403330?v=3&amp;s=100,,,,,,,,,,,,,,,Joseph Miller,,,,,,"Computer Science, Computational Philosophy, and Math! Augsburg College 19&#39; / Ann Arbor, MI  ---  Minneapolis, MN",,,,,,
0,mikeant42,,https://avatars2.githubusercontent.com/u/8772919?v=3&amp;s=100,,,,,,,,,,,,,,,Michael Antkiewicz,,,,,,,,,,,,
0,paulponcet,,https://avatars1.githubusercontent.com/u/7842619?v=3&amp;s=100,,,,,,,,,,,,,,,paulponcet,,,,,,,,,,,,
0,dsbeginner,,https://avatars2.githubusercontent.com/u/24223030?v=3&amp;s=100,,,,,,,,,,,,,,,dsbeginner,,,,,,,,,,,,
0,CatsCauseTypos,,https://avatars3.githubusercontent.com/u/2908993?v=3&amp;s=100,,,,,,,,,,,,,,,CatsCauseTypos,,,,,,"Genetics, physiology, abiotic stress &amp; comments akin to reading a character&#39;s subtext in a cheesy B-movie",,,,,,
0,svzdvd,,https://avatars1.githubusercontent.com/u/201131?v=3&amp;s=100,,,,,,,,,,,,,,,Davide Savazzi,,,,,,,,,,,,
0,raghoo2k,,https://avatars0.githubusercontent.com/u/22287737?v=3&amp;s=100,,,,,,,,,,,,,,,raghoo2k,,,,,,,,,,,,
0,AndiChiou,,https://avatars2.githubusercontent.com/u/23460812?v=3&amp;s=100,,,,,,,,,,,,,,,Andi Chiou,,,,,,High school student @bartlett-high-school,,,,,,
0,odellus,,https://avatars1.githubusercontent.com/u/4686956?v=3&amp;s=100,,,,,,,,,,,,,,,Tomas Wood,,,,,,"Applied mathematician, AI Researcher, CTO of @synpon",,,,,,
0,stackdump,,https://avatars1.githubusercontent.com/u/243500?v=3&amp;s=100,,,,,,,,,,,,,,,Matt York,,,,,,,,,,,,
0,hendrikTpl,,https://avatars3.githubusercontent.com/u/1456202?v=3&amp;s=100,,,,,,,,,,,,,,,Hendrik Tampubolon,,,,,,,,,,,,
0,pieromarini,,https://avatars2.githubusercontent.com/u/3758811?v=3&amp;s=100,,,,,,,,,,,,,,,Piero Marini,,,,,,Informatics Engineering student.,,,,,,
0,Vermisse,,https://avatars2.githubusercontent.com/u/17972943?v=3&amp;s=100,,,,,,,,,,,,,,,Sunki,,,,,,Java、Scala、Clojure,,,,,,
0,radovankavicky,,https://avatars3.githubusercontent.com/u/11967712?v=3&amp;s=100,,,,,,,,,,,,,,,Radovan Kavicky,,,,,,"Macroeconomist (education/academic background), Analyst (professional background). MATLAB (advanced), R (advanced) &amp; Python (experienced). @GapData  ",,,,,,
0,ck37,,https://avatars2.githubusercontent.com/u/50770?v=3&amp;s=100,,,,,,,,,,,,,,,Chris Kennedy,,,,,,"Consulting data scientist and PhD student focusing on causal inference, targeted machine learning, &amp; experimental methods in precision medicine &amp; elections.",,,,,,
0,BFush,,https://avatars3.githubusercontent.com/u/23432645?v=3&amp;s=100,,,,,,,,,,,,,,,Brisnee Fush,,,,,,Research graduate at Stanford University specializing in Natural Language Processing and Linguistics. Previously: Kilgraston School. Please follow me. 😄 ,,,,,,
0,mozzarellaV8,,https://avatars0.githubusercontent.com/u/18111957?v=3&amp;s=100,,,,,,,,,,,,,,,Pete Deevakul,,,,,,"technically, I&#39;m a photographer.",,,,,,
0,Griffin-Ashton,,https://avatars0.githubusercontent.com/u/6885715?v=3&amp;s=100,,,,,,,,,,,,,,,Ashton Griffin,,,,,,Doctoral Candidate at the Odum School of Ecology,,,,,,
0,johndharrison,,https://avatars0.githubusercontent.com/u/2418258?v=3&amp;s=100,,,,,,,,,,,,,,,John Harrison,,,,,,,,,,,,
0,bregel,,https://avatars3.githubusercontent.com/u/658995?v=3&amp;s=100,,,,,,,,,,,,,,,Drew Bregel,,,,,,Howdy from Seattle!,,,,,,
0,vijaybarai,,https://avatars2.githubusercontent.com/u/21156630?v=3&amp;s=100,,,,,,,,,,,,,,,Vijay Barai,,,,,,Analyst-Forecaster,,,,,,
0,kidrecursive,,https://avatars3.githubusercontent.com/u/1140797?v=3&amp;s=100,,,,,,,,,,,,,,,Chris Wilhite,,,,,,"&quot;Economy in motion, the master of the single letter word, connoisseur of good-enough beer. Unflappable.&quot; ",,,,,,
0,youngahn,,https://avatars3.githubusercontent.com/u/5931836?v=3&amp;s=100,,,,,,,,,,,,,,, Woo-Young Ahn,,,,,,"PI, Computational Clinical Science Laboratory",,,,,,
0,nberat5,,https://avatars0.githubusercontent.com/u/20217403?v=3&amp;s=100,,,,,,,,,,,,,,,Nazif BERAT,,,,,,,,,,,,
0,sdeepak09,,https://avatars1.githubusercontent.com/u/22212419?v=3&amp;s=100,,,,,,,,,,,,,,,Deepak Singh,,,,,,,,,,,,
0,Tuekol,,https://avatars2.githubusercontent.com/u/8984399?v=3&amp;s=100,,,,,,,,,,,,,,,Tuekol,,,,,,,,,,,,
0,pwaila,,https://avatars3.githubusercontent.com/u/1032890?v=3&amp;s=100,,,,,,,,,,,,,,,Pranav Waila,,,,,,,,,,,,
0,bv123,,https://avatars1.githubusercontent.com/u/18015102?v=3&amp;s=100,,,,,,,,,,,,,,,bv123,,,,,,,,,,,,
0,CyberManifest,,https://avatars0.githubusercontent.com/u/22405699?v=3&amp;s=100,,,,,,,,,,,,,,,Ryan K. McKee,,,,,,"Space, Technology, Science, Engineering, Energy, and Environmental Enthusiast",,,,,,
0,sunxingxingtf,,https://avatars1.githubusercontent.com/u/12815836?v=3&amp;s=100,,,,,,,,,,,,,,,sunxingxingtf,,,,,,,,,,,,
0,tomasian,,https://avatars3.githubusercontent.com/u/21096176?v=3&amp;s=100,,,,,,,,,,,,,,,Thomas Wood,,,,,,CTO of SynPon.,,,,,,
0,lilf,,https://avatars0.githubusercontent.com/u/6651212?v=3&amp;s=100,,,,,,,,,,,,,,,lilf,,,,,,,,,,,,
0,cookiengineer,,https://avatars3.githubusercontent.com/u/592637?v=3&amp;s=100,,,,,,,,,,,,,,,Cookie Engineer,,,,,,Mad Scientist building a self-improving AI that learns how to automate itself. ES/HyperNEAT lover. Isomorphic App Engine inventor.,,,,,,
0,zake7749,,https://avatars1.githubusercontent.com/u/8327803?v=3&amp;s=100,,,,,,,,,,,,,,,Justin Yang,,,,,,"AI researcher, interested in reinforcement learning, deep learning and natural language understanding.",,,,,,
0,iamsiva11,,https://avatars2.githubusercontent.com/u/20727657?v=3&amp;s=100,,,,,,,,,,,,,,,Siva Sundaramoorthy,,,,,,"AI, Engineering, Startups.",,,,,,
0,mitghi,,https://avatars2.githubusercontent.com/u/4160350?v=3&amp;s=100,,,,,,,,,,,,,,,Mike,,,,,,,,,,,,
0,ResidentMario,,https://avatars2.githubusercontent.com/u/3466341?v=3&amp;s=100,,,,,,,,,,,,,,,Aleksey Bilogur,,,,,,"Data-driven blogger and programmer with interests in data analysis, data visualization, and open data.",,,,,,
0,callahat,,https://avatars3.githubusercontent.com/u/5581364?v=3&amp;s=100,,,,,,,,,,,,,,,callahat,,,,,,,,,,,,
0,sara-27,,https://avatars3.githubusercontent.com/u/20893144?v=3&amp;s=100,,,,,,,,,,,,,,,Sara C,,,,,,code ninja,,,,,,
0,karlarao,,https://avatars0.githubusercontent.com/u/3683046?v=3&amp;s=100,,,,,,,,,,,,,,,Karl Arao,,,,,,,,,,,,
0,caomw,,https://avatars3.githubusercontent.com/u/8454286?v=3&amp;s=100,,,,,,,,,,,,,,,"曹明伟,Mingwei Cao",,,,,,,,,,,,
0,SinghRanjodh,,https://avatars0.githubusercontent.com/u/10217969?v=3&amp;s=100,,,,,,,,,,,,,,,Ranjodh Singh,,,,,,,,,,,,
0,WillemJan,,https://avatars0.githubusercontent.com/u/261194?v=3&amp;s=100,,,,,,,,,,,,,,,Willem Jan Faber,,,,,,"Just this guy, you know?",,,,,,
0,mohannnn,,https://avatars0.githubusercontent.com/u/8125066?v=3&amp;s=100,,,,,,,,,,,,,,,Mohan,,,,,,,,,,,,
0,samhunta,,https://avatars0.githubusercontent.com/u/627984?v=3&amp;s=100,,,,,,,,,,,,,,,sam,,,,,,¯\_(ツ)_/¯,,,,,,
0,femtotrader,,https://avatars0.githubusercontent.com/u/5049737?v=3&amp;s=100,,,,,,,,,,,,,,,femtotrader,,,,,,"Geek (or nerd?), physicist (academic position) and amateur trader (trying to become a much more professional investor ;-) )",,,,,,
0,Qix-,,https://avatars3.githubusercontent.com/u/885648?v=3&amp;s=100,,,,,,,,,,,,,,,Josh,,,,,,,,,,,,
0,shuvayan,,https://avatars1.githubusercontent.com/u/11851253?v=3&amp;s=100,,,,,,,,,,,,,,,Shuvayan Das,,,,,,,,,,,,
0,beyhangl,,https://avatars0.githubusercontent.com/u/16117352?v=3&amp;s=100,,,,,,,,,,,,,,,Beyhan Gül,,,,,,,,,,,,
0,bquast,,https://avatars2.githubusercontent.com/u/2590349?v=3&amp;s=100,,,,,,,,,,,,,,,Bastiaan Quast,,,,,,,,,,,,
