﻿score,followers_url,login,subscriptions_url,id,events_url,avatar_url,received_events_url,gravatar_id,name,url,company,html_url,blog,following_url,location,gists_url,email,starred_url,hireable,organizations_url,public_gists,repos_url,followers,type,updated_at,site_admin,bio,public_repos,following,created_at
0,,AndiChiou,,,,https://avatars2.githubusercontent.com/u/23460812?v=3&amp;s=100,,,Andi Chiou,,,,,,,,,,,,,,,,,,High school student @bartlett-high-school,,,
0,,georgiee,,,,https://avatars2.githubusercontent.com/u/1701755?v=3&amp;s=100,,,George,,,,,,,,,,,,,,,,,,I love beautiful algorithms and technologies like WebGL to visualize what happens in my mind,,,
0,,patrick-michelberger,,,,https://avatars1.githubusercontent.com/u/1750000?v=3&amp;s=100,,,Patrick Michelberger,,,,,,,,,,,,,,,,,,"Information Systems (M.Sc), Technische Universität München",,,
0,,marionebl,,,,https://avatars0.githubusercontent.com/u/4248851?v=3&amp;s=100,,,Mario Nebl,,,,,,,,,,,,,,,,,,,,,
0,,BFush,,,,https://avatars3.githubusercontent.com/u/23432645?v=3&amp;s=100,,,Brisnee Fush,,,,,,,,,,,,,,,,,,Research graduate at Stanford University specializing in Natural Language Processing and Linguistics. Previously: Kilgraston School. Please follow me. 😄 ,,,
0,,matiger,,,,https://avatars3.githubusercontent.com/u/1542030?v=3&amp;s=100,,,matiger,,,,,,,,,,,,,,,,,,,,,
0,,feedm3,,,,https://avatars3.githubusercontent.com/u/7814926?v=3&amp;s=100,,,Fabian Dietenberger,,,,,,,,,,,,,,,,,,,,,
0,,athalhammer,,,,https://avatars1.githubusercontent.com/u/832500?v=3&amp;s=100,,,Andreas Thalhammer,,,,,,,,,,,,,,,,,,,,,
0,,sebs,,,,https://avatars0.githubusercontent.com/u/55102?v=3&amp;s=100,,,Sebastian Schürmann,,,,,,,,,,,,,,,,,,,,,
0,,rasshofer,,,,https://avatars3.githubusercontent.com/u/497973?v=3&amp;s=100,,,Thomas Rasshofer,,,,,,,,,,,,,,,,,,Developer &amp; Designer,,,
0,,jantimon,,,,https://avatars2.githubusercontent.com/u/4113649?v=3&amp;s=100,,,Jan Nicklas,,,,,,,,,,,,,,,,,,,,,
0,,rynr,,,,https://avatars0.githubusercontent.com/u/11313?v=3&amp;s=100,,,Rainer Jung,,,,,,,,,,,,,,,,,,"Java, Ruby on Rails and JavaScript Developer · Agile-/Scrum-Enthusiast · Musician · Singer · Snowboarder · Biker · Rock-Climber · Diver",,,
0,,writeline,,,,https://avatars0.githubusercontent.com/u/104804?v=3&amp;s=100,,,Dariusz Parys,,,,,,,,,,,,,,,,,,"Geek, Coder, Gamer, Bayern Munich Fan",,,
0,,cusspvz,,,,https://avatars2.githubusercontent.com/u/3604053?v=3&amp;s=100,,,José Moreira,,,,,,,,,,,,,,,,,,"full-stack developer, ui/ux designer, musician &amp; diy entusiast",,,
0,,inakianduaga,,,,https://avatars3.githubusercontent.com/u/4490289?v=3&amp;s=100,,,Inaki Anduaga,,,,,,,,,,,,,,,,,,,,,
0,,vanthoom,,,,https://avatars0.githubusercontent.com/u/2599587?v=3&amp;s=100,,,vanthoom,,,,,,,,,,,,,,,,,,just me doin things ,,,
0,,modipeluri,,,,https://avatars2.githubusercontent.com/u/2727074?v=3&amp;s=100,,,Pekka Hiltunen,,,,,,,,,,,,,,,,,,,,,
0,,l-ray,,,,https://avatars2.githubusercontent.com/u/4076336?v=3&amp;s=100,,,Lennart,,,,,,,,,,,,,,,,,,,,,
0,,Jogga,,,,https://avatars2.githubusercontent.com/u/1643572?v=3&amp;s=100,,,Joachim Fröstl,,,,,,,,,,,,,,,,,,,,,
0,,algogenius,,,,https://avatars0.githubusercontent.com/u/1552766?v=3&amp;s=100,,,Christoph Hanf,,,,,,,,,,,,,,,,,,,,,
0,,blang,,,,https://avatars2.githubusercontent.com/u/803897?v=3&amp;s=100,,,Benedikt Lang,,,,,,,,,,,,,,,,,,,,,
0,,marcorei,,,,https://avatars2.githubusercontent.com/u/650595?v=3&amp;s=100,,,Markus Riegel,,,,,,,,,,,,,,,,,,,,,
0,,jehoffmann,,,,https://avatars0.githubusercontent.com/u/418373?v=3&amp;s=100,,,Jens Hoffmann,,,,,,,,,,,,,,,,,,,,,
0,,sanitz,,,,https://avatars3.githubusercontent.com/u/171083?v=3&amp;s=100,,,Sebastian Sanitz,,,,,,,,,,,,,,,,,,,,,
0,,mat,,,,https://avatars0.githubusercontent.com/u/23060?v=3&amp;s=100,,,Matthias Lüdtke,,,,,,,,,,,,,,,,,,"I love doing mobile client-server apps in @xing&#39;s Mobile Infrastructure Team. Go, iOS, Ruby. Previously seen at @dynport, @crealytics",,,
0,,mixomat,,,,https://avatars2.githubusercontent.com/u/18866?v=3&amp;s=100,,,Marc Weinberger,,,,,,,,,,,,,,,,,,,,,
