﻿score,login,id,avatar_url,gravatar_id,url,html_url,followers_url,following_url,gists_url,starred_url,subscriptions_url,organizations_url,repos_url,events_url,received_events_url,type,site_admin,name,company,blog,location,email,hireable,bio,public_repos,public_gists,followers,following,created_at,updated_at
0,AndiChiou,,https://avatars2.githubusercontent.com/u/23460812?v=3&amp;s=100,,,,,,,,,,,,,,,Andi Chiou,,,,,,High school student @bartlett-high-school,,,,,,
0,Vermisse,,https://avatars2.githubusercontent.com/u/17972943?v=3&amp;s=100,,,,,,,,,,,,,,,Sunki,,,,,,Java、Scala、Clojure,,,,,,
0,BFush,,https://avatars3.githubusercontent.com/u/23432645?v=3&amp;s=100,,,,,,,,,,,,,,,Brisnee Fush,,,,,,Research graduate at Stanford University specializing in Natural Language Processing and Linguistics. Previously: Kilgraston School. Please follow me. 😄 ,,,,,,
0,TianJiaDaShao,,https://avatars0.githubusercontent.com/u/21334612?v=3&amp;s=100,,,,,,,,,,,,,,,田野,,,,,,,,,,,,
0,AeronStory,,https://avatars2.githubusercontent.com/u/22915694?v=3&amp;s=100,,,,,,,,,,,,,,,mohammad,,,,,,,,,,,,
0,evinw,,https://avatars0.githubusercontent.com/u/844215?v=3&amp;s=100,,,,,,,,,,,,,,,Evin Weissenberg,,,,,,bluelab.io,,,,,,
0,Rukewetony,,https://avatars1.githubusercontent.com/u/11957176?v=3&amp;s=100,,,,,,,,,,,,,,,Sargin Rukevwe,,,,,,,,,,,,
0,WillemJan,,https://avatars0.githubusercontent.com/u/261194?v=3&amp;s=100,,,,,,,,,,,,,,,Willem Jan Faber,,,,,,"Just this guy, you know?",,,,,,
0,polo2ro,,https://avatars0.githubusercontent.com/u/5792736?v=3&amp;s=100,,,,,,,,,,,,,,,Paul,,,,,,"If it can kill you, don&#39;t connect it to the network!",,,,,,
0,shashankg7,,https://avatars3.githubusercontent.com/u/3889592?v=3&amp;s=100,,,,,,,,,,,,,,,Shashank Gupta,,,,,,"RA @ Search and Information Extraction Lab (SIEL), IIIT-Hyderabad",,,,,,
0,BenUsername,,https://avatars1.githubusercontent.com/u/16494454?v=3&amp;s=100,,,,,,,,,,,,,,,Benjamin Tannenbaum,,,,,,,,,,,,
0,qinix,,https://avatars0.githubusercontent.com/u/1946663?v=3&amp;s=100,,,,,,,,,,,,,,,Eric Zhang,,,,,,,,,,,,
0,perfettiful,,https://avatars3.githubusercontent.com/u/7156158?v=3&amp;s=100,,,,,,,,,,,,,,,Nathan Perfetti,,,,,,,,,,,,
0,lborgav,,https://avatars3.githubusercontent.com/u/1133835?v=3&amp;s=100,,,,,,,,,,,,,,,Leonardo Borges Avelino,,,,,,,,,,,,
0,stoked-zz,,https://avatars2.githubusercontent.com/u/13973828?v=3&amp;s=100,,,,,,,,,,,,,,,Amie Lynn,,,,,,,,,,,,
0,VagrantStory,,https://avatars3.githubusercontent.com/u/4069972?v=3&amp;s=100,,,,,,,,,,,,,,,mohammad,,,,,,Developer Program Member,,,,,,
0,malukenho,,https://avatars3.githubusercontent.com/u/3275172?v=3&amp;s=100,,,,,,,,,,,,,,,Jefersson Nathan,,,,,,Brazilian PHP Developer working for @Ocramius,,,,,,
0,Yannael,,https://avatars0.githubusercontent.com/u/976414?v=3&amp;s=100,,,,,,,,,,,,,,,Yann-Aël Le Borgne,,,,,,,,,,,,
0,nidhinnambiar,,https://avatars0.githubusercontent.com/u/9497714?v=3&amp;s=100,,,,,,,,,,,,,,,Nidhin D,,,,,,An enthusiastic web developer &lt; /&gt;,,,,,,
0,iAmMrinal0,,https://avatars0.githubusercontent.com/u/890062?v=3&amp;s=100,,,,,,,,,,,,,,,Mrinal Purohit,,,,,,,,,,,,
0,alicaglayan,,https://avatars1.githubusercontent.com/u/5114628?v=3&amp;s=100,,,,,,,,,,,,,,,Ali İhsan ÇAĞLAYAN,,,,,,,,,,,,
0,john-saman,,https://avatars0.githubusercontent.com/u/13433910?v=3&amp;s=100,,,,,,,,,,,,,,,John,,,,,,,,,,,,
0,lakshmanaram,,https://avatars1.githubusercontent.com/u/11183249?v=3&amp;s=100,,,,,,,,,,,,,,,Lakshmanaram,,,,,,,,,,,,
0,arcturusannamalai,,https://avatars2.githubusercontent.com/u/3316245?v=3&amp;s=100,,,,,,,,,,,,,,,Muthiah Annamalai,,,,,,,,,,,,
0,estrenosnetflix,,https://avatars0.githubusercontent.com/u/15644772?v=3&amp;s=100,,,,,,,,,,,,,,,Estrenos CR,,,,,,,,,,,,
0,nxtbig,,https://avatars2.githubusercontent.com/u/9271323?v=3&amp;s=100,,,,,,,,,,,,,,,Adarsh Singh,,,,,,,,,,,,
0,OchumaAgwara,,https://avatars1.githubusercontent.com/u/15365718?v=3&amp;s=100,,,,,,,,,,,,,,,OchumaAgwara,,,,,,,,,,,,
0,Bala-raj,,https://avatars0.githubusercontent.com/u/7161918?v=3&amp;s=100,,,,,,,,,,,,,,,Balachander,,,,,,,,,,,,
0,mishin,,https://avatars0.githubusercontent.com/u/2354218?v=3&amp;s=100,,,,,,,,,,,,,,,Nikolay Mishin,,,,,,"perl, java, eclipse, sql developer, tdd, bdd",,,,,,
0,brunocasanova,,https://avatars3.githubusercontent.com/u/4107768?v=3&amp;s=100,,,,,,,,,,,,,,,Bruno Casanova,,,,,,,,,,,,
0,cusspvz,,https://avatars2.githubusercontent.com/u/3604053?v=3&amp;s=100,,,,,,,,,,,,,,,José Moreira,,,,,,"full-stack developer, ui/ux designer, musician &amp; diy entusiast",,,,,,
0,Sundarasan,,https://avatars1.githubusercontent.com/u/5617015?v=3&amp;s=100,,,,,,,,,,,,,,,Sundarasan,,,,,,,,,,,,
0,shoshindes,,https://avatars1.githubusercontent.com/u/13901088?v=3&amp;s=100,,,,,,,,,,,,,,,Jack Thompson,,,,,,,,,,,,
0,JSDesign,,https://avatars1.githubusercontent.com/u/1341925?v=3&amp;s=100,,,,,,,,,,,,,,,Jeannie Stevenson,,,,,,"front end dev, learning to be a programmer",,,,,,
0,KVRajil,,https://avatars1.githubusercontent.com/u/8760691?v=3&amp;s=100,,,,,,,,,,,,,,,RAJIL KV,,,,,,,,,,,,
0,parthi82,,https://avatars0.githubusercontent.com/u/9369198?v=3&amp;s=100,,,,,,,,,,,,,,,K.Parthibhan,,,,,,pythonist,,,,,,
0,ssundarraj,,https://avatars0.githubusercontent.com/u/4509724?v=3&amp;s=100,,,,,,,,,,,,,,,Sriram Sundarraj,,,,,,Software Engineer at Google.,,,,,,
0,gabrielpconceicao,,https://avatars0.githubusercontent.com/u/5131269?v=3&amp;s=100,,,,,,,,,,,,,,,Gabriel Conceição,,,,,,,,,,,,
0,octalmage,,https://avatars1.githubusercontent.com/u/142006?v=3&amp;s=100,,,,,,,,,,,,,,,Jason Stallings,,,,,,Code is my life.,,,,,,
0,spiritwild,,https://avatars2.githubusercontent.com/u/6339733?v=3&amp;s=100,,,,,,,,,,,,,,,Nguyen Tuan Dung,,,,,,,,,,,,
0,llluiop,,https://avatars3.githubusercontent.com/u/7302292?v=3&amp;s=100,,,,,,,,,,,,,,,Yu Liu,,,,,,,,,,,,
0,CyberTobi,,https://avatars3.githubusercontent.com/u/8087621?v=3&amp;s=100,,,,,,,,,,,,,,,CyberTobi,,,,,,New Era of daring ones are coming,,,,,,
0,angusshire,,https://avatars1.githubusercontent.com/u/5877145?v=3&amp;s=100,,,,,,,,,,,,,,,Angus H.,,,,,,Available for part-time or freelance work.,,,,,,
0,anand-io,,https://avatars2.githubusercontent.com/u/7224102?v=3&amp;s=100,,,,,,,,,,,,,,,Anand,,,,,,,,,,,,
0,vasanthnathan,,https://avatars0.githubusercontent.com/u/1893859?v=3&amp;s=100,,,,,,,,,,,,,,,Vasanth Saminathan,,,,,,,,,,,,
0,tarun1188,,https://avatars1.githubusercontent.com/u/2683705?v=3&amp;s=100,,,,,,,,,,,,,,,Tarun,,,,,,,,,,,,
