﻿score,login,id,avatar_url,gravatar_id,url,html_url,followers_url,following_url,gists_url,starred_url,subscriptions_url,organizations_url,repos_url,events_url,received_events_url,type,site_admin,name,company,blog,location,email,hireable,bio,public_repos,public_gists,followers,following,created_at,updated_at
0,sarthak0411,,https://avatars1.githubusercontent.com/u/18403281?v=3&amp;s=100,,,,,,,,,,,,,,,Sarthak Vijayvergiya,,,,,,,,,,,,
0,AndiChiou,,https://avatars2.githubusercontent.com/u/23460812?v=3&amp;s=100,,,,,,,,,,,,,,,Andi Chiou,,,,,,High school student @bartlett-high-school,,,,,,
0,BFush,,https://avatars3.githubusercontent.com/u/23432645?v=3&amp;s=100,,,,,,,,,,,,,,,Brisnee Fush,,,,,,Research graduate at Stanford University specializing in Natural Language Processing and Linguistics. Previously: Kilgraston School. Please follow me. 😄 ,,,,,,
0,rayborg,,https://avatars1.githubusercontent.com/u/1373543?v=3&amp;s=100,,,,,,,,,,,,,,,Raymond C. Borges Hink,,,,,,,,,,,,
0,Pitel,,https://avatars2.githubusercontent.com/u/113248?v=3&amp;s=100,,,,,,,,,,,,,,,Ing. Jan Kaláb,,,,,,Professional Stack Overflow googler,,,,,,
