﻿score,login,id,avatar_url,gravatar_id,url,html_url,followers_url,following_url,gists_url,starred_url,subscriptions_url,organizations_url,repos_url,events_url,received_events_url,type,site_admin,name,company,blog,location,email,hireable,bio,public_repos,public_gists,followers,following,created_at,updated_at
0,AndiChiou,,https://avatars2.githubusercontent.com/u/23460812?v=3&amp;s=100,,,,,,,,,,,,,,,Andi Chiou,,,,,,High school student @bartlett-high-school,,,,,,
0,Vermisse,,https://avatars2.githubusercontent.com/u/17972943?v=3&amp;s=100,,,,,,,,,,,,,,,Sunki,,,,,,Java、Scala、Clojure,,,,,,
0,BFush,,https://avatars3.githubusercontent.com/u/23432645?v=3&amp;s=100,,,,,,,,,,,,,,,Brisnee Fush,,,,,,Research graduate at Stanford University specializing in Natural Language Processing and Linguistics. Previously: Kilgraston School. Please follow me. 😄 ,,,,,,
0,JackChen007,,https://avatars1.githubusercontent.com/u/5867750?v=3&amp;s=100,,,,,,,,,,,,,,,JackChen007,,,,,,,,,,,,
0,akstrfn,,https://avatars2.githubusercontent.com/u/6161338?v=3&amp;s=100,,,,,,,,,,,,,,,Aleksandar Trifunovic,,,,,,,,,,,,
0,Mrakonja,,https://avatars3.githubusercontent.com/u/15332696?v=3&amp;s=100,,,,,,,,,,,,,,,Mladen Milosavljevic,,,,,,,,,,,,
0,fishioon,,https://avatars2.githubusercontent.com/u/3114322?v=3&amp;s=100,,,,,,,,,,,,,,,fish,,,,,,,,,,,,
0,wuweipeng,,https://avatars3.githubusercontent.com/u/17697847?v=3&amp;s=100,,,,,,,,,,,,,,,wuweipeng,,,,,,,,,,,,
0,jceb,,https://avatars1.githubusercontent.com/u/101593?v=3&amp;s=100,,,,,,,,,,,,,,,Jan Christoph Ebersbach,,,,,,,,,,,,
0,YMTheory,,https://avatars1.githubusercontent.com/u/17465985?v=3&amp;s=100,,,,,,,,,,,,,,,YMTheory,,,,,,,,,,,,
0,FangYingLi,,https://avatars3.githubusercontent.com/u/17446267?v=3&amp;s=100,,,,,,,,,,,,,,,FangYingLi,,,,,,,,,,,,
0,lzx78966,,https://avatars1.githubusercontent.com/u/17445059?v=3&amp;s=100,,,,,,,,,,,,,,,lzx78966,,,,,,,,,,,,
0,WDLEZ,,https://avatars0.githubusercontent.com/u/17510576?v=3&amp;s=100,,,,,,,,,,,,,,,WDLEZ,,,,,,,,,,,,
0,Kerin-lu,,https://avatars1.githubusercontent.com/u/5506775?v=3&amp;s=100,,,,,,,,,,,,,,,Kerin,,,,,,,,,,,,
