﻿score,login,id,avatar_url,gravatar_id,url,html_url,followers_url,following_url,gists_url,starred_url,subscriptions_url,organizations_url,repos_url,events_url,received_events_url,type,site_admin,name,company,blog,location,email,hireable,bio,public_repos,public_gists,followers,following,created_at,updated_at
0,AndiChiou,,https://avatars2.githubusercontent.com/u/23460812?v=3&amp;s=100,,,,,,,,,,,,,,,Andi Chiou,,,,,,High school student @bartlett-high-school,,,,,,
0,homiedopie,,https://avatars1.githubusercontent.com/u/6220402?v=3&amp;s=100,,,,,,,,,,,,,,,homiedopie,,,,,,"Web artisan, QA tester",,,,,,
0,BFush,,https://avatars3.githubusercontent.com/u/23432645?v=3&amp;s=100,,,,,,,,,,,,,,,Brisnee Fush,,,,,,Research graduate at Stanford University specializing in Natural Language Processing and Linguistics. Previously: Kilgraston School. Please follow me. 😄 ,,,,,,
0,mpenchev,,https://avatars2.githubusercontent.com/u/7079828?v=3&amp;s=100,,,,,,,,,,,,,,,mpenchev,,,,,,,,,,,,
0,angusshire,,https://avatars1.githubusercontent.com/u/5877145?v=3&amp;s=100,,,,,,,,,,,,,,,Angus H.,,,,,,Available for part-time or freelance work.,,,,,,
0,cusspvz,,https://avatars2.githubusercontent.com/u/3604053?v=3&amp;s=100,,,,,,,,,,,,,,,José Moreira,,,,,,"full-stack developer, ui/ux designer, musician &amp; diy entusiast",,,,,,
0,brunocasanova,,https://avatars3.githubusercontent.com/u/4107768?v=3&amp;s=100,,,,,,,,,,,,,,,Bruno Casanova,,,,,,,,,,,,
0,graymic,,https://avatars1.githubusercontent.com/u/1215992?v=3&amp;s=100,,,,,,,,,,,,,,,Michael Gray,,,,,,"Head of Technology, lover of drone technology. Motorcyclist and hobbyist pilot.",,,,,,
