﻿score,login,id,avatar_url,gravatar_id,url,html_url,followers_url,following_url,gists_url,starred_url,subscriptions_url,organizations_url,repos_url,events_url,received_events_url,type,site_admin,name,company,blog,location,email,hireable,bio,public_repos,public_gists,followers,following,created_at,updated_at
0,felipenoris,,https://avatars0.githubusercontent.com/u/12482900?v=3&amp;s=100,,,,,,,,,,,,,,,Felipe Noronha,,,,,,,,,,,,
0,Buthaina2018,,https://avatars0.githubusercontent.com/u/21975981?v=3&amp;s=100,,,,,,,,,,,,,,,Buthaina,,,,,,buthaina2018@gmail.com,,,,,,
0,anweshknayak,,https://avatars1.githubusercontent.com/u/8139783?v=3&amp;s=100,,,,,,,,,,,,,,,Anwesh Nayak,,,,,,IIIT Allahabad Undergrad,,,,,,
0,AndiChiou,,https://avatars2.githubusercontent.com/u/23460812?v=3&amp;s=100,,,,,,,,,,,,,,,Andi Chiou,,,,,,High school student @bartlett-high-school,,,,,,
0,yogeshhk,,https://avatars1.githubusercontent.com/u/5088114?v=3&amp;s=100,,,,,,,,,,,,,,,Yogesh Kulkarni,,,,,,,,,,,,
0,nikhilsingh291,,https://avatars2.githubusercontent.com/u/12699108?v=3&amp;s=100,,,,,,,,,,,,,,,Nikhil Singh,,,,,,,,,,,,
0,aamiralahazan,,https://avatars1.githubusercontent.com/u/23739039?v=3&amp;s=100,,,,,,,,,,,,,,,aamiralahazan,,,,,,,,,,,,
0,gawbul,,https://avatars2.githubusercontent.com/u/321291?v=3&amp;s=100,,,,,,,,,,,,,,,Steve Moss,,,,,,"Dad, husband &amp; PhD :) Passionate about science, research, computing, and all things geeky! Penchant for bioinformatics and genomics. Founder of @pyOpenSci.",,,,,,
0,BFush,,https://avatars3.githubusercontent.com/u/23432645?v=3&amp;s=100,,,,,,,,,,,,,,,Brisnee Fush,,,,,,Research graduate at Stanford University specializing in Natural Language Processing and Linguistics. Previously: Kilgraston School. Please follow me. 😄 ,,,,,,
0,shashankg7,,https://avatars3.githubusercontent.com/u/3889592?v=3&amp;s=100,,,,,,,,,,,,,,,Shashank Gupta,,,,,,"RA @ Search and Information Extraction Lab (SIEL), IIIT-Hyderabad",,,,,,
0,yfgeek,,https://avatars2.githubusercontent.com/u/7533831?v=3&amp;s=100,,,,,,,,,,,,,,,Ivan,,,,,,,,,,,,
0,Petya-Naumova,,https://avatars3.githubusercontent.com/u/4158449?v=3&amp;s=100,,,,,,,,,,,,,,,Petya Naumova,,,,,,,,,,,,
0,VincentAndy,,https://avatars3.githubusercontent.com/u/17515489?v=3&amp;s=100,,,,,,,,,,,,,,,VincentAndy,,,,,,,,,,,,
0,Vermisse,,https://avatars2.githubusercontent.com/u/17972943?v=3&amp;s=100,,,,,,,,,,,,,,,Sunki,,,,,,Java、Scala、Clojure,,,,,,
0,lohani2280,,https://avatars0.githubusercontent.com/u/18470647?v=3&amp;s=100,,,,,,,,,,,,,,,Ayush Lohani,,,,,,,,,,,,
0,markroxor,,https://avatars0.githubusercontent.com/u/11366315?v=3&amp;s=100,,,,,,,,,,,,,,,Mohit Rathore,,,,,,Open source enthusiast. Robooting @RoboISM. Rebooting @WalnutiQ ,,,,,,
0,shantanuo,,https://avatars3.githubusercontent.com/u/222800?v=3&amp;s=100,,,,,,,,,,,,,,,Shantanu Oak,,,,,,,,,,,,
0,dilippuri,,https://avatars3.githubusercontent.com/u/10806132?v=3&amp;s=100,,,,,,,,,,,,,,,Dilip Puri,,,,,,"Computer Science student at IIIT Vadodara. Basically I belongs to Sanchore, Rajasthan.",,,,,,
0,wuxianliang,,https://avatars0.githubusercontent.com/u/2120879?v=3&amp;s=100,,,,,,,,,,,,,,,Xianliang Wu,,,,,,,,,,,,
0,jamesonlee,,https://avatars3.githubusercontent.com/u/21365677?v=3&amp;s=100,,,,,,,,,,,,,,,Jameson Lee,,,,,,,,,,,,
0,sujinleeme,,https://avatars0.githubusercontent.com/u/6011401?v=3&amp;s=100,,,,,,,,,,,,,,,Sujin Lee,,,,,,Realize that everything connects you to everything else,,,,,,
0,LaoZZZZZ,,https://avatars1.githubusercontent.com/u/3698931?v=3&amp;s=100,,,,,,,,,,,,,,,HAHA,,,,,,,,,,,,
0,MichalPaszkiewicz,,https://avatars2.githubusercontent.com/u/6673982?v=3&amp;s=100,,,,,,,,,,,,,,,Michal Paszkiewicz,,,,,,Just a guy who likes to make things @MichalYouDoing,,,,,,
0,Akhilesh28,,https://avatars3.githubusercontent.com/u/16036398?v=3&amp;s=100,,,,,,,,,,,,,,,Akhilesh Chobey,,,,,,,,,,,,
0,snehallodhe,,https://avatars3.githubusercontent.com/u/20313538?v=3&amp;s=100,,,,,,,,,,,,,,,snehallodhe,,,,,,,,,,,,
0,snamburi3,,https://avatars1.githubusercontent.com/u/3279017?v=3&amp;s=100,,,,,,,,,,,,,,,snamburi3,,,,,,,,,,,,
0,tboquet,,https://avatars2.githubusercontent.com/u/5553901?v=3&amp;s=100,,,,,,,,,,,,,,,Thomas Boquet,,,,,,,,,,,,
0,fourpartswater,,https://avatars1.githubusercontent.com/u/890102?v=3&amp;s=100,,,,,,,,,,,,,,,Peter Clarke,,,,,,,,,,,,
0,bhavikat,,https://avatars0.githubusercontent.com/u/4955119?v=3&amp;s=100,,,,,,,,,,,,,,,Bhavika Tekwani,,,,,,Software &amp; data | tinkerer | grad student  ,,,,,,
0,r03ert0,,https://avatars0.githubusercontent.com/u/2310732?v=3&amp;s=100,,,,,,,,,,,,,,,Roberto Toro,,,,,,,,,,,,
0,lwgray,,https://avatars2.githubusercontent.com/u/1000117?v=3&amp;s=100,,,,,,,,,,,,,,,Larry Gray,,,,,,"Chill guy who loves Reggae, 90s pop, horrible TV shows and surfing. ",,,,,,
0,iamneha,,https://avatars3.githubusercontent.com/u/13752837?v=3&amp;s=100,,,,,,,,,,,,,,,Neha Yadav,,,,,,,,,,,,
0,kshitij10496,,https://avatars0.githubusercontent.com/u/12427142?v=3&amp;s=100,,,,,,,,,,,,,,,Kshitij Saraogi,,,,,,Explorer | Learner | Developer,,,,,,
0,angusshire,,https://avatars1.githubusercontent.com/u/5877145?v=3&amp;s=100,,,,,,,,,,,,,,,Angus H.,,,,,,Available for part-time or freelance work.,,,,,,
0,jadhavmanoj,,https://avatars2.githubusercontent.com/u/12163530?v=3&amp;s=100,,,,,,,,,,,,,,,Manoj Jadhav,,,,,,I am software developer,,,,,,
0,nviror,,https://avatars1.githubusercontent.com/u/1423756?v=3&amp;s=100,,,,,,,,,,,,,,,Navi,,,,,,,,,,,,
