﻿score,login,id,avatar_url,gravatar_id,url,html_url,followers_url,following_url,gists_url,starred_url,subscriptions_url,organizations_url,repos_url,events_url,received_events_url,type,site_admin,name,company,blog,location,email,hireable,bio,public_repos,public_gists,followers,following,created_at,updated_at
0,mikeant42,,https://avatars2.githubusercontent.com/u/8772919?v=3&amp;s=100,,,,,,,,,,,,,,,Michael Antkiewicz,,,,,,,,,,,,
0,AndiChiou,,https://avatars2.githubusercontent.com/u/23460812?v=3&amp;s=100,,,,,,,,,,,,,,,Andi Chiou,,,,,,High school student @bartlett-high-school,,,,,,
0,panagioto,,https://avatars0.githubusercontent.com/u/2184401?v=3&amp;s=100,,,,,,,,,,,,,,,Dennis Panagiotopoulos,,,,,,,,,,,,
0,BFush,,https://avatars3.githubusercontent.com/u/23432645?v=3&amp;s=100,,,,,,,,,,,,,,,Brisnee Fush,,,,,,Research graduate at Stanford University specializing in Natural Language Processing and Linguistics. Previously: Kilgraston School. Please follow me. 😄 ,,,,,,
0,xtonousou,,https://avatars3.githubusercontent.com/u/9947828?v=3&amp;s=100,,,,,,,,,,,,,,,Sotiris Roussis,,,,,,explo(r|it)ing boundaries,,,,,,
0,ntosas,,https://avatars0.githubusercontent.com/u/15010919?v=3&amp;s=100,,,,,,,,,,,,,,,Jim Ntosas,,,,,,,,,,,,
0,kraniasorestis,,https://avatars0.githubusercontent.com/u/8418402?v=3&amp;s=100,,,,,,,,,,,,,,,Kranias Orestis,,,,,,,,,,,,
0,gkffzs,,https://avatars2.githubusercontent.com/u/10809842?v=3&amp;s=100,,,,,,,,,,,,,,,George Kaffezas,,,,,,,,,,,,
0,kanelloc,,https://avatars1.githubusercontent.com/u/17724315?v=3&amp;s=100,,,,,,,,,,,,,,,Bob Kanellopoulos,,,,,,,,,,,,
