﻿score,login,id,avatar_url,gravatar_id,url,html_url,followers_url,following_url,gists_url,starred_url,subscriptions_url,organizations_url,repos_url,events_url,received_events_url,type,site_admin,name,company,blog,location,email,hireable,bio,public_repos,public_gists,followers,following,created_at,updated_at
0,AndiChiou,,https://avatars2.githubusercontent.com/u/23460812?v=3&amp;s=100,,,,,,,,,,,,,,,Andi Chiou,,,,,,High school student @bartlett-high-school,,,,,,
0,Vermisse,,https://avatars2.githubusercontent.com/u/17972943?v=3&amp;s=100,,,,,,,,,,,,,,,Sunki,,,,,,Java、Scala、Clojure,,,,,,
0,dingding552,,https://avatars0.githubusercontent.com/u/20307400?v=3&amp;s=100,,,,,,,,,,,,,,,dingding552,,,,,,,,,,,,
0,AnthonyChen0415,,https://avatars0.githubusercontent.com/u/19394249?v=3&amp;s=100,,,,,,,,,,,,,,,AnthonyChen0415,,,,,,,,,,,,
0,BFush,,https://avatars3.githubusercontent.com/u/23432645?v=3&amp;s=100,,,,,,,,,,,,,,,Brisnee Fush,,,,,,Research graduate at Stanford University specializing in Natural Language Processing and Linguistics. Previously: Kilgraston School. Please follow me. 😄 ,,,,,,
0,whygonghui,,https://avatars3.githubusercontent.com/u/12936178?v=3&amp;s=100,,,,,,,,,,,,,,,Gong Hui,,,,,,,,,,,,
0,hank9cao,,https://avatars1.githubusercontent.com/u/1958745?v=3&amp;s=100,,,,,,,,,,,,,,,Hank,,,,,,,,,,,,
0,davidpig,,https://avatars1.githubusercontent.com/u/7349083?v=3&amp;s=100,,,,,,,,,,,,,,,davidpig,,,,,,,,,,,,
0,fly51fly,,https://avatars2.githubusercontent.com/u/128885?v=3&amp;s=100,,,,,,,,,,,,,,,fly51fly,,,,,,,,,,,,
0,RobbieGUO,,https://avatars2.githubusercontent.com/u/12557514?v=3&amp;s=100,,,,,,,,,,,,,,,RobbieGUO,,,,,,,,,,,,
0,technologiclee,,https://avatars2.githubusercontent.com/u/93859?v=3&amp;s=100,,,,,,,,,,,,,,,Lee Nelson,,,,,,,,,,,,
0,angusshire,,https://avatars1.githubusercontent.com/u/5877145?v=3&amp;s=100,,,,,,,,,,,,,,,Angus H.,,,,,,Available for part-time or freelance work.,,,,,,
0,PanLiT,,https://avatars0.githubusercontent.com/u/15327356?v=3&amp;s=100,,,,,,,,,,,,,,,PanLiT,,,,,,,,,,,,
0,cusspvz,,https://avatars2.githubusercontent.com/u/3604053?v=3&amp;s=100,,,,,,,,,,,,,,,José Moreira,,,,,,"full-stack developer, ui/ux designer, musician &amp; diy entusiast",,,,,,
0,KoanJan,,https://avatars0.githubusercontent.com/u/7581210?v=3&amp;s=100,,,,,,,,,,,,,,,KoanJan,,,,,,,,,,,,
