﻿id,score,gravatar_id,login,following_url,avatar_url,gists_url,url,starred_url,html_url,subscriptions_url,followers_url,organizations_url,events_url,repos_url,site_admin,received_events_url,blog,type,location,name,bio,company,public_repos,email,hireable,public_gists,followers,following,created_at,updated_at
,0,,chan48,,https://avatars3.githubusercontent.com/u/6235318?v=3&amp;s=100,,,,,,,,,,,,,,,chan48,,,,,,,,,,
,0,,unixforever,,https://avatars0.githubusercontent.com/u/16589201?v=3&amp;s=100,,,,,,,,,,,,,,,Hyensoo Choi,God&#39;s Not Dead,,,,,,,,,
,0,,AdiChat,,https://avatars0.githubusercontent.com/u/10634210?v=3&amp;s=100,,,,,,,,,,,,,,,Ãditya⛄Chatterjee,✌️ 🎅 gave me a stone. 🍥 + 🎁 + 🍷 💃 ,,,,,,,,,
,0,,samlau201601,,https://avatars3.githubusercontent.com/u/24406698?v=3&amp;s=100,,,,,,,,,,,,,,,samlau201601,,,,,,,,,,
,0,,AndiChiou,,https://avatars2.githubusercontent.com/u/23460812?v=3&amp;s=100,,,,,,,,,,,,,,,Andi Chiou,High school student @bartlett-high-school,,,,,,,,,
,0,,rafaelcarvalhocaetano,,https://avatars1.githubusercontent.com/u/20143237?v=3&amp;s=100,,,,,,,,,,,,,,,Rafael Carvalho,"Apaixonado por programação, tanto no Front como no Back-End. (Java, Java Web/ html, css, sass, javascript/php/angular2). ",,,,,,,,,
,0,,JHoonS0ft,,https://avatars1.githubusercontent.com/u/23690856?v=3&amp;s=100,,,,,,,,,,,,,,,JHoonS0ft,,,,,,,,,,
,0,,lucasbento,,https://avatars3.githubusercontent.com/u/6207220?v=3&amp;s=100,,,,,,,,,,,,,,,Lucas Bento,"Full-stack developer building amazing apps with #react, #reactnative, #relay, #webpack, #graphql &amp; #koa",,,,,,,,,
,0,,tenpoku1000,,https://avatars1.githubusercontent.com/u/10879748?v=3&amp;s=100,,,,,,,,,,,,,,,市川 真一,OS・コンパイラ・Web ブラウザの開発に興味があります。,,,,,,,,,
,0,,JIN-Xi,,https://avatars3.githubusercontent.com/u/15793520?v=3&amp;s=100,,,,,,,,,,,,,,,Ester,,,,,,,,,,
,0,,RogerFederer03,,https://avatars1.githubusercontent.com/u/5633006?v=3&amp;s=100,,,,,,,,,,,,,,,Zheng Luo,Talk is cheap. Show me the code. -- Linus Torvalds,,,,,,,,,
,0,,Mosoc,,https://avatars3.githubusercontent.com/u/11909428?v=3&amp;s=100,,,,,,,,,,,,,,,Pojen Chen,From Web Developer to UX Designer,,,,,,,,,
,0,,yfgeek,,https://avatars2.githubusercontent.com/u/7533831?v=3&amp;s=100,,,,,,,,,,,,,,,Ivan,,,,,,,,,,
,0,,casprussian,,https://avatars0.githubusercontent.com/u/18319912?v=3&amp;s=100,,,,,,,,,,,,,,,casprussian,,,,,,,,,,
,0,,peterkokot,,https://avatars1.githubusercontent.com/u/1614009?v=3&amp;s=100,,,,,,,,,,,,,,,Peter Kokot,,,,,,,,,,
,0,,lucasbonanni,,https://avatars3.githubusercontent.com/u/13741024?v=3&amp;s=100,,,,,,,,,,,,,,,Lucas Bonanni,,,,,,,,,,
,0,,pandcorps,,https://avatars1.githubusercontent.com/u/10601684?v=3&amp;s=100,,,,,,,,,,,,,,,Pandcorps,,,,,,,,,,
,0,,pboethig,,https://avatars1.githubusercontent.com/u/16370179?v=3&amp;s=100,,,,,,,,,,,,,,,Peter Böthig,"Webdeveloper, Magento-Expert",,,,,,,,,
,0,,Jon-Millent,,https://avatars2.githubusercontent.com/u/17584565?v=3&amp;s=100,,,,,,,,,,,,,,,millent,,,,,,,,,,
,0,,Vermisse,,https://avatars2.githubusercontent.com/u/17972943?v=3&amp;s=100,,,,,,,,,,,,,,,Sunki,Java、Scala、Clojure,,,,,,,,,
,0,,ikibits,,https://avatars1.githubusercontent.com/u/3784449?v=3&amp;s=100,,,,,,,,,,,,,,,Tony kevin,A passionate for science and technology web,,,,,,,,,
,0,,Alf21,,https://avatars3.githubusercontent.com/u/11843790?v=3&amp;s=100,,,,,,,,,,,,,,,Alf Müller,,,,,,,,,,
,0,,BFush,,https://avatars3.githubusercontent.com/u/23432645?v=3&amp;s=100,,,,,,,,,,,,,,,Brisnee Fush,Research graduate at Stanford University specializing in Natural Language Processing and Linguistics. Previously: Kilgraston School. Please follow me. 😄 ,,,,,,,,,
,0,,andreztz,,https://avatars1.githubusercontent.com/u/7193527?v=3&amp;s=100,,,,,,,,,,,,,,,Andre Santos,,,,,,,,,,
,0,,dvmoomoodv,,https://avatars1.githubusercontent.com/u/12573299?v=3&amp;s=100,,,,,,,,,,,,,,,dvmoomoodv,Software Engineer,,,,,,,,,
,0,,l0stfake7,,https://avatars2.githubusercontent.com/u/7033619?v=3&amp;s=100,,,,,,,,,,,,,,,Bartek Poniatyszyn,https://linkedin.com/in/bartlomiejponiatyszyn,,,,,,,,,
,0,,brunocvcunha,,https://avatars2.githubusercontent.com/u/3207647?v=3&amp;s=100,,,,,,,,,,,,,,,Bruno Candido Volpato da Cunha,☕️  💻  ,,,,,,,,,
,0,,C0x,,https://avatars0.githubusercontent.com/u/23690622?v=3&amp;s=100,,,,,,,,,,,,,,,C0x,,,,,,,,,,
,0,,hax0rlib,,https://avatars1.githubusercontent.com/u/9920181?v=3&amp;s=100,,,,,,,,,,,,,,,André Rodriguês,A persistência é o caminho do êxito.,,,,,,,,,
,0,,976500133,,https://avatars0.githubusercontent.com/u/5755720?v=3&amp;s=100,,,,,,,,,,,,,,,Baron.Liu,前端开发/iOS 开发/Node开发工程师,,,,,,,,,
,0,,PT-Player,,https://avatars1.githubusercontent.com/u/6690427?v=3&amp;s=100,,,,,,,,,,,,,,,Tiago Ferreira,,,,,,,,,,
