﻿login,score,avatar_url,id,gravatar_id,gists_url,url,repos_url,html_url,events_url,followers_url,received_events_url,following_url,type,starred_url,site_admin,subscriptions_url,name,organizations_url,company,blog,location,email,hireable,bio,public_repos,public_gists,followers,following,created_at,updated_at
wilon,0,https://avatars2.githubusercontent.com/u/7512755?v=3&amp;s=100,,,,,,,,,,,,,,,wilon,,,,,,,PHPer.,,,,,,
AndiChiou,0,https://avatars2.githubusercontent.com/u/23460812?v=3&amp;s=100,,,,,,,,,,,,,,,Andi Chiou,,,,,,,High school student @bartlett-high-school,,,,,,
gintern,0,https://avatars2.githubusercontent.com/u/20753788?v=3&amp;s=100,,,,,,,,,,,,,,,Michelle Isterya,,,,,,,"B.Tech at MIT, 2010;  Help me in development. Google Intern, 2016 :smile: ",,,,,,
BFush,0,https://avatars3.githubusercontent.com/u/23432645?v=3&amp;s=100,,,,,,,,,,,,,,,Brisnee Fush,,,,,,,Research graduate at Stanford University specializing in Natural Language Processing and Linguistics. Previously: Kilgraston School. Please follow me. 😄 ,,,,,,
chongbenben,0,https://avatars0.githubusercontent.com/u/21237518?v=3&amp;s=100,,,,,,,,,,,,,,,种奔奔,,,,,,,FEE in China.,,,,,,
AeronStory,0,https://avatars2.githubusercontent.com/u/22915694?v=3&amp;s=100,,,,,,,,,,,,,,,mohammad,,,,,,,,,,,,,
caaarlos,0,https://avatars0.githubusercontent.com/u/10673767?v=3&amp;s=100,,,,,,,,,,,,,,,caaarlos,,,,,,,,,,,,,
yfgeek,0,https://avatars2.githubusercontent.com/u/7533831?v=3&amp;s=100,,,,,,,,,,,,,,,Ivan,,,,,,,,,,,,,
Vermisse,0,https://avatars2.githubusercontent.com/u/17972943?v=3&amp;s=100,,,,,,,,,,,,,,,Sunki,,,,,,,Java、Scala、Clojure,,,,,,
rafael-andrade,0,https://avatars1.githubusercontent.com/u/11963164?v=3&amp;s=100,,,,,,,,,,,,,,,rafael-andrade,,,,,,,,,,,,,
DiegoCatalano,0,https://avatars1.githubusercontent.com/u/5301914?v=3&amp;s=100,,,,,,,,,,,,,,,Marcos Diego Catalano,,,,,,,,,,,,,
Dangelo123,0,https://avatars3.githubusercontent.com/u/8633247?v=3&amp;s=100,,,,,,,,,,,,,,,Dangelo123,,,,,,,,,,,,,
renersilva,0,https://avatars1.githubusercontent.com/u/2665193?v=3&amp;s=100,,,,,,,,,,,,,,,renersilva,,,,,,,,,,,,,
faelperetta,0,https://avatars1.githubusercontent.com/u/2245848?v=3&amp;s=100,,,,,,,,,,,,,,,Rafael Peretta,,,,,,,,,,,,,
VagrantStory,0,https://avatars3.githubusercontent.com/u/4069972?v=3&amp;s=100,,,,,,,,,,,,,,,mohammad,,,,,,,Developer Program Member,,,,,,
stoked-zz,0,https://avatars2.githubusercontent.com/u/13973828?v=3&amp;s=100,,,,,,,,,,,,,,,Amie Lynn,,,,,,,,,,,,,
MichalPaszkiewicz,0,https://avatars2.githubusercontent.com/u/6673982?v=3&amp;s=100,,,,,,,,,,,,,,,Michal Paszkiewicz,,,,,,,Just a guy who likes to make things @MichalYouDoing,,,,,,
elgalu,0,https://avatars0.githubusercontent.com/u/111569?v=3&amp;s=100,,,,,,,,,,,,,,,Leo Gallucci,,,,,,,Leo is the creator of docker-selenium which aims to get Selenium running as simple and fast as possible,,,,,,
BrianMarquez3,0,https://avatars2.githubusercontent.com/u/11839204?v=3&amp;s=100,,,,,,,,,,,,,,,BrianMarquez3,,,,,,,,,,,,,
D132,0,https://avatars2.githubusercontent.com/u/4085362?v=3&amp;s=100,,,,,,,,,,,,,,,Deepak Laxmi Narasimha,,,,,,,,,,,,,
mgwhitfield,0,https://avatars1.githubusercontent.com/u/2973130?v=3&amp;s=100,,,,,,,,,,,,,,,Mike W,,,,,,,,,,,,,
brunocasanova,0,https://avatars3.githubusercontent.com/u/4107768?v=3&amp;s=100,,,,,,,,,,,,,,,Bruno Casanova,,,,,,,,,,,,,
cusspvz,0,https://avatars2.githubusercontent.com/u/3604053?v=3&amp;s=100,,,,,,,,,,,,,,,José Moreira,,,,,,,"full-stack developer, ui/ux designer, musician &amp; diy entusiast",,,,,,
sergioaugrod,0,https://avatars0.githubusercontent.com/u/3522574?v=3&amp;s=100,,,,,,,,,,,,,,,Sérgio Rodrigues,,,,,,,,,,,,,
