﻿score,login,id,avatar_url,gravatar_id,url,html_url,followers_url,following_url,gists_url,starred_url,subscriptions_url,organizations_url,repos_url,events_url,received_events_url,type,site_admin,name,company,blog,location,email,hireable,bio,public_repos,public_gists,followers,following,created_at,updated_at
0,AndiChiou,,https://avatars2.githubusercontent.com/u/23460812?v=3&amp;s=100,,,,,,,,,,,,,,,Andi Chiou,,,,,,High school student @bartlett-high-school,,,,,,
0,saru95,,https://avatars2.githubusercontent.com/u/6523503?v=3&amp;s=100,,,,,,,,,,,,,,,Sarthak Munshi,,,,,,¯\_(ツ)_/¯,,,,,,
0,ManishJainPICT,,https://avatars3.githubusercontent.com/u/11615711?v=3&amp;s=100,,,,,,,,,,,,,,,Manish Jain,,,,,,,,,,,,
0,zackhaikal,,https://avatars3.githubusercontent.com/u/17828772?v=3&amp;s=100,,,,,,,,,,,,,,,zackhaikal,,,,,,,,,,,,
0,trietptm,,https://avatars1.githubusercontent.com/u/526959?v=3&amp;s=100,,,,,,,,,,,,,,,Minh Triet Pham Tran,,,,,,,,,,,,
0,murtraja,,https://avatars0.githubusercontent.com/u/7806954?v=3&amp;s=100,,,,,,,,,,,,,,,Murtaza Raja,,,,,,,,,,,,
0,AakashRaina,,https://avatars3.githubusercontent.com/u/8619310?v=3&amp;s=100,,,,,,,,,,,,,,,Aakash  Raina,,,,,,"Student at Pune Institute of Computer Technology, Pune India",,,,,,
