﻿score,login,id,avatar_url,gravatar_id,url,html_url,followers_url,following_url,gists_url,starred_url,subscriptions_url,organizations_url,repos_url,events_url,received_events_url,type,site_admin,name,company,blog,location,email,hireable,bio,public_repos,public_gists,followers,following,created_at,updated_at
0,ambodi,,https://avatars0.githubusercontent.com/u/6009583?v=3&amp;s=100,,,,,,,,,,,,,,,Amir Rahnama,,,,,,"Node.js, R, Python, Machine Learning and stuff!",,,,,,
0,ipanardian,,https://avatars1.githubusercontent.com/u/415225?v=3&amp;s=100,,,,,,,,,,,,,,,Ipan Ardian,,,,,,A man who converts caffeine into code,,,,,,
0,AndiChiou,,https://avatars2.githubusercontent.com/u/23460812?v=3&amp;s=100,,,,,,,,,,,,,,,Andi Chiou,,,,,,High school student @bartlett-high-school,,,,,,
0,BFush,,https://avatars3.githubusercontent.com/u/23432645?v=3&amp;s=100,,,,,,,,,,,,,,,Brisnee Fush,,,,,,Research graduate at Stanford University specializing in Natural Language Processing and Linguistics. Previously: Kilgraston School. Please follow me. 😄 ,,,,,,
0,zhhgit,,https://avatars2.githubusercontent.com/u/7296736?v=3&amp;s=100,,,,,,,,,,,,,,,Zhang Hao,,,,,,,,,,,,
0,cusspvz,,https://avatars2.githubusercontent.com/u/3604053?v=3&amp;s=100,,,,,,,,,,,,,,,José Moreira,,,,,,"full-stack developer, ui/ux designer, musician &amp; diy entusiast",,,,,,
0,stoked-zz,,https://avatars2.githubusercontent.com/u/13973828?v=3&amp;s=100,,,,,,,,,,,,,,,Amie Lynn,,,,,,,,,,,,
0,MichalPaszkiewicz,,https://avatars2.githubusercontent.com/u/6673982?v=3&amp;s=100,,,,,,,,,,,,,,,Michal Paszkiewicz,,,,,,Just a guy who likes to make things @MichalYouDoing,,,,,,
0,Mirosalva,,https://avatars2.githubusercontent.com/u/14834140?v=3&amp;s=100,,,,,,,,,,,,,,,Mirosalva,,,,,,,,,,,,
0,shiguang1419,,https://avatars1.githubusercontent.com/u/16829068?v=3&amp;s=100,,,,,,,,,,,,,,,shiguang1419,,,,,,,,,,,,
0,blueflyczs,,https://avatars3.githubusercontent.com/u/4395784?v=3&amp;s=100,,,,,,,,,,,,,,,blueflyczs,,,,,,,,,,,,
0,qiuyuntao,,https://avatars2.githubusercontent.com/u/8157476?v=3&amp;s=100,,,,,,,,,,,,,,,却痕,,,,,,work for alipay,,,,,,
