﻿[
    {
        "Followers": [
            "wilon",
            "bkm1291",
            "Louloe",
            "moadkh",
            "andy07nguyen",
            "ee92",
            "AG-Systems",
            "bhindabal",
            "sayzkevin",
            "wongnc",
            "tiffany-stewart",
            "AeronStory",
            "connor11528",
            "ternsip",
            "billfranz00",
            "Belalnato",
            "pdotsani",
            "Dnguye92",
            "stoked-zz",
            "VagrantStory",
            "Gracie930",
            "ChrisSum",
            "jreitsch",
            "EmmanuelJucaban",
            "rxsharp",
            "angusshire"
        ],
        "Followings": [
            "jreitsch",
            "ChrisSum",
            "VagrantStory",
            "stoked-zz",
            "Belalnato",
            "ternsip",
            "connor11528",
            "AeronStory",
            "wongnc",
            "sayzkevin",
            "bhindabal",
            "AG-Systems",
            "ee92",
            "BlackMG27",
            "tiffany-stewart",
            "bstiber",
            "pdotsani",
            "joellebs",
            "Dnguye92",
            "Gracie930",
            "angusshire",
            "rxsharp",
            "EmmanuelJucaban",
            "billfranz00",
            "ritch",
            "NicolasRitouet",
            "jeffbcross",
            "ericfong",
            "dallonf",
            "mwegenstein",
            "jlord"
        ],
        "Repositories": null,
        "Stars": null,
        "User": {
            "Extension": null,
            "avatar_url": null,
            "bio": null,
            "blog": null,
            "company": null,
            "created_at": null,
            "email": null,
            "events_url": null,
            "followers": null,
            "followers_url": null,
            "following": null,
            "following_url": null,
            "gists_url": null,
            "gravatar_id": null,
            "hireable": null,
            "html_url": null,
            "id": null,
            "location": null,
            "login": "BrianJenney",
            "name": null,
            "organizations_url": null,
            "public_gists": null,
            "public_repos": null,
            "received_events_url": null,
            "repos_url": null,
            "score": 0,
            "site_admin": null,
            "starred_url": null,
            "subscriptions_url": null,
            "type": null,
            "updated_at": null,
            "url": null
        }
    }
]