﻿[
    {
        "Followers": [
            "wilon",
            "AeronStory",
            "stoked-zz",
            "dingyiming",
            "angusshire",
            "Husnain062",
            "czhangxu",
            "fordream",
            "shanzi",
            "jiyinyiyong",
            "libing360"
        ],
        "Followings": [
            "libing360",
            "jiyinyiyong",
            "shanzi",
            "fordream",
            "czhangxu",
            "Husnain062",
            "angusshire",
            "dingyiming",
            "stoked-zz",
            "AeronStory",
            "miniKanren",
            "liutanyu",
            "porcow",
            "yinwang0",
            "blasten",
            "liftoff",
            "dionyziz",
            "Benvie",
            "vgod",
            "kaizawa",
            "jimenezrick",
            "keithw",
            "RobertWHurst",
            "zhasm",
            "kennethreitz",
            "altercation",
            "johanburati",
            "smallfish",
            "mrdoob",
            "yogsototh",
            "nvie",
            "Lokaltog",
            "magro",
            "sjl",
            "rg3",
            "jeffkreeftmeijer",
            "sitaramc",
            "apenwarr",
            "esden",
            "micha",
            "killme2008",
            "rauchg",
            "jgm",
            "smgt",
            "maccman",
            "mbleigh",
            "mislav",
            "mountain",
            "tpope",
            "maddox",
            "robbyrussell"
        ],
        "Repositories": null,
        "Stars": null,
        "User": {
            "Extension": null,
            "avatar_url": null,
            "bio": null,
            "blog": null,
            "company": null,
            "created_at": null,
            "email": null,
            "events_url": null,
            "followers": null,
            "followers_url": null,
            "following": null,
            "following_url": null,
            "gists_url": null,
            "gravatar_id": null,
            "hireable": null,
            "html_url": null,
            "id": null,
            "location": null,
            "login": "cmonkey",
            "name": null,
            "organizations_url": null,
            "public_gists": null,
            "public_repos": null,
            "received_events_url": null,
            "repos_url": null,
            "score": 0,
            "site_admin": null,
            "starred_url": null,
            "subscriptions_url": null,
            "type": null,
            "updated_at": null,
            "url": null
        }
    }
]