﻿[
    {
        "Followers": [
            "wilon",
            "MaxPleaner",
            "BFush",
            "Vermisse",
            "yfgeek",
            "gintern",
            "AeronStory",
            "khaledhasan",
            "evinw",
            "ternsip",
            "humphriescarly",
            "kusha-b-k",
            "qinix",
            "Copywright",
            "pisual",
            "perfettiful",
            "VagrantStory",
            "stoked-zz",
            "tvvocold",
            "rapidwebx",
            "MichalPaszkiewicz",
            "boie0025",
            "freire45",
            "CeceXX",
            "AlexisOhanian",
            "deividazevedo2",
            "alicaglayan",
            "shoshindes",
            "john-saman",
            "HamzaElgarrab",
            "SergioChan",
            "angusshire",
            "TheRakken",
            "arduanov",
            "Nood-cs",
            "Humberto4902",
            "LoveTNT",
            "najikadri",
            "MohammadTF",
            "AzimDharani",
            "underley",
            "shadi-mahm",
            "victor-ono",
            "Johnwolfe",
            "zachfeldman"
        ],
        "Followings": [
            "AlexisOhanian",
            "AeronStory",
            "Vermisse",
            "johnakers",
            "cmar",
            "gmile",
            "onebree",
            "metaskills",
            "jessitron",
            "skmetz",
            "r00k",
            "iwasrobbed",
            "nateberkopec",
            "snuggs",
            "tpope",
            "jferris",
            "torvalds",
            "mu-is-too-short",
            "jeffreynolte",
            "jnicklas",
            "Copywright",
            "MaxPleaner",
            "maxivak",
            "olegykz",
            "jclusso",
            "jordanbrock",
            "tyrollins",
            "davydovanton",
            "mohebifar",
            "VagrantStory",
            "perfettiful",
            "MichalPaszkiewicz",
            "freire45",
            "boie0025",
            "loken73",
            "deividazevedo2",
            "alicaglayan",
            "shoshindes",
            "MilanAryal",
            "SergioChan",
            "Nood-cs",
            "getify",
            "maxim",
            "myronmarston",
            "drapergeek",
            "tennisonchan",
            "aruprakshit",
            "malukenho",
            "HamzaElgarrab",
            "windiest",
            "TheRakken"
        ],
        "Repositories": null,
        "Stars": null,
        "User": {
            "Extension": null,
            "avatar_url": null,
            "bio": null,
            "blog": null,
            "company": null,
            "created_at": null,
            "email": null,
            "events_url": null,
            "followers": null,
            "followers_url": null,
            "following": null,
            "following_url": null,
            "gists_url": null,
            "gravatar_id": null,
            "hireable": null,
            "html_url": null,
            "id": null,
            "location": null,
            "login": "dimanyc",
            "name": null,
            "organizations_url": null,
            "public_gists": null,
            "public_repos": null,
            "received_events_url": null,
            "repos_url": null,
            "score": 0,
            "site_admin": null,
            "starred_url": null,
            "subscriptions_url": null,
            "type": null,
            "updated_at": null,
            "url": null
        }
    }
]