﻿[
    {
        "Followers": [
            "wilon",
            "obernardovieira",
            "Vermisse",
            "AeronStory",
            "lucasbento",
            "ternsip",
            "stoked-zz",
            "VagrantStory",
            "angusshire",
            "quidesign",
            "Hughes0687",
            "milicofelix",
            "vyarmak",
            "hrq1",
            "lcsbaroni",
            "lucasrenan",
            "bbypk71",
            "flavioureshino",
            "ThiagoAnunciacao",
            "lucianotj",
            "lnunesbr",
            "duodraco"
        ],
        "Followings": [
            "stoked-zz",
            "AeronStory",
            "Vermisse",
            "obernardovieira",
            "lucasbento",
            "ayushoriginal",
            "ternsip",
            "VagrantStory",
            "imilkes",
            "gullitmiranda",
            "dynaum",
            "nuxlli",
            "quidesign",
            "angusshire",
            "barelyknown",
            "Shougo",
            "milicofelix",
            "luigiburatto",
            "ArianaMoura",
            "fmgetschko",
            "hrq1",
            "chriskempson",
            "thomazyazima",
            "brunoschroeder",
            "Hughes0687",
            "halorium",
            "bbypk71",
            "intelectas",
            "lucasrenan",
            "vyarmak",
            "lcsbaroni",
            "flavioureshino",
            "ThiagoAnunciacao",
            "warpech",
            "lucianotj",
            "leafo",
            "torvalds",
            "lnunesbr",
            "kotarokikuchi",
            "duodraco"
        ],
        "Repositories": null,
        "Stars": null,
        "User": {
            "Extension": null,
            "avatar_url": null,
            "bio": null,
            "blog": null,
            "company": null,
            "created_at": null,
            "email": null,
            "events_url": null,
            "followers": null,
            "followers_url": null,
            "following": null,
            "following_url": null,
            "gists_url": null,
            "gravatar_id": null,
            "hireable": null,
            "html_url": null,
            "id": null,
            "location": null,
            "login": "dlanileonardo",
            "name": null,
            "organizations_url": null,
            "public_gists": null,
            "public_repos": null,
            "received_events_url": null,
            "repos_url": null,
            "score": 0,
            "site_admin": null,
            "starred_url": null,
            "subscriptions_url": null,
            "type": null,
            "updated_at": null,
            "url": null
        }
    }
]