﻿[
    {
        "Followers": [
            "TheDeepThinker",
            "wilon",
            "icaynia",
            "bermoodastar",
            "UltraWalker",
            "afshin-hoseini",
            "slashramin",
            "AeronStory"
        ],
        "Followings": [
            "AeronStory",
            "UltraWalker",
            "farbod-s",
            "mmdsharifi",
            "aliva",
            "khajavi",
            "itmard",
            "ahmadina",
            "habedi",
            "nekofar",
            "morilog",
            "afsharm",
            "danialbehzadi",
            "ilius",
            "1995parham",
            "behrad",
            "shjalayeri",
            "mamal72",
            "saeedalipoor",
            "arastu",
            "Ali-Razmjoo",
            "HoseinEmrani",
            "reshadman",
            "VahidN",
            "MHM5000",
            "nournia",
            "AliGH",
            "remohammadi",
            "behrang",
            "mdibaiee",
            "Imandaneshi",
            "mimr9",
            "sepehr",
            "siamak",
            "lxsameer",
            "Rootkitsmm",
            "fzerorubigd",
            "milani",
            "dariubs",
            "zoghal",
            "fffaraz",
            "farhadi",
            "slashramin",
            "orangkaka",
            "neemasa",
            "bermoodastar",
            "jjorian",
            "alireza0hatami",
            "MasoodFallahpoor",
            "theAliAkhgar",
            "AliAlidousti"
        ],
        "Repositories": null,
        "Stars": null,
        "User": {
            "Extension": null,
            "avatar_url": null,
            "bio": null,
            "blog": null,
            "company": null,
            "created_at": null,
            "email": null,
            "events_url": null,
            "followers": null,
            "followers_url": null,
            "following": null,
            "following_url": null,
            "gists_url": null,
            "gravatar_id": null,
            "hireable": null,
            "html_url": null,
            "id": null,
            "location": null,
            "login": "FarhadHey96",
            "name": null,
            "organizations_url": null,
            "public_gists": null,
            "public_repos": null,
            "received_events_url": null,
            "repos_url": null,
            "score": 0,
            "site_admin": null,
            "starred_url": null,
            "subscriptions_url": null,
            "type": null,
            "updated_at": null,
            "url": null
        }
    }
]