﻿[
    {
        "Followers": [
            "wilon",
            "phelipe",
            "edu-bot",
            "femtotrader",
            "yfgeek",
            "accerqueira",
            "AeronStory",
            "Vermisse",
            "filipebraida",
            "arsidnal16",
            "felipecrp",
            "irshuLx",
            "gmkhussain",
            "brunocvcunha",
            "jmarcellopereira",
            "MichalPaszkiewicz",
            "cusspvz",
            "opm22",
            "zhmz90",
            "ntdef",
            "gomiero"
        ],
        "Followings": [
            "souravsingh",
            "he0x",
            "trmwzm",
            "AeronStory",
            "phelipe",
            "Vermisse",
            "accerqueira",
            "yfgeek",
            "femtotrader",
            "jaidevd",
            "bhavikat",
            "dennybritz",
            "haoranw",
            "paramsingh96",
            "davidagold",
            "nalimilan",
            "filipebraida",
            "c42f",
            "mtrabelsi",
            "arsidnal16",
            "ayushoriginal",
            "andyferris",
            "felipecrp",
            "Keno",
            "irshuLx",
            "brunocvcunha",
            "gmkhussain",
            "MichalPaszkiewicz",
            "zhmz90",
            "gomiero",
            "ntdef",
            "cusspvz",
            "jmarcellopereira",
            "fredargolo",
            "shashi",
            "josefsachsconning",
            "ScottPJones",
            "ranjanan",
            "tehrengruber",
            "WestleyArgentum",
            "johnmyleswhite",
            "aviks",
            "StefanKarpinski",
            "LeoFCardoso",
            "opm22",
            "ViralBShah",
            "tbreloff",
            "milktrader",
            "metachris",
            "XavierBerger",
            "YuriDio"
        ],
        "Repositories": null,
        "Stars": null,
        "User": {
            "Extension": null,
            "avatar_url": null,
            "bio": null,
            "blog": null,
            "company": null,
            "created_at": null,
            "email": null,
            "events_url": null,
            "followers": null,
            "followers_url": null,
            "following": null,
            "following_url": null,
            "gists_url": null,
            "gravatar_id": null,
            "hireable": null,
            "html_url": null,
            "id": null,
            "location": null,
            "login": "felipenoris",
            "name": null,
            "organizations_url": null,
            "public_gists": null,
            "public_repos": null,
            "received_events_url": null,
            "repos_url": null,
            "score": 0,
            "site_admin": null,
            "starred_url": null,
            "subscriptions_url": null,
            "type": null,
            "updated_at": null,
            "url": null
        }
    }
]