﻿[
    {
        "Followers": [
            "wilon",
            "jpruiz114",
            "yfgeek",
            "AeronStory",
            "TastySummer",
            "einverne",
            "Mati365",
            "VagrantStory",
            "stoked-zz",
            "MichalPaszkiewicz",
            "riyasmohamedmr",
            "stone-jin",
            "wyvernnot"
        ],
        "Followings": [
            "dingyiming",
            "AeronStory",
            "yfgeek",
            "jpruiz114",
            "juliangarnier",
            "TastySummer",
            "zcli",
            "ultimate010",
            "wendyzhuo",
            "einverne",
            "kennethcachia",
            "yyx990803",
            "VagrantStory",
            "code-artisan",
            "markgeek",
            "liubin",
            "stone-jin",
            "MichalPaszkiewicz",
            "phalt",
            "xudafeng",
            "yiminghe",
            "cssmagic",
            "wyvernnot",
            "hongru",
            "josdirksen",
            "ruanyf",
            "elrumordelaluz",
            "sindresorhus"
        ],
        "Repositories": null,
        "Stars": null,
        "User": {
            "Extension": null,
            "avatar_url": null,
            "bio": null,
            "blog": null,
            "company": null,
            "created_at": null,
            "email": null,
            "events_url": null,
            "followers": null,
            "followers_url": null,
            "following": null,
            "following_url": null,
            "gists_url": null,
            "gravatar_id": null,
            "hireable": null,
            "html_url": null,
            "id": null,
            "location": null,
            "login": "hazelGranger",
            "name": null,
            "organizations_url": null,
            "public_gists": null,
            "public_repos": null,
            "received_events_url": null,
            "repos_url": null,
            "score": 0,
            "site_admin": null,
            "starred_url": null,
            "subscriptions_url": null,
            "type": null,
            "updated_at": null,
            "url": null
        }
    }
]