﻿[
    {
        "Followers": [
            "wilon",
            "juliancelaj",
            "AeronStory",
            "kamalalteris",
            "MyselfKhayer",
            "JeorgeMatt",
            "weiyikong",
            "VagrantStory",
            "perfettiful",
            "stoked-zz",
            "toomastahves",
            "jurkog",
            "tvvocold",
            "JQNguyen15",
            "MichalPaszkiewicz",
            "MoeHamoud",
            "MattMcFarland",
            "angusshire",
            "navneetgarg123"
        ],
        "Followings": [
            "toomastahves",
            "perfettiful",
            "VagrantStory",
            "JeorgeMatt",
            "MyselfKhayer",
            "kamalalteris",
            "AeronStory",
            "juliancelaj",
            "weiyikong",
            "mikepenz",
            "angusshire",
            "stoked-zz",
            "MichalPaszkiewicz",
            "MilanAryal",
            "tvvocold",
            "antoniolg",
            "MoeHamoud",
            "jurkog",
            "JQNguyen15",
            "bigendianclub",
            "MattMcFarland",
            "h2rashee",
            "navneetgarg123",
            "twcamper"
        ],
        "Repositories": null,
        "Stars": null,
        "User": {
            "Extension": null,
            "avatar_url": null,
            "bio": null,
            "blog": null,
            "company": null,
            "created_at": null,
            "email": null,
            "events_url": null,
            "followers": null,
            "followers_url": null,
            "following": null,
            "following_url": null,
            "gists_url": null,
            "gravatar_id": null,
            "hireable": null,
            "html_url": null,
            "id": null,
            "location": null,
            "login": "kamalh16",
            "name": null,
            "organizations_url": null,
            "public_gists": null,
            "public_repos": null,
            "received_events_url": null,
            "repos_url": null,
            "score": 0,
            "site_admin": null,
            "starred_url": null,
            "subscriptions_url": null,
            "type": null,
            "updated_at": null,
            "url": null
        }
    }
]