﻿[
    {
        "Followers": [
            "wilon",
            "AndiChiou",
            "BFush",
            "lina-fraij",
            "gintern",
            "retospect",
            "yfgeek",
            "ReidHolmes",
            "Vermisse",
            "cloudyan",
            "TianJiaDaShao",
            "AeronStory",
            "Shipow",
            "daviddexter",
            "evinw",
            "cynical89",
            "drizlrc",
            "RogerFederer03",
            "976500133",
            "gravitygz",
            "enajork",
            "juvenalis",
            "DaStrike",
            "AbuYami",
            "ternsip",
            "timkofu",
            "mbacvanski",
            "adambajumba",
            "lidinghao",
            "sbabybird",
            "jw84",
            "kasvith",
            "LandyGuo",
            "qinix",
            "MohammadRazaSEO",
            "SufyanHaqqui",
            "RowlandOti",
            "toxtli",
            "pisual",
            "VagrantStory",
            "stoked-zz",
            "Fluen",
            "colleowino",
            "arduanov",
            "toomastahves",
            "tvvocold",
            "danleyb2",
            "MuhikaThomas",
            "MichalPaszkiewicz",
            "mwongeraE",
            "SmileBearie"
        ],
        "Followings": [
            "evinw",
            "Shipow",
            "cloudyan",
            "TianJiaDaShao",
            "AeronStory",
            "ReidHolmes",
            "yfgeek",
            "lina-fraij",
            "BFush",
            "AndiChiou",
            "dqminh",
            "gaearon",
            "srid",
            "chennqqi",
            "valyala",
            "jreadey",
            "mmcgrana",
            "salmenus",
            "tannerlinsley",
            "sideshow",
            "maciejjaskowski",
            "fengyuanchen",
            "DominicTobias",
            "jkodumal",
            "prakhar1989",
            "mandysimon88",
            "alexflint",
            "tejasmanohar",
            "vmihailenco",
            "pontusmelke",
            "andela-hkoske",
            "wise-eddy",
            "daviddexter",
            "BridgeAR",
            "nesv",
            "alichtner",
            "cynical89",
            "jagracey",
            "leebyron",
            "elenavolokhova",
            "mholt",
            "daniman",
            "jcharrell",
            "mbacvanski",
            "adambajumba",
            "ternsip",
            "sitilge",
            "gravitygz",
            "juvenalis",
            "DaStrike",
            "AbuYami"
        ],
        "Repositories": null,
        "Stars": null,
        "User": {
            "Extension": null,
            "avatar_url": null,
            "bio": null,
            "blog": null,
            "company": null,
            "created_at": null,
            "email": null,
            "events_url": null,
            "followers": null,
            "followers_url": null,
            "following": null,
            "following_url": null,
            "gists_url": null,
            "gravatar_id": null,
            "hireable": null,
            "html_url": null,
            "id": null,
            "location": null,
            "login": "kelonye",
            "name": null,
            "organizations_url": null,
            "public_gists": null,
            "public_repos": null,
            "received_events_url": null,
            "repos_url": null,
            "score": 0,
            "site_admin": null,
            "starred_url": null,
            "subscriptions_url": null,
            "type": null,
            "updated_at": null,
            "url": null
        }
    }
]