﻿[
    {
        "Followers": [
            "wilon",
            "Vermisse",
            "AeronStory",
            "Shipow",
            "pumpkinheader",
            "JeorgeMatt",
            "perfettiful",
            "VagrantStory",
            "stoked-zz",
            "mechana",
            "angusshire",
            "cusspvz",
            "tjinjin",
            "RVIRUS0817",
            "kasei-san",
            "masutaka",
            "tmd45",
            "PONTA-zip",
            "ridhomodariver",
            "kuina",
            "catoidrobo"
        ],
        "Followings": [
            "AeronStory",
            "Shipow",
            "motemen",
            "astaxie",
            "piuccio",
            "hamano",
            "mizukmb",
            "perfettiful",
            "pumpkinheader",
            "Ch3ck",
            "stoked-zz",
            "raqwel",
            "mechana",
            "RVIRUS0817",
            "cusspvz",
            "angusshire",
            "tjinjin",
            "koshigoe",
            "MrToiletman",
            "docomoDeveloperSupport",
            "mgi166",
            "TasukuNakano",
            "kasei-san",
            "ridhomodariver",
            "masutaka",
            "tmd45",
            "RVIRUS",
            "PONTA-zip",
            "kuina",
            "catoidrobo"
        ],
        "Repositories": null,
        "Stars": null,
        "User": {
            "Extension": null,
            "avatar_url": null,
            "bio": null,
            "blog": null,
            "company": null,
            "created_at": null,
            "email": null,
            "events_url": null,
            "followers": null,
            "followers_url": null,
            "following": null,
            "following_url": null,
            "gists_url": null,
            "gravatar_id": null,
            "hireable": null,
            "html_url": null,
            "id": null,
            "location": null,
            "login": "Lorentzca",
            "name": null,
            "organizations_url": null,
            "public_gists": null,
            "public_repos": null,
            "received_events_url": null,
            "repos_url": null,
            "score": 0,
            "site_admin": null,
            "starred_url": null,
            "subscriptions_url": null,
            "type": null,
            "updated_at": null,
            "url": null
        }
    }
]