﻿[
    {
        "Followers": [
            "wilon",
            "MikhailTatsky",
            "gintern",
            "AeronStory",
            "stoked-zz",
            "VagrantStory",
            "lenybernard",
            "talbotseb",
            "angusshire",
            "shoshindes",
            "brunocasanova",
            "gojupiter"
        ],
        "Followings": [
            "bradtraversy",
            "semmypurewal",
            "FoamyGuy",
            "Tutorialindustry",
            "fvdm",
            "nikku",
            "zeroasterisk",
            "MilanAryal",
            "wargio",
            "thebucknerlife",
            "7sun",
            "markrichards",
            "2tarotk",
            "AeronStory",
            "realdavidturnbull",
            "faroncoder",
            "Keruspe",
            "acdenisSK",
            "Julisep",
            "briantanner",
            "teschty",
            "FennekFox",
            "Gravestorm",
            "rovendoug",
            "DrJavik",
            "qeled",
            "ealves-pt",
            "matthieua",
            "yyx990803",
            "laychopy",
            "mengmomo",
            "xgrommx",
            "dbrambilla",
            "thelinuxlich",
            "fritexvz",
            "dfkuro",
            "andystandfield",
            "waynehoover",
            "dungtn",
            "KyleBanks",
            "tejado",
            "kulakowka",
            "3mei",
            "megansquire",
            "kenwheeler",
            "juliaferraioli",
            "JosePaumard",
            "PiWhy",
            "ddobervich",
            "keur",
            "jcbohin"
        ],
        "Repositories": null,
        "Stars": null,
        "User": {
            "Extension": null,
            "avatar_url": null,
            "bio": null,
            "blog": null,
            "company": null,
            "created_at": null,
            "email": null,
            "events_url": null,
            "followers": null,
            "followers_url": null,
            "following": null,
            "following_url": null,
            "gists_url": null,
            "gravatar_id": null,
            "hireable": null,
            "html_url": null,
            "id": null,
            "location": null,
            "login": "manolaz",
            "name": null,
            "organizations_url": null,
            "public_gists": null,
            "public_repos": null,
            "received_events_url": null,
            "repos_url": null,
            "score": 0,
            "site_admin": null,
            "starred_url": null,
            "subscriptions_url": null,
            "type": null,
            "updated_at": null,
            "url": null
        }
    }
]