﻿[
    {
        "Followers": [
            "wilon",
            "AeronStory",
            "chungchiehlun",
            "stoked-zz",
            "VagrantStory",
            "MichalPaszkiewicz",
            "fengnanyue",
            "shoshindes",
            "tomcusack1",
            "angusshire"
        ],
        "Followings": [
            "buckyroberts",
            "stoked-zz",
            "chungchiehlun",
            "AeronStory",
            "MichalPaszkiewicz",
            "traumverloren",
            "railstutorial",
            "joshuakemp1",
            "mattpetrie",
            "onemonthrails",
            "shoshindes",
            "tennisonchan",
            "fengnanyue",
            "angusshire",
            "tomcusack1",
            "mhartl",
            "jashkenas",
            "wycats"
        ],
        "Repositories": null,
        "Stars": null,
        "User": {
            "Extension": null,
            "avatar_url": null,
            "bio": null,
            "blog": null,
            "company": null,
            "created_at": null,
            "email": null,
            "events_url": null,
            "followers": null,
            "followers_url": null,
            "following": null,
            "following_url": null,
            "gists_url": null,
            "gravatar_id": null,
            "hireable": null,
            "html_url": null,
            "id": null,
            "location": null,
            "login": "monsieurCarter",
            "name": null,
            "organizations_url": null,
            "public_gists": null,
            "public_repos": null,
            "received_events_url": null,
            "repos_url": null,
            "score": 0,
            "site_admin": null,
            "starred_url": null,
            "subscriptions_url": null,
            "type": null,
            "updated_at": null,
            "url": null
        }
    }
]