﻿[
    {
        "Followers": [
            "wilon",
            "hiddentribe",
            "stardotbmp",
            "yfgeek",
            "AeronStory",
            "vicboma1",
            "tkv858",
            "MichalPaszkiewicz",
            "Bvz2001",
            "kar1",
            "sonpro",
            "cusspvz",
            "JeorgeMatt",
            "Nakilon",
            "VagrantStory",
            "stoked-zz",
            "wilfreddekok",
            "tvvocold",
            "angusshire",
            "AmauryVanEspen",
            "shve-d"
        ],
        "Followings": [
            "DShishkin",
            "tvvocold",
            "wilfreddekok",
            "stoked-zz",
            "VagrantStory",
            "JeorgeMatt",
            "cusspvz",
            "sonpro",
            "kar1",
            "Bvz2001",
            "MichalPaszkiewicz",
            "tkv858",
            "vicboma1",
            "AeronStory",
            "yfgeek",
            "stardotbmp",
            "hiddentribe",
            "Spencer-Easton",
            "iliakan",
            "dskarataev",
            "sahat",
            "Nakilon",
            "hess-g",
            "gaperton",
            "erickoledadevrel",
            "shve-d",
            "vpukhanov",
            "AmauryVanEspen",
            "angusshire",
            "brucemcpherson",
            "yelizariev",
            "yuya",
            "dab00",
            "LibreRussia",
            "printminion"
        ],
        "Repositories": null,
        "Stars": null,
        "User": {
            "Extension": null,
            "avatar_url": null,
            "bio": null,
            "blog": null,
            "company": null,
            "created_at": null,
            "email": null,
            "events_url": null,
            "followers": null,
            "followers_url": null,
            "following": null,
            "following_url": null,
            "gists_url": null,
            "gravatar_id": null,
            "hireable": null,
            "html_url": null,
            "id": null,
            "location": null,
            "login": "oshliaer",
            "name": null,
            "organizations_url": null,
            "public_gists": null,
            "public_repos": null,
            "received_events_url": null,
            "repos_url": null,
            "score": 0,
            "site_admin": null,
            "starred_url": null,
            "subscriptions_url": null,
            "type": null,
            "updated_at": null,
            "url": null
        }
    }
]