﻿[
    {
        "Followers": [
            "wilon",
            "dkanejs",
            "AeronStory",
            "doomsterinc",
            "joses-soul",
            "WillemJan",
            "bloodycoder",
            "ternsip",
            "cardinot",
            "MichalPaszkiewicz",
            "jnobre",
            "jarrydfillmore"
        ],
        "Followings": [
            "bloodycoder",
            "WillemJan",
            "joses-soul",
            "doomsterinc",
            "AeronStory",
            "Tochemey",
            "mgwhitfield",
            "dkanejs",
            "ternsip",
            "k0st1an",
            "MichalPaszkiewicz",
            "cardinot",
            "mhaberler",
            "vampcoder",
            "walterpintor",
            "xZero707",
            "jnobre",
            "jnields",
            "Bera",
            "zhouxinyu",
            "angusshire",
            "cusspvz",
            "ATL4s789",
            "shoshindes",
            "VagrantStory",
            "imraazrally",
            "fengnanyue",
            "jarrydfillmore",
            "cht8687",
            "rolandshoemaker",
            "leeSmile",
            "Cr4sh",
            "dzenbot",
            "guarinogabriel",
            "adam-s",
            "juliangarnier",
            "henryboldi",
            "vhf"
        ],
        "Repositories": null,
        "Stars": null,
        "User": {
            "Extension": null,
            "avatar_url": null,
            "bio": null,
            "blog": null,
            "company": null,
            "created_at": null,
            "email": null,
            "events_url": null,
            "followers": null,
            "followers_url": null,
            "following": null,
            "following_url": null,
            "gists_url": null,
            "gravatar_id": null,
            "hireable": null,
            "html_url": null,
            "id": null,
            "location": null,
            "login": "rafsanjani",
            "name": null,
            "organizations_url": null,
            "public_gists": null,
            "public_repos": null,
            "received_events_url": null,
            "repos_url": null,
            "score": 0,
            "site_admin": null,
            "starred_url": null,
            "subscriptions_url": null,
            "type": null,
            "updated_at": null,
            "url": null
        }
    }
]