﻿[
    {
        "Followers": [
            "shunjilin",
            "AeronStory",
            "holgerthies",
            "ternsip",
            "JeorgeMatt",
            "stoked-zz",
            "angusshire",
            "cusspvz",
            "guicho271828",
            "TakefumiYamamura",
            "icchis",
            "bigsea-t",
            "jinnaiyuu",
            "caprice-j"
        ],
        "Followings": [
            "cusspvz",
            "AeronStory",
            "JeorgeMatt",
            "stoked-zz",
            "dosydon",
            "shunjilin",
            "ternsip",
            "holgerthies",
            "ayushoriginal",
            "angusshire",
            "guicho271828",
            "TakefumiYamamura",
            "miyake1993",
            "icchis",
            "bigsea-t",
            "caprice-j",
            "HiroMorooka",
            "jinnaiyuu"
        ],
        "Repositories": null,
        "Stars": null,
        "User": {
            "Extension": null,
            "avatar_url": null,
            "bio": null,
            "blog": null,
            "company": null,
            "created_at": null,
            "email": null,
            "events_url": null,
            "followers": null,
            "followers_url": null,
            "following": null,
            "following_url": null,
            "gists_url": null,
            "gravatar_id": null,
            "hireable": null,
            "html_url": null,
            "id": null,
            "location": null,
            "login": "spinute",
            "name": null,
            "organizations_url": null,
            "public_gists": null,
            "public_repos": null,
            "received_events_url": null,
            "repos_url": null,
            "score": 0,
            "site_admin": null,
            "starred_url": null,
            "subscriptions_url": null,
            "type": null,
            "updated_at": null,
            "url": null
        }
    }
]