﻿[
    {
        "Followers": [
            "wilon",
            "yfgeek",
            "Vermisse",
            "2tarotk",
            "AeronStory",
            "Ho3ein-Boka",
            "qinix",
            "AdiChat",
            "perfettiful",
            "VagrantStory",
            "stoked-zz",
            "tvvocold",
            "Mellnik",
            "MichalPaszkiewicz",
            "elgalu",
            "AlexisOhanian",
            "imraazrally",
            "D132",
            "alicaglayan",
            "shoshindes",
            "peterkokot",
            "SergioChan",
            "proforbes",
            "angusshire",
            "alex-cory",
            "mbunge",
            "Meggen",
            "cusspvz",
            "zspine",
            "putzflorian"
        ],
        "Followings": [
            "AeronStory",
            "Vermisse",
            "yfgeek",
            "yeun",
            "Ho3ein-Boka",
            "ayushoriginal",
            "smhigley",
            "onebree",
            "angusshire",
            "VagrantStory",
            "blendin",
            "2tarotk",
            "pdsouza",
            "0xNacho",
            "qinix",
            "pablofernandezcom",
            "AdiChat",
            "sagnew",
            "azer",
            "bestform",
            "tyrollins",
            "perfettiful",
            "mohebifar",
            "stoked-zz",
            "syrusakbary",
            "keyvanakbary",
            "alex-cory",
            "proforbes",
            "tvvocold",
            "icewind1991",
            "imraazrally",
            "MichalPaszkiewicz",
            "elgalu",
            "AlexisOhanian",
            "umpirsky",
            "D132",
            "tennisonchan",
            "fhinkel",
            "daryl",
            "shoshindes",
            "peterkokot",
            "alicaglayan",
            "MilanAryal",
            "SergioChan",
            "iandevlin",
            "ForbesLindesay",
            "windiest",
            "cusspvz",
            "Meggen",
            "mbunge",
            "aliceFung"
        ],
        "Repositories": null,
        "Stars": null,
        "User": {
            "Extension": null,
            "avatar_url": null,
            "bio": null,
            "blog": null,
            "company": null,
            "created_at": null,
            "email": null,
            "events_url": null,
            "followers": null,
            "followers_url": null,
            "following": null,
            "following_url": null,
            "gists_url": null,
            "gravatar_id": null,
            "hireable": null,
            "html_url": null,
            "id": null,
            "location": null,
            "login": "StephanWeinhold",
            "name": null,
            "organizations_url": null,
            "public_gists": null,
            "public_repos": null,
            "received_events_url": null,
            "repos_url": null,
            "score": 0,
            "site_admin": null,
            "starred_url": null,
            "subscriptions_url": null,
            "type": null,
            "updated_at": null,
            "url": null
        }
    }
]