﻿[
    {
        "Followers": [
            "edu-bot",
            "dengyi1992",
            "leedohyung-dba",
            "Vermisse",
            "AeronStory",
            "lucasbento",
            "danny200309",
            "zrcing",
            "shiratsu",
            "vominhtri1107",
            "syui",
            "Gooooodman",
            "dotscript",
            "rod-lin",
            "RogerFederer03",
            "0xNacho",
            "gaku-sei",
            "hassanabidpk",
            "AdiChat",
            "MohammadRazaSEO",
            "HassanAyub",
            "greeca0204",
            "pisual",
            "ChrisH221",
            "VagrantStory",
            "deividi86",
            "stoked-zz",
            "0bman",
            "mindcont",
            "Loopshape",
            "yl790",
            "TheRakken",
            "wicky-info",
            "pandcorps",
            "ilk33r",
            "Ballinger1215",
            "stephenherko",
            "robbiegod",
            "rajcybage",
            "jacobxperez",
            "MingXingTeam",
            "whatAboutJohn",
            "EdoLabWorks",
            "supersabillon",
            "andreguedes",
            "s890506",
            "cnbin",
            "TsutomuNakamura",
            "IanBoyanZhang",
            "existenzial",
            "truistic"
        ],
        "Followings": [
            "AeronStory",
            "Vermisse",
            "edu-bot",
            "futureCreator",
            "Gooooodman",
            "sitilge",
            "RogerFederer03",
            "dotscript",
            "mtrabelsi",
            "vominhtri1107",
            "dengyi1992",
            "zrcing",
            "lucasbento",
            "SystemOutCoding",
            "gguop1",
            "softbankbiz",
            "softbankiOS",
            "shiratsu",
            "rod-lin",
            "AdiChat",
            "0xNacho",
            "silverbux",
            "yurimoon",
            "yama23",
            "withelmo",
            "tutida",
            "tsukabo",
            "satthi",
            "sadapon2008",
            "leedohyung-dba",
            "kumerina",
            "Kta-M",
            "kozo",
            "kamiguchi",
            "kaihiro",
            "k1LoW",
            "Junkins",
            "JoJeongMin",
            "Hirotaku",
            "fantasista21jp",
            "denroku",
            "debility",
            "42milez",
            "gaoyuhang",
            "HassanAyub",
            "MohammadRazaSEO",
            "pablofernandezcom",
            "VagrantStory",
            "pisual",
            "wicky-info",
            "mhulse"
        ],
        "Repositories": null,
        "Stars": null,
        "User": {
            "Extension": null,
            "avatar_url": null,
            "bio": null,
            "blog": null,
            "company": null,
            "created_at": null,
            "email": null,
            "events_url": null,
            "followers": null,
            "followers_url": null,
            "following": null,
            "following_url": null,
            "gists_url": null,
            "gravatar_id": null,
            "hireable": null,
            "html_url": null,
            "id": null,
            "location": null,
            "login": "superblr",
            "name": null,
            "organizations_url": null,
            "public_gists": null,
            "public_repos": null,
            "received_events_url": null,
            "repos_url": null,
            "score": 0,
            "site_admin": null,
            "starred_url": null,
            "subscriptions_url": null,
            "type": null,
            "updated_at": null,
            "url": null
        }
    }
]