﻿[
    {
        "Followers": [
            "gintern",
            "AeronStory",
            "afelicioni",
            "abdulabbas",
            "brunocvcunha",
            "ternsip",
            "david3310",
            "AdiChat",
            "lidinghao",
            "pisual",
            "VagrantStory",
            "stoked-zz",
            "tvvocold",
            "MichalPaszkiewicz",
            "nadjib",
            "tennisonchan",
            "shoshindes",
            "gabrielpconceicao",
            "brunocasanova",
            "cusspvz",
            "mssalvo",
            "djidan10",
            "angusshire"
        ],
        "Followings": [
            "AeronStory",
            "afelicioni",
            "hakimel",
            "ayushoriginal",
            "umpirsky",
            "brunocvcunha",
            "breezyskies",
            "ternsip",
            "david3310",
            "AdiChat",
            "andrewsyc",
            "silverbux",
            "lidinghao",
            "laracasts",
            "jamiechapman",
            "pablofernandezcom",
            "MilanAryal",
            "VagrantStory",
            "pisual",
            "tvvocold",
            "mssalvo",
            "shoshindes",
            "MichalPaszkiewicz",
            "tennisonchan",
            "cusspvz",
            "brunocasanova",
            "nadjib",
            "gabrielpconceicao",
            "angusshire",
            "djidan10"
        ],
        "Repositories": null,
        "Stars": null,
        "User": {
            "Extension": null,
            "avatar_url": null,
            "bio": null,
            "blog": null,
            "company": null,
            "created_at": null,
            "email": null,
            "events_url": null,
            "followers": null,
            "followers_url": null,
            "following": null,
            "following_url": null,
            "gists_url": null,
            "gravatar_id": null,
            "hireable": null,
            "html_url": null,
            "id": null,
            "location": null,
            "login": "Ycfx",
            "name": null,
            "organizations_url": null,
            "public_gists": null,
            "public_repos": null,
            "received_events_url": null,
            "repos_url": null,
            "score": 0,
            "site_admin": null,
            "starred_url": null,
            "subscriptions_url": null,
            "type": null,
            "updated_at": null,
            "url": null
        }
    }
]