﻿[
    {
        "Followers": [
            "wilon",
            "ternsip",
            "rdho",
            "c-hering",
            "MyasarRasool",
            "robertjack",
            "manishmarahatta",
            "sydafq",
            "yibeizifd",
            "SavaIvanov9",
            "iagocavalcante",
            "coffee2theorems",
            "Yakiel",
            "nyaapass",
            "ninjaotoko",
            "MohanL",
            "Vermisse",
            "sam0hack",
            "AeronStory",
            "jennylia",
            "syedirfan7",
            "WuHarry",
            "aMinuteMan",
            "shivamshekhar",
            "nirmalks",
            "danny200309",
            "alhot",
            "StevenMedina",
            "thekeyboardcaper",
            "kenjiro7",
            "Nurana",
            "ShoeTurtle",
            "hiuryoliveira",
            "jmrenouard",
            "NghiaTranUIT",
            "pythontrending",
            "filipe-abreu",
            "DarkLT",
            "neomadara",
            "xiaoshanlin000",
            "I2obiN",
            "JohnGomez",
            "rizwankce",
            "cipiricus",
            "KernelMonkey",
            "kilfu0701",
            "deepshaswat",
            "spg7484",
            "dotscript",
            "Guru107",
            "rifaj"
        ],
        "Followings": [
            "timmyjane",
            "avrosmalen",
            "devitalii",
            "protodiy",
            "78squirel78",
            "hmatulis",
            "Bodmer",
            "Nitinrajyadav",
            "huleg",
            "christophediericx",
            "prenticedavid",
            "bioinge",
            "tomcentrate",
            "AbuShaqra",
            "bishopstrow",
            "PauloMalas",
            "elfeke",
            "Dogm",
            "DeshmukhMalhar",
            "makenov",
            "hugolost",
            "fermino",
            "lappiesja",
            "tcrouchcalif",
            "MyselfKhayer",
            "ternsip",
            "bloodycoder",
            "976500133",
            "RogerFederer03",
            "dotscript",
            "Giando",
            "shivamshekhar",
            "AeronStory",
            "sam0hack",
            "Vermisse",
            "MyasarRasool",
            "ladyada",
            "sciguy14",
            "zenozeng",
            "yining1023",
            "wirsing",
            "toolness",
            "therewasaguy",
            "shiffman",
            "sarahgp",
            "sansumbrella",
            "runemadsen",
            "REAS",
            "prisonerjohn",
            "Manindra29",
            "lmccart"
        ],
        "Repositories": null,
        "Stars": null,
        "User": {
            "Extension": null,
            "avatar_url": null,
            "bio": null,
            "blog": null,
            "company": null,
            "created_at": null,
            "email": null,
            "events_url": null,
            "followers": null,
            "followers_url": null,
            "following": null,
            "following_url": null,
            "gists_url": null,
            "gravatar_id": null,
            "hireable": null,
            "html_url": null,
            "id": null,
            "location": null,
            "login": "zackhaikal",
            "name": null,
            "organizations_url": null,
            "public_gists": null,
            "public_repos": null,
            "received_events_url": null,
            "repos_url": null,
            "score": 0,
            "site_admin": null,
            "starred_url": null,
            "subscriptions_url": null,
            "type": null,
            "updated_at": null,
            "url": null
        }
    }
]