﻿score,login,id,avatar_url,gravatar_id,url,html_url,followers_url,following_url,gists_url,starred_url,subscriptions_url,organizations_url,repos_url,events_url,received_events_url,type,site_admin,name,company,blog,location,email,hireable,bio,public_repos,public_gists,followers,following,created_at,updated_at
0,AndiChiou,,https://avatars2.githubusercontent.com/u/23460812?v=3&amp;s=100,,,,,,,,,,,,,,,Andi Chiou,,,,,,High school student @bartlett-high-school,,,,,,
0,myuanyuan,,https://avatars3.githubusercontent.com/u/22052330?v=3&amp;s=100,,,,,,,,,,,,,,,myuanyuan,,,,,,,,,,,,
0,SnehaRane,,https://avatars3.githubusercontent.com/u/10234186?v=3&amp;s=100,,,,,,,,,,,,,,,Sneha Rane,,,,,,,,,,,,
0,jpruiz114,,https://avatars3.githubusercontent.com/u/4614970?v=3&amp;s=100,,,,,,,,,,,,,,,Jean Paul Ruiz,,,,,,"Cat lover, lego fanatic, full stack developer, big data and math passionate.",,,,,,
0,doomsterinc,,https://avatars0.githubusercontent.com/u/5833310?v=3&amp;s=100,,,,,,,,,,,,,,,Maicon Giovani,,,,,,Code Life,,,,,,
0,ozgursarioglan,,https://avatars3.githubusercontent.com/u/9043215?v=3&amp;s=100,,,,,,,,,,,,,,,Özgür SARIOĞLAN,,,,,,@technopratik @razorengineco @OrangeEngine ,,,,,,
0,discobeta,,https://avatars2.githubusercontent.com/u/6441098?v=3&amp;s=100,,,,,,,,,,,,,,,Asaf Klibansky,,,,,,All your base are belong to us,,,,,,
0,joses-soul,,https://avatars3.githubusercontent.com/u/21228026?v=3&amp;s=100,,,,,,,,,,,,,,,José Luís Soto Jr.,,,,,,Systematic software programmer. Book lover.,,,,,,
0,ayushoriginal,,https://avatars2.githubusercontent.com/u/8748017?v=3&amp;s=100,,,,,,,,,,,,,,,Ayush Pareek,,,,,,,,,,,,
0,jagracey,,https://avatars1.githubusercontent.com/u/3309526?v=3&amp;s=100,,,,,,,,,,,,,,,John Gracey,,,,,,,,,,,,
0,rgee,,https://avatars2.githubusercontent.com/u/90679?v=3&amp;s=100,,,,,,,,,,,,,,,Ryan Gee,,,,,,"I write code at Squarespace by day. I work on a two-person team building a surprisingly-involved, turn-based tactical RPG by night.",,,,,,
0,brunocvcunha,,https://avatars2.githubusercontent.com/u/3207647?v=3&amp;s=100,,,,,,,,,,,,,,,Bruno Candido Volpato da Cunha,,,,,,☕️  💻  ,,,,,,
0,jblinder,,https://avatars0.githubusercontent.com/u/50075?v=3&amp;s=100,,,,,,,,,,,,,,,Justin Blinder,,,,,,,,,,,,
0,colladow,,https://avatars2.githubusercontent.com/u/295670?v=3&amp;s=100,,,,,,,,,,,,,,,Wilson Collado,,,,,,,,,,,,
0,dphiffer,,https://avatars1.githubusercontent.com/u/38114?v=3&amp;s=100,,,,,,,,,,,,,,,Dan Phiffer,,,,,,,,,,,,
0,walliSmith,,https://avatars2.githubusercontent.com/u/6549971?v=3&amp;s=100,,,,,,,,,,,,,,,Walli Smith,,,,,,,,,,,,
0,richpriordesign,,https://avatars0.githubusercontent.com/u/14063124?v=3&amp;s=100,,,,,,,,,,,,,,,richpriordesign,,,,,,Designer and Developer Straight Outta NYC.,,,,,,
0,maxlia,,https://avatars1.githubusercontent.com/u/6549985?v=3&amp;s=100,,,,,,,,,,,,,,,Max Xu,,,,,,,,,,,,
0,lpcruz,,https://avatars3.githubusercontent.com/u/8345650?v=3&amp;s=100,,,,,,,,,,,,,,,Laurence Cruz,,,,,,,,,,,,
0,stmalk,,https://avatars2.githubusercontent.com/u/14063136?v=3&amp;s=100,,,,,,,,,,,,,,,stmalk,,,,,,,,,,,,
0,deeheber,,https://avatars2.githubusercontent.com/u/12616554?v=3&amp;s=100,,,,,,,,,,,,,,,Danielle Heberling,,,,,,"I&#39;m Pennsylvania Dutch, but I&#39;m not Amish.",,,,,,
0,ashes74,,https://avatars3.githubusercontent.com/u/2605161?v=3&amp;s=100,,,,,,,,,,,,,,,Lori Ash,,,,,,Computer Science BA and Graduate of the Grace Hopper program at @FullstackAcademy. ,,,,,,
0,LRodriguez92,,https://avatars1.githubusercontent.com/u/17373134?v=3&amp;s=100,,,,,,,,,,,,,,,Leonardo Rodriguez,,,,,,,,,,,,
0,danpgomez,,https://avatars3.githubusercontent.com/u/6013282?v=3&amp;s=100,,,,,,,,,,,,,,,Daniel P-G,,,,,,,,,,,,
0,ternsip,,https://avatars3.githubusercontent.com/u/10179239?v=3&amp;s=100,,,,,,,,,,,,,,,Ternsip,,,,,,If you are alone - imagine that you are Gordon Freeman.,,,,,,
0,MichalPaszkiewicz,,https://avatars2.githubusercontent.com/u/6673982?v=3&amp;s=100,,,,,,,,,,,,,,,Michal Paszkiewicz,,,,,,Just a guy who likes to make things @MichalYouDoing,,,,,,
0,sanbir,,https://avatars0.githubusercontent.com/u/1075977?v=3&amp;s=100,,,,,,,,,,,,,,,Alexander Biryukov,,,,,,,,,,,,
0,irshuLx,,https://avatars1.githubusercontent.com/u/12872191?v=3&amp;s=100,,,,,,,,,,,,,,,Irshu,,,,,,"Rolls with  Android. Follower of Dubstep, Rock music, Cyberpunk....and cats?",,,,,,
0,gmkhussain,,https://avatars2.githubusercontent.com/u/1250826?v=3&amp;s=100,,,,,,,,,,,,,,,GMK Hussain,,,,,,,,,,,,
0,nmillward,,https://avatars1.githubusercontent.com/u/4249779?v=3&amp;s=100,,,,,,,,,,,,,,,Nick M,,,,,,Android enthusiast working in the tech space of NYC.,,,,,,
0,OneHunnid,,https://avatars1.githubusercontent.com/u/6773488?v=3&amp;s=100,,,,,,,,,,,,,,,Chris Limbrick,,,,,,Designer. Developer. Photographer.,,,,,,
