﻿score,login,id,avatar_url,gravatar_id,url,html_url,followers_url,following_url,gists_url,starred_url,subscriptions_url,organizations_url,repos_url,events_url,received_events_url,type,site_admin,name,company,blog,location,email,hireable,bio,public_repos,public_gists,followers,following,created_at,updated_at
0,JaySekulow15,,https://avatars0.githubusercontent.com/u/20650551?v=3&amp;s=100,,,,,,,,,,,,,,,Jay Sekulow,,,,,,An accomplished Supreme Court advocate,,,,,,
0,wxmahen,,https://avatars2.githubusercontent.com/u/13268706?v=3&amp;s=100,,,,,,,,,,,,,,,Mahen Samaranayake,,,,,,A huge fan of AI and Big Data.,,,,,,
0,BFush,,https://avatars3.githubusercontent.com/u/23432645?v=3&amp;s=100,,,,,,,,,,,,,,,Brisnee Fush,,,,,,Research graduate at Stanford University specializing in Natural Language Processing and Linguistics. Previously: Kilgraston School. Please follow me. 😄 ,,,,,,
0,edu-bot,,https://avatars0.githubusercontent.com/u/23435604?v=3&amp;s=100,,,,,,,,,,,,,,,Edu Bot,,,,,,,,,,,,
0,AndiChiou,,https://avatars2.githubusercontent.com/u/23460812?v=3&amp;s=100,,,,,,,,,,,,,,,Andi Chiou,,,,,,High school student @bartlett-high-school,,,,,,
0,answershuto,,https://avatars1.githubusercontent.com/u/17812136?v=3&amp;s=100,,,,,,,,,,,,,,,染陌同学,,,,,,前端开发者，嵌入式应用软件工程师。,,,,,,
0,mallikarjunayaddala,,https://avatars2.githubusercontent.com/u/12093403?v=3&amp;s=100,,,,,,,,,,,,,,,Mallikarjuna,,,,,,,,,,,,
0,yfgeek,,https://avatars2.githubusercontent.com/u/7533831?v=3&amp;s=100,,,,,,,,,,,,,,,Ivan,,,,,,,,,,,,
0,yayuntian,,https://avatars2.githubusercontent.com/u/2228382?v=3&amp;s=100,,,,,,,,,,,,,,,yayuntian,,,,,,keep moving,,,,,,
0,zhiaixuexi,,https://avatars3.githubusercontent.com/u/11385718?v=3&amp;s=100,,,,,,,,,,,,,,,xiao.luo,,,,,,"ClearClouds memeber, specialize in java",,,,,,
0,chongbenben,,https://avatars0.githubusercontent.com/u/21237518?v=3&amp;s=100,,,,,,,,,,,,,,,种奔奔,,,,,,FEE in China.,,,,,,
0,myuanyuan,,https://avatars3.githubusercontent.com/u/22052330?v=3&amp;s=100,,,,,,,,,,,,,,,myuanyuan,,,,,,,,,,,,
0,SnehaRane,,https://avatars3.githubusercontent.com/u/10234186?v=3&amp;s=100,,,,,,,,,,,,,,,Sneha Rane,,,,,,,,,,,,
0,chenyoufu,,https://avatars2.githubusercontent.com/u/7324573?v=3&amp;s=100,,,,,,,,,,,,,,,比特,,,,,,Specilize in C/Python/Go/Lua/,,,,,,
0,tccpc,,https://avatars1.githubusercontent.com/u/21104716?v=3&amp;s=100,,,,,,,,,,,,,,,天寒,,,,,,Web Front-End,,,,,,
0,Mrzeron,,https://avatars0.githubusercontent.com/u/17607933?v=3&amp;s=100,,,,,,,,,,,,,,,Binging,,,,,,"your happy passer-by all knows,  my distressed there is no place hides",,,,,,
0,lazyman123,,https://avatars2.githubusercontent.com/u/15192409?v=3&amp;s=100,,,,,,,,,,,,,,,zzg,,,,,,sleepy,,,,,,
0,SanjithKanagavel,,https://avatars2.githubusercontent.com/u/9746842?v=3&amp;s=100,,,,,,,,,,,,,,,Sanjith Jothi Kanagavel,,,,,,iOS/Android/Windows/Game/IOT turns me on for the game 😍,,,,,,
0,Vermisse,,https://avatars2.githubusercontent.com/u/17972943?v=3&amp;s=100,,,,,,,,,,,,,,,Sunki,,,,,,Java、Scala、Clojure,,,,,,
0,qiyian,,https://avatars0.githubusercontent.com/u/21237528?v=3&amp;s=100,,,,,,,,,,,,,,,琪艺安,,,,,,万丈阴霾总有一束阳光透彻心底☀,,,,,,
0,paramsingh96,,https://avatars0.githubusercontent.com/u/11857724?v=3&amp;s=100,,,,,,,,,,,,,,,Parampreet Singh,,,,,,,,,,,,
0,gcelaor,,https://avatars1.githubusercontent.com/u/17756993?v=3&amp;s=100,,,,,,,,,,,,,,,Kevin,,,,,,A front-end programmer🐬,,,,,,
0,AeronStory,,https://avatars2.githubusercontent.com/u/22915694?v=3&amp;s=100,,,,,,,,,,,,,,,mohammad,,,,,,,,,,,,
0,naruto227,,https://avatars3.githubusercontent.com/u/16680574?v=3&amp;s=100,,,,,,,,,,,,,,,Michael Allan,,,,,,,,,,,,
0,DionysiosB,,https://avatars1.githubusercontent.com/u/4016051?v=3&amp;s=100,,,,,,,,,,,,,,,Dionysios Barmpoutis,,,,,,Quant Strategist @ Morgan Stanley,,,,,,
0,shivamshekhar,,https://avatars1.githubusercontent.com/u/13262314?v=3&amp;s=100,,,,,,,,,,,,,,,Shivam Shekhar,,,,,,,,,,,,
0,lucasbento,,https://avatars3.githubusercontent.com/u/6207220?v=3&amp;s=100,,,,,,,,,,,,,,,Lucas Bento,,,,,,"Full-stack developer building amazing apps with #react, #reactnative, #relay, #webpack, #graphql &amp; #koa",,,,,,
0,brianna1234,,https://avatars0.githubusercontent.com/u/22613624?v=3&amp;s=100,,,,,,,,,,,,,,,brianna1234,,,,,,,,,,,,
0,shadestreak,,https://avatars1.githubusercontent.com/u/19281808?v=3&amp;s=100,,,,,,,,,,,,,,,Argha Das,,,,,,A Human With Programming Skill,,,,,,
0,zrcing,,https://avatars1.githubusercontent.com/u/1124192?v=3&amp;s=100,,,,,,,,,,,,,,,Gary,,,,,,"Interest PHP, Web Developer, IT",,,,,,
0,ozgursarioglan,,https://avatars3.githubusercontent.com/u/9043215?v=3&amp;s=100,,,,,,,,,,,,,,,Özgür SARIOĞLAN,,,,,,@technopratik @razorengineco @OrangeEngine ,,,,,,
0,dengyi1992,,https://avatars3.githubusercontent.com/u/13898604?v=3&amp;s=100,,,,,,,,,,,,,,,dengyi1992,,,,,,为码痴狂,,,,,,
0,dysc,,https://avatars0.githubusercontent.com/u/19864708?v=3&amp;s=100,,,,,,,,,,,,,,,dysc,,,,,,⭐⭐⭐⭐⭐,,,,,,
0,discobeta,,https://avatars2.githubusercontent.com/u/6441098?v=3&amp;s=100,,,,,,,,,,,,,,,Asaf Klibansky,,,,,,All your base are belong to us,,,,,,
0,tm57,,https://avatars2.githubusercontent.com/u/7309040?v=3&amp;s=100,,,,,,,,,,,,,,,Tinashe Matate,,,,,,,,,,,,
0,NIHAR-SARKAR,,https://avatars2.githubusercontent.com/u/12110705?v=3&amp;s=100,,,,,,,,,,,,,,,Nihar Sarkar,,,,,,,,,,,,
0,qq179825800,,https://avatars1.githubusercontent.com/u/18323522?v=3&amp;s=100,,,,,,,,,,,,,,,qq179825800,,,,,,,,,,,,
0,Giando,,https://avatars1.githubusercontent.com/u/8095242?v=3&amp;s=100,,,,,,,,,,,,,,,Giandomenico Lombardi,,,,,,,,,,,,
0,evinw,,https://avatars0.githubusercontent.com/u/844215?v=3&amp;s=100,,,,,,,,,,,,,,,Evin Weissenberg,,,,,,bluelab.io,,,,,,
0,ayushoriginal,,https://avatars2.githubusercontent.com/u/8748017?v=3&amp;s=100,,,,,,,,,,,,,,,Ayush Pareek,,,,,,,,,,,,
0,manoj192,,https://avatars0.githubusercontent.com/u/5259589?v=3&amp;s=100,,,,,,,,,,,,,,,ManojKumar,,,,,,I have completed B.Tech computer science and now i am working as android application developer ,,,,,,
0,jagracey,,https://avatars1.githubusercontent.com/u/3309526?v=3&amp;s=100,,,,,,,,,,,,,,,John Gracey,,,,,,,,,,,,
0,cynical89,,https://avatars2.githubusercontent.com/u/14186276?v=3&amp;s=100,,,,,,,,,,,,,,,Anthony Michelizzi,,,,,,JavaScript and C# programmer,,,,,,
0,bloodycoder,,https://avatars0.githubusercontent.com/u/7576876?v=3&amp;s=100,,,,,,,,,,,,,,,Picard Xie,,,,,,SJTU,,,,,,
0,Gooooodman,,https://avatars0.githubusercontent.com/u/13062160?v=3&amp;s=100,,,,,,,,,,,,,,,Goooood,,,,,,give me your love!,,,,,,
0,lukesUbuntu,,https://avatars2.githubusercontent.com/u/6184757?v=3&amp;s=100,,,,,,,,,,,,,,,Luke Hardiman,,,,,,,,,,,,
0,dotscript,,https://avatars0.githubusercontent.com/u/18452762?v=3&amp;s=100,,,,,,,,,,,,,,,dotscript,,,,,,,,,,,,
0,RogerFederer03,,https://avatars1.githubusercontent.com/u/5633006?v=3&amp;s=100,,,,,,,,,,,,,,,Zheng Luo,,,,,,Talk is cheap. Show me the code. -- Linus Torvalds,,,,,,
0,gintern,,https://avatars2.githubusercontent.com/u/20753788?v=3&amp;s=100,,,,,,,,,,,,,,,Michelle Isterya,,,,,,"B.Tech at MIT, 2010;  Help me in development. Google Intern, 2016 :smile: ",,,,,,
0,jpavelek,,https://avatars2.githubusercontent.com/u/1015093?v=3&amp;s=100,,,,,,,,,,,,,,,Jakub Pavelek,,,,,,,,,,,,
0,html5cat,,https://avatars0.githubusercontent.com/u/823890?v=3&amp;s=100,,,,,,,,,,,,,,,Yuriy Dybskiy,,,,,,,,,,,,
