﻿score,name,login,company,id,blog,avatar_url,location,gravatar_id,email,url,hireable,html_url,bio,followers_url,public_repos,following_url,gists_url,starred_url,subscriptions_url,organizations_url,repos_url,events_url,received_events_url,type,site_admin,public_gists,followers,following,created_at,updated_at
0,Andi Chiou,AndiChiou,,,,https://avatars2.githubusercontent.com/u/23460812?v=3&amp;s=100,,,,,,,High school student @bartlett-high-school,,,,,,,,,,,,,,,,,
0,Imran Hayder ,hayderimran7,,,,https://avatars3.githubusercontent.com/u/4046529?v=3&amp;s=100,,,,,,,,,,,,,,,,,,,,,,,,
0,Harry Wolff,hswolff,,,,https://avatars0.githubusercontent.com/u/322576?v=3&amp;s=100,,,,,,,You can&#39;t escape my laugh.,,,,,,,,,,,,,,,,,
0,Attila-Mihaly Balazs,cdman,,,,https://avatars2.githubusercontent.com/u/838250?v=3&amp;s=100,,,,,,,,,,,,,,,,,,,,,,,,
0,Alexandru Pană,alexpana,,,,https://avatars3.githubusercontent.com/u/2174211?v=3&amp;s=100,,,,,,,,,,,,,,,,,,,,,,,,
0,Brisnee Fush,BFush,,,,https://avatars3.githubusercontent.com/u/23432645?v=3&amp;s=100,,,,,,,Research graduate at Stanford University specializing in Natural Language Processing and Linguistics. Previously: Kilgraston School. Please follow me. 😄 ,,,,,,,,,,,,,,,,,
0,Xueqiao (Joe) Xu,qiao,,,,https://avatars0.githubusercontent.com/u/490265?v=3&amp;s=100,,,,,,,,,,,,,,,,,,,,,,,,
0,Kitze,kitze,,,,https://avatars0.githubusercontent.com/u/1160594?v=3&amp;s=100,,,,,,,"JS, React, MobX, CSS-in-JS",,,,,,,,,,,,,,,,,
0,Anastasia A.,Sacret,,,,https://avatars0.githubusercontent.com/u/1748823?v=3&amp;s=100,,,,,,,Left-Em,,,,,,,,,,,,,,,,,
0,Monica Dinculescu,notwaldorf,,,,https://avatars1.githubusercontent.com/u/1369170?v=3&amp;s=100,,,,,,,,,,,,,,,,,,,,,,,,
0,Michael Rose,mmistakes,,,,https://avatars3.githubusercontent.com/u/1376749?v=3&amp;s=100,,,,,,,"Just making m̴̨͉̃ͣͭ̉̈́͠is̛̞̥͔̳ͯ̈́͊͌̈̌̇͞͠t̵̤͒́͆̀́̂̎ͪ̀ḁ̜̹̱̂͒k̵̥̗̜̹ͭ̾́̚e̸͖̬͕̙͚ͤ̓͐͗ͪ͒͠s̞̻̟̰̰͕̮̐ͮ̑ with drawing, web development, and life.",,,,,,,,,,,,,,,,,
0,myuanyuan,myuanyuan,,,,https://avatars3.githubusercontent.com/u/22052330?v=3&amp;s=100,,,,,,,,,,,,,,,,,,,,,,,,
0,Dan Leech,danleech,,,,https://avatars1.githubusercontent.com/u/734706?v=3&amp;s=100,,,,,,,"I design systems, tinker with type, climb mountains and brew coffee.",,,,,,,,,,,,,,,,,
0,Sérgio A. Kopplin,sergiokopplin,,,,https://avatars1.githubusercontent.com/u/2743180?v=3&amp;s=100,,,,,,,Music Student and Software Engineer. :musical_score:,,,,,,,,,,,,,,,,,
0,Nielsen Ramon,nielsenramon,,,,https://avatars2.githubusercontent.com/u/1246672?v=3&amp;s=100,,,,,,,Freelance Interface Designer living in Belgium. Aiming to craft true web and mobile experiences people love.,,,,,,,,,,,,,,,,,
0,Carlos Toxtli,toxtli,,,,https://avatars1.githubusercontent.com/u/1299233?v=3&amp;s=100,,,,,,,Senior Bot developer and Full-Stack developer with more than 15 years of experience.,,,,,,,,,,,,,,,,,
0,天寒,tccpc,,,,https://avatars1.githubusercontent.com/u/21104716?v=3&amp;s=100,,,,,,,Web Front-End,,,,,,,,,,,,,,,,,
0,Sneha Rane,SnehaRane,,,,https://avatars3.githubusercontent.com/u/10234186?v=3&amp;s=100,,,,,,,,,,,,,,,,,,,,,,,,
0,Tim Swast,tswast,,,,https://avatars0.githubusercontent.com/u/247555?v=3&amp;s=100,,,,,,,"Developer Relations @GoogleCloudPlatform. I also hack on personal projects, mostly related to math &amp; pixels.",,,,,,,,,,,,,,,,,
0,Peter Teng,PeterTeng,,,,https://avatars2.githubusercontent.com/u/9393495?v=3&amp;s=100,,,,,,,Code written with❤️ ,,,,,,,,,,,,,,,,,
0,Tyler Huffer,Thuffer86,,,,https://avatars2.githubusercontent.com/u/8707255?v=3&amp;s=100,,,,,,,,,,,,,,,,,,,,,,,,
0,Sunki,Vermisse,,,,https://avatars2.githubusercontent.com/u/17972943?v=3&amp;s=100,,,,,,,Java、Scala、Clojure,,,,,,,,,,,,,,,,,
0,haoran,haoranw,,,,https://avatars0.githubusercontent.com/u/17819258?v=3&amp;s=100,,,,,,,Show me your code,,,,,,,,,,,,,,,,,
0,琪艺安,qiyian,,,,https://avatars0.githubusercontent.com/u/21237528?v=3&amp;s=100,,,,,,,万丈阴霾总有一束阳光透彻心底☀,,,,,,,,,,,,,,,,,
0,比特,chenyoufu,,,,https://avatars2.githubusercontent.com/u/7324573?v=3&amp;s=100,,,,,,,Specilize in C/Python/Go/Lua/,,,,,,,,,,,,,,,,,
0,isavin,isavin,,,,https://avatars1.githubusercontent.com/u/1766982?v=3&amp;s=100,,,,,,,,,,,,,,,,,,,,,,,,
0,David Miller,davidtmiller,,,,https://avatars0.githubusercontent.com/u/8400627?v=3&amp;s=100,,,,,,,Founder and Owner of Start Bootstrap and Blackrock Digital,,,,,,,,,,,,,,,,,
0,Ruslan Guseinov,rusg77,,,,https://avatars3.githubusercontent.com/u/1496446?v=3&amp;s=100,,,,,,,,,,,,,,,,,,,,,,,,
0,Aleks Nikankin,if22,,,,https://avatars0.githubusercontent.com/u/666489?v=3&amp;s=100,,,,,,,,,,,,,,,,,,,,,,,,
0,Mateusz Zatorski,knowbody,,,,https://avatars0.githubusercontent.com/u/3802023?v=3&amp;s=100,,,,,,,I am always a beginner.,,,,,,,,,,,,,,,,,
0,ViRuS007,shayanzare,,,,https://avatars2.githubusercontent.com/u/17108348?v=3&amp;s=100,,,,,,,C++ / QT And Ruby,,,,,,,,,,,,,,,,,
0,Ionică Bizău,IonicaBizau,,,,https://avatars0.githubusercontent.com/u/2864371?v=3&amp;s=100,,,,,,,"Programmer, Geek,  *nix user, Pianist, College Dropout, Learner, Mentor, Vegetarian, Jesus follower, Founder and CEO of @Bloggify ",,,,,,,,,,,,,,,,,
0,John Washam,jwasham,,,,https://avatars0.githubusercontent.com/u/3771963?v=3&amp;s=100,,,,,,,,,,,,,,,,,,,,,,,,
0,Todd Motto,toddmotto,,,,https://avatars0.githubusercontent.com/u/1655968?v=3&amp;s=100,,,,,,,Training the world through @UltimateAngular. Google Developer Expert.,,,,,,,,,,,,,,,,,
0,Srinivasa Vegi,VegiS,,,,https://avatars3.githubusercontent.com/u/2658847?v=3&amp;s=100,,,,,,,DevOps Evangelist | QA Leader | Agilist #Microservices #Docker,,,,,,,,,,,,,,,,,
0,dysc,dysc,,,,https://avatars0.githubusercontent.com/u/19864708?v=3&amp;s=100,,,,,,,⭐⭐⭐⭐⭐,,,,,,,,,,,,,,,,,
0,Toshiaki Toyama,manboubird,,,,https://avatars1.githubusercontent.com/u/122218?v=3&amp;s=100,,,,,,,,,,,,,,,,,,,,,,,,
0,Asaf Klibansky,discobeta,,,,https://avatars2.githubusercontent.com/u/6441098?v=3&amp;s=100,,,,,,,All your base are belong to us,,,,,,,,,,,,,,,,,
0,Michael Allan,naruto227,,,,https://avatars3.githubusercontent.com/u/16680574?v=3&amp;s=100,,,,,,,,,,,,,,,,,,,,,,,,
0,Vlad Mihalcea,vladmihalcea,,,,https://avatars0.githubusercontent.com/u/5571399?v=3&amp;s=100,,,,,,,Hibernate Developer Advocate and author of High-Performance Java Persistence,,,,,,,,,,,,,,,,,
0,selurvedu,selurvedu,,,,https://avatars0.githubusercontent.com/u/11262062?v=3&amp;s=100,,,,,,,Expert in StackOverflow-driven development,,,,,,,,,,,,,,,,,
0,dengyi1992,dengyi1992,,,,https://avatars3.githubusercontent.com/u/13898604?v=3&amp;s=100,,,,,,,为码痴狂,,,,,,,,,,,,,,,,,
0,Emilio Dorigatti,e-dorigatti,,,,https://avatars0.githubusercontent.com/u/5585926?v=3&amp;s=100,,,,,,,,,,,,,,,,,,,,,,,,
0,Evin Weissenberg,evinw,,,,https://avatars0.githubusercontent.com/u/844215?v=3&amp;s=100,,,,,,,bluelab.io,,,,,,,,,,,,,,,,,
0,Daniel Beck,daniel-beck,,,,https://avatars1.githubusercontent.com/u/1831569?v=3&amp;s=100,,,,,,,,,,,,,,,,,,,,,,,,
0,Tom Fennelly,tfennelly,,,,https://avatars2.githubusercontent.com/u/429311?v=3&amp;s=100,,,,,,,,,,,,,,,,,,,,,,,,
0,Eirik Sletteberg,eirslett,,,,https://avatars0.githubusercontent.com/u/1872593?v=3&amp;s=100,,,,,,,I&#39;m a musician and developer. I currently work for TIDAL.,,,,,,,,,,,,,,,,,
0,Alex Ellis,alexellis,,,,https://avatars1.githubusercontent.com/u/6358735?v=3&amp;s=100,,,,,,,,,,,,,,,,,,,,,,,,
0,Paul Irish,paulirish,,,,https://avatars3.githubusercontent.com/u/39191?v=3&amp;s=100,,,,,,,,,,,,,,,,,,,,,,,,
0,Oliver Gondža,olivergondza,,,,https://avatars2.githubusercontent.com/u/206841?v=3&amp;s=100,,,,,,,,,,,,,,,,,,,,,,,,
0,ikedam,ikedam,,,,https://avatars0.githubusercontent.com/u/3115961?v=3&amp;s=100,,,,,,,,,,,,,,,,,,,,,,,,
