﻿score,login,id,avatar_url,gravatar_id,url,html_url,followers_url,following_url,gists_url,starred_url,subscriptions_url,organizations_url,repos_url,events_url,received_events_url,type,site_admin,name,company,blog,location,email,hireable,bio,public_repos,public_gists,followers,following,created_at,updated_at
0,AndiChiou,,https://avatars2.githubusercontent.com/u/23460812?v=3&amp;s=100,,,,,,,,,,,,,,,Andi Chiou,,,,,,High school student @bartlett-high-school,,,,,,
0,BFush,,https://avatars3.githubusercontent.com/u/23432645?v=3&amp;s=100,,,,,,,,,,,,,,,Brisnee Fush,,,,,,Research graduate at Stanford University specializing in Natural Language Processing and Linguistics. Previously: Kilgraston School. Please follow me. 😄 ,,,,,,
0,Vermisse,,https://avatars2.githubusercontent.com/u/17972943?v=3&amp;s=100,,,,,,,,,,,,,,,Sunki,,,,,,Java、Scala、Clojure,,,,,,
0,ultrasilicon,,https://avatars2.githubusercontent.com/u/11886827?v=3&amp;s=100,,,,,,,,,,,,,,,Tim Z.,,,,,,"Live to be happy, design to be loved.",,,,,,
0,976500133,,https://avatars0.githubusercontent.com/u/5755720?v=3&amp;s=100,,,,,,,,,,,,,,,Baron.Liu,,,,,,前端开发/iOS 开发/Node开发工程师,,,,,,
0,bingoogolapple,,https://avatars3.githubusercontent.com/u/8949716?v=3&amp;s=100,,,,,,,,,,,,,,,王浩,,,,,,自助者天助之，学习ing,,,,,,
0,SpikeKing,,https://avatars1.githubusercontent.com/u/10265720?v=3&amp;s=100,,,,,,,,,,,,,,,C.L.Wang,,,,,,,,,,,,
0,GcsSloop,,https://avatars1.githubusercontent.com/u/9796998?v=3&amp;s=100,,,,,,,,,,,,,,,sloop,,,,,,Just do IT later !,,,,,,
0,D-clock,,https://avatars3.githubusercontent.com/u/6497308?v=3&amp;s=100,,,,,,,,,,,,,,,D_clock爱吃葱花,,,,,,Diycode大管家，闭关写代码,,,,,,
0,CarGuo,,https://avatars2.githubusercontent.com/u/10770362?v=3&amp;s=100,,,,,,,,,,,,,,,Shuyu Guo,,,,,,一个爱猫的程序猿Android老司机。QQ群：174815284,,,,,,
0,weavey,,https://avatars2.githubusercontent.com/u/6971785?v=3&amp;s=100,,,,,,,,,,,,,,,Weavey,,,,,,,,,,,,
0,gintern,,https://avatars2.githubusercontent.com/u/20753788?v=3&amp;s=100,,,,,,,,,,,,,,,Michelle Isterya,,,,,,"B.Tech at MIT, 2010;  Help me in development. Google Intern, 2016 :smile: ",,,,,,
0,GeniusVJR,,https://avatars1.githubusercontent.com/u/13393725?v=3&amp;s=100,,,,,,,,,,,,,,,陶程,,,,,,VR &amp; Android Developer.,,,,,,
0,jfeinstein10,,https://avatars1.githubusercontent.com/u/1269143?v=3&amp;s=100,,,,,,,,,,,,,,,Jeremy Feinstein,,,,,,Software Engineer wrangling data and the web @flatironhealth ,,,,,,
0,vczh,,https://avatars3.githubusercontent.com/u/773569?v=3&amp;s=100,,,,,,,,,,,,,,,Zihan Chen,,,,,,Programmer with no technology bias. Main contributor of @vczh-libraries  .,,,,,,
0,laruence,,https://avatars2.githubusercontent.com/u/382813?v=3&amp;s=100,,,,,,,,,,,,,,,Xinchen Hui,,,,,,PHP Stylite,,,,,,
