﻿score,id,login,gravatar_id,avatar_url,html_url,url,followers_url,organizations_url,following_url,received_events_url,gists_url,name,starred_url,company,subscriptions_url,email,repos_url,hireable,events_url,bio,type,followers,site_admin,following,blog,location,public_repos,public_gists,created_at,updated_at
0,,BFush,,https://avatars3.githubusercontent.com/u/23432645?v=3&amp;s=100,,,,,,,,Brisnee Fush,,,,,,,,Research graduate at Stanford University specializing in Natural Language Processing and Linguistics. Previously: Kilgraston School. Please follow me. 😄 ,,,,,,,,,,
0,,AndiChiou,,https://avatars2.githubusercontent.com/u/23460812?v=3&amp;s=100,,,,,,,,Andi Chiou,,,,,,,,High school student @bartlett-high-school,,,,,,,,,,
0,,gustavozafra,,https://avatars1.githubusercontent.com/u/8005476?v=3&amp;s=100,,,,,,,,Gustavo Zafra,,,,,,,,,,,,,,,,,,
0,,zrcing,,https://avatars1.githubusercontent.com/u/1124192?v=3&amp;s=100,,,,,,,,Gary,,,,,,,,"Interest PHP, Web Developer, IT",,,,,,,,,,
0,,ozgursarioglan,,https://avatars3.githubusercontent.com/u/9043215?v=3&amp;s=100,,,,,,,,Özgür SARIOĞLAN,,,,,,,,@technopratik @razorengineco @OrangeEngine ,,,,,,,,,,
0,,dysc,,https://avatars0.githubusercontent.com/u/19864708?v=3&amp;s=100,,,,,,,,dysc,,,,,,,,⭐⭐⭐⭐⭐,,,,,,,,,,
0,,dengyi1992,,https://avatars3.githubusercontent.com/u/13898604?v=3&amp;s=100,,,,,,,,dengyi1992,,,,,,,,为码痴狂,,,,,,,,,,
0,,lukesUbuntu,,https://avatars2.githubusercontent.com/u/6184757?v=3&amp;s=100,,,,,,,,Luke Hardiman,,,,,,,,,,,,,,,,,,
0,,Giando,,https://avatars1.githubusercontent.com/u/8095242?v=3&amp;s=100,,,,,,,,Giandomenico Lombardi,,,,,,,,,,,,,,,,,,
0,,dotscript,,https://avatars0.githubusercontent.com/u/18452762?v=3&amp;s=100,,,,,,,,dotscript,,,,,,,,,,,,,,,,,,
0,,guguido,,https://avatars1.githubusercontent.com/u/19505457?v=3&amp;s=100,,,,,,,,Wilson Guido,,,,,,,,,,,,,,,,,,
0,,lancelot801,,https://avatars2.githubusercontent.com/u/18180589?v=3&amp;s=100,,,,,,,,lancelot801,,,,,,,,An ordinary  university  student,,,,,,,,,,
0,,RogerFederer03,,https://avatars1.githubusercontent.com/u/5633006?v=3&amp;s=100,,,,,,,,Zheng Luo,,,,,,,,Talk is cheap. Show me the code. -- Linus Torvalds,,,,,,,,,,
0,,976500133,,https://avatars0.githubusercontent.com/u/5755720?v=3&amp;s=100,,,,,,,,Baron.Liu,,,,,,,,前端开发/iOS 开发/Node开发工程师,,,,,,,,,,
0,,konmik,,https://avatars2.githubusercontent.com/u/8560582?v=3&amp;s=100,,,,,,,,Konstantin Mikheev,,,,,,,,,,,,,,,,,,
0,,gintern,,https://avatars2.githubusercontent.com/u/20753788?v=3&amp;s=100,,,,,,,,Michelle Isterya,,,,,,,,"B.Tech at MIT, 2010;  Help me in development. Google Intern, 2016 :smile: ",,,,,,,,,,
0,,rod-lin,,https://avatars1.githubusercontent.com/u/9999958?v=3&amp;s=100,,,,,,,,rod,,,,,,,,student,,,,,,,,,,
0,,2tarotk,,https://avatars0.githubusercontent.com/u/1920478?v=3&amp;s=100,,,,,,,,Tsuyoshi,,,,,,,,,,,,,,,,,,
0,,blendin,,https://avatars1.githubusercontent.com/u/20363764?v=3&amp;s=100,,,,,,,,blendin,,,,,,,,,,,,,,,,,,
0,,ternsip,,https://avatars3.githubusercontent.com/u/10179239?v=3&amp;s=100,,,,,,,,Ternsip,,,,,,,,If you are alone - imagine that you are Gordon Freeman.,,,,,,,,,,
0,,andrewsyc,,https://avatars3.githubusercontent.com/u/2940388?v=3&amp;s=100,,,,,,,,Andrew Sychra,,,,,,,,Love to build things people use.,,,,,,,,,,
0,,paramsingh96,,https://avatars0.githubusercontent.com/u/11857724?v=3&amp;s=100,,,,,,,,Parampreet Singh,,,,,,,,,,,,,,,,,,
0,,michaeldouglas,,https://avatars2.githubusercontent.com/u/2530054?v=3&amp;s=100,,,,,,,,Michael Douglas Barbosa Araujo,,,,,,,,insanidade é continuar fazendo sempre a mesma coisa e esperar resultados diferentes....,,,,,,,,,,
0,,silverbux,,https://avatars2.githubusercontent.com/u/1888261?v=3&amp;s=100,,,,,,,,Alex Quiambao,,,,,,,,Will Code For Food,,,,,,,,,,
0,,cusspvz,,https://avatars2.githubusercontent.com/u/3604053?v=3&amp;s=100,,,,,,,,José Moreira,,,,,,,,"full-stack developer, ui/ux designer, musician &amp; diy entusiast",,,,,,,,,,
0,,pablofernandezcom,,https://avatars0.githubusercontent.com/u/17712306?v=3&amp;s=100,,,,,,,,Pablo Fernandez,,,,,,,,,,,,,,,,,,
0,,gmkhussain,,https://avatars2.githubusercontent.com/u/1250826?v=3&amp;s=100,,,,,,,,GMK Hussain,,,,,,,,,,,,,,,,,,
0,,qinix,,https://avatars0.githubusercontent.com/u/1946663?v=3&amp;s=100,,,,,,,,Eric Zhang,,,,,,,,,,,,,,,,,,
0,,thiagofa,,https://avatars2.githubusercontent.com/u/797053?v=3&amp;s=100,,,,,,,,Thiago Faria de Andrade,,,,,,,,,,,,,,,,,,
0,,normandesjr,,https://avatars1.githubusercontent.com/u/797072?v=3&amp;s=100,,,,,,,,Normandes Junior,,,,,,,,,,,,,,,,,,
0,,chrisbanes,,https://avatars0.githubusercontent.com/u/227486?v=3&amp;s=100,,,,,,,,Chris Banes,,,,,,,,,,,,,,,,,,
0,,loiane,,https://avatars3.githubusercontent.com/u/59545?v=3&amp;s=100,,,,,,,,Loiane Groner,,,,,,,,Love Java and JavaScript/HTML5. Full Stack developer at Citi. Published author (PacktPub). Tech articles (loiane.com) and video courses (loiane.training),,,,,,,,,,
0,,0xNacho,,https://avatars0.githubusercontent.com/u/2890475?v=3&amp;s=100,,,,,,,,Nacho García Fernández,,,,,,,,,,,,,,,,,,
0,,ludovicbenistant,,https://avatars0.githubusercontent.com/u/8687482?v=3&amp;s=100,,,,,,,,Ludovic Benistant,,,,,,,,#datascience,,,,,,,,,,
0,,jpruiz114,,https://avatars3.githubusercontent.com/u/4614970?v=3&amp;s=100,,,,,,,,Jean Paul Ruiz,,,,,,,,"Cat lover, lego fanatic, full stack developer, big data and math passionate.",,,,,,,,,,
0,,pisual,,https://avatars0.githubusercontent.com/u/9153294?v=3&amp;s=100,,,,,,,,FelixSion,,,,,,,,DSN Pisual 首席设计师、蟾宫折桂科技有限公司技术总监、月牙堂科技有限公司技术总监、Stargazer（观星者）首席设计师,,,,,,,,,,
0,,tyrollins,,https://avatars0.githubusercontent.com/u/4915845?v=3&amp;s=100,,,,,,,,Tyler Rollins,,,,,,,,"If it weren&#39;t for physics and law enforcement, I&#39;d be unstoppable. ",,,,,,,,,,
0,,mohebifar,,https://avatars0.githubusercontent.com/u/6104558?v=3&amp;s=100,,,,,,,,Mohamad Mohebifar,,,,,,,,,,,,,,,,,,
0,,monmon-2007,,https://avatars3.githubusercontent.com/u/9157808?v=3&amp;s=100,,,,,,,,Mina Gadallah,,,,,,,,http://minagadallah.com/,,,,,,,,,,
0,,VagrantStory,,https://avatars3.githubusercontent.com/u/4069972?v=3&amp;s=100,,,,,,,,mohammad,,,,,,,,Developer Program Member,,,,,,,,,,
0,,stoked-zz,,https://avatars2.githubusercontent.com/u/13973828?v=3&amp;s=100,,,,,,,,Amie Lynn,,,,,,,,,,,,,,,,,,
0,,NatOliiveira,,https://avatars3.githubusercontent.com/u/9853578?v=3&amp;s=100,,,,,,,,NatOliiveira,,,,,,,,,,,,,,,,,,
0,,superblr,,https://avatars2.githubusercontent.com/u/13002367?v=3&amp;s=100,,,,,,,,YongbeomKim,,,,,,,,,,,,,,,,,,
0,,tvvocold,,https://avatars2.githubusercontent.com/u/4530539?v=3&amp;s=100,,,,,,,,Ray,,,,,,,,Do cool things that doesn&#39;t matter.,,,,,,,,,,
0,,panxw,,https://avatars3.githubusercontent.com/u/1332515?v=3&amp;s=100,,,,,,,,ˇ?ˇ,,,,,,,,Android/iOS developer,,,,,,,,,,
0,,MichalPaszkiewicz,,https://avatars2.githubusercontent.com/u/6673982?v=3&amp;s=100,,,,,,,,Michal Paszkiewicz,,,,,,,,Just a guy who likes to make things @MichalYouDoing,,,,,,,,,,
0,,elgalu,,https://avatars0.githubusercontent.com/u/111569?v=3&amp;s=100,,,,,,,,Leo Gallucci,,,,,,,,Leo is the creator of docker-selenium which aims to get Selenium running as simple and fast as possible,,,,,,,,,,
0,,jhowcs,,https://avatars0.githubusercontent.com/u/5488195?v=3&amp;s=100,,,,,,,,Jonathan Campos,,,,,,,,,,,,,,,,,,
0,,PeytonsProfile,,https://avatars2.githubusercontent.com/u/7455103?v=3&amp;s=100,,,,,,,,peyton Caseria,,,,,,,,"HTML5, CSS3, Javascript, Jquery Front End Web Design Specialist",,,,,,,,,,
0,,imraazrally,,https://avatars1.githubusercontent.com/u/10794748?v=3&amp;s=100,,,,,,,,Imraaz Rally,,,,,,,,"C.S Graduate from NJIT, Founder / Developer @ Therapy Square ",,,,,,,,,,
0,,D132,,https://avatars2.githubusercontent.com/u/4085362?v=3&amp;s=100,,,,,,,,Deepak Laxmi Narasimha,,,,,,,,,,,,,,,,,,
