﻿score,login,id,avatar_url,gravatar_id,url,html_url,followers_url,following_url,gists_url,starred_url,subscriptions_url,organizations_url,repos_url,events_url,received_events_url,type,site_admin,name,company,blog,location,email,hireable,bio,public_repos,public_gists,followers,following,created_at,updated_at
0,AndiChiou,,https://avatars2.githubusercontent.com/u/23460812?v=3&amp;s=100,,,,,,,,,,,,,,,Andi Chiou,,,,,,High school student @bartlett-high-school,,,,,,
0,wxmahen,,https://avatars2.githubusercontent.com/u/13268706?v=3&amp;s=100,,,,,,,,,,,,,,,Mahen Samaranayake,,,,,,A huge fan of AI and Big Data.,,,,,,
0,edu-bot,,https://avatars0.githubusercontent.com/u/23435604?v=3&amp;s=100,,,,,,,,,,,,,,,Edu Bot,,,,,,,,,,,,
0,BFush,,https://avatars3.githubusercontent.com/u/23432645?v=3&amp;s=100,,,,,,,,,,,,,,,Brisnee Fush,,,,,,Research graduate at Stanford University specializing in Natural Language Processing and Linguistics. Previously: Kilgraston School. Please follow me. 😄 ,,,,,,
0,Vermisse,,https://avatars2.githubusercontent.com/u/17972943?v=3&amp;s=100,,,,,,,,,,,,,,,Sunki,,,,,,Java、Scala、Clojure,,,,,,
0,SnehaRane,,https://avatars3.githubusercontent.com/u/10234186?v=3&amp;s=100,,,,,,,,,,,,,,,Sneha Rane,,,,,,,,,,,,
0,myuanyuan,,https://avatars3.githubusercontent.com/u/22052330?v=3&amp;s=100,,,,,,,,,,,,,,,myuanyuan,,,,,,,,,,,,
0,AeronStory,,https://avatars2.githubusercontent.com/u/22915694?v=3&amp;s=100,,,,,,,,,,,,,,,mohammad,,,,,,,,,,,,
0,marley-spring,,https://avatars1.githubusercontent.com/u/16817174?v=3&amp;s=100,,,,,,,,,,,,,,,Marley,,,,,,"Looking for a job on position js, java, pl/sql developer, linux, oracle, weblogic administrator on projects out of scope of Russia.",,,,,,
0,enrapt-mochizuki,,https://avatars2.githubusercontent.com/u/4023468?v=3&amp;s=100,,,,,,,,,,,,,,,enrapt-mochizuki,,,,,,,,,,,,
0,eishay,,https://avatars2.githubusercontent.com/u/38415?v=3&amp;s=100,,,,,,,,,,,,,,,Eishay Smith,,,,,,,,,,,,
0,antacerod,,https://avatars3.githubusercontent.com/u/3504259?v=3&amp;s=100,,,,,,,,,,,,,,,Antonio Acevedo,,,,,,,,,,,,
0,rohitghatol,,https://avatars2.githubusercontent.com/u/899864?v=3&amp;s=100,,,,,,,,,,,,,,,Rohit Ghatol,,,,,,,,,,,,
0,cer,,https://avatars2.githubusercontent.com/u/246234?v=3&amp;s=100,,,,,,,,,,,,,,,Chris Richardson,,,,,,,,,,,,
0,Raniz85,,https://avatars2.githubusercontent.com/u/4972103?v=3&amp;s=100,,,,,,,,,,,,,,,Daniel Raniz Raneland,,,,,,,,,,,,
0,making,,https://avatars3.githubusercontent.com/u/106908?v=3&amp;s=100,,,,,,,,,,,,,,,Toshiaki Maki,,,,,,Keep on hacking :) #Java ☕️ / #SpringFramework ☘ / #CloudFoundry ☁️ / #ConcourseCI ✈️ / Sr. Solution Architect @pivotal,,,,,,
0,derjust,,https://avatars0.githubusercontent.com/u/2053353?v=3&amp;s=100,,,,,,,,,,,,,,,Sebastian J.,,,,,,,,,,,,
0,michaellavelle,,https://avatars2.githubusercontent.com/u/714044?v=3&amp;s=100,,,,,,,,,,,,,,,Michael Lavelle,,,,,,"Building the services that power Echobox, using artificial intelligence and machine learning to help online publishers boost their traffic from Social.",,,,,,
0,gintern,,https://avatars2.githubusercontent.com/u/20753788?v=3&amp;s=100,,,,,,,,,,,,,,,Michelle Isterya,,,,,,"B.Tech at MIT, 2010;  Help me in development. Google Intern, 2016 :smile: ",,,,,,
0,Gooooodman,,https://avatars0.githubusercontent.com/u/13062160?v=3&amp;s=100,,,,,,,,,,,,,,,Goooood,,,,,,give me your love!,,,,,,
0,RogerFederer03,,https://avatars1.githubusercontent.com/u/5633006?v=3&amp;s=100,,,,,,,,,,,,,,,Zheng Luo,,,,,,Talk is cheap. Show me the code. -- Linus Torvalds,,,,,,
0,ternsip,,https://avatars3.githubusercontent.com/u/10179239?v=3&amp;s=100,,,,,,,,,,,,,,,Ternsip,,,,,,If you are alone - imagine that you are Gordon Freeman.,,,,,,
0,adityaanupindi,,https://avatars1.githubusercontent.com/u/5804235?v=3&amp;s=100,,,,,,,,,,,,,,,A.Aditya,,,,,,,,,,,,
0,DoubangoTelecom,,https://avatars0.githubusercontent.com/u/12985130?v=3&amp;s=100,,,,,,,,,,,,,,,DoubangoTelecom,,,,,,,,,,,,
0,jcagarcia,,https://avatars1.githubusercontent.com/u/1403553?v=3&amp;s=100,,,,,,,,,,,,,,,Juan Carlos García del Canto,,,,,,Software Architect at @DISID . Main commiter of Spring Roo project and project lead of @androoid project.,,,,,,
0,jodastephen,,https://avatars0.githubusercontent.com/u/213212?v=3&amp;s=100,,,,,,,,,,,,,,,Stephen Colebourne,,,,,,"Java Champion, known for Joda projects, JSR-310 . Work at @OpenGamma on Strata market risk.",,,,,,
0,qinix,,https://avatars0.githubusercontent.com/u/1946663?v=3&amp;s=100,,,,,,,,,,,,,,,Eric Zhang,,,,,,,,,,,,
0,pablofernandezcom,,https://avatars0.githubusercontent.com/u/17712306?v=3&amp;s=100,,,,,,,,,,,,,,,Pablo Fernandez,,,,,,,,,,,,
0,VagrantStory,,https://avatars3.githubusercontent.com/u/4069972?v=3&amp;s=100,,,,,,,,,,,,,,,mohammad,,,,,,Developer Program Member,,,,,,
0,soyelmnd,,https://avatars2.githubusercontent.com/u/2678063?v=3&amp;s=100,,,,,,,,,,,,,,,Minh Nguyen,,,,,,,,,,,,
0,tvvocold,,https://avatars2.githubusercontent.com/u/4530539?v=3&amp;s=100,,,,,,,,,,,,,,,Ray,,,,,,Do cool things that doesn&#39;t matter.,,,,,,
0,stoked-zz,,https://avatars2.githubusercontent.com/u/13973828?v=3&amp;s=100,,,,,,,,,,,,,,,Amie Lynn,,,,,,,,,,,,
0,imraazrally,,https://avatars1.githubusercontent.com/u/10794748?v=3&amp;s=100,,,,,,,,,,,,,,,Imraaz Rally,,,,,,"C.S Graduate from NJIT, Founder / Developer @ Therapy Square ",,,,,,
0,tennisonchan,,https://avatars1.githubusercontent.com/u/719938?v=3&amp;s=100,,,,,,,,,,,,,,,Tennison Chan,,,,,,,,,,,,
0,jewelsea,,https://avatars0.githubusercontent.com/u/1235418?v=3&amp;s=100,,,,,,,,,,,,,,,jewelsea,,,,,,,,,,,,
0,kylemcdonald,,https://avatars1.githubusercontent.com/u/157106?v=3&amp;s=100,,,,,,,,,,,,,,,Kyle McDonald,,,,,,,,,,,,
0,sisazago,,https://avatars2.githubusercontent.com/u/9251265?v=3&amp;s=100,,,,,,,,,,,,,,,Sebastian Isaza Gómez,,,,,,,,,,,,
0,MilanAryal,,https://avatars0.githubusercontent.com/u/9361180?v=3&amp;s=100,,,,,,,,,,,,,,,Milan Aryal,,,,,,Front-end developer,,,,,,
0,alicaglayan,,https://avatars1.githubusercontent.com/u/5114628?v=3&amp;s=100,,,,,,,,,,,,,,,Ali İhsan ÇAĞLAYAN,,,,,,,,,,,,
0,Alireza-Dezfoolian,,https://avatars1.githubusercontent.com/u/2324821?v=3&amp;s=100,,,,,,,,,,,,,,,Alireza,,,,,,My name is Alireza Dezfoolian Senior front end Developer/ UI Designer located in Sydney atm,,,,,,
0,windiest,,https://avatars2.githubusercontent.com/u/10759713?v=3&amp;s=100,,,,,,,,,,,,,,,Winds,,,,,,My love cats @Wscats,,,,,,
0,trisberg,,https://avatars2.githubusercontent.com/u/78614?v=3&amp;s=100,,,,,,,,,,,,,,,Thomas Risberg,,,,,,,,,,,,
0,benjamn,,https://avatars1.githubusercontent.com/u/5750?v=3&amp;s=100,,,,,,,,,,,,,,,Ben Newman,,,,,,,,,,,,
0,tucnak,,https://avatars3.githubusercontent.com/u/934682?v=3&amp;s=100,,,,,,,,,,,,,,,Ian Byrd,,,,,,,,,,,,
0,shoshindes,,https://avatars1.githubusercontent.com/u/13901088?v=3&amp;s=100,,,,,,,,,,,,,,,Jack Thompson,,,,,,,,,,,,
0,sadjow,,https://avatars0.githubusercontent.com/u/177525?v=3&amp;s=100,,,,,,,,,,,,,,,Sadjow Leão,,,,,,,,,,,,
0,pouya-abbassi,,https://avatars0.githubusercontent.com/u/8519318?v=3&amp;s=100,,,,,,,,,,,,,,,Pouya Abbassi,,,,,,,,,,,,
0,alex-cory,,https://avatars1.githubusercontent.com/u/5455859?v=3&amp;s=100,,,,,,,,,,,,,,,Alex Cory,,,,,,ʕ•̫͡•ʔ-̫͡-ʕ•͓͡•ʔ-̫͡-ʕ•̫͡•ʔ,,,,,,
0,makeusabrew,,https://avatars0.githubusercontent.com/u/278461?v=3&amp;s=100,,,,,,,,,,,,,,,Nick Payne,,,,,,,,,,,,
0,paulc4,,https://avatars3.githubusercontent.com/u/1644418?v=3&amp;s=100,,,,,,,,,,,,,,,Paul,,,,,,,,,,,,
0,joegesualdo,,https://avatars1.githubusercontent.com/u/2592156?v=3&amp;s=100,,,,,,,,,,,,,,,Joe Gesualdo,,,,,,,,,,,,
