﻿score,id,login,created_at,avatar_url,updated_at,gravatar_id,url,html_url,followers_url,following_url,gists_url,starred_url,subscriptions_url,organizations_url,repos_url,events_url,received_events_url,type,site_admin,name,company,blog,location,email,hireable,bio,public_repos,public_gists,followers,following
0,,AndiChiou,,https://avatars2.githubusercontent.com/u/23460812?v=3&amp;s=100,,,,,,,,,,,,,,,,Andi Chiou,,,,,,High school student @bartlett-high-school,,,,
0,,luisjnk,,https://avatars0.githubusercontent.com/u/4520412?v=3&amp;s=100,,,,,,,,,,,,,,,,Luís Paulo,,,,,,,,,,
0,,BFush,,https://avatars3.githubusercontent.com/u/23432645?v=3&amp;s=100,,,,,,,,,,,,,,,,Brisnee Fush,,,,,,Research graduate at Stanford University specializing in Natural Language Processing and Linguistics. Previously: Kilgraston School. Please follow me. 😄 ,,,,
0,,LeeYoonGu,,https://avatars2.githubusercontent.com/u/10300327?v=3&amp;s=100,,,,,,,,,,,,,,,,Lee Yoon Gu,,,,,,next step,,,,
0,,khongchi,,https://avatars2.githubusercontent.com/u/1772843?v=3&amp;s=100,,,,,,,,,,,,,,,,sungbum hong,,,,,,,,,,
0,,jhyeon1010,,https://avatars1.githubusercontent.com/u/6971375?v=3&amp;s=100,,,,,,,,,,,,,,,,jhyeon1010,,,,,,,,,,
0,,bnu,,https://avatars0.githubusercontent.com/u/53764?v=3&amp;s=100,,,,,,,,,,,,,,,,bnu,,,,,,,,,,
0,,akasima,,https://avatars0.githubusercontent.com/u/5836237?v=3&amp;s=100,,,,,,,,,,,,,,,,akasima,,,,,,,,,,
0,,cardinot,,https://avatars2.githubusercontent.com/u/4231565?v=3&amp;s=100,,,,,,,,,,,,,,,,Marcos Cardinot,,,,,,,,,,
0,,AdiChat,,https://avatars0.githubusercontent.com/u/10634210?v=3&amp;s=100,,,,,,,,,,,,,,,,Ãditya⛄Chatterjee,,,,,,✌️ 🎅 gave me a stone. 🍥 + 🎁 + 🍷 💃 ,,,,
0,,ternsip,,https://avatars3.githubusercontent.com/u/10179239?v=3&amp;s=100,,,,,,,,,,,,,,,,Ternsip,,,,,,If you are alone - imagine that you are Gordon Freeman.,,,,
0,,sanbir,,https://avatars0.githubusercontent.com/u/1075977?v=3&amp;s=100,,,,,,,,,,,,,,,,Alexander Biryukov,,,,,,,,,,
0,,SnehaRane,,https://avatars3.githubusercontent.com/u/10234186?v=3&amp;s=100,,,,,,,,,,,,,,,,Sneha Rane,,,,,,,,,,
0,,gintern,,https://avatars2.githubusercontent.com/u/20753788?v=3&amp;s=100,,,,,,,,,,,,,,,,Michelle Isterya,,,,,,"B.Tech at MIT, 2010;  Help me in development. Google Intern, 2016 :smile: ",,,,
0,,seoul-opengov,,https://avatars2.githubusercontent.com/u/18656879?v=3&amp;s=100,,,,,,,,,,,,,,,,서울 정보소통광장(opengov.seoul.go.kr),,,,,,,,,,
0,,ks2colorworld,,https://avatars1.githubusercontent.com/u/476848?v=3&amp;s=100,,,,,,,,,,,,,,,,Mikey Lee,,,,,,,,,,
0,,brunocasanova,,https://avatars3.githubusercontent.com/u/4107768?v=3&amp;s=100,,,,,,,,,,,,,,,,Bruno Casanova,,,,,,,,,,
0,,abdullah1908,,https://avatars3.githubusercontent.com/u/14175927?v=3&amp;s=100,,,,,,,,,,,,,,,,abdullah1908,,,,,,,,,,
0,,jsy962000,,https://avatars1.githubusercontent.com/u/11811861?v=3&amp;s=100,,,,,,,,,,,,,,,,jsy962000,,,,,,,,,,
0,,cusspvz,,https://avatars2.githubusercontent.com/u/3604053?v=3&amp;s=100,,,,,,,,,,,,,,,,José Moreira,,,,,,"full-stack developer, ui/ux designer, musician &amp; diy entusiast",,,,
0,,mgwhitfield,,https://avatars1.githubusercontent.com/u/2973130?v=3&amp;s=100,,,,,,,,,,,,,,,,Mike W,,,,,,,,,,
0,,angusshire,,https://avatars1.githubusercontent.com/u/5877145?v=3&amp;s=100,,,,,,,,,,,,,,,,Angus H.,,,,,,Available for part-time or freelance work.,,,,
0,,shrimpboyho,,https://avatars0.githubusercontent.com/u/1168385?v=3&amp;s=100,,,,,,,,,,,,,,,,shrimpydubsy,,,,,,,,,,
0,,vladstudio,,https://avatars1.githubusercontent.com/u/914320?v=3&amp;s=100,,,,,,,,,,,,,,,,vladstudio,,,,,,,,,,
0,,xguru,,https://avatars1.githubusercontent.com/u/126918?v=3&amp;s=100,,,,,,,,,,,,,,,,Chris Kwon,,,,,,,,,,
0,,soleaf,,https://avatars0.githubusercontent.com/u/3590986?v=3&amp;s=100,,,,,,,,,,,,,,,,Ilho Ahn,,,,,,,,,,
