﻿score,type,login,company,id,updated_at,avatar_url,gravatar_id,url,html_url,followers_url,following_url,gists_url,starred_url,subscriptions_url,organizations_url,repos_url,events_url,received_events_url,site_admin,name,blog,location,email,hireable,bio,public_repos,public_gists,followers,following,created_at
0,,agibsonccc,,,,https://avatars3.githubusercontent.com/u/1144306?v=3&amp;s=100,,,,,,,,,,,,,,Adam Gibson,,,,,,,,,,
0,,wxmahen,,,,https://avatars2.githubusercontent.com/u/13268706?v=3&amp;s=100,,,,,,,,,,,,,,Mahen Samaranayake,,,,,A huge fan of AI and Big Data.,,,,,
0,,mrraedbadr,,,,https://avatars2.githubusercontent.com/u/9080323?v=3&amp;s=100,,,,,,,,,,,,,,Raed Badr,,,,,,,,,,
0,,AndiChiou,,,,https://avatars2.githubusercontent.com/u/23460812?v=3&amp;s=100,,,,,,,,,,,,,,Andi Chiou,,,,,High school student @bartlett-high-school,,,,,
0,,classLoder,,,,https://avatars1.githubusercontent.com/u/7911232?v=3&amp;s=100,,,,,,,,,,,,,,Mosquitoes,,,,,,,,,,
0,,andrewtorman,,,,https://avatars3.githubusercontent.com/u/6722054?v=3&amp;s=100,,,,,,,,,,,,,,andrewtorman,,,,,,,,,,
0,,edu-bot,,,,https://avatars0.githubusercontent.com/u/23435604?v=3&amp;s=100,,,,,,,,,,,,,,Edu Bot,,,,,,,,,,
0,,BFush,,,,https://avatars3.githubusercontent.com/u/23432645?v=3&amp;s=100,,,,,,,,,,,,,,Brisnee Fush,,,,,Research graduate at Stanford University specializing in Natural Language Processing and Linguistics. Previously: Kilgraston School. Please follow me. 😄 ,,,,,
0,,huruji,,,,https://avatars3.githubusercontent.com/u/15937065?v=3&amp;s=100,,,,,,,,,,,,,,忽如寄,,,,,以梦为码，仗键天涯。,,,,,
0,,curiositry,,,,https://avatars3.githubusercontent.com/u/3664587?v=3&amp;s=100,,,,,,,,,,,,,,Curiositry,,,,,,,,,,
0,,tccpc,,,,https://avatars1.githubusercontent.com/u/21104716?v=3&amp;s=100,,,,,,,,,,,,,,天寒,,,,,Web Front-End,,,,,
0,,bravegurkha,,,,https://avatars3.githubusercontent.com/u/19758839?v=3&amp;s=100,,,,,,,,,,,,,,Swornim Shrestha,,,,,,,,,,
0,,Vermisse,,,,https://avatars2.githubusercontent.com/u/17972943?v=3&amp;s=100,,,,,,,,,,,,,,Sunki,,,,,Java、Scala、Clojure,,,,,
0,,SnehaRane,,,,https://avatars3.githubusercontent.com/u/10234186?v=3&amp;s=100,,,,,,,,,,,,,,Sneha Rane,,,,,,,,,,
0,,myuanyuan,,,,https://avatars3.githubusercontent.com/u/22052330?v=3&amp;s=100,,,,,,,,,,,,,,myuanyuan,,,,,,,,,,
0,,ReidHolmes,,,,https://avatars3.githubusercontent.com/u/17958554?v=3&amp;s=100,,,,,,,,,,,,,,Reidholmes,,,,,,,,,,
0,,AeronStory,,,,https://avatars2.githubusercontent.com/u/22915694?v=3&amp;s=100,,,,,,,,,,,,,,mohammad,,,,,,,,,,
0,,ankita-singh,,,,https://avatars0.githubusercontent.com/u/14884460?v=3&amp;s=100,,,,,,,,,,,,,,Ankita Singh,,,,,,,,,,
0,,D132,,,,https://avatars2.githubusercontent.com/u/4085362?v=3&amp;s=100,,,,,,,,,,,,,,Deepak Laxmi Narasimha,,,,,,,,,,
0,,Tyquan,,,,https://avatars1.githubusercontent.com/u/7365526?v=3&amp;s=100,,,,,,,,,,,,,,Tyquan Reddick,,,,,Just working on a few things...,,,,,
0,,Gooooodman,,,,https://avatars0.githubusercontent.com/u/13062160?v=3&amp;s=100,,,,,,,,,,,,,,Goooood,,,,,give me your love!,,,,,
0,,RogerFederer03,,,,https://avatars1.githubusercontent.com/u/5633006?v=3&amp;s=100,,,,,,,,,,,,,,Zheng Luo,,,,,Talk is cheap. Show me the code. -- Linus Torvalds,,,,,
0,,ptoing,,,,https://avatars2.githubusercontent.com/u/23065?v=3&amp;s=100,,,,,,,,,,,,,,Kenji Morrow,,,,,,,,,,
0,,ultrasilicon,,,,https://avatars2.githubusercontent.com/u/11886827?v=3&amp;s=100,,,,,,,,,,,,,,Tim Z.,,,,,"Live to be happy, design to be loved.",,,,,
0,,976500133,,,,https://avatars0.githubusercontent.com/u/5755720?v=3&amp;s=100,,,,,,,,,,,,,,Baron.Liu,,,,,前端开发/iOS 开发/Node开发工程师,,,,,
0,,gintern,,,,https://avatars2.githubusercontent.com/u/20753788?v=3&amp;s=100,,,,,,,,,,,,,,Michelle Isterya,,,,,"B.Tech at MIT, 2010;  Help me in development. Google Intern, 2016 :smile: ",,,,,
0,,ajgrande924,,,,https://avatars3.githubusercontent.com/u/12506734?v=3&amp;s=100,,,,,,,,,,,,,,AJ Grande,,,,,,,,,,
0,,josephmuli,,,,https://avatars1.githubusercontent.com/u/15944630?v=3&amp;s=100,,,,,,,,,,,,,,Joseph Muli,,,,,,,,,,
0,,rajkumarui,,,,https://avatars1.githubusercontent.com/u/18653522?v=3&amp;s=100,,,,,,,,,,,,,,Rajkumar,,,,,,,,,,
0,,blendin,,,,https://avatars1.githubusercontent.com/u/20363764?v=3&amp;s=100,,,,,,,,,,,,,,blendin,,,,,,,,,,
0,,rod-lin,,,,https://avatars1.githubusercontent.com/u/9999958?v=3&amp;s=100,,,,,,,,,,,,,,rod,,,,,student,,,,,
0,,ternsip,,,,https://avatars3.githubusercontent.com/u/10179239?v=3&amp;s=100,,,,,,,,,,,,,,Ternsip,,,,,If you are alone - imagine that you are Gordon Freeman.,,,,,
0,,pbailis,,,,https://avatars1.githubusercontent.com/u/970191?v=3&amp;s=100,,,,,,,,,,,,,,Peter Bailis,,,,,,,,,,
0,,discobeta,,,,https://avatars2.githubusercontent.com/u/6441098?v=3&amp;s=100,,,,,,,,,,,,,,Asaf Klibansky,,,,,All your base are belong to us,,,,,
0,,0xNacho,,,,https://avatars0.githubusercontent.com/u/2890475?v=3&amp;s=100,,,,,,,,,,,,,,Nacho García Fernández,,,,,,,,,,
0,,lidinghao,,,,https://avatars3.githubusercontent.com/u/1456667?v=3&amp;s=100,,,,,,,,,,,,,,Greg Lee,,,,,,,,,,
0,,RowlandOti,,,,https://avatars0.githubusercontent.com/u/8356008?v=3&amp;s=100,,,,,,,,,,,,,,Rowland Oti,,,,,"Your scared of how my code may make your work extremely easy, am scared of how it may not. Cheers!",,,,,
0,,pablofernandezcom,,,,https://avatars0.githubusercontent.com/u/17712306?v=3&amp;s=100,,,,,,,,,,,,,,Pablo Fernandez,,,,,,,,,,
0,,gmkhussain,,,,https://avatars2.githubusercontent.com/u/1250826?v=3&amp;s=100,,,,,,,,,,,,,,GMK Hussain,,,,,,,,,,
0,,qinix,,,,https://avatars0.githubusercontent.com/u/1946663?v=3&amp;s=100,,,,,,,,,,,,,,Eric Zhang,,,,,,,,,,
0,,AdiChat,,,,https://avatars0.githubusercontent.com/u/10634210?v=3&amp;s=100,,,,,,,,,,,,,,Ãditya⛄Chatterjee,,,,,✌️ 🎅 gave me a stone. 🍥 + 🎁 + 🍷 💃 ,,,,,
0,,prKassad,,,,https://avatars0.githubusercontent.com/u/6651925?v=3&amp;s=100,,,,,,,,,,,,,,Vitaliy Abramov,,,,,,,,,,
0,,VagrantStory,,,,https://avatars3.githubusercontent.com/u/4069972?v=3&amp;s=100,,,,,,,,,,,,,,mohammad,,,,,Developer Program Member,,,,,
0,,legalcodes,,,,https://avatars1.githubusercontent.com/u/5550175?v=3&amp;s=100,,,,,,,,,,,,,,Jon Tippens,,,,,I&#39;m a fullstack software engineer. I love Javascript and the open source ecosystem. ,,,,,
0,,bdegannes,,,,https://avatars2.githubusercontent.com/u/11340965?v=3&amp;s=100,,,,,,,,,,,,,,Blaine Degannes ,,,,,,,,,,
0,,ksiddana,,,,https://avatars1.githubusercontent.com/u/5177889?v=3&amp;s=100,,,,,,,,,,,,,,Karun Siddana,,,,,,,,,,
0,,HarrisonA,,,,https://avatars0.githubusercontent.com/u/15274319?v=3&amp;s=100,,,,,,,,,,,,,,Adesola Harrison,,,,,,,,,,
0,,MichalPaszkiewicz,,,,https://avatars2.githubusercontent.com/u/6673982?v=3&amp;s=100,,,,,,,,,,,,,,Michal Paszkiewicz,,,,,Just a guy who likes to make things @MichalYouDoing,,,,,
0,,imraazrally,,,,https://avatars1.githubusercontent.com/u/10794748?v=3&amp;s=100,,,,,,,,,,,,,,Imraaz Rally,,,,,"C.S Graduate from NJIT, Founder / Developer @ Therapy Square ",,,,,
0,,BernardoGO,,,,https://avatars0.githubusercontent.com/u/1606650?v=3&amp;s=100,,,,,,,,,,,,,,Bernardo Augusto Godinho de Oliveira,,,,,,,,,,
0,,tennisonchan,,,,https://avatars1.githubusercontent.com/u/719938?v=3&amp;s=100,,,,,,,,,,,,,,Tennison Chan,,,,,,,,,,
