﻿score,events_url,login,id,avatar_url,gravatar_id,url,html_url,followers_url,following_url,gists_url,starred_url,subscriptions_url,organizations_url,repos_url,received_events_url,type,site_admin,name,company,blog,location,email,hireable,bio,public_repos,public_gists,followers,following,created_at,updated_at
0,,donghuagif,,https://avatars2.githubusercontent.com/u/17673073?v=3&amp;s=100,,,,,,,,,,,,,,Bond Tun,,,,,,,,,,,,
0,,muyang00,,https://avatars3.githubusercontent.com/u/16149500?v=3&amp;s=100,,,,,,,,,,,,,,muyang00,,,,,,today,,,,,,
0,,Mati365,,https://avatars3.githubusercontent.com/u/3949262?v=3&amp;s=100,,,,,,,,,,,,,,Mateusz Bagiński,,,,,,Python/JavaScript Developer,,,,,,
0,,shashankpali,,https://avatars3.githubusercontent.com/u/11850361?v=3&amp;s=100,,,,,,,,,,,,,,Shashank Pali,,,,,,,,,,,,
0,,ZHLOVE,,https://avatars0.githubusercontent.com/u/19463192?v=3&amp;s=100,,,,,,,,,,,,,,ZHLOVE,,,,,,,,,,,,
0,,Vermisse,,https://avatars2.githubusercontent.com/u/17972943?v=3&amp;s=100,,,,,,,,,,,,,,Sunki,,,,,,Java、Scala、Clojure,,,,,,
0,,chongbenben,,https://avatars0.githubusercontent.com/u/21237518?v=3&amp;s=100,,,,,,,,,,,,,,种奔奔,,,,,,FEE in China.,,,,,,
0,,BFush,,https://avatars3.githubusercontent.com/u/23432645?v=3&amp;s=100,,,,,,,,,,,,,,Brisnee Fush,,,,,,Research graduate at Stanford University specializing in Natural Language Processing and Linguistics. Previously: Kilgraston School. Please follow me. 😄 ,,,,,,
0,,AndiChiou,,https://avatars2.githubusercontent.com/u/23460812?v=3&amp;s=100,,,,,,,,,,,,,,Andi Chiou,,,,,,High school student @bartlett-high-school,,,,,,
0,,renzifeng,,https://avatars1.githubusercontent.com/u/10377362?v=3&amp;s=100,,,,,,,,,,,,,,紫枫,,,,,,"iOS developer, working in ifeng",,,,,,
0,,binux,,https://avatars2.githubusercontent.com/u/646451?v=3&amp;s=100,,,,,,,,,,,,,,Roy Binux,,,,,,[NEW] Add a bio,,,,,,
0,,ittianyu,,https://avatars3.githubusercontent.com/u/16226068?v=3&amp;s=100,,,,,,,,,,,,,,ittianyu,,,,,,,,,,,,
0,,dkhamsing,,https://avatars0.githubusercontent.com/u/4723115?v=3&amp;s=100,,,,,,,,,,,,,,dkhamsing,,,,,,,,,,,,
0,,SamWanng,,https://avatars3.githubusercontent.com/u/8959825?v=3&amp;s=100,,,,,,,,,,,,,,Sam,,,,,,,,,,,,
0,,haoranw,,https://avatars0.githubusercontent.com/u/17819258?v=3&amp;s=100,,,,,,,,,,,,,,haoran,,,,,,Show me your code,,,,,,
0,,dongweiming,,https://avatars2.githubusercontent.com/u/841395?v=3&amp;s=100,,,,,,,,,,,,,,小明,,,,,,,,,,,,
0,,soimort,,https://avatars0.githubusercontent.com/u/342945?v=3&amp;s=100,,,,,,,,,,,,,,Mort Yao,,,,,,07DA 00CB 7820 3251,,,,,,
0,,ibireme,,https://avatars3.githubusercontent.com/u/839283?v=3&amp;s=100,,,,,,,,,,,,,,Yaoyuan,,,,,,,,,,,,
0,,yindongyang,,https://avatars2.githubusercontent.com/u/12907924?v=3&amp;s=100,,,,,,,,,,,,,,yindongyang,,,,,,,,,,,,
0,,gawel,,https://avatars1.githubusercontent.com/u/118673?v=3&amp;s=100,,,,,,,,,,,,,,Gael Pasgrimaud,,,,,,,,,,,,
0,,daimajia,,https://avatars2.githubusercontent.com/u/2503423?v=3&amp;s=100,,,,,,,,,,,,,,代码家,,,,,,"Yeah, make a good App .",,,,,,
0,,liaohuqiu,,https://avatars3.githubusercontent.com/u/4088573?v=3&amp;s=100,,,,,,,,,,,,,,Huqiu Liao,,,,,,,,,,,,
0,,oschina,,https://avatars1.githubusercontent.com/u/1540855?v=3&amp;s=100,,,,,,,,,,,,,,开源中国,,,,,,,,,,,,
0,,Urinx,,https://avatars3.githubusercontent.com/u/5365195?v=3&amp;s=100,,,,,,,,,,,,,,Urinx,,,,,,元気少年,,,,,,
0,,DrkSephy,,https://avatars3.githubusercontent.com/u/1226900?v=3&amp;s=100,,,,,,,,,,,,,,David Leonard,,,,,,JavaScript Ninja @Yahoo.,,,,,,
0,,milizhang,,https://avatars0.githubusercontent.com/u/1834979?v=3&amp;s=100,,,,,,,,,,,,,,Mili (Yi) Zhang,,,,,,,,,,,,
0,,vczh,,https://avatars3.githubusercontent.com/u/773569?v=3&amp;s=100,,,,,,,,,,,,,,Zihan Chen,,,,,,Programmer with no technology bias. Main contributor of @vczh-libraries  .,,,,,,
0,,gintern,,https://avatars2.githubusercontent.com/u/20753788?v=3&amp;s=100,,,,,,,,,,,,,,Michelle Isterya,,,,,,"B.Tech at MIT, 2010;  Help me in development. Google Intern, 2016 :smile: ",,,,,,
0,,tonsky,,https://avatars3.githubusercontent.com/u/285292?v=3&amp;s=100,,,,,,,,,,,,,,Nikita Prokopov,,,,,,,,,,,,
0,,MWadstein,,https://avatars2.githubusercontent.com/u/5479920?v=3&amp;s=100,,,,,,,,,,,,,,Mathew Wadstein,,,,,,,,,,,,
0,,singer1026,,https://avatars0.githubusercontent.com/u/4211735?v=3&amp;s=100,,,,,,,,,,,,,,嗷大喵,,,,,,大喵哥,,,,,,
0,,CharlinFeng,,https://avatars2.githubusercontent.com/u/8357630?v=3&amp;s=100,,,,,,,,,,,,,,时点软件冯成林,,,,,,成都时点软件开发有限公司 冯成林,,,,,,
0,,tangqiaoboy,,https://avatars0.githubusercontent.com/u/733097?v=3&amp;s=100,,,,,,,,,,,,,,Tang Qiao,,,,,,I am an iOS developer working on a startup company named Yuanfudao. ,,,,,,
0,,DianQK,,https://avatars1.githubusercontent.com/u/10829914?v=3&amp;s=100,,,,,,,,,,,,,,DianQK,,,,,,,,,,,,
0,,ln371494114,,https://avatars1.githubusercontent.com/u/14963293?v=3&amp;s=100,,,,,,,,,,,,,,ln371494114,,,,,,,,,,,,
0,,insidegui,,https://avatars1.githubusercontent.com/u/67184?v=3&amp;s=100,,,,,,,,,,,,,,Guilherme Rambo,,,,,,"Mac and iOS developer. Maker of WWDC for macOS, @BrowserFreedom, PodcastMenu @chibistudioapp and a bunch of other stuff.",,,,,,
0,,monniya,,https://avatars2.githubusercontent.com/u/6202133?v=3&amp;s=100,,,,,,,,,,,,,,monniya,,,,,,,,,,,,
0,,andrewsyc,,https://avatars3.githubusercontent.com/u/2940388?v=3&amp;s=100,,,,,,,,,,,,,,Andrew Sychra,,,,,,Love to build things people use.,,,,,,
0,,Andrew-liu,,https://avatars0.githubusercontent.com/u/7943725?v=3&amp;s=100,,,,,,,,,,,,,,Andrew-liu,,,,,,"Gopher. C++ Developer, Pythoner.",,,,,,
0,,marchtea,,https://avatars3.githubusercontent.com/u/3918849?v=3&amp;s=100,,,,,,,,,,,,,,Summer,,,,,,,,,,,,
0,,ChenYilong,,https://avatars0.githubusercontent.com/u/2911921?v=3&amp;s=100,,,,,,,,,,,,,,微博@iOS程序犭袁,,,,,,You can call me Elon Chan.,,,,,,
0,,OboBear,,https://avatars0.githubusercontent.com/u/7876891?v=3&amp;s=100,,,,,,,,,,,,,,林深,,,,,,,,,,,,
0,,kattrali,,https://avatars1.githubusercontent.com/u/333454?v=3&amp;s=100,,,,,,,,,,,,,,Delisa Mason,,,,,,,,,,,,
0,,sanguish,,https://avatars3.githubusercontent.com/u/6151362?v=3&amp;s=100,,,,,,,,,,,,,,Scott Anguish,,,,,,,,,,,,
0,,steipete,,https://avatars1.githubusercontent.com/u/58493?v=3&amp;s=100,,,,,,,,,,,,,,Peter Steinberger,,,,,,"I love pushing the limits of Cocoa Touch and the runtime. Working on @PSPDFKit, the most advanced PDF framework for iOS, Android and soon your Browser.",,,,,,
0,,d-ronnqvist,,https://avatars0.githubusercontent.com/u/1228143?v=3&amp;s=100,,,,,,,,,,,,,,David Rönnqvist,,,,,,,,,,,,
0,,chriseidhof,,https://avatars0.githubusercontent.com/u/5382?v=3&amp;s=100,,,,,,,,,,,,,,Chris Eidhof,,,,,,,,,,,,
0,,mattt,,https://avatars0.githubusercontent.com/u/7659?v=3&amp;s=100,,,,,,,,,,,,,,Mattt,,,,,,,,,,,,
0,,lattner,,https://avatars1.githubusercontent.com/u/15152540?v=3&amp;s=100,,,,,,,,,,,,,,Chris Lattner,,,,,,,,,,,,
0,,mattgemmell,,https://avatars3.githubusercontent.com/u/144873?v=3&amp;s=100,,,,,,,,,,,,,,Matt Gemmell,,,,,,,,,,,,
0,,johnno1962,,https://avatars2.githubusercontent.com/u/1786033?v=3&amp;s=100,,,,,,,,,,,,,,John Holdsworth,,,,,,,,,,,,
