﻿score,login,id,avatar_url,gravatar_id,url,html_url,followers_url,following_url,gists_url,starred_url,subscriptions_url,organizations_url,repos_url,events_url,received_events_url,type,site_admin,name,company,blog,location,email,hireable,bio,public_repos,public_gists,followers,following,created_at,updated_at
0,jkaweesi22,,https://avatars0.githubusercontent.com/u/5840240?v=3&amp;s=100,,,,,,,,,,,,,,,jkaweesi22,,,,,,,,,,,,
0,Vermisse,,https://avatars2.githubusercontent.com/u/17972943?v=3&amp;s=100,,,,,,,,,,,,,,,Sunki,,,,,,Java、Scala、Clojure,,,,,,
0,BFush,,https://avatars3.githubusercontent.com/u/23432645?v=3&amp;s=100,,,,,,,,,,,,,,,Brisnee Fush,,,,,,Research graduate at Stanford University specializing in Natural Language Processing and Linguistics. Previously: Kilgraston School. Please follow me. 😄 ,,,,,,
0,AndiChiou,,https://avatars2.githubusercontent.com/u/23460812?v=3&amp;s=100,,,,,,,,,,,,,,,Andi Chiou,,,,,,High school student @bartlett-high-school,,,,,,
0,phillipahereza,,https://avatars0.githubusercontent.com/u/13383422?v=3&amp;s=100,,,,,,,,,,,,,,,Phillip Ahereza,,,,,,,,,,,,
0,MrOnyancha,,https://avatars0.githubusercontent.com/u/5436153?v=3&amp;s=100,,,,,,,,,,,,,,,Onyancha Chrispinus,,,,,,,,,,,,
0,gintern,,https://avatars2.githubusercontent.com/u/20753788?v=3&amp;s=100,,,,,,,,,,,,,,,Michelle Isterya,,,,,,"B.Tech at MIT, 2010;  Help me in development. Google Intern, 2016 :smile: ",,,,,,
0,learncodeacademy,,https://avatars1.githubusercontent.com/u/8009308?v=3&amp;s=100,,,,,,,,,,,,,,,LearnCode,,,,,,,,,,,,
0,deano2390,,https://avatars3.githubusercontent.com/u/1138694?v=3&amp;s=100,,,,,,,,,,,,,,,Dean Wild,,,,,,Freelance Software Engineer,,,,,,
0,nuwe1,,https://avatars0.githubusercontent.com/u/11212736?v=3&amp;s=100,,,,,,,,,,,,,,,KAREGYEYA MARVIN,,,,,,,,,,,,
0,jonathanjab87,,https://avatars1.githubusercontent.com/u/8157003?v=3&amp;s=100,,,,,,,,,,,,,,,Jonathan Amwesiga,,,,,,,,,,,,
0,gmkhussain,,https://avatars2.githubusercontent.com/u/1250826?v=3&amp;s=100,,,,,,,,,,,,,,,GMK Hussain,,,,,,,,,,,,
0,atimothee,,https://avatars2.githubusercontent.com/u/5786492?v=3&amp;s=100,,,,,,,,,,,,,,,Timothy Asiimwe,,,,,,Tinkerer,,,,,,
0,detailyang,,https://avatars3.githubusercontent.com/u/3370345?v=3&amp;s=100,,,,,,,,,,,,,,,detailyang,,,,,,"sometime, just want to sleep :sleepy::(",,,,,,
0,MichalPaszkiewicz,,https://avatars2.githubusercontent.com/u/6673982?v=3&amp;s=100,,,,,,,,,,,,,,,Michal Paszkiewicz,,,,,,Just a guy who likes to make things @MichalYouDoing,,,,,,
0,BoubTheFixer,,https://avatars0.githubusercontent.com/u/13972251?v=3&amp;s=100,,,,,,,,,,,,,,,Tusiime Innocent Boub,,,,,,,,,,,,
0,andrewsyc,,https://avatars3.githubusercontent.com/u/2940388?v=3&amp;s=100,,,,,,,,,,,,,,,Andrew Sychra,,,,,,Love to build things people use.,,,,,,
0,justmarkham,,https://avatars0.githubusercontent.com/u/6509492?v=3&amp;s=100,,,,,,,,,,,,,,,Kevin Markham,,,,,,Founder of Data School,,,,,,
0,mugenyie,,https://avatars3.githubusercontent.com/u/11520939?v=3&amp;s=100,,,,,,,,,,,,,,,Mugenyi Emmanuel Columbus,,,,,,,,,,,,
0,dokalanyi,,https://avatars1.githubusercontent.com/u/439262?v=3&amp;s=100,,,,,,,,,,,,,,,Okalany Daniel,,,,,,,,,,,,
0,samuelprince77,,https://avatars3.githubusercontent.com/u/13033740?v=3&amp;s=100,,,,,,,,,,,,,,,samuelprince77,,,,,,,,,,,,
0,romannurik,,https://avatars3.githubusercontent.com/u/100155?v=3&amp;s=100,,,,,,,,,,,,,,,Roman Nurik,,,,,,,,,,,,
0,zedjasper,,https://avatars2.githubusercontent.com/u/2123156?v=3&amp;s=100,,,,,,,,,,,,,,,zedjasper,,,,,,,,,,,,
0,Kyeza,,https://avatars2.githubusercontent.com/u/13334412?v=3&amp;s=100,,,,,,,,,,,,,,,Kyeza Arnold,,,,,,"I am a Computer scientist, love programming its like a hobby. I haven&#39;t yet got that much experience on my hands but hoping to get there sooner than later.",,,,,,
0,koush,,https://avatars2.githubusercontent.com/u/73924?v=3&amp;s=100,,,,,,,,,,,,,,,Koushik Dutta,,,,,,,,,,,,
0,kevinsawicki,,https://avatars1.githubusercontent.com/u/671378?v=3&amp;s=100,,,,,,,,,,,,,,,Kevin Sawicki,,,,,,,,,,,,
0,commonsguy,,https://avatars1.githubusercontent.com/u/103772?v=3&amp;s=100,,,,,,,,,,,,,,,Mark Murphy,,,,,,,,,,,,
0,gabrielemariotti,,https://avatars3.githubusercontent.com/u/2583078?v=3&amp;s=100,,,,,,,,,,,,,,,Gabriele Mariotti,,,,,,,,,,,,
0,chrisbanes,,https://avatars0.githubusercontent.com/u/227486?v=3&amp;s=100,,,,,,,,,,,,,,,Chris Banes,,,,,,,,,,,,
0,swankjesse,,https://avatars0.githubusercontent.com/u/133019?v=3&amp;s=100,,,,,,,,,,,,,,,Jesse Wilson,,,,,,,,,,,,
0,lecho,,https://avatars3.githubusercontent.com/u/545637?v=3&amp;s=100,,,,,,,,,,,,,,,Leszek Wach,,,,,,,,,,,,
0,lutayashafiq,,https://avatars3.githubusercontent.com/u/8311273?v=3&amp;s=100,,,,,,,,,,,,,,,Lutaya Shafiq Holmes,,,,,,,,,,,,
0,NehuenD,,https://avatars3.githubusercontent.com/u/11181841?v=3&amp;s=100,,,,,,,,,,,,,,,Nehuen,,,,,,,,,,,,
0,austiine04,,https://avatars3.githubusercontent.com/u/617460?v=3&amp;s=100,,,,,,,,,,,,,,,Kisitu Augustine,,,,,,,,,,,,
0,wanderanimrod,,https://avatars2.githubusercontent.com/u/3718698?v=3&amp;s=100,,,,,,,,,,,,,,,Nimrod Wandera,,,,,,,,,,,,
0,amukiza,,https://avatars1.githubusercontent.com/u/1296343?v=3&amp;s=100,,,,,,,,,,,,,,,Mukiza Andrew,,,,,,,,,,,,
0,JamesMura,,https://avatars0.githubusercontent.com/u/532246?v=3&amp;s=100,,,,,,,,,,,,,,,James Muranga,,,,,,,,,,,,
0,jokamjohn,,https://avatars2.githubusercontent.com/u/8848097?v=3&amp;s=100,,,,,,,,,,,,,,,John Kagga,,,,,,"Passionate developer living in Uganda | Develops Java, Andriod and PhP Application | Likes learning new stuff ",,,,,,
0,GreenApplee,,https://avatars1.githubusercontent.com/u/4437050?v=3&amp;s=100,,,,,,,,,,,,,,,Yasmine Sefouane,,,,,,,,,,,,
0,alexzaitsev,,https://avatars1.githubusercontent.com/u/2372414?v=3&amp;s=100,,,,,,,,,,,,,,,Alexander Zaitsev,,,,,,,,,,,,
0,JakeWharton,,https://avatars1.githubusercontent.com/u/66577?v=3&amp;s=100,,,,,,,,,,,,,,,Jake Wharton,,,,,,,,,,,,
0,edBaev,,https://avatars3.githubusercontent.com/u/1265731?v=3&amp;s=100,,,,,,,,,,,,,,,Ed Baev,,,,,,,,,,,,
0,Lesilva,,https://avatars0.githubusercontent.com/u/3347243?v=3&amp;s=100,,,,,,,,,,,,,,,Wei Wang,,,,,,,,,,,,
