﻿score,login,id,avatar_url,gravatar_id,url,html_url,followers_url,following_url,gists_url,starred_url,subscriptions_url,organizations_url,repos_url,events_url,received_events_url,type,site_admin,name,company,blog,location,email,hireable,bio,public_repos,public_gists,followers,following,created_at,updated_at
0,defunkt,,https://avatars3.githubusercontent.com/u/2?v=3&amp;s=100,,,,,,,,,,,,,,,Chris Wanstrath,,,,,,🍔 ,,,,,,
0,tj,,https://avatars3.githubusercontent.com/u/25254?v=3&amp;s=100,,,,,,,,,,,,,,,TJ Holowaychuk,,,,,,,,,,,,
0,AndiChiou,,https://avatars2.githubusercontent.com/u/23460812?v=3&amp;s=100,,,,,,,,,,,,,,,Andi Chiou,,,,,,High school student @bartlett-high-school,,,,,,
0,stoked-zz,,https://avatars2.githubusercontent.com/u/13973828?v=3&amp;s=100,,,,,,,,,,,,,,,Amie Lynn,,,,,,,,,,,,
0,headius,,https://avatars1.githubusercontent.com/u/10135?v=3&amp;s=100,,,,,,,,,,,,,,,Charles Oliver Nutter,,,,,,,,,,,,
0,dfl,,https://avatars1.githubusercontent.com/u/282?v=3&amp;s=100,,,,,,,,,,,,,,,David Lowenfels,,,,,,,,,,,,
0,Sciss,,https://avatars1.githubusercontent.com/u/131300?v=3&amp;s=100,,,,,,,,,,,,,,,Hanns Holger Rutz,,,,,,"Sound Artist, Composer, and Researcher",,,,,,
0,arirusso,,https://avatars0.githubusercontent.com/u/140873?v=3&amp;s=100,,,,,,,,,,,,,,,Ari Russo,,,,,,,,,,,,
0,technomancy,,https://avatars3.githubusercontent.com/u/141?v=3&amp;s=100,,,,,,,,,,,,,,,Phil Hagelberg,,,,,,I sell DIY keyboards. A lot of my more recent code is on https://gitlab.com/technomancy,,,,,,
0,developwithpassion,,https://avatars1.githubusercontent.com/u/63258?v=3&amp;s=100,,,,,,,,,,,,,,,Jean-Paul S. Boodhoo,,,,,,,,,,,,
0,neelance,,https://avatars1.githubusercontent.com/u/16184?v=3&amp;s=100,,,,,,,,,,,,,,,Richard Musiol,,,,,,,,,,,,
0,dyoder,,https://avatars2.githubusercontent.com/u/1859?v=3&amp;s=100,,,,,,,,,,,,,,,Daniel Yoder,,,,,,,,,,,,
0,HakanS,,https://avatars0.githubusercontent.com/u/88439?v=3&amp;s=100,,,,,,,,,,,,,,,Hakan Sandell,,,,,,,,,,,,
0,notconscious,,https://avatars0.githubusercontent.com/u/2982560?v=3&amp;s=100,,,,,,,,,,,,,,,notconscious media,,,,,,,,,,,,
0,burisu,,https://avatars1.githubusercontent.com/u/240595?v=3&amp;s=100,,,,,,,,,,,,,,,Brice Texier,,,,,,,,,,,,
0,ilkka,,https://avatars3.githubusercontent.com/u/1549?v=3&amp;s=100,,,,,,,,,,,,,,,Ilkka Laukkanen,,,,,,,,,,,,
0,achiu,,https://avatars2.githubusercontent.com/u/24772?v=3&amp;s=100,,,,,,,,,,,,,,,Arthur Chiu,,,,,,,,,,,,
0,drowaudio,,https://avatars1.githubusercontent.com/u/1065708?v=3&amp;s=100,,,,,,,,,,,,,,,drowaudio,,,,,,,,,,,,
0,cowboyd,,https://avatars2.githubusercontent.com/u/4205?v=3&amp;s=100,,,,,,,,,,,,,,,Charles Lowell,,,,,,"Occasionally uses side-effects, seems like magician.",,,,,,
0,shawnbot,,https://avatars0.githubusercontent.com/u/113896?v=3&amp;s=100,,,,,,,,,,,,,,,Shawn Allen,,,,,,"I&#39;m a web designer and front end lead at 18F, a team within the U.S. government working to improve technology and access to information for the American public.",,,,,,
0,JanAhrens,,https://avatars0.githubusercontent.com/u/693647?v=3&amp;s=100,,,,,,,,,,,,,,,Jan,,,,,,,,,,,,
0,m2ym,,https://avatars2.githubusercontent.com/u/52525?v=3&amp;s=100,,,,,,,,,,,,,,,Tomohiro Matsuyama,,,,,,,,,,,,
0,jstrait,,https://avatars3.githubusercontent.com/u/24006?v=3&amp;s=100,,,,,,,,,,,,,,,Joel Strait,,,,,,,,,,,,
0,philandstuff,,https://avatars0.githubusercontent.com/u/581269?v=3&amp;s=100,,,,,,,,,,,,,,,Philip Potter,,,,,,,,,,,,
0,egp,,https://avatars2.githubusercontent.com/u/1022650?v=3&amp;s=100,,,,,,,,,,,,,,,Edward G Prentice,,,,,,Scala enthusiast,,,,,,
0,harryhaaren,,https://avatars1.githubusercontent.com/u/106664?v=3&amp;s=100,,,,,,,,,,,,,,,Harry van Haaren,,,,,,,,,,,,
0,spencersalazar,,https://avatars1.githubusercontent.com/u/250365?v=3&amp;s=100,,,,,,,,,,,,,,,Spencer Salazar,,,,,,,,,,,,
0,tarcieri,,https://avatars3.githubusercontent.com/u/797?v=3&amp;s=100,,,,,,,,,,,,,,,Tony Arcieri,,,,,,"Ruby and Rust developer, primarily specializing in cryptography and access control. Creator of Celluloid and the Cryptosphere.",,,,,,
0,scalarwaves,,https://avatars2.githubusercontent.com/u/4212896?v=3&amp;s=100,,,,,,,,,,,,,,,scalarwaves,,,,,,,,,,,,
0,holman,,https://avatars3.githubusercontent.com/u/2723?v=3&amp;s=100,,,,,,,,,,,,,,,Zach Holman,,,,,,,,,,,,
0,geemus,,https://avatars3.githubusercontent.com/u/4138?v=3&amp;s=100,,,,,,,,,,,,,,,Wesley Beary,,,,,,,,,,,,
0,gkz,,https://avatars0.githubusercontent.com/u/1222691?v=3&amp;s=100,,,,,,,,,,,,,,,George Zahariev,,,,,,,,,,,,
0,jxson,,https://avatars2.githubusercontent.com/u/10993?v=3&amp;s=100,,,,,,,,,,,,,,,Jason Campbell,,,,,,Self taught yak shedder.,,,,,,
0,zeke,,https://avatars1.githubusercontent.com/u/2289?v=3&amp;s=100,,,,,,,,,,,,,,,Zeke Sikelianos,,,,,,"I work on the @electron team at @github, helping people build native apps with open web technologies. Previously @npm, @heroku, and @wordnik",,,,,,
0,txus,,https://avatars3.githubusercontent.com/u/83234?v=3&amp;s=100,,,,,,,,,,,,,,,Josep M. &quot;Txus&quot; Bach,,,,,,,,,,,,
0,bbatsov,,https://avatars1.githubusercontent.com/u/103882?v=3&amp;s=100,,,,,,,,,,,,,,,Bozhidar Batsov,,,,,,,,,,,,
0,jwo,,https://avatars3.githubusercontent.com/u/123075?v=3&amp;s=100,,,,,,,,,,,,,,,Jesse Wolgamott,,,,,,,,,,,,
0,jimm,,https://avatars0.githubusercontent.com/u/14596?v=3&amp;s=100,,,,,,,,,,,,,,,Jim Menard,,,,,,,,,,,,
0,timowest,,https://avatars0.githubusercontent.com/u/574167?v=3&amp;s=100,,,,,,,,,,,,,,,Timo Westkämper,,,,,,,,,,,,
0,lfzawacki,,https://avatars0.githubusercontent.com/u/33211?v=3&amp;s=100,,,,,,,,,,,,,,,Lucas,,,,,,,,,,,,
0,zedshaw,,https://avatars0.githubusercontent.com/u/358171?v=3&amp;s=100,,,,,,,,,,,,,,,Zed A. Shaw,,,,,,,,,,,,
0,andrewrk,,https://avatars2.githubusercontent.com/u/106511?v=3&amp;s=100,,,,,,,,,,,,,,,Andrew Kelley,,,,,,Generalist,,,,,,
0,ekelokorpi,,https://avatars3.githubusercontent.com/u/1164289?v=3&amp;s=100,,,,,,,,,,,,,,,Eemeli Kelokorpi,,,,,,,,,,,,
0,substack,,https://avatars2.githubusercontent.com/u/12631?v=3&amp;s=100,,,,,,,,,,,,,,,James Halliday,,,,,,,,,,,,
0,MattMcFarland,,https://avatars1.githubusercontent.com/u/623545?v=3&amp;s=100,,,,,,,,,,,,,,,Matt McFarland,,,,,,,,,,,,
0,netcell,,https://avatars3.githubusercontent.com/u/3048558?v=3&amp;s=100,,,,,,,,,,,,,,,Nguyễn Tuấn Anh,,,,,,,,,,,,
0,LeaVerou,,https://avatars1.githubusercontent.com/u/175836?v=3&amp;s=100,,,,,,,,,,,,,,,Lea Verou,,,,,,,,,,,,
0,cwz8202,,https://avatars3.githubusercontent.com/u/13491333?v=3&amp;s=100,,,,,,,,,,,,,,,曹文忠,,,,,,,,,,,,
0,poporin,,https://avatars2.githubusercontent.com/u/6829412?v=3&amp;s=100,,,,,,,,,,,,,,,shuohei.mizuno,,,,,,,,,,,,
0,VagrantStory,,https://avatars3.githubusercontent.com/u/4069972?v=3&amp;s=100,,,,,,,,,,,,,,,mohammad,,,,,,Developer Program Member,,,,,,
0,juliobetta,,https://avatars2.githubusercontent.com/u/394147?v=3&amp;s=100,,,,,,,,,,,,,,,Julio Betta,,,,,,,,,,,,
