﻿type,score,site_admin,login,name,id,avatar_url,gravatar_id,url,html_url,followers_url,following_url,gists_url,starred_url,subscriptions_url,organizations_url,repos_url,events_url,received_events_url,company,blog,location,email,hireable,bio,public_repos,public_gists,followers,following,created_at,updated_at
,0,,AndiChiou,Andi Chiou,,https://avatars2.githubusercontent.com/u/23460812?v=3&amp;s=100,,,,,,,,,,,,,,,,,,High school student @bartlett-high-school,,,,,,
,0,,gintern,Michelle Isterya,,https://avatars2.githubusercontent.com/u/20753788?v=3&amp;s=100,,,,,,,,,,,,,,,,,,"B.Tech at MIT, 2010;  Help me in development. Google Intern, 2016 :smile: ",,,,,,
,0,,AeronStory,mohammad,,https://avatars2.githubusercontent.com/u/22915694?v=3&amp;s=100,,,,,,,,,,,,,,,,,,,,,,,,
,0,,stoked-zz,Amie Lynn,,https://avatars2.githubusercontent.com/u/13973828?v=3&amp;s=100,,,,,,,,,,,,,,,,,,,,,,,,
,0,,jagracey,John Gracey,,https://avatars1.githubusercontent.com/u/3309526?v=3&amp;s=100,,,,,,,,,,,,,,,,,,,,,,,,
,0,,DaStrike,DaStrike,,https://avatars3.githubusercontent.com/u/20173531?v=3&amp;s=100,,,,,,,,,,,,,,,,,,,,,,,,
,0,,irshuLx,Irshu,,https://avatars1.githubusercontent.com/u/12872191?v=3&amp;s=100,,,,,,,,,,,,,,,,,,"Rolls with  Android. Follower of Dubstep, Rock music, Cyberpunk....and cats?",,,,,,
,0,,rod-lin,rod,,https://avatars1.githubusercontent.com/u/9999958?v=3&amp;s=100,,,,,,,,,,,,,,,,,,student,,,,,,
,0,,blendin,blendin,,https://avatars1.githubusercontent.com/u/20363764?v=3&amp;s=100,,,,,,,,,,,,,,,,,,,,,,,,
,0,,brunocvcunha,Bruno Candido Volpato da Cunha,,https://avatars2.githubusercontent.com/u/3207647?v=3&amp;s=100,,,,,,,,,,,,,,,,,,☕️  💻  ,,,,,,
,0,,gmkhussain,GMK Hussain,,https://avatars2.githubusercontent.com/u/1250826?v=3&amp;s=100,,,,,,,,,,,,,,,,,,,,,,,,
,0,,rnekozz,Ruslan Nekoz,,https://avatars2.githubusercontent.com/u/20165761?v=3&amp;s=100,,,,,,,,,,,,,,,,,,,,,,,,
,0,,MichalPaszkiewicz,Michal Paszkiewicz,,https://avatars2.githubusercontent.com/u/6673982?v=3&amp;s=100,,,,,,,,,,,,,,,,,,Just a guy who likes to make things @MichalYouDoing,,,,,,
,0,,ternsip,Ternsip,,https://avatars3.githubusercontent.com/u/10179239?v=3&amp;s=100,,,,,,,,,,,,,,,,,,If you are alone - imagine that you are Gordon Freeman.,,,,,,
,0,,VagrantStory,mohammad,,https://avatars3.githubusercontent.com/u/4069972?v=3&amp;s=100,,,,,,,,,,,,,,,,,,Developer Program Member,,,,,,
,0,,girinvader,girinvader,,https://avatars2.githubusercontent.com/u/15020769?v=3&amp;s=100,,,,,,,,,,,,,,,,,,,,,,,,
,0,,igor-r-r,igor-r-r,,https://avatars2.githubusercontent.com/u/827535?v=3&amp;s=100,,,,,,,,,,,,,,,,,,,,,,,,
,0,,cusspvz,José Moreira,,https://avatars2.githubusercontent.com/u/3604053?v=3&amp;s=100,,,,,,,,,,,,,,,,,,"full-stack developer, ui/ux designer, musician &amp; diy entusiast",,,,,,
,0,,IndieKA,Skenkee,,https://avatars1.githubusercontent.com/u/14223791?v=3&amp;s=100,,,,,,,,,,,,,,,,,,,,,,,,
,0,,brunocasanova,Bruno Casanova,,https://avatars3.githubusercontent.com/u/4107768?v=3&amp;s=100,,,,,,,,,,,,,,,,,,,,,,,,
,0,,angusshire,Angus H.,,https://avatars1.githubusercontent.com/u/5877145?v=3&amp;s=100,,,,,,,,,,,,,,,,,,Available for part-time or freelance work.,,,,,,
,0,,truskovskiyk,Kyryl Truskovskyi,,https://avatars2.githubusercontent.com/u/7893705?v=3&amp;s=100,,,,,,,,,,,,,,,,,,,,,,,,
