﻿events_url,score,site_admin,login,blog,id,hireable,avatar_url,public_gists,gravatar_id,followers,url,html_url,followers_url,following_url,gists_url,starred_url,subscriptions_url,organizations_url,repos_url,received_events_url,type,name,company,location,email,bio,public_repos,following,created_at,updated_at
,0,,wxmahen,,,,https://avatars2.githubusercontent.com/u/13268706?v=3&amp;s=100,,,,,,,,,,,,,,,Mahen Samaranayake,,,,A huge fan of AI and Big Data.,,,,
,0,,stoked-zz,,,,https://avatars2.githubusercontent.com/u/13973828?v=3&amp;s=100,,,,,,,,,,,,,,,Amie Lynn,,,,,,,,
,0,,l3lackcurtains,,,,https://avatars0.githubusercontent.com/u/9688803?v=3&amp;s=100,,,,,,,,,,,,,,,Madhav Poudel,,,,Full stack web developer.,,,,
,0,,edu-bot,,,,https://avatars0.githubusercontent.com/u/23435604?v=3&amp;s=100,,,,,,,,,,,,,,,Edu Bot,,,,,,,,
,0,,BFush,,,,https://avatars3.githubusercontent.com/u/23432645?v=3&amp;s=100,,,,,,,,,,,,,,,Brisnee Fush,,,,Research graduate at Stanford University specializing in Natural Language Processing and Linguistics. Previously: Kilgraston School. Please follow me. 😄 ,,,,
,0,,AndiChiou,,,,https://avatars2.githubusercontent.com/u/23460812?v=3&amp;s=100,,,,,,,,,,,,,,,Andi Chiou,,,,High school student @bartlett-high-school,,,,
,0,,tccpc,,,,https://avatars1.githubusercontent.com/u/21104716?v=3&amp;s=100,,,,,,,,,,,,,,,天寒,,,,Web Front-End,,,,
,0,,NIHAR-SARKAR,,,,https://avatars2.githubusercontent.com/u/12110705?v=3&amp;s=100,,,,,,,,,,,,,,,Nihar Sarkar,,,,,,,,
,0,,ReidHolmes,,,,https://avatars3.githubusercontent.com/u/17958554?v=3&amp;s=100,,,,,,,,,,,,,,,Reidholmes,,,,,,,,
,0,,yfgeek,,,,https://avatars2.githubusercontent.com/u/7533831?v=3&amp;s=100,,,,,,,,,,,,,,,Ivan,,,,,,,,
,0,,SnehaRane,,,,https://avatars3.githubusercontent.com/u/10234186?v=3&amp;s=100,,,,,,,,,,,,,,,Sneha Rane,,,,,,,,
,0,,Vermisse,,,,https://avatars2.githubusercontent.com/u/17972943?v=3&amp;s=100,,,,,,,,,,,,,,,Sunki,,,,Java、Scala、Clojure,,,,
,0,,AeronStory,,,,https://avatars2.githubusercontent.com/u/22915694?v=3&amp;s=100,,,,,,,,,,,,,,,mohammad,,,,,,,,
,0,,scorninpc,,,,https://avatars0.githubusercontent.com/u/2607849?v=3&amp;s=100,,,,,,,,,,,,,,,Bruno Pitteli Gonçalves,,,,,,,,
,0,,Segure,,,,https://avatars0.githubusercontent.com/u/18419823?v=3&amp;s=100,,,,,,,,,,,,,,,Segure,,,,,,,,
,0,,afonsof,,,,https://avatars3.githubusercontent.com/u/805511?v=3&amp;s=100,,,,,,,,,,,,,,,Afonso F,,,,Full-stack Developer and Agile Tech Lead | @julianatorchia lover | Pop culture curious | #javascript #python,,,,
,0,,typicode,,,,https://avatars1.githubusercontent.com/u/5502029?v=3&amp;s=100,,,,,,,,,,,,,,,typicode,,,,:cactus: Hi!,,,,
,0,,mathiasgrimm,,,,https://avatars0.githubusercontent.com/u/450069?v=3&amp;s=100,,,,,,,,,,,,,,,Mathias Grimm,,,,,,,,
,0,,rafaehlers,,,,https://avatars0.githubusercontent.com/u/1222472?v=3&amp;s=100,,,,,,,,,,,,,,,Rafael Ehlers,,,,,,,,
,0,,rodrigobranas,,,,https://avatars1.githubusercontent.com/u/7491283?v=3&amp;s=100,,,,,,,,,,,,,,,Rodrigo Branas,,,,"Software Architect, Professor, Author, Youtuber and Speaker",,,,
,0,,mauricioaniche,,,,https://avatars3.githubusercontent.com/u/100812?v=3&amp;s=100,,,,,,,,,,,,,,,Maurício Aniche,,,,"PhD in Software Engineering, Maurício loves beautiful code. Currently working as a postdoc researcher at TU Delft, in the beautiful Netherlands.",,,,
,0,,danielschmitz,,,,https://avatars0.githubusercontent.com/u/1509692?v=3&amp;s=100,,,,,,,,,,,,,,,Daniel Schmitz,,,,Daniel Schmitz is a software developer and writer. He&#39;s originally from Brazil and has published several books in Portuguese/english.,,,,
,0,,guilhermesilveira,,,,https://avatars0.githubusercontent.com/u/51391?v=3&amp;s=100,,,,,,,,,,,,,,,Guilherme Silveira,,,,,,,,
,0,,arielazzi,,,,https://avatars0.githubusercontent.com/u/17055516?v=3&amp;s=100,,,,,,,,,,,,,,,Ariel S. Azzi,,,,,,,,
,0,,waldemarnt,,,,https://avatars0.githubusercontent.com/u/5835706?v=3&amp;s=100,,,,,,,,,,,,,,,Waldemar,,,,"Software Engineer at @ThoughtWorks, open source collaborator, watersports lover, bad jokes master.",,,,
,0,,fabriciocarraro,,,,https://avatars3.githubusercontent.com/u/7952992?v=3&amp;s=100,,,,,,,,,,,,,,,fabriciocarraro,,,,,,,,
,0,,mauricio,,,,https://avatars3.githubusercontent.com/u/5742?v=3&amp;s=100,,,,,,,,,,,,,,,Maurício Linhares,,,,,,,,
,0,,ayushoriginal,,,,https://avatars2.githubusercontent.com/u/8748017?v=3&amp;s=100,,,,,,,,,,,,,,,Ayush Pareek,,,,,,,,
,0,,guicamillo,,,,https://avatars1.githubusercontent.com/u/5016970?v=3&amp;s=100,,,,,,,,,,,,,,,Guilherme Camillo,,,,,,,,
,0,,RogerFederer03,,,,https://avatars1.githubusercontent.com/u/5633006?v=3&amp;s=100,,,,,,,,,,,,,,,Zheng Luo,,,,Talk is cheap. Show me the code. -- Linus Torvalds,,,,
,0,,Giando,,,,https://avatars1.githubusercontent.com/u/8095242?v=3&amp;s=100,,,,,,,,,,,,,,,Giandomenico Lombardi,,,,,,,,
,0,,gintern,,,,https://avatars2.githubusercontent.com/u/20753788?v=3&amp;s=100,,,,,,,,,,,,,,,Michelle Isterya,,,,"B.Tech at MIT, 2010;  Help me in development. Google Intern, 2016 :smile: ",,,,
,0,,liu-dongyu,,,,https://avatars1.githubusercontent.com/u/16187601?v=3&amp;s=100,,,,,,,,,,,,,,,Liu Dongyu,,,, frontend developer,,,,
,0,,sitilge,,,,https://avatars3.githubusercontent.com/u/3306642?v=3&amp;s=100,,,,,,,,,,,,,,,Martins Eglitis,,,,,,,,
,0,,rod-lin,,,,https://avatars1.githubusercontent.com/u/9999958?v=3&amp;s=100,,,,,,,,,,,,,,,rod,,,,student,,,,
,0,,blendin,,,,https://avatars1.githubusercontent.com/u/20363764?v=3&amp;s=100,,,,,,,,,,,,,,,blendin,,,,,,,,
,0,,sergiolopes,,,,https://avatars0.githubusercontent.com/u/91123?v=3&amp;s=100,,,,,,,,,,,,,,,Sérgio Lopes,,,,Instrutor e desenvolvedor na @alura-cursos &amp; @caelum,,,,
,0,,peas,,,,https://avatars0.githubusercontent.com/u/71636?v=3&amp;s=100,,,,,,,,,,,,,,,Paulo Silveira,,,,,,,,
,0,,Turini,,,,https://avatars3.githubusercontent.com/u/1529021?v=3&amp;s=100,,,,,,,,,,,,,,,Rodrigo Turini,,,,,,,,
,0,,ligianoazzi,,,,https://avatars1.githubusercontent.com/u/10206972?v=3&amp;s=100,,,,,,,,,,,,,,,Ligiano,,,,,,,,
,0,,andrewsyc,,,,https://avatars3.githubusercontent.com/u/2940388?v=3&amp;s=100,,,,,,,,,,,,,,,Andrew Sychra,,,,Love to build things people use.,,,,
,0,,ternsip,,,,https://avatars3.githubusercontent.com/u/10179239?v=3&amp;s=100,,,,,,,,,,,,,,,Ternsip,,,,If you are alone - imagine that you are Gordon Freeman.,,,,
,0,,flaviohenriquealmeida,,,,https://avatars3.githubusercontent.com/u/1374362?v=3&amp;s=100,,,,,,,,,,,,,,,Flavio Henrique de Souza Almeida,,,,,,,,
,0,,stopassola,,,,https://avatars2.githubusercontent.com/u/1174279?v=3&amp;s=100,,,,,,,,,,,,,,,stopassola,,,,,,,,
,0,,Ch3ck,,,,https://avatars1.githubusercontent.com/u/4006891?v=3&amp;s=100,,,,,,,,,,,,,,,Nyah Check ,,,,Black | Hacker | Gopher | Geek,,,,
,0,,JeorgeMatt,,,,https://avatars3.githubusercontent.com/u/18130056?v=3&amp;s=100,,,,,,,,,,,,,,,Jeorge Matthew,,,,,,,,
,0,,pbalduino,,,,https://avatars0.githubusercontent.com/u/32979?v=3&amp;s=100,,,,,,,,,,,,,,,Plínio Balduino,,,,A small baby head with huge headphones.,,,,
,0,,kinghost,,,,https://avatars3.githubusercontent.com/u/374885?v=3&amp;s=100,,,,,,,,,,,,,,,KingHost,,,,,,,,
,0,,InFog,,,,https://avatars2.githubusercontent.com/u/72276?v=3&amp;s=100,,,,,,,,,,,,,,,Evaldo Junior,,,,,,,,
,0,,angusshire,,,,https://avatars1.githubusercontent.com/u/5877145?v=3&amp;s=100,,,,,,,,,,,,,,,Angus H.,,,,Available for part-time or freelance work.,,,,
,0,,mgwhitfield,,,,https://avatars1.githubusercontent.com/u/2973130?v=3&amp;s=100,,,,,,,,,,,,,,,Mike W,,,,,,,,
