﻿score,login,id,avatar_url,gravatar_id,url,html_url,followers_url,following_url,gists_url,starred_url,subscriptions_url,organizations_url,repos_url,events_url,received_events_url,type,site_admin,name,company,blog,location,email,hireable,bio,public_repos,public_gists,followers,following,created_at,updated_at
0,s4cha,,https://avatars0.githubusercontent.com/u/1812953?v=3&amp;s=100,,,,,,,,,,,,,,,S4cha,,,,,,,,,,,,
0,networkextension,,https://avatars3.githubusercontent.com/u/15945002?v=3&amp;s=100,,,,,,,,,,,,,,,abigt,,,,,,"iOS Developer , Swift language fans  ",,,,,,
0,nurerwan2,,https://avatars0.githubusercontent.com/u/17588806?v=3&amp;s=100,,,,,,,,,,,,,,,nurerwan2,,,,,,,,,,,,
0,stoked-zz,,https://avatars2.githubusercontent.com/u/13973828?v=3&amp;s=100,,,,,,,,,,,,,,,Amie Lynn,,,,,,,,,,,,
0,aceontech,,https://avatars3.githubusercontent.com/u/289078?v=3&amp;s=100,,,,,,,,,,,,,,,Alex Manarpies,,,,,,,,,,,,
0,Gerst20051,,https://avatars2.githubusercontent.com/u/235372?v=3&amp;s=100,,,,,,,,,,,,,,,Andy,,,,,,,,,,,,
0,lbarasti,,https://avatars2.githubusercontent.com/u/782103?v=3&amp;s=100,,,,,,,,,,,,,,,lbarasti,,,,,,,,,,,,
0,andrew,,https://avatars2.githubusercontent.com/u/1060?v=3&amp;s=100,,,,,,,,,,,,,,,Andrew Nesbitt,,,,,,"Creator of  @Librariesio, @Octobox, @24pullrequests, @DependencyCI  and @splitrb 🚢 ",,,,,,
0,zzarcon,,https://avatars1.githubusercontent.com/u/1194982?v=3&amp;s=100,,,,,,,,,,,,,,,Hector Zarco ,,,,,,Sometimes I write code,,,,,,
0,timliunize,,https://avatars0.githubusercontent.com/u/18035731?v=3&amp;s=100,,,,,,,,,,,,,,,timliunize,,,,,,,,,,,,
0,JeromeTan1997,,https://avatars2.githubusercontent.com/u/12813829?v=3&amp;s=100,,,,,,,,,,,,,,,Jerome Tan,,,,,,,,,,,,
0,maxmouchet,,https://avatars3.githubusercontent.com/u/976138?v=3&amp;s=100,,,,,,,,,,,,,,,Maxime Mouchet,,,,,,,,,,,,
0,expobaex,,https://avatars0.githubusercontent.com/u/19282553?v=3&amp;s=100,,,,,,,,,,,,,,,expobaex,,,,,,,,,,,,
0,Edig,,https://avatars2.githubusercontent.com/u/70331?v=3&amp;s=100,,,,,,,,,,,,,,,Eduardo Iglesias,,,,,,,,,,,,
0,GuyKahlon,,https://avatars3.githubusercontent.com/u/3619880?v=3&amp;s=100,,,,,,,,,,,,,,,Guy Kahlon,,,,,,,,,,,,
0,iostrek,,https://avatars3.githubusercontent.com/u/19869504?v=3&amp;s=100,,,,,,,,,,,,,,,iostrek,,,,,,:rocket: iOS Developer,,,,,,
0,beccye,,https://avatars0.githubusercontent.com/u/10685288?v=3&amp;s=100,,,,,,,,,,,,,,,beccye,,,,,,,,,,,,
0,tchoutri,,https://avatars0.githubusercontent.com/u/15848443?v=3&amp;s=100,,,,,,,,,,,,,,,Théophile Choutri,,,,,,"French student, ambassador of funk amongst mortals and Erlang VM lover.",,,,,,
0,snatchev,,https://avatars3.githubusercontent.com/u/3312?v=3&amp;s=100,,,,,,,,,,,,,,,Stefan Natchev,,,,,,,,,,,,
0,dchohfi,,https://avatars3.githubusercontent.com/u/508636?v=3&amp;s=100,,,,,,,,,,,,,,,Diego Chohfi,,,,,,,,,,,,
0,Zonoville,,https://avatars0.githubusercontent.com/u/20528775?v=3&amp;s=100,,,,,,,,,,,,,,,Zono,,,,,,Working on new ideas always intrested in other people&#39;s ideas and open to suggestions to make mine better.,,,,,,
0,JIaccino,,https://avatars0.githubusercontent.com/u/1325505?v=3&amp;s=100,,,,,,,,,,,,,,,Jamey Iaccino,,,,,,,,,,,,
0,gregjw,,https://avatars0.githubusercontent.com/u/5459985?v=3&amp;s=100,,,,,,,,,,,,,,,Greg Worrall,,,,,,Product designer and developer,,,,,,
0,villoren,,https://avatars3.githubusercontent.com/u/6751707?v=3&amp;s=100,,,,,,,,,,,,,,,Renato Villone,,,,,,,,,,,,
0,parthjdabhi,,https://avatars0.githubusercontent.com/u/10777063?v=3&amp;s=100,,,,,,,,,,,,,,,Parth Dabhi (iOS &amp; Android developer),,,,,,Passionate Android &amp; iOS developer. Tech lover.,,,,,,
0,Hansteo,,https://avatars2.githubusercontent.com/u/21163969?v=3&amp;s=100,,,,,,,,,,,,,,,Hansteo ,,,,,,,,,,,,
0,sibelius,,https://avatars0.githubusercontent.com/u/2005841?v=3&amp;s=100,,,,,,,,,,,,,,,Sibelius Seraphini,,,,,,Full Stack Developer #reactnative #redux #relay #graphql #webpack #koa #react,,,,,,
0,northwind,,https://avatars1.githubusercontent.com/u/339375?v=3&amp;s=100,,,,,,,,,,,,,,,佟某某,,,,,,大道至简,,,,,,
0,gwzhu0717,,https://avatars2.githubusercontent.com/u/20673339?v=3&amp;s=100,,,,,,,,,,,,,,,Guowei Zhu,,,,,,Student at Tsinghua University,,,,,,
0,NICHOLASNJOGU,,https://avatars2.githubusercontent.com/u/20926309?v=3&amp;s=100,,,,,,,,,,,,,,,NICHOLASNJOGU,,,,,,,,,,,,
0,priyadilsha,,https://avatars1.githubusercontent.com/u/15927746?v=3&amp;s=100,,,,,,,,,,,,,,,priyadilsha,,,,,,Freelance web developer and IT consultant,,,,,,
0,omarzion,,https://avatars2.githubusercontent.com/u/11347689?v=3&amp;s=100,,,,,,,,,,,,,,,omarzion,,,,,,,,,,,,
0,sandeep,,https://avatars1.githubusercontent.com/u/203267?v=3&amp;s=100,,,,,,,,,,,,,,,Sandeep Chivukula,,,,,,Founder at @Botmetrics,,,,,,
0,gtkesh,,https://avatars1.githubusercontent.com/u/19691010?v=3&amp;s=100,,,,,,,,,,,,,,,Giorgi Tkeshelashvili,,,,,,,,,,,,
0,tjwudi,,https://avatars1.githubusercontent.com/u/5257816?v=3&amp;s=100,,,,,,,,,,,,,,,John Wu,,,,,,"To create, to be kind.",,,,,,
0,deeepaaa,,https://avatars0.githubusercontent.com/u/15825279?v=3&amp;s=100,,,,,,,,,,,,,,,Alessandro De Pasquale,,,,,,Most of the stuff here are research/portfolio projects,,,,,,
0,najibu,,https://avatars2.githubusercontent.com/u/13052097?v=3&amp;s=100,,,,,,,,,,,,,,,Najibu Nsubuga,,,,,,,,,,,,
0,aaronraff,,https://avatars2.githubusercontent.com/u/16910064?v=3&amp;s=100,,,,,,,,,,,,,,,Aaron Raff,,,,,,Computer Science Major,,,,,,
0,TianJiaDaShao,,https://avatars0.githubusercontent.com/u/21334612?v=3&amp;s=100,,,,,,,,,,,,,,,田野,,,,,,,,,,,,
0,ivarsmas,,https://avatars3.githubusercontent.com/u/84535?v=3&amp;s=100,,,,,,,,,,,,,,,Miguel Angel Ivars,,,,,,CEO &amp; Founder at AdLemons,,,,,,
0,geoffdavis92,,https://avatars0.githubusercontent.com/u/7330124?v=3&amp;s=100,,,,,,,,,,,,,,,Geoff Davis,,,,,,,,,,,,
0,BFush,,https://avatars3.githubusercontent.com/u/23432645?v=3&amp;s=100,,,,,,,,,,,,,,,Brisnee Fush,,,,,,Research graduate at Stanford University specializing in Natural Language Processing and Linguistics. Previously: Kilgraston School. Please follow me. 😄 ,,,,,,
0,AndiChiou,,https://avatars2.githubusercontent.com/u/23460812?v=3&amp;s=100,,,,,,,,,,,,,,,Andi Chiou,,,,,,High school student @bartlett-high-school,,,,,,
0,iSumitG,,https://avatars2.githubusercontent.com/u/6137194?v=3&amp;s=100,,,,,,,,,,,,,,,Sumit Gupta,,,,,,"Computer Vision, Deep Learning, Machine Learning",,,,,,
0,edu-bot,,https://avatars0.githubusercontent.com/u/23435604?v=3&amp;s=100,,,,,,,,,,,,,,,Edu Bot,,,,,,,,,,,,
0,FranciscoAmado,,https://avatars1.githubusercontent.com/u/6344795?v=3&amp;s=100,,,,,,,,,,,,,,,Francisco Amado,,,,,,"iOS Developer @Pixelmatters , IT Student @ ISEP",,,,,,
0,bilawal-liaqat,,https://avatars3.githubusercontent.com/u/4446705?v=3&amp;s=100,,,,,,,,,,,,,,,Bilawal Liaqat,,,,,,,,,,,,
0,llazzaro,,https://avatars0.githubusercontent.com/u/568181?v=3&amp;s=100,,,,,,,,,,,,,,,Leonardo Lazzaro,,,,,,Always fooled by randomness ,,,,,,
0,TheDeepThinker,,https://avatars0.githubusercontent.com/u/22838822?v=3&amp;s=100,,,,,,,,,,,,,,,Sky of Stars,,,,,,,,,,,,
0,dfdx2,,https://avatars0.githubusercontent.com/u/2262681?v=3&amp;s=100,,,,,,,,,,,,,,,D Davis,,,,,,,,,,,,
0,ucshadow,,https://avatars1.githubusercontent.com/u/11887556?v=3&amp;s=100,,,,,,,,,,,,,,,Catalin,,,,,,,,,,,,
