﻿score,login,id,avatar_url,gravatar_id,url,html_url,followers_url,following_url,gists_url,starred_url,subscriptions_url,organizations_url,repos_url,events_url,received_events_url,type,site_admin,name,company,blog,location,email,hireable,bio,public_repos,public_gists,followers,following,created_at,updated_at
0,AndiChiou,,https://avatars2.githubusercontent.com/u/23460812?v=3&amp;s=100,,,,,,,,,,,,,,,Andi Chiou,,,,,,High school student @bartlett-high-school,,,,,,
0,srdelfino,,https://avatars2.githubusercontent.com/u/8008713?v=3&amp;s=100,,,,,,,,,,,,,,,Sérgio Roberto Delfino,,,,,,,,,,,,
0,jagracey,,https://avatars1.githubusercontent.com/u/3309526?v=3&amp;s=100,,,,,,,,,,,,,,,John Gracey,,,,,,,,,,,,
0,gintern,,https://avatars2.githubusercontent.com/u/20753788?v=3&amp;s=100,,,,,,,,,,,,,,,Michelle Isterya,,,,,,"B.Tech at MIT, 2010;  Help me in development. Google Intern, 2016 :smile: ",,,,,,
0,AdiChat,,https://avatars0.githubusercontent.com/u/10634210?v=3&amp;s=100,,,,,,,,,,,,,,,Ãditya⛄Chatterjee,,,,,,✌️ 🎅 gave me a stone. 🍥 + 🎁 + 🍷 💃 ,,,,,,
0,hightechcursos,,https://avatars1.githubusercontent.com/u/372762?v=3&amp;s=100,,,,,,,,,,,,,,,High Tech Cursos,,,,,,,,,,,,
0,virmerson,,https://avatars1.githubusercontent.com/u/8673078?v=3&amp;s=100,,,,,,,,,,,,,,,@virmerson,,,,,,,,,,,,
0,gmkhussain,,https://avatars2.githubusercontent.com/u/1250826?v=3&amp;s=100,,,,,,,,,,,,,,,GMK Hussain,,,,,,,,,,,,
0,angusshire,,https://avatars1.githubusercontent.com/u/5877145?v=3&amp;s=100,,,,,,,,,,,,,,,Angus H.,,,,,,Available for part-time or freelance work.,,,,,,
0,yaw,,https://avatars2.githubusercontent.com/u/164593?v=3&amp;s=100,,,,,,,,,,,,,,,YouAndWe,,,,,,,,,,,,
0,rsn86,,https://avatars3.githubusercontent.com/u/521415?v=3&amp;s=100,,,,,,,,,,,,,,,Rodrigo Schmidt Nurmberg,,,,,,,,,,,,
0,loiane,,https://avatars3.githubusercontent.com/u/59545?v=3&amp;s=100,,,,,,,,,,,,,,,Loiane Groner,,,,,,Love Java and JavaScript/HTML5. Full Stack developer at Citi. Published author (PacktPub). Tech articles (loiane.com) and video courses (loiane.training),,,,,,
