﻿score,login,id,avatar_url,gravatar_id,url,html_url,followers_url,following_url,gists_url,starred_url,subscriptions_url,organizations_url,repos_url,events_url,received_events_url,type,site_admin,name,company,blog,location,email,hireable,bio,public_repos,public_gists,followers,following,created_at,updated_at
0,RealityDaemon,,https://avatars0.githubusercontent.com/u/10622317?v=3&amp;s=100,,,,,,,,,,,,,,,RealityDaemon,,,,,,,,,,,,
0,jpruiz114,,https://avatars3.githubusercontent.com/u/4614970?v=3&amp;s=100,,,,,,,,,,,,,,,Jean Paul Ruiz,,,,,,"Cat lover, lego fanatic, full stack developer, big data and math passionate.",,,,,,
0,lsgxeva,,https://avatars0.githubusercontent.com/u/7764324?v=3&amp;s=100,,,,,,,,,,,,,,,lsgx,,,,,,,,,,,,
0,AndiChiou,,https://avatars2.githubusercontent.com/u/23460812?v=3&amp;s=100,,,,,,,,,,,,,,,Andi Chiou,,,,,,High school student @bartlett-high-school,,,,,,
0,BFush,,https://avatars3.githubusercontent.com/u/23432645?v=3&amp;s=100,,,,,,,,,,,,,,,Brisnee Fush,,,,,,Research graduate at Stanford University specializing in Natural Language Processing and Linguistics. Previously: Kilgraston School. Please follow me. 😄 ,,,,,,
0,xdite,,https://avatars2.githubusercontent.com/u/9004?v=3&amp;s=100,,,,,,,,,,,,,,,Yi-Ting Cheng,,,,,,,,,,,,
0,yayuntian,,https://avatars2.githubusercontent.com/u/2228382?v=3&amp;s=100,,,,,,,,,,,,,,,yayuntian,,,,,,keep moving,,,,,,
0,chongbenben,,https://avatars0.githubusercontent.com/u/21237518?v=3&amp;s=100,,,,,,,,,,,,,,,种奔奔,,,,,,FEE in China.,,,,,,
0,myuanyuan,,https://avatars3.githubusercontent.com/u/22052330?v=3&amp;s=100,,,,,,,,,,,,,,,myuanyuan,,,,,,,,,,,,
0,yfgeek,,https://avatars2.githubusercontent.com/u/7533831?v=3&amp;s=100,,,,,,,,,,,,,,,Ivan,,,,,,,,,,,,
0,SnehaRane,,https://avatars3.githubusercontent.com/u/10234186?v=3&amp;s=100,,,,,,,,,,,,,,,Sneha Rane,,,,,,,,,,,,
0,zhiaixuexi,,https://avatars3.githubusercontent.com/u/11385718?v=3&amp;s=100,,,,,,,,,,,,,,,xiao.luo,,,,,,"ClearClouds memeber, specialize in java",,,,,,
0,tccpc,,https://avatars1.githubusercontent.com/u/21104716?v=3&amp;s=100,,,,,,,,,,,,,,,天寒,,,,,,Web Front-End,,,,,,
0,aui,,https://avatars1.githubusercontent.com/u/1791748?v=3&amp;s=100,,,,,,,,,,,,,,,糖饼,,,,,,,,,,,,
0,chenyoufu,,https://avatars2.githubusercontent.com/u/7324573?v=3&amp;s=100,,,,,,,,,,,,,,,比特,,,,,,Specilize in C/Python/Go/Lua/,,,,,,
0,Vermisse,,https://avatars2.githubusercontent.com/u/17972943?v=3&amp;s=100,,,,,,,,,,,,,,,Sunki,,,,,,Java、Scala、Clojure,,,,,,
0,ultrasilicon,,https://avatars2.githubusercontent.com/u/11886827?v=3&amp;s=100,,,,,,,,,,,,,,,Tim Z.,,,,,,"Live to be happy, design to be loved.",,,,,,
0,Mrzeron,,https://avatars0.githubusercontent.com/u/17607933?v=3&amp;s=100,,,,,,,,,,,,,,,Binging,,,,,,"your happy passer-by all knows,  my distressed there is no place hides",,,,,,
0,Wellming,,https://avatars2.githubusercontent.com/u/94609?v=3&amp;s=100,,,,,,,,,,,,,,,Wellming Li,,,,,,,,,,,,
0,qiyian,,https://avatars0.githubusercontent.com/u/21237528?v=3&amp;s=100,,,,,,,,,,,,,,,琪艺安,,,,,,万丈阴霾总有一束阳光透彻心底☀,,,,,,
0,lucasbento,,https://avatars3.githubusercontent.com/u/6207220?v=3&amp;s=100,,,,,,,,,,,,,,,Lucas Bento,,,,,,"Full-stack developer building amazing apps with #react, #reactnative, #relay, #webpack, #graphql &amp; #koa",,,,,,
0,dybvig,,https://avatars0.githubusercontent.com/u/18339284?v=3&amp;s=100,,,,,,,,,,,,,,,R. Kent Dybvig,,,,,,,,,,,,
0,yinwang0,,https://avatars2.githubusercontent.com/u/396124?v=3&amp;s=100,,,,,,,,,,,,,,,Yin Wang,,,,,,,,,,,,
0,liubin,,https://avatars0.githubusercontent.com/u/1212008?v=3&amp;s=100,,,,,,,,,,,,,,,Bin Liu,,,,,,,,,,,,
0,NIHAR-SARKAR,,https://avatars2.githubusercontent.com/u/12110705?v=3&amp;s=100,,,,,,,,,,,,,,,Nihar Sarkar,,,,,,,,,,,,
0,jdsjlzx,,https://avatars1.githubusercontent.com/u/1652076?v=3&amp;s=100,,,,,,,,,,,,,,,一叶飘舟,,,,,,,,,,,,
0,dysc,,https://avatars0.githubusercontent.com/u/19864708?v=3&amp;s=100,,,,,,,,,,,,,,,dysc,,,,,,⭐⭐⭐⭐⭐,,,,,,
0,evinw,,https://avatars0.githubusercontent.com/u/844215?v=3&amp;s=100,,,,,,,,,,,,,,,Evin Weissenberg,,,,,,bluelab.io,,,,,,
0,nhaarman,,https://avatars1.githubusercontent.com/u/3015152?v=3&amp;s=100,,,,,,,,,,,,,,,Niek Haarman,,,,,,,,,,,,
0,gintern,,https://avatars2.githubusercontent.com/u/20753788?v=3&amp;s=100,,,,,,,,,,,,,,,Michelle Isterya,,,,,,"B.Tech at MIT, 2010;  Help me in development. Google Intern, 2016 :smile: ",,,,,,
0,samhunta,,https://avatars0.githubusercontent.com/u/627984?v=3&amp;s=100,,,,,,,,,,,,,,,sam,,,,,,¯\_(ツ)_/¯,,,,,,
0,watiktak,,https://avatars2.githubusercontent.com/u/14079924?v=3&amp;s=100,,,,,,,,,,,,,,,watiktak,,,,,,,,,,,,
0,fgliu-andy,,https://avatars1.githubusercontent.com/u/19339234?v=3&amp;s=100,,,,,,,,,,,,,,,fgliu-andy,,,,,,,,,,,,
0,Mati365,,https://avatars3.githubusercontent.com/u/3949262?v=3&amp;s=100,,,,,,,,,,,,,,,Mateusz Bagiński,,,,,,Python/JavaScript Developer,,,,,,
0,fouber,,https://avatars1.githubusercontent.com/u/536297?v=3&amp;s=100,,,,,,,,,,,,,,,张云龙,,,,,,,,,,,,
0,RubyLouvre,,https://avatars2.githubusercontent.com/u/190846?v=3&amp;s=100,,,,,,,,,,,,,,,司徒正美,,,,,,,,,,,,
0,tangqiaoboy,,https://avatars0.githubusercontent.com/u/733097?v=3&amp;s=100,,,,,,,,,,,,,,,Tang Qiao,,,,,,I am an iOS developer working on a startup company named Yuanfudao. ,,,,,,
0,justjavac,,https://avatars1.githubusercontent.com/u/359395?v=3&amp;s=100,,,,,,,,,,,,,,,迷渡,,,,,,公众号：justjavac-blog,,,,,,
0,ChenYilong,,https://avatars0.githubusercontent.com/u/2911921?v=3&amp;s=100,,,,,,,,,,,,,,,微博@iOS程序犭袁,,,,,,You can call me Elon Chan.,,,,,,
0,sofish,,https://avatars2.githubusercontent.com/u/153183?v=3&amp;s=100,,,,,,,,,,,,,,,小鱼,,,,,,still hiring creatives,,,,,,
0,astaxie,,https://avatars3.githubusercontent.com/u/233907?v=3&amp;s=100,,,,,,,,,,,,,,,astaxie,,,,,,Write the testable code,,,,,,
0,CoderMJLee,,https://avatars2.githubusercontent.com/u/3817366?v=3&amp;s=100,,,,,,,,,,,,,,,M了个J,,,,,,CEO of The Seemygo.,,,,,,
0,laruence,,https://avatars2.githubusercontent.com/u/382813?v=3&amp;s=100,,,,,,,,,,,,,,,Xinchen Hui,,,,,,PHP Stylite,,,,,,
0,yyx990803,,https://avatars2.githubusercontent.com/u/499550?v=3&amp;s=100,,,,,,,,,,,,,,,Evan You,,,,,,"Creator of @vuejs, previously @meteor &amp; @google",,,,,,
0,michaelliao,,https://avatars1.githubusercontent.com/u/470058?v=3&amp;s=100,,,,,,,,,,,,,,,Michael Liao,,,,,,,,,,,,
0,cloudwu,,https://avatars2.githubusercontent.com/u/729648?v=3&amp;s=100,,,,,,,,,,,,,,,云风,,,,,,,,,,,,
0,lifesinger,,https://avatars2.githubusercontent.com/u/97227?v=3&amp;s=100,,,,,,,,,,,,,,,lifesinger,,,,,,,,,,,,
0,ruanyf,,https://avatars2.githubusercontent.com/u/905434?v=3&amp;s=100,,,,,,,,,,,,,,,Ruan YiFeng,,,,,,,,,,,,
0,daimajia,,https://avatars2.githubusercontent.com/u/2503423?v=3&amp;s=100,,,,,,,,,,,,,,,代码家,,,,,,"Yeah, make a good App .",,,,,,
0,ibireme,,https://avatars3.githubusercontent.com/u/839283?v=3&amp;s=100,,,,,,,,,,,,,,,Yaoyuan,,,,,,,,,,,,
0,goodev,,https://avatars0.githubusercontent.com/u/587927?v=3&amp;s=100,,,,,,,,,,,,,,,goodev,,,,,,,,,,,,
