﻿score,login,id,avatar_url,gravatar_id,url,html_url,followers_url,following_url,gists_url,starred_url,subscriptions_url,organizations_url,repos_url,events_url,received_events_url,type,site_admin,name,company,blog,location,email,hireable,bio,public_repos,public_gists,followers,following,created_at,updated_at
0,AndiChiou,,https://avatars2.githubusercontent.com/u/23460812?v=3&amp;s=100,,,,,,,,,,,,,,,Andi Chiou,,,,,,High school student @bartlett-high-school,,,,,,
0,daviferreira,,https://avatars0.githubusercontent.com/u/38787?v=3&amp;s=100,,,,,,,,,,,,,,,Davi Ferreira,,,,,,,,,,,,
0,jamesknelson,,https://avatars3.githubusercontent.com/u/161707?v=3&amp;s=100,,,,,,,,,,,,,,,James K Nelson,,,,,,,,,,,,
0,The1Krutz,,https://avatars2.githubusercontent.com/u/12178392?v=3&amp;s=100,,,,,,,,,,,,,,,The1Krutz,,,,,,,,,,,,
0,pedrostc,,https://avatars1.githubusercontent.com/u/636561?v=3&amp;s=100,,,,,,,,,,,,,,,Pedro Osternack Corrêa,,,,,,,,,,,,
0,everdein,,https://avatars3.githubusercontent.com/u/23248933?v=3&amp;s=100,,,,,,,,,,,,,,,everdein,,,,,,,,,,,,
0,gintern,,https://avatars2.githubusercontent.com/u/20753788?v=3&amp;s=100,,,,,,,,,,,,,,,Michelle Isterya,,,,,,"B.Tech at MIT, 2010;  Help me in development. Google Intern, 2016 :smile: ",,,,,,
0,isaacs,,https://avatars2.githubusercontent.com/u/9287?v=3&amp;s=100,,,,,,,,,,,,,,,isaacs,,,,,,,,,,,,
0,cromagi,,https://avatars0.githubusercontent.com/u/17484258?v=3&amp;s=100,,,,,,,,,,,,,,,Han Jung,,,,,,,,,,,,
