﻿score,login,avatar_url,id,url,gravatar_id,html_url,followers,followers_url,following,following_url,created_at,gists_url,updated_at,starred_url,subscriptions_url,organizations_url,repos_url,events_url,received_events_url,type,site_admin,name,company,blog,location,email,hireable,bio,public_repos,public_gists
0,BFush,https://avatars3.githubusercontent.com/u/23432645?v=3&amp;s=100,,,,,,,,,,,,,,,,,,,,Brisnee Fush,,,,,,Research graduate at Stanford University specializing in Natural Language Processing and Linguistics. Previously: Kilgraston School. Please follow me. 😄 ,,
0,AndiChiou,https://avatars2.githubusercontent.com/u/23460812?v=3&amp;s=100,,,,,,,,,,,,,,,,,,,,Andi Chiou,,,,,,High school student @bartlett-high-school,,
0,chenyoufu,https://avatars2.githubusercontent.com/u/7324573?v=3&amp;s=100,,,,,,,,,,,,,,,,,,,,比特,,,,,,Specilize in C/Python/Go/Lua/,,
0,bravegurkha,https://avatars3.githubusercontent.com/u/19758839?v=3&amp;s=100,,,,,,,,,,,,,,,,,,,,Swornim Shrestha,,,,,,,,
0,tccpc,https://avatars1.githubusercontent.com/u/21104716?v=3&amp;s=100,,,,,,,,,,,,,,,,,,,,天寒,,,,,,Web Front-End,,
0,myuanyuan,https://avatars3.githubusercontent.com/u/22052330?v=3&amp;s=100,,,,,,,,,,,,,,,,,,,,myuanyuan,,,,,,,,
0,lucasbento,https://avatars3.githubusercontent.com/u/6207220?v=3&amp;s=100,,,,,,,,,,,,,,,,,,,,Lucas Bento,,,,,,"Full-stack developer building amazing apps with #react, #reactnative, #relay, #webpack, #graphql &amp; #koa",,
0,AeronStory,https://avatars2.githubusercontent.com/u/22915694?v=3&amp;s=100,,,,,,,,,,,,,,,,,,,,mohammad,,,,,,,,
0,Vermisse,https://avatars2.githubusercontent.com/u/17972943?v=3&amp;s=100,,,,,,,,,,,,,,,,,,,,Sunki,,,,,,Java、Scala、Clojure,,
0,SanjithKanagavel,https://avatars2.githubusercontent.com/u/9746842?v=3&amp;s=100,,,,,,,,,,,,,,,,,,,,Sanjith Jothi Kanagavel,,,,,,iOS/Android/Windows/Game/IOT turns me on for the game 😍,,
0,zhiaixuexi,https://avatars3.githubusercontent.com/u/11385718?v=3&amp;s=100,,,,,,,,,,,,,,,,,,,,xiao.luo,,,,,,"ClearClouds memeber, specialize in java",,
0,shivamshekhar,https://avatars1.githubusercontent.com/u/13262314?v=3&amp;s=100,,,,,,,,,,,,,,,,,,,,Shivam Shekhar,,,,,,,,
0,Ivshti,https://avatars0.githubusercontent.com/u/1247629?v=3&amp;s=100,,,,,,,,,,,,,,,,,,,,Ivo Georgiev,,,,,,"Built @Stremio from scratch, doing it since 2012",,
0,zrcing,https://avatars1.githubusercontent.com/u/1124192?v=3&amp;s=100,,,,,,,,,,,,,,,,,,,,Gary,,,,,,"Interest PHP, Web Developer, IT",,
0,dysc,https://avatars0.githubusercontent.com/u/19864708?v=3&amp;s=100,,,,,,,,,,,,,,,,,,,,dysc,,,,,,⭐⭐⭐⭐⭐,,
0,samyk,https://avatars0.githubusercontent.com/u/411832?v=3&amp;s=100,,,,,,,,,,,,,,,,,,,,Samy Kamkar,,,,,,explo(r|it)ing boundaries,,
0,ayushoriginal,https://avatars2.githubusercontent.com/u/8748017?v=3&amp;s=100,,,,,,,,,,,,,,,,,,,,Ayush Pareek,,,,,,,,
0,Giando,https://avatars1.githubusercontent.com/u/8095242?v=3&amp;s=100,,,,,,,,,,,,,,,,,,,,Giandomenico Lombardi,,,,,,,,
0,torvalds,https://avatars0.githubusercontent.com/u/1024025?v=3&amp;s=100,,,,,,,,,,,,,,,,,,,,Linus Torvalds,,,,,,,,
0,SnehaRane,https://avatars3.githubusercontent.com/u/10234186?v=3&amp;s=100,,,,,,,,,,,,,,,,,,,,Sneha Rane,,,,,,,,
0,gintern,https://avatars2.githubusercontent.com/u/20753788?v=3&amp;s=100,,,,,,,,,,,,,,,,,,,,Michelle Isterya,,,,,,"B.Tech at MIT, 2010;  Help me in development. Google Intern, 2016 :smile: ",,
0,MichalPaszkiewicz,https://avatars2.githubusercontent.com/u/6673982?v=3&amp;s=100,,,,,,,,,,,,,,,,,,,,Michal Paszkiewicz,,,,,,Just a guy who likes to make things @MichalYouDoing,,
0,ternsip,https://avatars3.githubusercontent.com/u/10179239?v=3&amp;s=100,,,,,,,,,,,,,,,,,,,,Ternsip,,,,,,If you are alone - imagine that you are Gordon Freeman.,,
0,hrkfdn,https://avatars3.githubusercontent.com/u/19884?v=3&amp;s=100,,,,,,,,,,,,,,,,,,,,Henrik,,,,,,,,
0,andrewsyc,https://avatars3.githubusercontent.com/u/2940388?v=3&amp;s=100,,,,,,,,,,,,,,,,,,,,Andrew Sychra,,,,,,Love to build things people use.,,
0,bestjaipurproperty,https://avatars0.githubusercontent.com/u/5886136?v=3&amp;s=100,,,,,,,,,,,,,,,,,,,,Sumit Gupta,,,,,,,,
0,angusshire,https://avatars1.githubusercontent.com/u/5877145?v=3&amp;s=100,,,,,,,,,,,,,,,,,,,,Angus H.,,,,,,Available for part-time or freelance work.,,
0,rockretroby,https://avatars1.githubusercontent.com/u/8441830?v=3&amp;s=100,,,,,,,,,,,,,,,,,,,,Emerson Paul,,,,,,,,
0,pinguinodecomics,https://avatars0.githubusercontent.com/u/9495211?v=3&amp;s=100,,,,,,,,,,,,,,,,,,,,Pinguino decom,,,,,,,,
0,altvaro,https://avatars1.githubusercontent.com/u/823388?v=3&amp;s=100,,,,,,,,,,,,,,,,,,,,Álvaro Márquez,,,,,,,,
0,arvidn,https://avatars3.githubusercontent.com/u/661450?v=3&amp;s=100,,,,,,,,,,,,,,,,,,,,Arvid Norberg,,,,,,,,
0,jedisct1,https://avatars1.githubusercontent.com/u/124872?v=3&amp;s=100,,,,,,,,,,,,,,,,,,,,Frank Denis,,,,,,,,
0,orlp,https://avatars0.githubusercontent.com/u/202547?v=3&amp;s=100,,,,,,,,,,,,,,,,,,,,Orson Peters,,,,,,,,
0,nmathewson,https://avatars1.githubusercontent.com/u/162054?v=3&amp;s=100,,,,,,,,,,,,,,,,,,,,Nick Mathewson,,,,,,,,
0,ioerror,https://avatars0.githubusercontent.com/u/145203?v=3&amp;s=100,,,,,,,,,,,,,,,,,,,,\033]2;Jacob Appelbaum\007,,,,,,,,
0,linuxitux,https://avatars2.githubusercontent.com/u/15108302?v=3&amp;s=100,,,,,,,,,,,,,,,,,,,,Linuxito.com,,,,,,Former Windows user. Former Linux user.,,
0,jesseschalken,https://avatars3.githubusercontent.com/u/1559204?v=3&amp;s=100,,,,,,,,,,,,,,,,,,,,Jesse Schalken,,,,,,,,
0,Frederick888,https://avatars0.githubusercontent.com/u/4507647?v=3&amp;s=100,,,,,,,,,,,,,,,,,,,,Frederick Zhang,,,,,,,,
0,stuarth,https://avatars2.githubusercontent.com/u/7055?v=3&amp;s=100,,,,,,,,,,,,,,,,,,,,Stuart Hinson,,,,,,,,
0,mndrix,https://avatars0.githubusercontent.com/u/43997?v=3&amp;s=100,,,,,,,,,,,,,,,,,,,,Michael Hendricks,,,,,,,,
0,andreafey,https://avatars2.githubusercontent.com/u/3633163?v=3&amp;s=100,,,,,,,,,,,,,,,,,,,,andreafey,,,,,,,,
0,patrickgombert,https://avatars1.githubusercontent.com/u/651534?v=3&amp;s=100,,,,,,,,,,,,,,,,,,,,Patrick Gombert,,,,,,,,
0,kholbekj,https://avatars3.githubusercontent.com/u/2786571?v=3&amp;s=100,,,,,,,,,,,,,,,,,,,,Kasper Holbek Jensen,,,,,,,,
0,willemt,https://avatars1.githubusercontent.com/u/946878?v=3&amp;s=100,,,,,,,,,,,,,,,,,,,,Willem,,,,,,,,
0,osa1,https://avatars1.githubusercontent.com/u/448274?v=3&amp;s=100,,,,,,,,,,,,,,,,,,,,Ömer Sinan Ağacan,,,,,,,,
0,folz,https://avatars0.githubusercontent.com/u/299281?v=3&amp;s=100,,,,,,,,,,,,,,,,,,,,Rodney Folz,,,,,,,,
0,galina,https://avatars1.githubusercontent.com/u/725529?v=3&amp;s=100,,,,,,,,,,,,,,,,,,,,Galina Lezina,,,,,,,,
0,marksamman,https://avatars3.githubusercontent.com/u/636597?v=3&amp;s=100,,,,,,,,,,,,,,,,,,,,Mark Samman,,,,,,,,
