﻿id,score,login,avatar_url,gravatar_id,url,html_url,followers_url,following_url,gists_url,starred_url,subscriptions_url,organizations_url,repos_url,events_url,received_events_url,type,site_admin,name,company,blog,location,email,hireable,bio,public_repos,public_gists,followers,following,created_at,updated_at
,0,AndiChiou,https://avatars2.githubusercontent.com/u/23460812?v=3&amp;s=100,,,,,,,,,,,,,,,Andi Chiou,,,,,,High school student @bartlett-high-school,,,,,,
,0,swannodette,https://avatars2.githubusercontent.com/u/13516?v=3&amp;s=100,,,,,,,,,,,,,,,David Nolen,,,,,,,,,,,,
,0,tvvocold,https://avatars2.githubusercontent.com/u/4530539?v=3&amp;s=100,,,,,,,,,,,,,,,Ray,,,,,,Do cool things that doesn&#39;t matter.,,,,,,
,0,deividazevedo2,https://avatars3.githubusercontent.com/u/8519302?v=3&amp;s=100,,,,,,,,,,,,,,,Deivid Azevedo,,,,,,,,,,,,
,0,VagrantStory,https://avatars3.githubusercontent.com/u/4069972?v=3&amp;s=100,,,,,,,,,,,,,,,mohammad,,,,,,Developer Program Member,,,,,,
,0,976500133,https://avatars0.githubusercontent.com/u/5755720?v=3&amp;s=100,,,,,,,,,,,,,,,Baron.Liu,,,,,,前端开发/iOS 开发/Node开发工程师,,,,,,
,0,SnehaRane,https://avatars3.githubusercontent.com/u/10234186?v=3&amp;s=100,,,,,,,,,,,,,,,Sneha Rane,,,,,,,,,,,,
,0,gintern,https://avatars2.githubusercontent.com/u/20753788?v=3&amp;s=100,,,,,,,,,,,,,,,Michelle Isterya,,,,,,"B.Tech at MIT, 2010;  Help me in development. Google Intern, 2016 :smile: ",,,,,,
,0,jantimon,https://avatars2.githubusercontent.com/u/4113649?v=3&amp;s=100,,,,,,,,,,,,,,,Jan Nicklas,,,,,,,,,,,,
,0,garybernhardt,https://avatars3.githubusercontent.com/u/45707?v=3&amp;s=100,,,,,,,,,,,,,,,Gary Bernhardt,,,,,,,,,,,,
,0,ruanyf,https://avatars2.githubusercontent.com/u/905434?v=3&amp;s=100,,,,,,,,,,,,,,,Ruan YiFeng,,,,,,,,,,,,
,0,josmanlerock,https://avatars3.githubusercontent.com/u/5649454?v=3&amp;s=100,,,,,,,,,,,,,,,josmanlerock,,,,,,,,,,,,
,0,vczh,https://avatars3.githubusercontent.com/u/773569?v=3&amp;s=100,,,,,,,,,,,,,,,Zihan Chen,,,,,,Programmer with no technology bias. Main contributor of @vczh-libraries  .,,,,,,
,0,gabrielpconceicao,https://avatars0.githubusercontent.com/u/5131269?v=3&amp;s=100,,,,,,,,,,,,,,,Gabriel Conceição,,,,,,,,,,,,
,0,brunocasanova,https://avatars3.githubusercontent.com/u/4107768?v=3&amp;s=100,,,,,,,,,,,,,,,Bruno Casanova,,,,,,,,,,,,
,0,cusspvz,https://avatars2.githubusercontent.com/u/3604053?v=3&amp;s=100,,,,,,,,,,,,,,,José Moreira,,,,,,"full-stack developer, ui/ux designer, musician &amp; diy entusiast",,,,,,
,0,atwood-cai,https://avatars1.githubusercontent.com/u/4961241?v=3&amp;s=100,,,,,,,,,,,,,,,caiping,,,,,,,,,,,,
,0,kennethreitz,https://avatars1.githubusercontent.com/u/119893?v=3&amp;s=100,,,,,,,,,,,,,,,Kenneth Reitz,,,,,,I wrote Requests: HTTP for Humans. The only thing I really care about is interface design. ,,,,,,
,0,nzakas,https://avatars2.githubusercontent.com/u/38546?v=3&amp;s=100,,,,,,,,,,,,,,,Nicholas C. Zakas,,,,,,,,,,,,
,0,douglascrockford,https://avatars3.githubusercontent.com/u/262641?v=3&amp;s=100,,,,,,,,,,,,,,,Douglas Crockford,,,,,,,,,,,,
,0,magro,https://avatars0.githubusercontent.com/u/64285?v=3&amp;s=100,,,,,,,,,,,,,,,Martin Grotzke,,,,,,,,,,,,
,0,xetorthio,https://avatars1.githubusercontent.com/u/139687?v=3&amp;s=100,,,,,,,,,,,,,,,Jonathan Leibiusky,,,,,,,,,,,,
,0,jcoleman,https://avatars2.githubusercontent.com/u/125331?v=3&amp;s=100,,,,,,,,,,,,,,,James Coleman,,,,,,,,,,,,
,0,kener,https://avatars3.githubusercontent.com/u/1711855?v=3&amp;s=100,,,,,,,,,,,,,,,linfeng,,,,,,,,,,,,
,0,hehead,https://avatars0.githubusercontent.com/u/4409496?v=3&amp;s=100,,,,,,,,,,,,,,,hehead,,,,,,,,,,,,
,0,17dun,https://avatars3.githubusercontent.com/u/180690?v=3&amp;s=100,,,,,,,,,,,,,,,xiaoguang,,,,,,,,,,,,
,0,nickyped,https://avatars2.githubusercontent.com/u/1307094?v=3&amp;s=100,,,,,,,,,,,,,,,nickyped,,,,,,,,,,,,
,0,tj,https://avatars3.githubusercontent.com/u/25254?v=3&amp;s=100,,,,,,,,,,,,,,,TJ Holowaychuk,,,,,,,,,,,,
,0,kvz,https://avatars0.githubusercontent.com/u/26752?v=3&amp;s=100,,,,,,,,,,,,,,,Kevin van Zonneveld,,,,,,JavaScript • Unix • Open Source • Founded @transloadit • Created @tus ,,,,,,
,0,yegor256,https://avatars2.githubusercontent.com/u/526301?v=3&amp;s=100,,,,,,,,,,,,,,,Yegor Bugayenko,,,,,,Author of &quot;Elegant Objects&quot; book (buy it on Amazon),,,,,,
,0,yinjj472,https://avatars0.githubusercontent.com/u/1495836?v=3&amp;s=100,,,,,,,,,,,,,,,yinjj472,,,,,,,,,,,,
,0,BorisMoore,https://avatars3.githubusercontent.com/u/202658?v=3&amp;s=100,,,,,,,,,,,,,,,Boris Moore,,,,,,,,,,,,
,0,tongyao,https://avatars2.githubusercontent.com/u/714356?v=3&amp;s=100,,,,,,,,,,,,,,,tongyao,,,,,,,,,,,,
,0,CatChen,https://avatars1.githubusercontent.com/u/112175?v=3&amp;s=100,,,,,,,,,,,,,,,Cat Chen,,,,,,,,,,,,
,0,yaronn,https://avatars1.githubusercontent.com/u/1359037?v=3&amp;s=100,,,,,,,,,,,,,,,Yaron Naveh,,,,,,,,,,,,
,0,58code,https://avatars1.githubusercontent.com/u/2275712?v=3&amp;s=100,,,,,,,,,,,,,,,58同城,,,,,,,,,,,,
,0,jeresig,https://avatars2.githubusercontent.com/u/1615?v=3&amp;s=100,,,,,,,,,,,,,,,John Resig,,,,,,,,,,,,
,0,allskystar,https://avatars0.githubusercontent.com/u/657107?v=3&amp;s=100,,,,,,,,,,,,,,,allskystar,,,,,,,,,,,,
,0,errorrik,https://avatars2.githubusercontent.com/u/2851010?v=3&amp;s=100,,,,,,,,,,,,,,,errorrik,,,,,,,,,,,,
,0,leeight,https://avatars2.githubusercontent.com/u/104052?v=3&amp;s=100,,,,,,,,,,,,,,,Li YuBei,,,,,,"It&#39;s not a bug, it&#39;s a feature.",,,,,,
,0,firede,https://avatars0.githubusercontent.com/u/157338?v=3&amp;s=100,,,,,,,,,,,,,,,Firede,,,,,,,,,,,,
,0,mytharcher,https://avatars3.githubusercontent.com/u/525658?v=3&amp;s=100,,,,,,,,,,,,,,,Junyi,,,,,,Freelancer,,,,,,
,0,jindw,https://avatars3.githubusercontent.com/u/1004010?v=3&amp;s=100,,,,,,,,,,,,,,,jindw,,,,,,,,,,,,
,0,erik168,https://avatars1.githubusercontent.com/u/696441?v=3&amp;s=100,,,,,,,,,,,,,,,erik,,,,,,,,,,,,
,0,dmethvin,https://avatars3.githubusercontent.com/u/157858?v=3&amp;s=100,,,,,,,,,,,,,,,Dave Methvin,,,,,,"Web developer, jQuery Core team member",,,,,,
,0,rlayte,https://avatars0.githubusercontent.com/u/151281?v=3&amp;s=100,,,,,,,,,,,,,,,Richard Layte,,,,,,,,,,,,
