﻿score,login,id,avatar_url,gravatar_id,url,html_url,followers_url,following_url,gists_url,starred_url,subscriptions_url,organizations_url,repos_url,events_url,received_events_url,type,site_admin,name,company,blog,location,email,hireable,bio,public_repos,public_gists,followers,following,created_at,updated_at
0,pranavlathigara,,https://avatars0.githubusercontent.com/u/6948067?v=3&amp;s=100,,,,,,,,,,,,,,,Pranav Lathigara,,,,,,"Tech. Entrepreneur, Android, Ios, Windows, Opensource Stuff, Design, IOT,Beacon, Dreamer.....",,,,,,
0,becky7,,https://avatars3.githubusercontent.com/u/16035572?v=3&amp;s=100,,,,,,,,,,,,,,,becky,,,,,,,,,,,,
0,csjaba,,https://avatars1.githubusercontent.com/u/2398264?v=3&amp;s=100,,,,,,,,,,,,,,,jawahar,,,,,,,,,,,,
0,heximcz,,https://avatars3.githubusercontent.com/u/5465593?v=3&amp;s=100,,,,,,,,,,,,,,,heximcz,,,,,,,,,,,,
0,ionux,,https://avatars1.githubusercontent.com/u/6451654?v=3&amp;s=100,,,,,,,,,,,,,,,Rich Morgan,,,,,,"Former BitPay eCommerce Dev Lead, now a Sr. Software Architect, Speaker and Android Dev on the side.  Basically I&#39;m an all around C, PHP, math &amp; crypto nerd.",,,,,,
0,asadrabbani,,https://avatars3.githubusercontent.com/u/5928203?v=3&amp;s=100,,,,,,,,,,,,,,,Asad Rabbani,,,,,,,,,,,,
0,stoked-zz,,https://avatars2.githubusercontent.com/u/13973828?v=3&amp;s=100,,,,,,,,,,,,,,,Amie Lynn,,,,,,,,,,,,
0,VagrantStory,,https://avatars3.githubusercontent.com/u/4069972?v=3&amp;s=100,,,,,,,,,,,,,,,mohammad,,,,,,Developer Program Member,,,,,,
0,pisual,,https://avatars0.githubusercontent.com/u/9153294?v=3&amp;s=100,,,,,,,,,,,,,,,FelixSion,,,,,,DSN Pisual 首席设计师、蟾宫折桂科技有限公司技术总监、月牙堂科技有限公司技术总监、Stargazer（观星者）首席设计师,,,,,,
0,neworldexport,,https://avatars1.githubusercontent.com/u/7106909?v=3&amp;s=100,,,,,,,,,,,,,,,neworldexport,,,,,,Never too late ,,,,,,
0,copygift,,https://avatars2.githubusercontent.com/u/13965600?v=3&amp;s=100,,,,,,,,,,,,,,,Copygift License,,,,,,"If you are believe in that internet is all about connecting online class to offline class,you are with CG. support and help us.",,,,,,
0,ternsip,,https://avatars3.githubusercontent.com/u/10179239?v=3&amp;s=100,,,,,,,,,,,,,,,Ternsip,,,,,,If you are alone - imagine that you are Gordon Freeman.,,,,,,
0,gesus1979,,https://avatars1.githubusercontent.com/u/19673178?v=3&amp;s=100,,,,,,,,,,,,,,,gesus1979,,,,,,,,,,,,
0,kotishe,,https://avatars0.githubusercontent.com/u/29113?v=3&amp;s=100,,,,,,,,,,,,,,,kotishe,,,,,,"PHP, C++ Developer, Web Designer",,,,,,
0,e4groove,,https://avatars1.githubusercontent.com/u/159042?v=3&amp;s=100,,,,,,,,,,,,,,,erich Abrecht,,,,,,,,,,,,
0,gmkhussain,,https://avatars2.githubusercontent.com/u/1250826?v=3&amp;s=100,,,,,,,,,,,,,,,GMK Hussain,,,,,,,,,,,,
0,bewithsahilsaif,,https://avatars2.githubusercontent.com/u/5831392?v=3&amp;s=100,,,,,,,,,,,,,,,Sahil Saif,,,,,,Application security researcher,,,,,,
0,beali,,https://avatars0.githubusercontent.com/u/5527642?v=3&amp;s=100,,,,,,,,,,,,,,,beali,,,,,,,,,,,,
0,ultrasilicon,,https://avatars2.githubusercontent.com/u/11886827?v=3&amp;s=100,,,,,,,,,,,,,,,Tim Z.,,,,,,"Live to be happy, design to be loved.",,,,,,
0,juliozuppa,,https://avatars2.githubusercontent.com/u/4112087?v=3&amp;s=100,,,,,,,,,,,,,,,Julio Cesar Zuppa,,,,,,,,,,,,
0,sanbir,,https://avatars0.githubusercontent.com/u/1075977?v=3&amp;s=100,,,,,,,,,,,,,,,Alexander Biryukov,,,,,,,,,,,,
0,bytearchive,,https://avatars2.githubusercontent.com/u/16279394?v=3&amp;s=100,,,,,,,,,,,,,,,Whats_in_name,,,,,,,,,,,,
0,nikolayvoronchikhin,,https://avatars0.githubusercontent.com/u/2994693?v=3&amp;s=100,,,,,,,,,,,,,,,Nikolay Voronchikhin,,,,,,Big Data/Data Science at Cisco,,,,,,
0,metadings,,https://avatars3.githubusercontent.com/u/1684098?v=3&amp;s=100,,,,,,,,,,,,,,,Uli Riehm,,,,,,😊,,,,,,
0,zenzenzen,,https://avatars1.githubusercontent.com/u/53197?v=3&amp;s=100,,,,,,,,,,,,,,,Jeff Delezen,,,,,,,,,,,,
0,DharmendraDeshmukh,,https://avatars0.githubusercontent.com/u/18093825?v=3&amp;s=100,,,,,,,,,,,,,,,Dharmendra Deshmukh,,,,,,"Android Developer,Open-source contributor ,AWS Expert ",,,,,,
0,mohannnn,,https://avatars0.githubusercontent.com/u/8125066?v=3&amp;s=100,,,,,,,,,,,,,,,Mohan,,,,,,,,,,,,
0,bryongloden,,https://avatars1.githubusercontent.com/u/3155274?v=3&amp;s=100,,,,,,,,,,,,,,,"Bryon Gloden, CISSP®",,,,,,,,,,,,
0,abdulabbas,,https://avatars1.githubusercontent.com/u/13010487?v=3&amp;s=100,,,,,,,,,,,,,,,abdulabbas,,,,,,,,,,,,
0,rod-lin,,https://avatars1.githubusercontent.com/u/9999958?v=3&amp;s=100,,,,,,,,,,,,,,,rod,,,,,,student,,,,,,
0,976500133,,https://avatars0.githubusercontent.com/u/5755720?v=3&amp;s=100,,,,,,,,,,,,,,,Baron.Liu,,,,,,前端开发/iOS 开发/Node开发工程师,,,,,,
0,hackmoonlight,,https://avatars1.githubusercontent.com/u/11053381?v=3&amp;s=100,,,,,,,,,,,,,,,hackmoonlight,,,,,,,,,,,,
0,mohseniaref,,https://avatars1.githubusercontent.com/u/1238713?v=3&amp;s=100,,,,,,,,,,,,,,,Mohammad  Mohseni Aref,,,,,,,,,,,,
0,arjavrawal,,https://avatars3.githubusercontent.com/u/9917632?v=3&amp;s=100,,,,,,,,,,,,,,,Arjav Rawal,,,,,,,,,,,,
0,cprogrammer1994,,https://avatars1.githubusercontent.com/u/11232402?v=3&amp;s=100,,,,,,,,,,,,,,,Szabolcs Dombi,,,,,,-,,,,,,
0,jonntd,,https://avatars3.githubusercontent.com/u/7754100?v=3&amp;s=100,,,,,,,,,,,,,,,jonn,,,,,,心有猛虎，细嗅蔷薇,,,,,,
0,evinw,,https://avatars0.githubusercontent.com/u/844215?v=3&amp;s=100,,,,,,,,,,,,,,,Evin Weissenberg,,,,,,bluelab.io,,,,,,
0,staticnull,,https://avatars2.githubusercontent.com/u/225701?v=3&amp;s=100,,,,,,,,,,,,,,,eric,,,,,,@surlylabs @GroovyMN @GR8conf @midwestjs,,,,,,
0,joegeneva,,https://avatars0.githubusercontent.com/u/1977881?v=3&amp;s=100,,,,,,,,,,,,,,,Joseph Geneva,,,,,,Graduating from Umass Amherst with a Bachelors degree in Computer Science December 2016.,,,,,,
0,juleswells,,https://avatars3.githubusercontent.com/u/8421009?v=3&amp;s=100,,,,,,,,,,,,,,,Keith Mckai,,,,,,"lazy, impatience, and full of hubris.",,,,,,
0,stoneyboney,,https://avatars1.githubusercontent.com/u/472443?v=3&amp;s=100,,,,,,,,,,,,,,,Matthias,,,,,,,,,,,,
0,pythontrending,,https://avatars0.githubusercontent.com/u/10108228?v=3&amp;s=100,,,,,,,,,,,,,,,pythontrending,,,,,,,,,,,,
0,albertbuchard,,https://avatars1.githubusercontent.com/u/5343149?v=3&amp;s=100,,,,,,,,,,,,,,,Albert Buchard,,,,,,,,,,,,
0,zrcing,,https://avatars1.githubusercontent.com/u/1124192?v=3&amp;s=100,,,,,,,,,,,,,,,Gary,,,,,,"Interest PHP, Web Developer, IT",,,,,,
0,lawrips,,https://avatars3.githubusercontent.com/u/14205191?v=3&amp;s=100,,,,,,,,,,,,,,,Lawrence Ripsher,,,,,,,,,,,,
0,perfettiful,,https://avatars3.githubusercontent.com/u/7156158?v=3&amp;s=100,,,,,,,,,,,,,,,Nathan Perfetti,,,,,,,,,,,,
0,WALL-E,,https://avatars3.githubusercontent.com/u/736927?v=3&amp;s=100,,,,,,,,,,,,,,,张峥,,,,,,"此情可待成追忆,只是当时已惘然",,,,,,
0,AeronStory,,https://avatars2.githubusercontent.com/u/22915694?v=3&amp;s=100,,,,,,,,,,,,,,,mohammad,,,,,,,,,,,,
0,jpruiz114,,https://avatars3.githubusercontent.com/u/4614970?v=3&amp;s=100,,,,,,,,,,,,,,,Jean Paul Ruiz,,,,,,"Cat lover, lego fanatic, full stack developer, big data and math passionate.",,,,,,
0,johndpope,,https://avatars2.githubusercontent.com/u/289994?v=3&amp;s=100,,,,,,,,,,,,,,,John Pope,,,,,,,,,,,,
0,EtoZheTest,,https://avatars2.githubusercontent.com/u/23318722?v=3&amp;s=100,,,,,,,,,,,,,,,EtoZhe Test,,,,,,,,,,,,
