﻿url,score,following_url,login,starred_url,id,company,avatar_url,blog,gravatar_id,location,html_url,updated_at,followers_url,gists_url,subscriptions_url,organizations_url,repos_url,events_url,received_events_url,type,site_admin,name,email,hireable,bio,public_repos,public_gists,followers,following,created_at
,0,,dinkzilla,,,,https://avatars3.githubusercontent.com/u/5820014?v=3&amp;s=100,,,,,,,,,,,,,,,Matt Dinkel,,,,,,,,
,0,,edu-bot,,,,https://avatars0.githubusercontent.com/u/23435604?v=3&amp;s=100,,,,,,,,,,,,,,,Edu Bot,,,,,,,,
,0,,BFush,,,,https://avatars3.githubusercontent.com/u/23432645?v=3&amp;s=100,,,,,,,,,,,,,,,Brisnee Fush,,,Research graduate at Stanford University specializing in Natural Language Processing and Linguistics. Previously: Kilgraston School. Please follow me. 😄 ,,,,,
,0,,AndiChiou,,,,https://avatars2.githubusercontent.com/u/23460812?v=3&amp;s=100,,,,,,,,,,,,,,,Andi Chiou,,,High school student @bartlett-high-school,,,,,
,0,,diana1961,,,,https://avatars2.githubusercontent.com/u/24484485?v=3&amp;s=100,,,,,,,,,,,,,,,Diana Marina Born,,,"My name is Diplomat Diana Marina Born from USA working with the United Nation organization,, and here to meet project builder and management of company ",,,,,
,0,,ReidHolmes,,,,https://avatars3.githubusercontent.com/u/17958554?v=3&amp;s=100,,,,,,,,,,,,,,,Reidholmes,,,,,,,,
,0,,SnehaRane,,,,https://avatars3.githubusercontent.com/u/10234186?v=3&amp;s=100,,,,,,,,,,,,,,,Sneha Rane,,,,,,,,
,0,,tccpc,,,,https://avatars1.githubusercontent.com/u/21104716?v=3&amp;s=100,,,,,,,,,,,,,,,天寒,,,Web Front-End,,,,,
,0,,yfgeek,,,,https://avatars2.githubusercontent.com/u/7533831?v=3&amp;s=100,,,,,,,,,,,,,,,Ivan,,,,,,,,
,0,,myuanyuan,,,,https://avatars3.githubusercontent.com/u/22052330?v=3&amp;s=100,,,,,,,,,,,,,,,myuanyuan,,,,,,,,
,0,,chongbenben,,,,https://avatars0.githubusercontent.com/u/21237518?v=3&amp;s=100,,,,,,,,,,,,,,,种奔奔,,,FEE in China.,,,,,
,0,,Vermisse,,,,https://avatars2.githubusercontent.com/u/17972943?v=3&amp;s=100,,,,,,,,,,,,,,,Sunki,,,Java、Scala、Clojure,,,,,
,0,,SanjithKanagavel,,,,https://avatars2.githubusercontent.com/u/9746842?v=3&amp;s=100,,,,,,,,,,,,,,,Sanjith Jothi Kanagavel,,,iOS/Android/Windows/Game/IOT turns me on for the game 😍,,,,,
,0,,gcelaor,,,,https://avatars1.githubusercontent.com/u/17756993?v=3&amp;s=100,,,,,,,,,,,,,,,Kevin,,,A front-end programmer🐬,,,,,
,0,,Mrzeron,,,,https://avatars0.githubusercontent.com/u/17607933?v=3&amp;s=100,,,,,,,,,,,,,,,Binging,,,"your happy passer-by all knows,  my distressed there is no place hides",,,,,
,0,,qiyian,,,,https://avatars0.githubusercontent.com/u/21237528?v=3&amp;s=100,,,,,,,,,,,,,,,琪艺安,,,万丈阴霾总有一束阳光透彻心底☀,,,,,
,0,,haoranw,,,,https://avatars0.githubusercontent.com/u/17819258?v=3&amp;s=100,,,,,,,,,,,,,,,haoran,,,Show me your code,,,,,
,0,,LIUBOliubo,,,,https://avatars0.githubusercontent.com/u/22049190?v=3&amp;s=100,,,,,,,,,,,,,,,Elf Code,,,"（The biggest regret in life is to insist on the shouldn&#39;t insist, give up easily shouldn&#39;t give up!）人生最大的遗憾就是坚持了不该坚持的，轻易地放弃了不该放弃的！",,,,,
,0,,AeronStory,,,,https://avatars2.githubusercontent.com/u/22915694?v=3&amp;s=100,,,,,,,,,,,,,,,mohammad,,,,,,,,
,0,,naruto227,,,,https://avatars3.githubusercontent.com/u/16680574?v=3&amp;s=100,,,,,,,,,,,,,,,Michael Allan,,,,,,,,
,0,,2Palmtrees,,,,https://avatars1.githubusercontent.com/u/21297048?v=3&amp;s=100,,,,,,,,,,,,,,,2Palmtrees,,,,,,,,
,0,,dysc,,,,https://avatars0.githubusercontent.com/u/19864708?v=3&amp;s=100,,,,,,,,,,,,,,,dysc,,,⭐⭐⭐⭐⭐,,,,,
,0,,dengyi1992,,,,https://avatars3.githubusercontent.com/u/13898604?v=3&amp;s=100,,,,,,,,,,,,,,,dengyi1992,,,为码痴狂,,,,,
,0,,que-etc,,,,https://avatars1.githubusercontent.com/u/2401842?v=3&amp;s=100,,,,,,,,,,,,,,,Denis Rul,,,,,,,,
,0,,Kushalexpert,,,,https://avatars0.githubusercontent.com/u/15359911?v=3&amp;s=100,,,,,,,,,,,,,,,Kushal Expert,,,"Graphic , Web Designer &amp; Web Developer . Dont forget to Cast your valuable Click To my Twitter Follow Button  . Thank You ! .. ",,,,,
,0,,khegiw,,,,https://avatars2.githubusercontent.com/u/4636821?v=3&amp;s=100,,,,,,,,,,,,,,,khegiw,,,,,,,,
,0,,ayushoriginal,,,,https://avatars2.githubusercontent.com/u/8748017?v=3&amp;s=100,,,,,,,,,,,,,,,Ayush Pareek,,,,,,,,
,0,,eiriklv,,,,https://avatars0.githubusercontent.com/u/3486317?v=3&amp;s=100,,,,,,,,,,,,,,,Eirik L. Vullum,,,"⭐️ JavaScript consultant, trainer and speaker ⭐️ ReactJS Oslo Co-organizer 🌍  Functional wannabe",,,,,
,0,,EinarJohnsen,,,,https://avatars1.githubusercontent.com/u/18293712?v=3&amp;s=100,,,,,,,,,,,,,,,EinarJohnsen,,,,,,,,
,0,,daniegr,,,,https://avatars2.githubusercontent.com/u/8349630?v=3&amp;s=100,,,,,,,,,,,,,,,Daniel Groos,,,Student at the 4th year in MsC of Computer Science with specialization in Artifical Intelligence,,,,,
,0,,RogerFederer03,,,,https://avatars1.githubusercontent.com/u/5633006?v=3&amp;s=100,,,,,,,,,,,,,,,Zheng Luo,,,Talk is cheap. Show me the code. -- Linus Torvalds,,,,,
,0,,gintern,,,,https://avatars2.githubusercontent.com/u/20753788?v=3&amp;s=100,,,,,,,,,,,,,,,Michelle Isterya,,,"B.Tech at MIT, 2010;  Help me in development. Google Intern, 2016 :smile: ",,,,,
,0,,liu-dongyu,,,,https://avatars1.githubusercontent.com/u/16187601?v=3&amp;s=100,,,,,,,,,,,,,,,Liu Dongyu,,, frontend developer,,,,,
,0,,sitilge,,,,https://avatars3.githubusercontent.com/u/3306642?v=3&amp;s=100,,,,,,,,,,,,,,,Martins Eglitis,,,,,,,,
,0,,blendin,,,,https://avatars1.githubusercontent.com/u/20363764?v=3&amp;s=100,,,,,,,,,,,,,,,blendin,,,,,,,,
,0,,rod-lin,,,,https://avatars1.githubusercontent.com/u/9999958?v=3&amp;s=100,,,,,,,,,,,,,,,rod,,,student,,,,,
,0,,brunocvcunha,,,,https://avatars2.githubusercontent.com/u/3207647?v=3&amp;s=100,,,,,,,,,,,,,,,Bruno Candido Volpato da Cunha,,,☕️  💻  ,,,,,
,0,,kentcdodds,,,,https://avatars0.githubusercontent.com/u/1500684?v=3&amp;s=100,,,,,,,,,,,,,,,Kent C. Dodds,,,"Making software dev more accessible · Mormon, Husband, Father, Teacher · OSS, GDE, @TC39 · @PayPal @eggheadio @FrontendMasters @JavaScriptAir React30 · #JS",,,,,
,0,,ternsip,,,,https://avatars3.githubusercontent.com/u/10179239?v=3&amp;s=100,,,,,,,,,,,,,,,Ternsip,,,If you are alone - imagine that you are Gordon Freeman.,,,,,
,0,,KEY1993,,,,https://avatars3.githubusercontent.com/u/12944652?v=3&amp;s=100,,,,,,,,,,,,,,,Joker,,,,,,,,
,0,,detailyang,,,,https://avatars3.githubusercontent.com/u/3370345?v=3&amp;s=100,,,,,,,,,,,,,,,detailyang,,,"sometime, just want to sleep :sleepy::(",,,,,
,0,,andrewsyc,,,,https://avatars3.githubusercontent.com/u/2940388?v=3&amp;s=100,,,,,,,,,,,,,,,Andrew Sychra,,,Love to build things people use.,,,,,
,0,,tomhodgins,,,,https://avatars0.githubusercontent.com/u/955601?v=3&amp;s=100,,,,,,,,,,,,,,,Tommy Hodgins,,,,,,,,
,0,,angusshire,,,,https://avatars1.githubusercontent.com/u/5877145?v=3&amp;s=100,,,,,,,,,,,,,,,Angus H.,,,Available for part-time or freelance work.,,,,,
,0,,GitFuture,,,,https://avatars0.githubusercontent.com/u/7582298?v=3&amp;s=100,,,,,,,,,,,,,,,周家未,,,,,,,,
,0,,0xNacho,,,,https://avatars0.githubusercontent.com/u/2890475?v=3&amp;s=100,,,,,,,,,,,,,,,Nacho García Fernández,,,,,,,,
,0,,discobeta,,,,https://avatars2.githubusercontent.com/u/6441098?v=3&amp;s=100,,,,,,,,,,,,,,,Asaf Klibansky,,,All your base are belong to us,,,,,
,0,,ZiggyV,,,,https://avatars3.githubusercontent.com/u/6680594?v=3&amp;s=100,,,,,,,,,,,,,,,Ziggy Verstrepen,,,,,,,,
,0,,sindresorhus,,,,https://avatars2.githubusercontent.com/u/170270?v=3&amp;s=100,,,,,,,,,,,,,,,Sindre Sorhus,,,,,,,,
,0,,lidinghao,,,,https://avatars3.githubusercontent.com/u/1456667?v=3&amp;s=100,,,,,,,,,,,,,,,Greg Lee,,,,,,,,
,0,,bradjonesca,,,,https://avatars0.githubusercontent.com/u/59800?v=3&amp;s=100,,,,,,,,,,,,,,,Brad Jones,,,,,,,,
