﻿score,login,id,avatar_url,gravatar_id,url,html_url,followers_url,following_url,gists_url,starred_url,subscriptions_url,organizations_url,repos_url,events_url,received_events_url,type,site_admin,name,company,blog,location,email,hireable,bio,public_repos,public_gists,followers,following,created_at,updated_at
0,geohot,,https://avatars3.githubusercontent.com/u/72895?v=3&amp;s=100,,,,,,,,,,,,,,,George Hotz,,,,,,We will win self driving cars.,,,,,,
0,BFush,,https://avatars3.githubusercontent.com/u/23432645?v=3&amp;s=100,,,,,,,,,,,,,,,Brisnee Fush,,,,,,Research graduate at Stanford University specializing in Natural Language Processing and Linguistics. Previously: Kilgraston School. Please follow me. 😄 ,,,,,,
0,AndiChiou,,https://avatars2.githubusercontent.com/u/23460812?v=3&amp;s=100,,,,,,,,,,,,,,,Andi Chiou,,,,,,High school student @bartlett-high-school,,,,,,
0,naruto227,,https://avatars3.githubusercontent.com/u/16680574?v=3&amp;s=100,,,,,,,,,,,,,,,Michael Allan,,,,,,,,,,,,
0,TianJiaDaShao,,https://avatars0.githubusercontent.com/u/21334612?v=3&amp;s=100,,,,,,,,,,,,,,,田野,,,,,,,,,,,,
0,Vermisse,,https://avatars2.githubusercontent.com/u/17972943?v=3&amp;s=100,,,,,,,,,,,,,,,Sunki,,,,,,Java、Scala、Clojure,,,,,,
0,WilberTian,,https://avatars1.githubusercontent.com/u/5880320?v=3&amp;s=100,,,,,,,,,,,,,,,Wilber,,,,,,,,,,,,
0,tccpc,,https://avatars1.githubusercontent.com/u/21104716?v=3&amp;s=100,,,,,,,,,,,,,,,天寒,,,,,,Web Front-End,,,,,,
0,myuanyuan,,https://avatars3.githubusercontent.com/u/22052330?v=3&amp;s=100,,,,,,,,,,,,,,,myuanyuan,,,,,,,,,,,,
0,yfgeek,,https://avatars2.githubusercontent.com/u/7533831?v=3&amp;s=100,,,,,,,,,,,,,,,Ivan,,,,,,,,,,,,
0,qiyian,,https://avatars0.githubusercontent.com/u/21237528?v=3&amp;s=100,,,,,,,,,,,,,,,琪艺安,,,,,,万丈阴霾总有一束阳光透彻心底☀,,,,,,
0,woliveiras,,https://avatars1.githubusercontent.com/u/4243601?v=3&amp;s=100,,,,,,,,,,,,,,,William Oliveira,,,,,,"Just other brazilian Software Developer. Enjoying #javascript, #mobile, #nodejs, #robotics, #ai and more of technology world!",,,,,,
0,haoranw,,https://avatars0.githubusercontent.com/u/17819258?v=3&amp;s=100,,,,,,,,,,,,,,,haoran,,,,,,Show me your code,,,,,,
0,dengyi1992,,https://avatars3.githubusercontent.com/u/13898604?v=3&amp;s=100,,,,,,,,,,,,,,,dengyi1992,,,,,,为码痴狂,,,,,,
0,dysc,,https://avatars0.githubusercontent.com/u/19864708?v=3&amp;s=100,,,,,,,,,,,,,,,dysc,,,,,,⭐⭐⭐⭐⭐,,,,,,
0,discobeta,,https://avatars2.githubusercontent.com/u/6441098?v=3&amp;s=100,,,,,,,,,,,,,,,Asaf Klibansky,,,,,,All your base are belong to us,,,,,,
0,ayushoriginal,,https://avatars2.githubusercontent.com/u/8748017?v=3&amp;s=100,,,,,,,,,,,,,,,Ayush Pareek,,,,,,,,,,,,
0,evinw,,https://avatars0.githubusercontent.com/u/844215?v=3&amp;s=100,,,,,,,,,,,,,,,Evin Weissenberg,,,,,,bluelab.io,,,,,,
0,vansh007,,https://avatars1.githubusercontent.com/u/17035731?v=3&amp;s=100,,,,,,,,,,,,,,,Vansh Shah,,,,,,Master&#39;s in Software Engineering | Full-stack Development | Looking for Spring-2017 &amp; Summer-2017 Internship&#39;s.,,,,,,
0,vakila,,https://avatars1.githubusercontent.com/u/5424927?v=3&amp;s=100,,,,,,,,,,,,,,,Anjana Sofia Vakil,,,,,,,,,,,,
0,cyberglot,,https://avatars1.githubusercontent.com/u/609862?v=3&amp;s=100,,,,,,,,,,,,,,,Ju Gonçalves,,,,,,"PhD Student in Computer Science at RUC, messing with type theory.",,,,,,
0,jagracey,,https://avatars1.githubusercontent.com/u/3309526?v=3&amp;s=100,,,,,,,,,,,,,,,John Gracey,,,,,,,,,,,,
0,victor-manco33,,https://avatars1.githubusercontent.com/u/20825935?v=3&amp;s=100,,,,,,,,,,,,,,,victor-manco33,,,,,,,,,,,,
0,ericelliott,,https://avatars2.githubusercontent.com/u/364727?v=3&amp;s=100,,,,,,,,,,,,,,,Eric Elliott,,,,,,"Eric Elliott is the author of “Programming JavaScript Applications” (O’Reilly). He has contributed to software experiences for Adobe, Zumba, BBC, Usher, etc...",,,,,,
0,cardinot,,https://avatars2.githubusercontent.com/u/4231565?v=3&amp;s=100,,,,,,,,,,,,,,,Marcos Cardinot,,,,,,,,,,,,
0,gintern,,https://avatars2.githubusercontent.com/u/20753788?v=3&amp;s=100,,,,,,,,,,,,,,,Michelle Isterya,,,,,,"B.Tech at MIT, 2010;  Help me in development. Google Intern, 2016 :smile: ",,,,,,
0,dthree,,https://avatars3.githubusercontent.com/u/10319897?v=3&amp;s=100,,,,,,,,,,,,,,,dc,,,,,,Nonprofit developer. Author of Vorpal and Cash. Collaborator on @chalk .,,,,,,
0,jenssegers,,https://avatars2.githubusercontent.com/u/194377?v=3&amp;s=100,,,,,,,,,,,,,,,Jens Segers,,,,,,,,,,,,
0,blendin,,https://avatars1.githubusercontent.com/u/20363764?v=3&amp;s=100,,,,,,,,,,,,,,,blendin,,,,,,,,,,,,
0,maxogden,,https://avatars2.githubusercontent.com/u/39759?v=3&amp;s=100,,,,,,,,,,,,,,,=^._.^=,,,,,,,,,,,,
0,samhunta,,https://avatars0.githubusercontent.com/u/627984?v=3&amp;s=100,,,,,,,,,,,,,,,sam,,,,,,¯\_(ツ)_/¯,,,,,,
0,afonsopacifer,,https://avatars2.githubusercontent.com/u/6748866?v=3&amp;s=100,,,,,,,,,,,,,,,Afonso Pacifer,,,,,,CSS Evangelist / Work at @csshortcut / Host of @csscastshow / Alpha Team member at @css-brasil / Creator of @bananacss / Instructor at @webschool-io,,,,,,
0,liu-dongyu,,https://avatars1.githubusercontent.com/u/16187601?v=3&amp;s=100,,,,,,,,,,,,,,,Liu Dongyu,,,,,, frontend developer,,,,,,
0,leobalter,,https://avatars2.githubusercontent.com/u/301201?v=3&amp;s=100,,,,,,,,,,,,,,,Leo Balter,,,,,,,,,,,,
0,sitilge,,https://avatars3.githubusercontent.com/u/3306642?v=3&amp;s=100,,,,,,,,,,,,,,,Martins Eglitis,,,,,,,,,,,,
0,rod-lin,,https://avatars1.githubusercontent.com/u/9999958?v=3&amp;s=100,,,,,,,,,,,,,,,rod,,,,,,student,,,,,,
0,diessica,,https://avatars2.githubusercontent.com/u/5303585?v=3&amp;s=100,,,,,,,,,,,,,,,Diéssica Gurskas,,,,,,just a girl who&#39;s into computers,,,,,,
0,angusshire,,https://avatars1.githubusercontent.com/u/5877145?v=3&amp;s=100,,,,,,,,,,,,,,,Angus H.,,,,,,Available for part-time or freelance work.,,,,,,
0,cusspvz,,https://avatars2.githubusercontent.com/u/3604053?v=3&amp;s=100,,,,,,,,,,,,,,,José Moreira,,,,,,"full-stack developer, ui/ux designer, musician &amp; diy entusiast",,,,,,
0,tomorrow199011,,https://avatars2.githubusercontent.com/u/8546007?v=3&amp;s=100,,,,,,,,,,,,,,,tomorrow199011,,,,,,,,,,,,
0,jeffmo,,https://avatars0.githubusercontent.com/u/498293?v=3&amp;s=100,,,,,,,,,,,,,,,Jeff Morrison,,,,,,,,,,,,
0,gaearon,,https://avatars1.githubusercontent.com/u/810438?v=3&amp;s=100,,,,,,,,,,,,,,,Dan Abramov,,,,,,"Co-authored Redux, Create React App, React Hot Loader, React DnD. Helping improve @reactjs.",,,,,,
0,rodrigok,,https://avatars3.githubusercontent.com/u/234261?v=3&amp;s=100,,,,,,,,,,,,,,,Rodrigo Nascimento,,,,,,,,,,,,
0,jaydson,,https://avatars1.githubusercontent.com/u/72206?v=3&amp;s=100,,,,,,,,,,,,,,,Jaydson Gomes,,,,,,"@BrazilJS co-founder, @NascHQ co-founder, JavaScript developer",,,,,,
0,jackfranklin,,https://avatars2.githubusercontent.com/u/193238?v=3&amp;s=100,,,,,,,,,,,,,,,Jack Franklin,,,,,,,,,,,,
0,sindresorhus,,https://avatars2.githubusercontent.com/u/170270?v=3&amp;s=100,,,,,,,,,,,,,,,Sindre Sorhus,,,,,,,,,,,,
0,substack,,https://avatars2.githubusercontent.com/u/12631?v=3&amp;s=100,,,,,,,,,,,,,,,James Halliday,,,,,,,,,,,,
0,PivotLogix,,https://avatars3.githubusercontent.com/u/890682?v=3&amp;s=100,,,,,,,,,,,,,,,Allie Gentry,,,,,,,,,,,,
0,st1s,,https://avatars1.githubusercontent.com/u/719763?v=3&amp;s=100,,,,,,,,,,,,,,,Stewan Pacheco,,,,,,@angular-morris and @Firetask creator,,,,,,
0,bpassos,,https://avatars0.githubusercontent.com/u/1923332?v=3&amp;s=100,,,,,,,,,,,,,,,Bruno Passos,,,,,,,,,,,,
0,danielfilho,,https://avatars1.githubusercontent.com/u/24597?v=3&amp;s=100,,,,,,,,,,,,,,,Daniel R. C. Filho,,,,,,,,,,,,
