﻿html_url,score,followers_url,login,following_url,id,gists_url,avatar_url,starred_url,gravatar_id,subscriptions_url,url,organizations_url,repos_url,events_url,received_events_url,type,name,site_admin,company,blog,email,location,hireable,bio,public_gists,public_repos,followers,following,updated_at,created_at
,0,,jskeet,,,,https://avatars1.githubusercontent.com/u/17011?v=3&amp;s=100,,,,,,,,,,Jon Skeet,,,,,,,,,,,,,
,0,,simulacre,,,,https://avatars2.githubusercontent.com/u/169852?v=3&amp;s=100,,,,,,,,,,Caleb Crane,,,,,,,,,,,,,
,0,,gintern,,,,https://avatars2.githubusercontent.com/u/20753788?v=3&amp;s=100,,,,,,,,,,Michelle Isterya,,,,,,,"B.Tech at MIT, 2010;  Help me in development. Google Intern, 2016 :smile: ",,,,,,
,0,,AndiChiou,,,,https://avatars2.githubusercontent.com/u/23460812?v=3&amp;s=100,,,,,,,,,,Andi Chiou,,,,,,,High school student @bartlett-high-school,,,,,,
,0,,FatihDurmus,,,,https://avatars2.githubusercontent.com/u/425675?v=3&amp;s=100,,,,,,,,,,Fatih Durmuş,,,,,,,,,,,,,
,0,,OmarZV,,,,https://avatars1.githubusercontent.com/u/16312270?v=3&amp;s=100,,,,,,,,,,Omar Khedr,,,,,,,,,,,,,
,0,,yfgeek,,,,https://avatars2.githubusercontent.com/u/7533831?v=3&amp;s=100,,,,,,,,,,Ivan,,,,,,,,,,,,,
,0,,HuaDanJson,,,,https://avatars1.githubusercontent.com/u/22411415?v=3&amp;s=100,,,,,,,,,,HuaDanJson,,,,,,,,,,,,,
,0,,rawles,,,,https://avatars0.githubusercontent.com/u/190112?v=3&amp;s=100,,,,,,,,,,Simon Rawles,,,,,,,,,,,,,
,0,,eistrati,,,,https://avatars1.githubusercontent.com/u/27417?v=3&amp;s=100,,,,,,,,,,eistrati,,,,,,,Proud Father. Lucky Husband. Co-Founder @AdTechMedia | Tech Partner @MitocGroup. Former @Amzn and @HearstCorp.,,,,,,
,0,,ansuz,,,,https://avatars3.githubusercontent.com/u/1264398?v=3&amp;s=100,,,,,,,,,,ansuz,,,,,,,ansuz,,,,,,
,0,,halilertekin,,,,https://avatars2.githubusercontent.com/u/6492740?v=3&amp;s=100,,,,,,,,,,Halil Ertekin,,,,,,,Full Stack Developer Meteor.js,,,,,,
,0,,dimanyc,,,,https://avatars1.githubusercontent.com/u/6678600?v=3&amp;s=100,,,,,,,,,,Dimitry Nazarov,,,,,,,Jr. Full-Stack Web Developer @GivTake ,,,,,,
,0,,fishequality,,,,https://avatars2.githubusercontent.com/u/16711873?v=3&amp;s=100,,,,,,,,,,Fisherboy,,,,,,,,,,,,,
,0,,jotalp,,,,https://avatars1.githubusercontent.com/u/12218389?v=3&amp;s=100,,,,,,,,,,Jorge,,,,,,,,,,,,,
,0,,Vetal4uk,,,,https://avatars1.githubusercontent.com/u/12040155?v=3&amp;s=100,,,,,,,,,,KoVBoY,,,,,,,,,,,,,
,0,,angusshire,,,,https://avatars1.githubusercontent.com/u/5877145?v=3&amp;s=100,,,,,,,,,,Angus H.,,,,,,,Available for part-time or freelance work.,,,,,,
,0,,mssalvo,,,,https://avatars3.githubusercontent.com/u/5181298?v=3&amp;s=100,,,,,,,,,,Salvo,,,,,,,,,,,,,
,0,,cusspvz,,,,https://avatars2.githubusercontent.com/u/3604053?v=3&amp;s=100,,,,,,,,,,José Moreira,,,,,,,"full-stack developer, ui/ux designer, musician &amp; diy entusiast",,,,,,
,0,,iheanyi,,,,https://avatars3.githubusercontent.com/u/956631?v=3&amp;s=100,,,,,,,,,,Iheanyi Ekechukwu,,,,,,,Software Engineer @digitalocean. Also likes to design things.,,,,,,
,0,,ypersyntelykos,,,,https://avatars1.githubusercontent.com/u/10236771?v=3&amp;s=100,,,,,,,,,,ypersyntelykos,,,,,,,,,,,,,
,0,,Schwad,,,,https://avatars3.githubusercontent.com/u/7865030?v=3&amp;s=100,,,,,,,,,,Nick Schwad,,,,,,,,,,,,,
,0,,ali88025,,,,https://avatars0.githubusercontent.com/u/8206007?v=3&amp;s=100,,,,,,,,,,ali88025,,,,,,,,,,,,,
,0,,SingleClickApps,,,,https://avatars0.githubusercontent.com/u/5052544?v=3&amp;s=100,,,,,,,,,,SingleClickApps,,,,,,,,,,,,,
,0,,mjbunink,,,,https://avatars1.githubusercontent.com/u/15843946?v=3&amp;s=100,,,,,,,,,,mjbunink,,,,,,,,,,,,,
,0,,ryanstout,,,,https://avatars1.githubusercontent.com/u/42336?v=3&amp;s=100,,,,,,,,,,Ryan Stout,,,,,,,,,,,,,
,0,,bfoz,,,,https://avatars1.githubusercontent.com/u/65124?v=3&amp;s=100,,,,,,,,,,Brandon Fosdick,,,,,,,,,,,,,
,0,,viruzx,,,,https://avatars0.githubusercontent.com/u/10255546?v=3&amp;s=100,,,,,,,,,,Slava Knyazev,,,,,,,Hobbyist sysadmin and full-stack developer,,,,,,
,0,,bmizerany,,,,https://avatars1.githubusercontent.com/u/46?v=3&amp;s=100,,,,,,,,,,Blake Mizerany,,,,,,,,,,,,,
,0,,wmodes,,,,https://avatars1.githubusercontent.com/u/3530502?v=3&amp;s=100,,,,,,,,,,Wes Modes,,,,,,,,,,,,,
,0,,justin-robinson,,,,https://avatars2.githubusercontent.com/u/3090489?v=3&amp;s=100,,,,,,,,,,Justin Robinson,,,,,,,,,,,,,
,0,,grkan13,,,,https://avatars0.githubusercontent.com/u/7925219?v=3&amp;s=100,,,,,,,,,,Gurkan Demirozer,,,,,,,,,,,,,
,0,,px-amaac,,,,https://avatars0.githubusercontent.com/u/2364583?v=3&amp;s=100,,,,,,,,,,Aaron McIntyre,,,,,,,You never fully understand a problem until you know the solution. Always Be better and Happy Coding.,,,,,,
,0,,timeset,,,,https://avatars3.githubusercontent.com/u/14077859?v=3&amp;s=100,,,,,,,,,,timeset,,,,,,,,,,,,,
,0,,dakaugu,,,,https://avatars3.githubusercontent.com/u/2681388?v=3&amp;s=100,,,,,,,,,,dakaugu,,,,,,,,,,,,,
,0,,apple80024,,,,https://avatars1.githubusercontent.com/u/11445698?v=3&amp;s=100,,,,,,,,,,Brian,,,,,,,,,,,,,
,0,,DoubleDogDare,,,,https://avatars0.githubusercontent.com/u/12768000?v=3&amp;s=100,,,,,,,,,,Misty Mulhall,,,,,,,,,,,,,
,0,,ridiculousfish,,,,https://avatars2.githubusercontent.com/u/920838?v=3&amp;s=100,,,,,,,,,,ridiculousfish,,,,,,,,,,,,,
,0,,tpope,,,,https://avatars1.githubusercontent.com/u/378?v=3&amp;s=100,,,,,,,,,,Tim Pope,,,,,,,,,,,,,
,0,,brunocasanova,,,,https://avatars3.githubusercontent.com/u/4107768?v=3&amp;s=100,,,,,,,,,,Bruno Casanova,,,,,,,,,,,,,
,0,,helloaliceoh,,,,https://avatars3.githubusercontent.com/u/5771544?v=3&amp;s=100,,,,,,,,,,Alice Oh,,,,,,,,,,,,,
,0,,vivianxu08,,,,https://avatars0.githubusercontent.com/u/5317922?v=3&amp;s=100,,,,,,,,,,vivianxu08,,,,,,,,,,,,,
,0,,dnschneid,,,,https://avatars0.githubusercontent.com/u/522200?v=3&amp;s=100,,,,,,,,,,David Schneider,,,,,,,,,,,,,
,0,,iprignano,,,,https://avatars3.githubusercontent.com/u/3172763?v=3&amp;s=100,,,,,,,,,,Ivan Prignano,,,,,,,,,,,,,
,0,,Sobrr,,,,https://avatars2.githubusercontent.com/u/8518108?v=3&amp;s=100,,,,,,,,,,Kiwi Tech,,,,,,,,,,,,,
,0,,crcn,,,,https://avatars0.githubusercontent.com/u/757408?v=3&amp;s=100,,,,,,,,,,Craig Condon,,,,,,,,,,,,,
,0,,cjerdonek,,,,https://avatars2.githubusercontent.com/u/355822?v=3&amp;s=100,,,,,,,,,,Chris Jerdonek,,,,,,,,,,,,,
,0,,ytolstyk,,,,https://avatars0.githubusercontent.com/u/7061459?v=3&amp;s=100,,,,,,,,,,Yuriy Tolstykh,,,,,,,,,,,,,
,0,,StewartalsopIII,,,,https://avatars2.githubusercontent.com/u/8203541?v=3&amp;s=100,,,,,,,,,,Stewart Alsop,,,,,,,,,,,,,
,0,,jcdavison,,,,https://avatars3.githubusercontent.com/u/6944945?v=3&amp;s=100,,,,,,,,,,John Davison,,,,,,,,,,,,,
,0,,jfarmer,,,,https://avatars3.githubusercontent.com/u/37304?v=3&amp;s=100,,,,,,,,,,Jesse Farmer,,,,,,,,,,,,,
