﻿score,type,login,site_admin,id,name,avatar_url,company,gravatar_id,blog,url,location,html_url,email,followers_url,hireable,following_url,bio,gists_url,public_repos,starred_url,public_gists,subscriptions_url,followers,organizations_url,following,repos_url,created_at,events_url,updated_at,received_events_url
0,,shivamshekhar,,,Shivam Shekhar,https://avatars1.githubusercontent.com/u/13262314?v=3&amp;s=100,,,,,,,,,,,,,,,,,,,,,,,,
0,,AeronStory,,,mohammad,https://avatars2.githubusercontent.com/u/22915694?v=3&amp;s=100,,,,,,,,,,,,,,,,,,,,,,,,
0,,Vermisse,,,Sunki,https://avatars2.githubusercontent.com/u/17972943?v=3&amp;s=100,,,,,,,,,,,Java、Scala、Clojure,,,,,,,,,,,,,
0,,BFush,,,Brisnee Fush,https://avatars3.githubusercontent.com/u/23432645?v=3&amp;s=100,,,,,,,,,,,Research graduate at Stanford University specializing in Natural Language Processing and Linguistics. Previously: Kilgraston School. Please follow me. 😄 ,,,,,,,,,,,,,
0,,AndiChiou,,,Andi Chiou,https://avatars2.githubusercontent.com/u/23460812?v=3&amp;s=100,,,,,,,,,,,High school student @bartlett-high-school,,,,,,,,,,,,,
0,,johnpapa,,,John Papa,https://avatars0.githubusercontent.com/u/1202528?v=3&amp;s=100,,,,,,,,,,,,,,,,,,,,,,,,
0,,topaz,,,Eric Wastl,https://avatars2.githubusercontent.com/u/116237?v=3&amp;s=100,,,,,,,,,,,,,,,,,,,,,,,,
0,,brianhall,,,Brian Hall,https://avatars3.githubusercontent.com/u/18444?v=3&amp;s=100,,,,,,,,,,,,,,,,,,,,,,,,
0,,domenic,,,Domenic Denicola,https://avatars1.githubusercontent.com/u/617481?v=3&amp;s=100,,,,,,,,,,,,,,,,,,,,,,,,
0,,zrcing,,,Gary,https://avatars1.githubusercontent.com/u/1124192?v=3&amp;s=100,,,,,,,,,,,"Interest PHP, Web Developer, IT",,,,,,,,,,,,,
0,,heinencreative,,,heinencreative,https://avatars1.githubusercontent.com/u/1311417?v=3&amp;s=100,,,,,,,,,,,,,,,,,,,,,,,,
0,,kytrinyx,,,Katrina Owen,https://avatars1.githubusercontent.com/u/276834?v=3&amp;s=100,,,,,,,,,,,,,,,,,,,,,,,,
0,,bennadel,,,Ben Nadel,https://avatars2.githubusercontent.com/u/563690?v=3&amp;s=100,,,,,,,,,,,,,,,,,,,,,,,,
0,,Gooooodman,,,Goooood,https://avatars0.githubusercontent.com/u/13062160?v=3&amp;s=100,,,,,,,,,,,give me your love!,,,,,,,,,,,,,
0,,tedpennings,,,Ted Pennings,https://avatars3.githubusercontent.com/u/310323?v=3&amp;s=100,,,,,,,,,,,,,,,,,,,,,,,,
0,,benjaffe,,,Ben Jaffe,https://avatars3.githubusercontent.com/u/573204?v=3&amp;s=100,,,,,,,,,,,,,,,,,,,,,,,,
0,,cameronwp,,,Cameron Pittman,https://avatars0.githubusercontent.com/u/5186335?v=3&amp;s=100,,,,,,,,,,,,,,,,,,,,,,,,
0,,mariogmz,,,Mario Gómez,https://avatars0.githubusercontent.com/u/6183307?v=3&amp;s=100,,,,,,,,,,,,,,,,,,,,,,,,
0,,jaimevaldivia,,,jaimevaldivia,https://avatars0.githubusercontent.com/u/3086471?v=3&amp;s=100,,,,,,,,,,,,,,,,,,,,,,,,
0,,omar-baez,,,omar-baez,https://avatars1.githubusercontent.com/u/7740583?v=3&amp;s=100,,,,,,,,,,,,,,,,,,,,,,,,
0,,omarowns,,,Omar Garcia,https://avatars3.githubusercontent.com/u/1001797?v=3&amp;s=100,,,,,,,,,,,,,,,,,,,,,,,,
0,,Ilyeo,,,Ilyeo,https://avatars2.githubusercontent.com/u/10084099?v=3&amp;s=100,,,,,,,,,,,JRAG ,,,,,,,,,,,,,
0,,ayushoriginal,,,Ayush Pareek,https://avatars2.githubusercontent.com/u/8748017?v=3&amp;s=100,,,,,,,,,,,,,,,,,,,,,,,,
0,,brunocvcunha,,,Bruno Candido Volpato da Cunha,https://avatars2.githubusercontent.com/u/3207647?v=3&amp;s=100,,,,,,,,,,,☕️  💻  ,,,,,,,,,,,,,
0,,SnehaRane,,,Sneha Rane,https://avatars3.githubusercontent.com/u/10234186?v=3&amp;s=100,,,,,,,,,,,,,,,,,,,,,,,,
0,,luzdeleon,,,luzdeleon,https://avatars3.githubusercontent.com/u/15984849?v=3&amp;s=100,,,,,,,,,,,,,,,,,,,,,,,,
0,,joseldmc,,,joseldmc,https://avatars2.githubusercontent.com/u/9178317?v=3&amp;s=100,,,,,,,,,,,,,,,,,,,,,,,,
0,,josue1406,,,josue1406,https://avatars0.githubusercontent.com/u/4626027?v=3&amp;s=100,,,,,,,,,,,,,,,,,,,,,,,,
0,,gintern,,,Michelle Isterya,https://avatars2.githubusercontent.com/u/20753788?v=3&amp;s=100,,,,,,,,,,,"B.Tech at MIT, 2010;  Help me in development. Google Intern, 2016 :smile: ",,,,,,,,,,,,,
0,,joeLepper,,,Joe Lepper,https://avatars0.githubusercontent.com/u/1743773?v=3&amp;s=100,,,,,,,,,,,,,,,,,,,,,,,,
0,,chukitow,,,Ivan velasquez,https://avatars1.githubusercontent.com/u/4173376?v=3&amp;s=100,,,,,,,,,,,,,,,,,,,,,,,,
0,,DavidCedeno,,,David Alejandro,https://avatars1.githubusercontent.com/u/8710929?v=3&amp;s=100,,,,,,,,,,,,,,,,,,,,,,,,
0,,miketor666,,,miketor666,https://avatars2.githubusercontent.com/u/8498857?v=3&amp;s=100,,,,,,,,,,,,,,,,,,,,,,,,
0,,sgarcia-dev,,,Sergei Garcia,https://avatars1.githubusercontent.com/u/7468219?v=3&amp;s=100,,,,,,,,,,,,,,,,,,,,,,,,
0,,renelopez,,,Rene Lopez Cano,https://avatars2.githubusercontent.com/u/3598436?v=3&amp;s=100,,,,,,,,,,,,,,,,,,,,,,,,
0,,addyosmani,,,Addy Osmani,https://avatars1.githubusercontent.com/u/110953?v=3&amp;s=100,,,,,,,,,,,Engineer at Google working on Chrome &amp; Web Platform,,,,,,,,,,,,,
0,,dotmaike,,,Miguel Murillo,https://avatars1.githubusercontent.com/u/1830862?v=3&amp;s=100,,,,,,,,,,,,,,,,,,,,,,,,
0,,diegomarino,,,Diego Mariño,https://avatars0.githubusercontent.com/u/760919?v=3&amp;s=100,,,,,,,,,,,,,,,,,,,,,,,,
0,,ashernetz,,,ashernetz,https://avatars3.githubusercontent.com/u/6488311?v=3&amp;s=100,,,,,,,,,,,,,,,,,,,,,,,,
0,,krosmx,,,Rogelio,https://avatars1.githubusercontent.com/u/5883253?v=3&amp;s=100,,,,,,,,,,,,,,,,,,,,,,,,
