﻿score,login,id,gravatar_id,avatar_url,url,followers,html_url,following,followers_url,created_at,following_url,updated_at,gists_url,starred_url,subscriptions_url,organizations_url,repos_url,events_url,received_events_url,type,site_admin,name,company,blog,location,email,hireable,bio,public_repos,public_gists
0,AndiChiou,,,https://avatars2.githubusercontent.com/u/23460812?v=3&amp;s=100,,,,,,,,,,,,,,,,,,Andi Chiou,,,,,,High school student @bartlett-high-school,,
0,wxmahen,,,https://avatars2.githubusercontent.com/u/13268706?v=3&amp;s=100,,,,,,,,,,,,,,,,,,Mahen Samaranayake,,,,,,A huge fan of AI and Big Data.,,
0,AeronStory,,,https://avatars2.githubusercontent.com/u/22915694?v=3&amp;s=100,,,,,,,,,,,,,,,,,,mohammad,,,,,,,,
0,SnehaRane,,,https://avatars3.githubusercontent.com/u/10234186?v=3&amp;s=100,,,,,,,,,,,,,,,,,,Sneha Rane,,,,,,,,
0,Vermisse,,,https://avatars2.githubusercontent.com/u/17972943?v=3&amp;s=100,,,,,,,,,,,,,,,,,,Sunki,,,,,,Java、Scala、Clojure,,
0,edu-bot,,,https://avatars0.githubusercontent.com/u/23435604?v=3&amp;s=100,,,,,,,,,,,,,,,,,,Edu Bot,,,,,,,,
0,BFush,,,https://avatars3.githubusercontent.com/u/23432645?v=3&amp;s=100,,,,,,,,,,,,,,,,,,Brisnee Fush,,,,,,Research graduate at Stanford University specializing in Natural Language Processing and Linguistics. Previously: Kilgraston School. Please follow me. 😄 ,,
0,travisgoodspeed,,,https://avatars0.githubusercontent.com/u/770671?v=3&amp;s=100,,,,,,,,,,,,,,,,,,Travis Goodspeed,,,,,,,,
0,gintern,,,https://avatars2.githubusercontent.com/u/20753788?v=3&amp;s=100,,,,,,,,,,,,,,,,,,Michelle Isterya,,,,,,"B.Tech at MIT, 2010;  Help me in development. Google Intern, 2016 :smile: ",,
0,qinix,,,https://avatars0.githubusercontent.com/u/1946663?v=3&amp;s=100,,,,,,,,,,,,,,,,,,Eric Zhang,,,,,,,,
0,ternsip,,,https://avatars3.githubusercontent.com/u/10179239?v=3&amp;s=100,,,,,,,,,,,,,,,,,,Ternsip,,,,,,If you are alone - imagine that you are Gordon Freeman.,,
0,m1dst,,,https://avatars3.githubusercontent.com/u/958968?v=3&amp;s=100,,,,,,,,,,,,,,,,,,James Patterson,,,,,,,,
0,VagrantStory,,,https://avatars3.githubusercontent.com/u/4069972?v=3&amp;s=100,,,,,,,,,,,,,,,,,,mohammad,,,,,,Developer Program Member,,
0,nolanlawson,,,https://avatars1.githubusercontent.com/u/283842?v=3&amp;s=100,,,,,,,,,,,,,,,,,,Nolan Lawson,,,,,,I was born in a crossfire hurricane,,
0,Eleirbag89,,,https://avatars0.githubusercontent.com/u/10547598?v=3&amp;s=100,,,,,,,,,,,,,,,,,,Gabriele Grillo,,,,,,,,
0,MrRio,,,https://avatars3.githubusercontent.com/u/47539?v=3&amp;s=100,,,,,,,,,,,,,,,,,,James Hall,,,,,,,,
0,oskarnrk,,,https://avatars2.githubusercontent.com/u/76103?v=3&amp;s=100,,,,,,,,,,,,,,,,,,Oscar Zambotti,,,,,,Mobile and Web developer. TV shows addict. Softcore gamer. Husband and father.,,
0,broccolini,,,https://avatars1.githubusercontent.com/u/334891?v=3&amp;s=100,,,,,,,,,,,,,,,,,,Diana Mounter,,,,,,Actually more into potatoes :fries:. Design Systems lead at @github.,,
0,patrickjuchli,,,https://avatars0.githubusercontent.com/u/397839?v=3&amp;s=100,,,,,,,,,,,,,,,,,,Patrick Juchli,,,,,,,,
0,garrensmith,,,https://avatars1.githubusercontent.com/u/179458?v=3&amp;s=100,,,,,,,,,,,,,,,,,,garren smith,,,,,,"@redcometlabs Founder. Apache @CouchDB PMC, @pouchdb. Javascript developer",,
0,lancecarlson,,,https://avatars3.githubusercontent.com/u/107?v=3&amp;s=100,,,,,,,,,,,,,,,,,,Lance Carlson,,,,,,,,
0,zemirco,,,https://avatars2.githubusercontent.com/u/1132354?v=3&amp;s=100,,,,,,,,,,,,,,,,,,Mirco Zeiss,,,,,,,,
0,flok99,,,https://avatars2.githubusercontent.com/u/3216056?v=3&amp;s=100,,,,,,,,,,,,,,,,,,Folkert van Heusden,,,,,,,,
0,malukenho,,,https://avatars3.githubusercontent.com/u/3275172?v=3&amp;s=100,,,,,,,,,,,,,,,,,,Jefersson Nathan,,,,,,Brazilian PHP Developer working for @Ocramius,,
0,joaoevangelista,,,https://avatars1.githubusercontent.com/u/5256711?v=3&amp;s=100,,,,,,,,,,,,,,,,,,João Pedro Evangelista,,,,,,There is a coder inside me.,,
0,tennisonchan,,,https://avatars1.githubusercontent.com/u/719938?v=3&amp;s=100,,,,,,,,,,,,,,,,,,Tennison Chan,,,,,,,,
0,windiest,,,https://avatars2.githubusercontent.com/u/10759713?v=3&amp;s=100,,,,,,,,,,,,,,,,,,Winds,,,,,,My love cats @Wscats,,
0,shoshindes,,,https://avatars1.githubusercontent.com/u/13901088?v=3&amp;s=100,,,,,,,,,,,,,,,,,,Jack Thompson,,,,,,,,
0,angusshire,,,https://avatars1.githubusercontent.com/u/5877145?v=3&amp;s=100,,,,,,,,,,,,,,,,,,Angus H.,,,,,,Available for part-time or freelance work.,,
0,navasmdc,,,https://avatars2.githubusercontent.com/u/4363807?v=3&amp;s=100,,,,,,,,,,,,,,,,,,Ivan Navas,,,,,,,,
0,sadjow,,,https://avatars0.githubusercontent.com/u/177525?v=3&amp;s=100,,,,,,,,,,,,,,,,,,Sadjow Leão,,,,,,,,
0,phpenterprise,,,https://avatars2.githubusercontent.com/u/1564781?v=3&amp;s=100,,,,,,,,,,,,,,,,,,Patrick Otto,,,,,,"Fundador da Php Enterprise, sócio em outras empresas de tecnologia e gestor de projetos de software",,
0,prani95,,,https://avatars3.githubusercontent.com/u/15210107?v=3&amp;s=100,,,,,,,,,,,,,,,,,,Francesco,,,,,,,,
0,alex-cory,,,https://avatars1.githubusercontent.com/u/5455859?v=3&amp;s=100,,,,,,,,,,,,,,,,,,Alex Cory,,,,,,ʕ•̫͡•ʔ-̫͡-ʕ•͓͡•ʔ-̫͡-ʕ•̫͡•ʔ,,
0,mdo,,,https://avatars0.githubusercontent.com/u/98681?v=3&amp;s=100,,,,,,,,,,,,,,,,,,Mark Otto,,,,,,Director of Design at @GitHub. Creator of Bootstrap (@twbs). Previously at Twitter. Huge nerd.,,
0,fat,,,https://avatars0.githubusercontent.com/u/169705?v=3&amp;s=100,,,,,,,,,,,,,,,,,,fat,,,,,,,,
0,jessfraz,,,https://avatars3.githubusercontent.com/u/1445228?v=3&amp;s=100,,,,,,,,,,,,,,,,,,Jess Frazelle,,,,,,Keyser Söze of containers.,,
0,ericelliott,,,https://avatars2.githubusercontent.com/u/364727?v=3&amp;s=100,,,,,,,,,,,,,,,,,,Eric Elliott,,,,,,"Eric Elliott is the author of “Programming JavaScript Applications” (O’Reilly). He has contributed to software experiences for Adobe, Zumba, BBC, Usher, etc...",,
0,lillogoal,,,https://avatars2.githubusercontent.com/u/4365815?v=3&amp;s=100,,,,,,,,,,,,,,,,,,lillogoal,,,,,,,,
0,ajlkn,,,https://avatars0.githubusercontent.com/u/2937342?v=3&amp;s=100,,,,,,,,,,,,,,,,,,aj,,,,,,,,
