﻿score,login,id,avatar_url,gravatar_id,url,html_url,followers_url,following_url,gists_url,starred_url,subscriptions_url,organizations_url,repos_url,events_url,received_events_url,type,site_admin,name,company,blog,location,email,hireable,bio,public_repos,public_gists,followers,following,created_at,updated_at
0,buger,,https://avatars0.githubusercontent.com/u/14009?v=3&amp;s=100,,,,,,,,,,,,,,,Leonid Bugaev,,,,,,,,,,,,
0,neelance,,https://avatars1.githubusercontent.com/u/16184?v=3&amp;s=100,,,,,,,,,,,,,,,Richard Musiol,,,,,,,,,,,,
0,AndiChiou,,https://avatars2.githubusercontent.com/u/23460812?v=3&amp;s=100,,,,,,,,,,,,,,,Andi Chiou,,,,,,High school student @bartlett-high-school,,,,,,
0,dkhamsing,,https://avatars0.githubusercontent.com/u/4723115?v=3&amp;s=100,,,,,,,,,,,,,,,dkhamsing,,,,,,,,,,,,
0,mraible,,https://avatars3.githubusercontent.com/u/17892?v=3&amp;s=100,,,,,,,,,,,,,,,Matt Raible,,,,,,"Developer Evangelist at @stormpath with a passion for skiing, mountain biking, VWs and good beer. Driving a &#39;66 21-window and a &#39;90 Syncro.",,,,,,
0,meatballhat,,https://avatars3.githubusercontent.com/u/45143?v=3&amp;s=100,,,,,,,,,,,,,,,Dan Buch,,,,,,Human person 🎷 🐻 ,,,,,,
0,schacon,,https://avatars2.githubusercontent.com/u/70?v=3&amp;s=100,,,,,,,,,,,,,,,Scott Chacon,,,,,,,,,,,,
0,marcusolsson,,https://avatars2.githubusercontent.com/u/8396880?v=3&amp;s=100,,,,,,,,,,,,,,,Marcus Olsson,,,,,,,,,,,,
0,jakiestfu,,https://avatars2.githubusercontent.com/u/1041792?v=3&amp;s=100,,,,,,,,,,,,,,,Jacob Kelley,,,,,,I like me sum javascrimps,,,,,,
0,tmm1,,https://avatars1.githubusercontent.com/u/2567?v=3&amp;s=100,,,,,,,,,,,,,,,Aman Gupta,,,,,,,,,,,,
0,paulmillr,,https://avatars1.githubusercontent.com/u/574696?v=3&amp;s=100,,,,,,,,,,,,,,,Paul Miller,,,,,,Making projects which help engineers to build awesome things.,,,,,,
0,SamyPesse,,https://avatars3.githubusercontent.com/u/845425?v=3&amp;s=100,,,,,,,,,,,,,,,Samy Pessé,,,,,,CTO at @GitbookIO ,,,,,,
0,josh,,https://avatars3.githubusercontent.com/u/137?v=3&amp;s=100,,,,,,,,,,,,,,,Joshua Peek,,,,,,I work here.,,,,,,
0,kevinsawicki,,https://avatars1.githubusercontent.com/u/671378?v=3&amp;s=100,,,,,,,,,,,,,,,Kevin Sawicki,,,,,,,,,,,,
0,rauhryan,,https://avatars0.githubusercontent.com/u/68954?v=3&amp;s=100,,,,,,,,,,,,,,,Ryan Rauh,,,,,,,,,,,,
0,kohsuke,,https://avatars0.githubusercontent.com/u/50003?v=3&amp;s=100,,,,,,,,,,,,,,,Kohsuke Kawaguchi,,,,,,,,,,,,
0,JamieMason,,https://avatars0.githubusercontent.com/u/320492?v=3&amp;s=100,,,,,,,,,,,,,,,Jamie Mason,,,,,,"Contract JavaScript Developer. I have worked with William Hill, BSKYB (Sky Sports &amp; Sky Bet), Betfair, Shell Oil, Barclays Premier League, and others.",,,,,,
0,benhalpern,,https://avatars3.githubusercontent.com/u/3102842?v=3&amp;s=100,,,,,,,,,,,,,,,benhalpern,,,,,,,,,,,,
0,cbeust,,https://avatars0.githubusercontent.com/u/92322?v=3&amp;s=100,,,,,,,,,,,,,,,Cedric Beust,,,,,,,,,,,,
0,jodastephen,,https://avatars0.githubusercontent.com/u/213212?v=3&amp;s=100,,,,,,,,,,,,,,,Stephen Colebourne,,,,,,"Java Champion, known for Joda projects, JSR-310 . Work at @OpenGamma on Strata market risk.",,,,,,
0,gabrtv,,https://avatars2.githubusercontent.com/u/231123?v=3&amp;s=100,,,,,,,,,,,,,,,Gabe Monroy,,,,,,Distributed systems test pilot.,,,,,,
0,amitshekhariitbhu,,https://avatars0.githubusercontent.com/u/9877145?v=3&amp;s=100,,,,,,,,,,,,,,,AMIT SHEKHAR,,,,,,Self-taught Programmer | Android Developer | Machine Learning Engineer | Open Source Contributor,,,,,,
0,kevana,,https://avatars1.githubusercontent.com/u/981551?v=3&amp;s=100,,,,,,,,,,,,,,,Kevan Ahlquist,,,,,,,,,,,,
0,45kb,,https://avatars3.githubusercontent.com/u/7761650?v=3&amp;s=100,,,,,,,,,,,,,,,Filippo,,,,,,,,,,,,
0,danilop,,https://avatars3.githubusercontent.com/u/1550395?v=3&amp;s=100,,,,,,,,,,,,,,,Danilo Poccia,,,,,,"Interested in IT, Simulation/Modeling, AI, ML and Photography. Author of AWS Lambda in Action from Manning. Technical Evangelist @ AWS. Opinions are my own.",,,,,,
0,spadgos,,https://avatars0.githubusercontent.com/u/426222?v=3&amp;s=100,,,,,,,,,,,,,,,Nick Fisher,,,,,,,,,,,,
0,boulabiar,,https://avatars2.githubusercontent.com/u/101211?v=3&amp;s=100,,,,,,,,,,,,,,,Mohamed-Ikbel Boulabiar,,,,,,,,,,,,
0,PascalSchumacher,,https://avatars0.githubusercontent.com/u/2707245?v=3&amp;s=100,,,,,,,,,,,,,,,Pascal Schumacher,,,,,,,,,,,,
0,acogoluegnes,,https://avatars3.githubusercontent.com/u/514737?v=3&amp;s=100,,,,,,,,,,,,,,,Arnaud Cogoluègnes,,,,,,,,,,,,
0,andypetrella,,https://avatars3.githubusercontent.com/u/663344?v=3&amp;s=100,,,,,,,,,,,,,,,Andy Petrella,,,,,,,,,,,,
0,jmMeessen,,https://avatars1.githubusercontent.com/u/6011261?v=3&amp;s=100,,,,,,,,,,,,,,,Jean-Marc MEESSEN,,,,,,,,,,,,
0,michael-simons,,https://avatars1.githubusercontent.com/u/526383?v=3&amp;s=100,,,,,,,,,,,,,,,Michael Simons,,,,,,"👨‍👩‍👦‍👦👨🏻‍💻🚴🏻 – Father, Husband, Programmer, Biker. @NetBeans DreamTeam member, founder of @dailyfratze and @EuregJUG-Maas-Rhine. ",,,,,,
0,SamVerschueren,,https://avatars1.githubusercontent.com/u/1913805?v=3&amp;s=100,,,,,,,,,,,,,,,Sam Verschueren,,,,,,,,,,,,
0,ffissore,,https://avatars3.githubusercontent.com/u/510465?v=3&amp;s=100,,,,,,,,,,,,,,,Federico Fissore,,,,,,,,,,,,
0,wbotelhos,,https://avatars3.githubusercontent.com/u/116234?v=3&amp;s=100,,,,,,,,,,,,,,,Washington Botelho,,,,,,(:,,,,,,
0,c089,,https://avatars3.githubusercontent.com/u/327199?v=3&amp;s=100,,,,,,,,,,,,,,,Christoph Neuroth,,,,,,,,,,,,
0,RobWin,,https://avatars2.githubusercontent.com/u/5815046?v=3&amp;s=100,,,,,,,,,,,,,,,Robert Winkler,,,,,,,,,,,,
0,donho,,https://avatars2.githubusercontent.com/u/90293?v=3&amp;s=100,,,,,,,,,,,,,,,Don HO,,,,,,I code therefore I am.,,,,,,
0,schneems,,https://avatars0.githubusercontent.com/u/59744?v=3&amp;s=100,,,,,,,,,,,,,,,Richard Schneeman,,,,,,"Lings, muta, ultra",,,,,,
0,johanandren,,https://avatars0.githubusercontent.com/u/666915?v=3&amp;s=100,,,,,,,,,,,,,,,Johan &quot;Party Cannon&quot; Andrén,,,,,,,,,,,,
0,ktoso,,https://avatars3.githubusercontent.com/u/120979?v=3&amp;s=100,,,,,,,,,,,,,,,Konrad `ktoso` Malawski,,,,,,@akka core team,,,,,,
0,mickaelbaron,,https://avatars2.githubusercontent.com/u/3843677?v=3&amp;s=100,,,,,,,,,,,,,,,Mickael BARON,,,,,,Research engineer in computer science at LIAS / ISAE-ENSMA laboratory the day. Team Leader of the Java zone of http://www.developpez.com the night.,,,,,,
0,geemus,,https://avatars3.githubusercontent.com/u/4138?v=3&amp;s=100,,,,,,,,,,,,,,,Wesley Beary,,,,,,,,,,,,
0,junegunn,,https://avatars1.githubusercontent.com/u/700826?v=3&amp;s=100,,,,,,,,,,,,,,,Junegunn Choi,,,,,,,,,,,,
0,mycure,,https://avatars2.githubusercontent.com/u/2540098?v=3&amp;s=100,,,,,,,,,,,,,,,Julien Quintard,,,,,,"Member of Technical Staff at Docker, formerly CEO at Infinit, in charge of the Infinit storage platform (http://infinit.sh)",,,,,,
0,renarj,,https://avatars1.githubusercontent.com/u/3428222?v=3&amp;s=100,,,,,,,,,,,,,,,Renze de Vries,,,,,,"Natural tinkerer, busy with all kind of things like robotics, Java, IoT and NoSQL and a lot more",,,,,,
0,akarnokd,,https://avatars2.githubusercontent.com/u/1269832?v=3&amp;s=100,,,,,,,,,,,,,,,David Karnok,,,,,,,,,,,,
0,bijukunjummen,,https://avatars3.githubusercontent.com/u/390605?v=3&amp;s=100,,,,,,,,,,,,,,,Biju Kunjummen,,,,,,,,,,,,
0,nathanleclaire,,https://avatars2.githubusercontent.com/u/1476820?v=3&amp;s=100,,,,,,,,,,,,,,,Nathan LeClaire,,,,,,,,,,,,
0,yegor256,,https://avatars2.githubusercontent.com/u/526301?v=3&amp;s=100,,,,,,,,,,,,,,,Yegor Bugayenko,,,,,,Author of &quot;Elegant Objects&quot; book (buy it on Amazon),,,,,,
0,jamtur01,,https://avatars3.githubusercontent.com/u/4365?v=3&amp;s=100,,,,,,,,,,,,,,,James Turnbull,,,,,,"Australian author. CTO at Empatico. Previously CTO Kickstarter, OG Docker &amp; Puppet. Likes tattoos, wine, and good food.",,,,,,
