﻿login,score,avatar_url,id,gravatar_id,html_url,url,following_url,followers_url,starred_url,gists_url,organizations_url,subscriptions_url,events_url,repos_url,received_events_url,type,bio,site_admin,public_repos,name,public_gists,company,followers,blog,following,location,created_at,email,updated_at,hireable
felipetirus,0,https://avatars1.githubusercontent.com/u/4377427?v=3&amp;s=100,,,,,,,,,,,,,,,,,,felipetirus,,,,,,,,,,
jfelix10,0,https://avatars3.githubusercontent.com/u/24611275?v=3&amp;s=100,,,,,,,,,,,,,,,,,,jfelix10,,,,,,,,,,
BFush,0,https://avatars3.githubusercontent.com/u/23432645?v=3&amp;s=100,,,,,,,,,,,,,,,Research graduate at Stanford University specializing in Natural Language Processing and Linguistics. Previously: Kilgraston School. Please follow me. 😄 ,,,Brisnee Fush,,,,,,,,,,
huruji,0,https://avatars3.githubusercontent.com/u/15937065?v=3&amp;s=100,,,,,,,,,,,,,,,以梦为码，仗键天涯。,,,忽如寄,,,,,,,,,,
luisjnk,0,https://avatars0.githubusercontent.com/u/4520412?v=3&amp;s=100,,,,,,,,,,,,,,,,,,Luís Paulo,,,,,,,,,,
AndiChiou,0,https://avatars2.githubusercontent.com/u/23460812?v=3&amp;s=100,,,,,,,,,,,,,,,High school student @bartlett-high-school,,,Andi Chiou,,,,,,,,,,
filipeseiti,0,https://avatars3.githubusercontent.com/u/24640812?v=3&amp;s=100,,,,,,,,,,,,,,,,,,Filipe Nakamura,,,,,,,,,,
edu-bot,0,https://avatars0.githubusercontent.com/u/23435604?v=3&amp;s=100,,,,,,,,,,,,,,,,,,Edu Bot,,,,,,,,,,
fsalencar,0,https://avatars2.githubusercontent.com/u/23104266?v=3&amp;s=100,,,,,,,,,,,,,,,,,,Felipe Alencar,,,,,,,,,,
Vermisse,0,https://avatars2.githubusercontent.com/u/17972943?v=3&amp;s=100,,,,,,,,,,,,,,,Java、Scala、Clojure,,,Sunki,,,,,,,,,,
MarciaMartins,0,https://avatars0.githubusercontent.com/u/15852516?v=3&amp;s=100,,,,,,,,,,,,,,,,,,MarciaMartins,,,,,,,,,,
cardinot,0,https://avatars2.githubusercontent.com/u/4231565?v=3&amp;s=100,,,,,,,,,,,,,,,,,,Marcos Cardinot,,,,,,,,,,
sonusindhu,0,https://avatars2.githubusercontent.com/u/4919309?v=3&amp;s=100,,,,,,,,,,,,,,,Expert Laravel 5 Developer,,,Sonu Sindhu,,,,,,,,,,
ciervogris,0,https://avatars1.githubusercontent.com/u/14133083?v=3&amp;s=100,,,,,,,,,,,,,,,,,,Laura ,,,,,,,,,,
976500133,0,https://avatars0.githubusercontent.com/u/5755720?v=3&amp;s=100,,,,,,,,,,,,,,,前端开发/iOS 开发/Node开发工程师,,,Baron.Liu,,,,,,,,,,
SnehaRane,0,https://avatars3.githubusercontent.com/u/10234186?v=3&amp;s=100,,,,,,,,,,,,,,,,,,Sneha Rane,,,,,,,,,,
WilberTian,0,https://avatars1.githubusercontent.com/u/5880320?v=3&amp;s=100,,,,,,,,,,,,,,,,,,Wilber,,,,,,,,,,
myuanyuan,0,https://avatars3.githubusercontent.com/u/22052330?v=3&amp;s=100,,,,,,,,,,,,,,,,,,myuanyuan,,,,,,,,,,
gintern,0,https://avatars2.githubusercontent.com/u/20753788?v=3&amp;s=100,,,,,,,,,,,,,,,"B.Tech at MIT, 2010;  Help me in development. Google Intern, 2016 :smile: ",,,Michelle Isterya,,,,,,,,,,
WeltonAvila,0,https://avatars3.githubusercontent.com/u/23636304?v=3&amp;s=100,,,,,,,,,,,,,,,,,,WeltonAvila,,,,,,,,,,
theuves,0,https://avatars1.githubusercontent.com/u/10136242?v=3&amp;s=100,,,,,,,,,,,,,,,:hand::earth_americas::heavy_exclamation_mark:,,,Matheus Alves,,,,,,,,,,
dmorais2012,0,https://avatars0.githubusercontent.com/u/2431577?v=3&amp;s=100,,,,,,,,,,,,,,,,,,Darcy Neto,,,,,,,,,,
AnaaGabriel,0,https://avatars1.githubusercontent.com/u/16261751?v=3&amp;s=100,,,,,,,,,,,,,,,,,,Ana Paula Gabriel,,,,,,,,,,
TatianeGomes01,0,https://avatars1.githubusercontent.com/u/23246148?v=3&amp;s=100,,,,,,,,,,,,,,,,,,TatianeGomes01,,,,,,,,,,
octocat,0,https://avatars0.githubusercontent.com/u/583231?v=3&amp;s=100,,,,,,,,,,,,,,,,,,The Octocat,,,,,,,,,,
tomnunes,0,https://avatars3.githubusercontent.com/u/752959?v=3&amp;s=100,,,,,,,,,,,,,,,,,,Thomas Nunes,,,,,,,,,,
jaydson,0,https://avatars1.githubusercontent.com/u/72206?v=3&amp;s=100,,,,,,,,,,,,,,,"@BrazilJS co-founder, @NascHQ co-founder, JavaScript developer",,,Jaydson Gomes,,,,,,,,,,
izabalves,0,https://avatars0.githubusercontent.com/u/23087672?v=3&amp;s=100,,,,,,,,,,,,,,,,,,Izabela,,,,,,,,,,
ericelliott,0,https://avatars2.githubusercontent.com/u/364727?v=3&amp;s=100,,,,,,,,,,,,,,,"Eric Elliott is the author of “Programming JavaScript Applications” (O’Reilly). He has contributed to software experiences for Adobe, Zumba, BBC, Usher, etc...",,,Eric Elliott,,,,,,,,,,
feross,0,https://avatars0.githubusercontent.com/u/121766?v=3&amp;s=100,,,,,,,,,,,,,,,⭐⭐⭐⭐⭐ Mad Scientist,,,Feross Aboukhadijeh,,,,,,,,,,
loiane,0,https://avatars3.githubusercontent.com/u/59545?v=3&amp;s=100,,,,,,,,,,,,,,,Love Java and JavaScript/HTML5. Full Stack developer at Citi. Published author (PacktPub). Tech articles (loiane.com) and video courses (loiane.training),,,Loiane Groner,,,,,,,,,,
emiloberg,0,https://avatars0.githubusercontent.com/u/4673048?v=3&amp;s=100,,,,,,,,,,,,,,,"I&#39;m a brain for hire (also known as a consultant) for software developing businesses. Javascript, React, management consultant.",,,Emil Öberg,,,,,,,,,,
Pinablink,0,https://avatars0.githubusercontent.com/u/22502207?v=3&amp;s=100,,,,,,,,,,,,,,,,,,Pinablink,,,,,,,,,,
WendellAdriel,0,https://avatars1.githubusercontent.com/u/11641518?v=3&amp;s=100,,,,,,,,,,,,,,,,,,Wendell Adriel,,,,,,,,,,
tmmorimoto,0,https://avatars2.githubusercontent.com/u/6499905?v=3&amp;s=100,,,,,,,,,,,,,,,,,,Tatiana Morimoto,,,,,,,,,,
torto,0,https://avatars3.githubusercontent.com/u/6430518?v=3&amp;s=100,,,,,,,,,,,,,,,,,,Guilherme Costa Berghauser,,,,,,,,,,
TL-Developer,0,https://avatars2.githubusercontent.com/u/4465962?v=3&amp;s=100,,,,,,,,,,,,,,,,,,Tiago Lima,,,,,,,,,,
raphaklaus,0,https://avatars2.githubusercontent.com/u/901936?v=3&amp;s=100,,,,,,,,,,,,,,,,,,Raphael D. Pinheiro,,,,,,,,,,
italodom,0,https://avatars0.githubusercontent.com/u/1019872?v=3&amp;s=100,,,,,,,,,,,,,,,,,,Italo Domingues,,,,,,,,,,
danilo-drs,0,https://avatars0.githubusercontent.com/u/20716736?v=3&amp;s=100,,,,,,,,,,,,,,,,,,Danilo Ribeiro,,,,,,,,,,
dorota-owczarek,0,https://avatars3.githubusercontent.com/u/10098644?v=3&amp;s=100,,,,,,,,,,,,,,,,,,Dorota Owczarek,,,,,,,,,,
blendin,0,https://avatars1.githubusercontent.com/u/20363764?v=3&amp;s=100,,,,,,,,,,,,,,,,,,blendin,,,,,,,,,,
brunocvcunha,0,https://avatars2.githubusercontent.com/u/3207647?v=3&amp;s=100,,,,,,,,,,,,,,,☕️  💻  ,,,Bruno Candido Volpato da Cunha,,,,,,,,,,
mgwhitfield,0,https://avatars1.githubusercontent.com/u/2973130?v=3&amp;s=100,,,,,,,,,,,,,,,,,,Mike W,,,,,,,,,,
serialseb,0,https://avatars2.githubusercontent.com/u/212039?v=3&amp;s=100,,,,,,,,,,,,,,,,,,Sebastien Lambla,,,,,,,,,,
cusspvz,0,https://avatars2.githubusercontent.com/u/3604053?v=3&amp;s=100,,,,,,,,,,,,,,,"full-stack developer, ui/ux designer, musician &amp; diy entusiast",,,José Moreira,,,,,,,,,,
cezarant,0,https://avatars0.githubusercontent.com/u/1169761?v=3&amp;s=100,,,,,,,,,,,,,,,"Backend Developer CSharp.Net . But with interest in nodejs and Android Native. I very interested in projects that deal with music, politics and automation.  ",,,Cezar Antônio ,,,,,,,,,,
brunocasanova,0,https://avatars3.githubusercontent.com/u/4107768?v=3&amp;s=100,,,,,,,,,,,,,,,,,,Bruno Casanova,,,,,,,,,,
angusshire,0,https://avatars1.githubusercontent.com/u/5877145?v=3&amp;s=100,,,,,,,,,,,,,,,Available for part-time or freelance work.,,,Angus H.,,,,,,,,,,
sibelius,0,https://avatars0.githubusercontent.com/u/2005841?v=3&amp;s=100,,,,,,,,,,,,,,,Full Stack Developer #reactnative #redux #relay #graphql #webpack #koa #react,,,Sibelius Seraphini,,,,,,,,,,
GinesOrtiz,0,https://avatars0.githubusercontent.com/u/3239559?v=3&amp;s=100,,,,,,,,,,,,,,,,,,Gines,,,,,,,,,,
