﻿score,login,id,avatar_url,gravatar_id,url,html_url,followers_url,following_url,gists_url,starred_url,subscriptions_url,organizations_url,repos_url,events_url,received_events_url,type,site_admin,name,company,blog,location,email,hireable,bio,public_repos,public_gists,followers,following,created_at,updated_at
0,AndiChiou,,https://avatars2.githubusercontent.com/u/23460812?v=3&amp;s=100,,,,,,,,,,,,,,,Andi Chiou,,,,,,High school student @bartlett-high-school,,,,,,
0,huruji,,https://avatars3.githubusercontent.com/u/15937065?v=3&amp;s=100,,,,,,,,,,,,,,,忽如寄,,,,,,以梦为码，仗键天涯。,,,,,,
0,BFush,,https://avatars3.githubusercontent.com/u/23432645?v=3&amp;s=100,,,,,,,,,,,,,,,Brisnee Fush,,,,,,Research graduate at Stanford University specializing in Natural Language Processing and Linguistics. Previously: Kilgraston School. Please follow me. 😄 ,,,,,,
0,myuanyuan,,https://avatars3.githubusercontent.com/u/22052330?v=3&amp;s=100,,,,,,,,,,,,,,,myuanyuan,,,,,,,,,,,,
0,Vermisse,,https://avatars2.githubusercontent.com/u/17972943?v=3&amp;s=100,,,,,,,,,,,,,,,Sunki,,,,,,Java、Scala、Clojure,,,,,,
0,RuiAAPeres,,https://avatars2.githubusercontent.com/u/949286?v=3&amp;s=100,,,,,,,,,,,,,,,Rui Peres,,,,,,Lead Software Engineer @BabylonHealth | Open Source &amp; FRP zealot | Proud @ReactiveCocoa core member,,,,,,
0,Krishna,,https://avatars1.githubusercontent.com/u/1164?v=3&amp;s=100,,,,,,,,,,,,,,,Krishna,,,,,,,,,,,,
0,mozgbrasil,,https://avatars1.githubusercontent.com/u/17202780?v=3&amp;s=100,,,,,,,,,,,,,,,mozgbrasil,,,,,,Comercializamos módulos para Magento / Nossa motivação é atender o mercado de módulos para Magento oferecendo melhorias e um excelente suporte,,,,,,
0,apache2046,,https://avatars0.githubusercontent.com/u/1034542?v=3&amp;s=100,,,,,,,,,,,,,,,apache2046,,,,,,,,,,,,
0,brunocvcunha,,https://avatars2.githubusercontent.com/u/3207647?v=3&amp;s=100,,,,,,,,,,,,,,,Bruno Candido Volpato da Cunha,,,,,,☕️  💻  ,,,,,,
0,gintern,,https://avatars2.githubusercontent.com/u/20753788?v=3&amp;s=100,,,,,,,,,,,,,,,Michelle Isterya,,,,,,"B.Tech at MIT, 2010;  Help me in development. Google Intern, 2016 :smile: ",,,,,,
0,ashfurrow,,https://avatars2.githubusercontent.com/u/498212?v=3&amp;s=100,,,,,,,,,,,,,,,Ash Furrow,,,,,,Writing software with my whole heart.,,,,,,
0,larromba,,https://avatars0.githubusercontent.com/u/676915?v=3&amp;s=100,,,,,,,,,,,,,,,Lee,,,,,,,,,,,,
0,GMoHughes,,https://avatars0.githubusercontent.com/u/19388108?v=3&amp;s=100,,,,,,,,,,,,,,,GMoHughes,,,,,,,,,,,,
0,jorgecoelho,,https://avatars0.githubusercontent.com/u/246612?v=3&amp;s=100,,,,,,,,,,,,,,,Rod,,,,,,,,,,,,
0,babylon-jenkins,,https://avatars3.githubusercontent.com/u/10939259?v=3&amp;s=100,,,,,,,,,,,,,,,babylon-jenkins,,,,,,,,,,,,
0,florent-babylon,,https://avatars2.githubusercontent.com/u/17702332?v=3&amp;s=100,,,,,,,,,,,,,,,Florent Delannoy,,,,,,,,,,,,
0,daniloaliberti,,https://avatars0.githubusercontent.com/u/17405823?v=3&amp;s=100,,,,,,,,,,,,,,,Danilo Aliberti,,,,,,,,,,,,
0,maciejtrybilo,,https://avatars0.githubusercontent.com/u/1718852?v=3&amp;s=100,,,,,,,,,,,,,,,Maciej Trybilo,,,,,,,,,,,,
0,Winawer,,https://avatars0.githubusercontent.com/u/768583?v=3&amp;s=100,,,,,,,,,,,,,,,Steven Hamblin,,,,,,,,,,,,
0,leah,,https://avatars2.githubusercontent.com/u/45870?v=3&amp;s=100,,,,,,,,,,,,,,,Leah Culver,,,,,,,,,,,,
0,rnystrom,,https://avatars2.githubusercontent.com/u/739696?v=3&amp;s=100,,,,,,,,,,,,,,,Ryan Nystrom,,,,,,iOS Engineer @Instagram ,,,,,,
0,PresidentObamaBot,,https://avatars0.githubusercontent.com/u/6955413?v=3&amp;s=100,,,,,,,,,,,,,,,President Obama Bot,,,,,,,,,,,,
0,cnoon,,https://avatars0.githubusercontent.com/u/169110?v=3&amp;s=100,,,,,,,,,,,,,,,Christian Noon,,,,,,Principal Engineer at @Nike-Inc. Swift enthusiast and active OSS contributor.,,,,,,
0,Dan2552,,https://avatars0.githubusercontent.com/u/1478221?v=3&amp;s=100,,,,,,,,,,,,,,,Daniel Inkpen,,,,,,,,,,,,
0,sebastienpires,,https://avatars3.githubusercontent.com/u/5293540?v=3&amp;s=100,,,,,,,,,,,,,,,Sebastien Pires,,,,,,,,,,,,
0,tomkadwill,,https://avatars3.githubusercontent.com/u/907365?v=3&amp;s=100,,,,,,,,,,,,,,,Tom Kadwill,,,,,,,,,,,,
0,mattt,,https://avatars0.githubusercontent.com/u/7659?v=3&amp;s=100,,,,,,,,,,,,,,,Mattt,,,,,,,,,,,,
0,incanus,,https://avatars0.githubusercontent.com/u/17722?v=3&amp;s=100,,,,,,,,,,,,,,,Justin R. Miller,,,,,,"@Mapbox, mostly doing iOS &amp; Android dev &amp; strategy. Past: OS X indie software, LAMP &amp; mail devops, PHP/Drupal dev, web hosting industry, serial entrepreneur. ",,,,,,
0,jfirebaugh,,https://avatars2.githubusercontent.com/u/98601?v=3&amp;s=100,,,,,,,,,,,,,,,John Firebaugh,,,,,,,,,,,,
0,va3093,,https://avatars2.githubusercontent.com/u/8058892?v=3&amp;s=100,,,,,,,,,,,,,,,Wilhlem Van Der Walt,,,,,,,,,,,,
0,dsaliberti,,https://avatars2.githubusercontent.com/u/469209?v=3&amp;s=100,,,,,,,,,,,,,,,Danilo Soares Aliberti,,,,,,,,,,,,
0,lukabratos,,https://avatars0.githubusercontent.com/u/3057261?v=3&amp;s=100,,,,,,,,,,,,,,,Luka Bratos,,,,,,,,,,,,
