﻿score,login,id,avatar_url,html_url,gravatar_id,followers_url,url,following_url,gists_url,starred_url,subscriptions_url,organizations_url,repos_url,events_url,received_events_url,type,site_admin,name,company,blog,location,email,hireable,bio,public_repos,public_gists,followers,following,created_at,updated_at
0,AndiChiou,,https://avatars2.githubusercontent.com/u/23460812?v=3&amp;s=100,,,,,,,,,,,,,,,Andi Chiou,,,,,,High school student @bartlett-high-school,,,,,,
0,BFush,,https://avatars3.githubusercontent.com/u/23432645?v=3&amp;s=100,,,,,,,,,,,,,,,Brisnee Fush,,,,,,Research graduate at Stanford University specializing in Natural Language Processing and Linguistics. Previously: Kilgraston School. Please follow me. 😄 ,,,,,,
0,SnehaRane,,https://avatars3.githubusercontent.com/u/10234186?v=3&amp;s=100,,,,,,,,,,,,,,,Sneha Rane,,,,,,,,,,,,
0,Vermisse,,https://avatars2.githubusercontent.com/u/17972943?v=3&amp;s=100,,,,,,,,,,,,,,,Sunki,,,,,,Java、Scala、Clojure,,,,,,
0,tccpc,,https://avatars1.githubusercontent.com/u/21104716?v=3&amp;s=100,,,,,,,,,,,,,,,天寒,,,,,,Web Front-End,,,,,,
0,cloudwu,,https://avatars2.githubusercontent.com/u/729648?v=3&amp;s=100,,,,,,,,,,,,,,,云风,,,,,,,,,,,,
0,chenyoufu,,https://avatars2.githubusercontent.com/u/7324573?v=3&amp;s=100,,,,,,,,,,,,,,,比特,,,,,,Specilize in C/Python/Go/Lua/,,,,,,
0,yayuntian,,https://avatars2.githubusercontent.com/u/2228382?v=3&amp;s=100,,,,,,,,,,,,,,,yayuntian,,,,,,keep moving,,,,,,
0,myuanyuan,,https://avatars3.githubusercontent.com/u/22052330?v=3&amp;s=100,,,,,,,,,,,,,,,myuanyuan,,,,,,,,,,,,
0,chenshuo,,https://avatars0.githubusercontent.com/u/231074?v=3&amp;s=100,,,,,,,,,,,,,,,Shuo Chen,,,,,,,,,,,,
0,miloyip,,https://avatars1.githubusercontent.com/u/1195774?v=3&amp;s=100,,,,,,,,,,,,,,,Milo Yip,,,,,,,,,,,,
0,brunocvcunha,,https://avatars2.githubusercontent.com/u/3207647?v=3&amp;s=100,,,,,,,,,,,,,,,Bruno Candido Volpato da Cunha,,,,,,☕️  💻  ,,,,,,
0,gintern,,https://avatars2.githubusercontent.com/u/20753788?v=3&amp;s=100,,,,,,,,,,,,,,,Michelle Isterya,,,,,,"B.Tech at MIT, 2010;  Help me in development. Google Intern, 2016 :smile: ",,,,,,
0,vczh,,https://avatars3.githubusercontent.com/u/773569?v=3&amp;s=100,,,,,,,,,,,,,,,Zihan Chen,,,,,,Programmer with no technology bias. Main contributor of @vczh-libraries  .,,,,,,
0,Trinea,,https://avatars1.githubusercontent.com/u/1169522?v=3&amp;s=100,,,,,,,,,,,,,,,Trinea,,,,,,www.codekk.com,,,,,,
