﻿login,score,avatar_url,id,gravatar_id,html_url,url,followers_url,gists_url,following_url,starred_url,site_admin,subscriptions_url,blog,organizations_url,hireable,repos_url,public_gists,events_url,followers,received_events_url,updated_at,type,name,company,location,email,bio,public_repos,following,created_at
argonlaser,0,https://avatars0.githubusercontent.com/u/4816430?v=3&amp;s=100,,,,,,,,,,,,,,,,,,,,,Venkata Krishna.S,,,,I am a very passionate developer interested in developing software that could solve a real life problem or could entirely change a way something is used. ,,,
TheDeepThinker,0,https://avatars0.githubusercontent.com/u/22838822?v=3&amp;s=100,,,,,,,,,,,,,,,,,,,,,Sky of Stars,,,,,,,
edu-bot,0,https://avatars0.githubusercontent.com/u/23435604?v=3&amp;s=100,,,,,,,,,,,,,,,,,,,,,Edu Bot,,,,,,,
BFush,0,https://avatars3.githubusercontent.com/u/23432645?v=3&amp;s=100,,,,,,,,,,,,,,,,,,,,,Brisnee Fush,,,,Research graduate at Stanford University specializing in Natural Language Processing and Linguistics. Previously: Kilgraston School. Please follow me. 😄 ,,,
AndiChiou,0,https://avatars2.githubusercontent.com/u/23460812?v=3&amp;s=100,,,,,,,,,,,,,,,,,,,,,Andi Chiou,,,,High school student @bartlett-high-school,,,
chenyoufu,0,https://avatars2.githubusercontent.com/u/7324573?v=3&amp;s=100,,,,,,,,,,,,,,,,,,,,,比特,,,,Specilize in C/Python/Go/Lua/,,,
yfgeek,0,https://avatars2.githubusercontent.com/u/7533831?v=3&amp;s=100,,,,,,,,,,,,,,,,,,,,,Ivan,,,,,,,
ReidHolmes,0,https://avatars3.githubusercontent.com/u/17958554?v=3&amp;s=100,,,,,,,,,,,,,,,,,,,,,Reidholmes,,,,,,,
myuanyuan,0,https://avatars3.githubusercontent.com/u/22052330?v=3&amp;s=100,,,,,,,,,,,,,,,,,,,,,myuanyuan,,,,,,,
chongbenben,0,https://avatars0.githubusercontent.com/u/21237518?v=3&amp;s=100,,,,,,,,,,,,,,,,,,,,,种奔奔,,,,FEE in China.,,,
yayuntian,0,https://avatars2.githubusercontent.com/u/2228382?v=3&amp;s=100,,,,,,,,,,,,,,,,,,,,,yayuntian,,,,keep moving,,,
zhiaixuexi,0,https://avatars3.githubusercontent.com/u/11385718?v=3&amp;s=100,,,,,,,,,,,,,,,,,,,,,xiao.luo,,,,"ClearClouds memeber, specialize in java",,,
RealityDaemon,0,https://avatars0.githubusercontent.com/u/10622317?v=3&amp;s=100,,,,,,,,,,,,,,,,,,,,,RealityDaemon,,,,,,,
answershuto,0,https://avatars1.githubusercontent.com/u/17812136?v=3&amp;s=100,,,,,,,,,,,,,,,,,,,,,染陌同学,,,,前端开发者，嵌入式应用软件工程师。,,,
kangax,0,https://avatars0.githubusercontent.com/u/383?v=3&amp;s=100,,,,,,,,,,,,,,,,,,,,,Juriy Zaytsev,,,,"Ever tried, ever failed, no matter. Try again, fail again, fail better.",,,
lucasbento,0,https://avatars3.githubusercontent.com/u/6207220?v=3&amp;s=100,,,,,,,,,,,,,,,,,,,,,Lucas Bento,,,,"Full-stack developer building amazing apps with #react, #reactnative, #relay, #webpack, #graphql &amp; #koa",,,
naruto227,0,https://avatars3.githubusercontent.com/u/16680574?v=3&amp;s=100,,,,,,,,,,,,,,,,,,,,,Michael Allan,,,,,,,
haoranw,0,https://avatars0.githubusercontent.com/u/17819258?v=3&amp;s=100,,,,,,,,,,,,,,,,,,,,,haoran,,,,Show me your code,,,
AeronStory,0,https://avatars2.githubusercontent.com/u/22915694?v=3&amp;s=100,,,,,,,,,,,,,,,,,,,,,mohammad,,,,,,,
Mrzeron,0,https://avatars0.githubusercontent.com/u/17607933?v=3&amp;s=100,,,,,,,,,,,,,,,,,,,,,Binging,,,,"your happy passer-by all knows,  my distressed there is no place hides",,,
qiyian,0,https://avatars0.githubusercontent.com/u/21237528?v=3&amp;s=100,,,,,,,,,,,,,,,,,,,,,琪艺安,,,,万丈阴霾总有一束阳光透彻心底☀,,,
Vermisse,0,https://avatars2.githubusercontent.com/u/17972943?v=3&amp;s=100,,,,,,,,,,,,,,,,,,,,,Sunki,,,,Java、Scala、Clojure,,,
LIUBOliubo,0,https://avatars0.githubusercontent.com/u/22049190?v=3&amp;s=100,,,,,,,,,,,,,,,,,,,,,Elf Code,,,,"（The biggest regret in life is to insist on the shouldn&#39;t insist, give up easily shouldn&#39;t give up!）人生最大的遗憾就是坚持了不该坚持的，轻易地放弃了不该放弃的！",,,
SnehaRane,0,https://avatars3.githubusercontent.com/u/10234186?v=3&amp;s=100,,,,,,,,,,,,,,,,,,,,,Sneha Rane,,,,,,,
tccpc,0,https://avatars1.githubusercontent.com/u/21104716?v=3&amp;s=100,,,,,,,,,,,,,,,,,,,,,天寒,,,,Web Front-End,,,
getify,0,https://avatars1.githubusercontent.com/u/150330?v=3&amp;s=100,,,,,,,,,,,,,,,,,,,,,Kyle Simpson,,,,"Kyle Simpson is an evangelist of the open web, passionate about all things JavaScript. He writes books, teaches JS, speaks, and contributes to the world of OSS.",,,
rwaldron,0,https://avatars3.githubusercontent.com/u/27985?v=3&amp;s=100,,,,,,,,,,,,,,,,,,,,,Rick Waldron,,,,,,,
dengyi1992,0,https://avatars3.githubusercontent.com/u/13898604?v=3&amp;s=100,,,,,,,,,,,,,,,,,,,,,dengyi1992,,,,为码痴狂,,,
sindresorhus,0,https://avatars2.githubusercontent.com/u/170270?v=3&amp;s=100,,,,,,,,,,,,,,,,,,,,,Sindre Sorhus,,,,,,,
discobeta,0,https://avatars2.githubusercontent.com/u/6441098?v=3&amp;s=100,,,,,,,,,,,,,,,,,,,,,Asaf Klibansky,,,,All your base are belong to us,,,
eddavisson,0,https://avatars0.githubusercontent.com/u/2954278?v=3&amp;s=100,,,,,,,,,,,,,,,,,,,,,eddavisson,,,,,,,
eburley,0,https://avatars2.githubusercontent.com/u/587274?v=3&amp;s=100,,,,,,,,,,,,,,,,,,,,,eburley,,,,,,,
eaenet,0,https://avatars2.githubusercontent.com/u/1753727?v=3&amp;s=100,,,,,,,,,,,,,,,,,,,,,Emil A Eklund (eae),,,,,,,
e-noyau,0,https://avatars3.githubusercontent.com/u/11412750?v=3&amp;s=100,,,,,,,,,,,,,,,,,,,,,Éric Noyau,,,,,,,
drott,0,https://avatars0.githubusercontent.com/u/1021784?v=3&amp;s=100,,,,,,,,,,,,,,,,,,,,,Dominik Röttsches,,,,,,,
drigz,0,https://avatars1.githubusercontent.com/u/632207?v=3&amp;s=100,,,,,,,,,,,,,,,,,,,,,Rodrigo Queiro,,,,,,,
drieber,0,https://avatars2.githubusercontent.com/u/20935162?v=3&amp;s=100,,,,,,,,,,,,,,,,,,,,,drieber,,,,,,,
Dominator008,0,https://avatars0.githubusercontent.com/u/1403453?v=3&amp;s=100,,,,,,,,,,,,,,,,,,,,,Michael Zhou,,,,Free and Open Source Software Developer,,,
dogben,0,https://avatars3.githubusercontent.com/u/13526652?v=3&amp;s=100,,,,,,,,,,,,,,,,,,,,,dogben,,,,,,,
dmishe,0,https://avatars2.githubusercontent.com/u/99983?v=3&amp;s=100,,,,,,,,,,,,,,,,,,,,,Dmitry Shevchenko,,,,,,,
dmho418,0,https://avatars3.githubusercontent.com/u/10499909?v=3&amp;s=100,,,,,,,,,,,,,,,,,,,,,dmho418,,,,,,,
dmcc,0,https://avatars3.githubusercontent.com/u/637285?v=3&amp;s=100,,,,,,,,,,,,,,,,,,,,,David McClosky,,,,,,,
dlj-NaN,0,https://avatars2.githubusercontent.com/u/17623044?v=3&amp;s=100,,,,,,,,,,,,,,,,,,,,,dlj-NaN,,,,,,,
dlevy47,0,https://avatars3.githubusercontent.com/u/10094831?v=3&amp;s=100,,,,,,,,,,,,,,,,,,,,,David Levy,,,,,,,
dlc,0,https://avatars3.githubusercontent.com/u/2796?v=3&amp;s=100,,,,,,,,,,,,,,,,,,,,,Darren Chamberlain,,,,,,,
dgay42,0,https://avatars0.githubusercontent.com/u/1934112?v=3&amp;s=100,,,,,,,,,,,,,,,,,,,,,dgay42,,,,,,,
deepaklukose,0,https://avatars1.githubusercontent.com/u/17751169?v=3&amp;s=100,,,,,,,,,,,,,,,,,,,,,deepaklukose,,,,,,,
deanscarff,0,https://avatars0.githubusercontent.com/u/7675890?v=3&amp;s=100,,,,,,,,,,,,,,,,,,,,,deanscarff,,,,,,,
dbort,0,https://avatars3.githubusercontent.com/u/3828995?v=3&amp;s=100,,,,,,,,,,,,,,,,,,,,,dbort,,,,,,,
dbarella,0,https://avatars2.githubusercontent.com/u/1514497?v=3&amp;s=100,,,,,,,,,,,,,,,,,,,,,Daniel Barella,,,,,,,
davidsoergel,0,https://avatars2.githubusercontent.com/u/1347381?v=3&amp;s=100,,,,,,,,,,,,,,,,,,,,,David Soergel,,,,,,,
