﻿score,login,id,gravatar_id,avatar_url,html_url,url,gists_url,followers_url,starred_url,following_url,subscriptions_url,organizations_url,repos_url,events_url,received_events_url,type,site_admin,name,company,blog,location,email,hireable,bio,public_repos,public_gists,followers,following,created_at,updated_at
0,TimothyGu,,,https://avatars2.githubusercontent.com/u/1538624?v=3&amp;s=100,,,,,,,,,,,,,,Timothy Gu,,,,,,"Half-time hacker, full-time learner. Maintainer of a bunch of tools like @pugjs, while being contributors to many others.",,,,,,
0,SEJeff,,,https://avatars3.githubusercontent.com/u/4603?v=3&amp;s=100,,,,,,,,,,,,,,Jeff Schroeder,,,,,,"Linux hacker by day, open source superhero by night!",,,,,,
0,cgwalters,,,https://avatars0.githubusercontent.com/u/244096?v=3&amp;s=100,,,,,,,,,,,,,,Colin Walters,,,,,,"Software engineer at Red Hat, Inc.",,,,,,
0,behdad,,,https://avatars2.githubusercontent.com/u/142891?v=3&amp;s=100,,,,,,,,,,,,,,Behdad Esfahbod,,,,,,,,,,,,
0,averi,,,https://avatars2.githubusercontent.com/u/1736767?v=3&amp;s=100,,,,,,,,,,,,,,Andrea Veri,,,,,,,,,,,,
0,stoked-zz,,,https://avatars2.githubusercontent.com/u/13973828?v=3&amp;s=100,,,,,,,,,,,,,,Amie Lynn,,,,,,,,,,,,
0,fengshaoyun1993,,,https://avatars0.githubusercontent.com/u/18023870?v=3&amp;s=100,,,,,,,,,,,,,,fengshaoyun1993,,,,,,,,,,,,
0,lxd117,,,https://avatars1.githubusercontent.com/u/20437066?v=3&amp;s=100,,,,,,,,,,,,,,lxd117,,,,,,,,,,,,
0,hutianyi123,,,https://avatars0.githubusercontent.com/u/20451667?v=3&amp;s=100,,,,,,,,,,,,,,hutianyi123,,,,,,,,,,,,
0,AeronStory,,,https://avatars2.githubusercontent.com/u/22915694?v=3&amp;s=100,,,,,,,,,,,,,,mohammad,,,,,,,,,,,,
0,DetectivSPIA,,,https://avatars0.githubusercontent.com/u/23164109?v=3&amp;s=100,,,,,,,,,,,,,,S.P.I.A. SECRET PRIVATE INVESTIGATIONS AGENCY ROMANIA ,,,,,,"S.P.I.A. is a leading provider of investigations and surveillance services in Romania, member of the W.A.D., I.K.D. and  A.N.D.R. @spiadetectiv ",,,,,,
0,Vermisse,,,https://avatars2.githubusercontent.com/u/17972943?v=3&amp;s=100,,,,,,,,,,,,,,Sunki,,,,,,Java、Scala、Clojure,,,,,,
0,AndiChiou,,,https://avatars2.githubusercontent.com/u/23460812?v=3&amp;s=100,,,,,,,,,,,,,,Andi Chiou,,,,,,High school student @bartlett-high-school,,,,,,
0,BFush,,,https://avatars3.githubusercontent.com/u/23432645?v=3&amp;s=100,,,,,,,,,,,,,,Brisnee Fush,,,,,,Research graduate at Stanford University specializing in Natural Language Processing and Linguistics. Previously: Kilgraston School. Please follow me. 😄 ,,,,,,
0,rfrancoise,,,https://avatars2.githubusercontent.com/u/49197?v=3&amp;s=100,,,,,,,,,,,,,,Romain Francoise,,,,,,,,,,,,
0,mcr,,,https://avatars3.githubusercontent.com/u/25774?v=3&amp;s=100,,,,,,,,,,,,,,Michael Richardson,,,,,,,,,,,,
0,infrastation,,,https://avatars3.githubusercontent.com/u/900115?v=3&amp;s=100,,,,,,,,,,,,,,Denis Ovsienko,,,,,,,,,,,,
0,guyharris,,,https://avatars0.githubusercontent.com/u/3599441?v=3&amp;s=100,,,,,,,,,,,,,,Guy Harris,,,,,,,,,,,,
0,Anloper,,,https://avatars3.githubusercontent.com/u/6406895?v=3&amp;s=100,,,,,,,,,,,,,,Anloper,,,,,,,,,,,,
0,MiterV1,,,https://avatars2.githubusercontent.com/u/13083132?v=3&amp;s=100,,,,,,,,,,,,,,Huang Lin,,,,,,,,,,,,
0,scottszb1987,,,https://avatars3.githubusercontent.com/u/6776723?v=3&amp;s=100,,,,,,,,,,,,,,feedfedfat,,,,,,,,,,,,
0,Viish,,,https://avatars3.githubusercontent.com/u/1561996?v=3&amp;s=100,,,,,,,,,,,,,,Sylvain Berfini,,,,,,Software Engineer &amp; Escape game creator,,,,,,
0,DatBewar,,,https://avatars3.githubusercontent.com/u/9055809?v=3&amp;s=100,,,,,,,,,,,,,,DatBewar,,,,,,,,,,,,
0,oej,,,https://avatars2.githubusercontent.com/u/20310?v=3&amp;s=100,,,,,,,,,,,,,,Olle E. Johansson,,,,,,,,,,,,
0,ngvoice,,,https://avatars3.githubusercontent.com/u/5746180?v=3&amp;s=100,,,,,,,,,,,,,,ng-voice GmbH,,,,,,,,,,,,
0,miconda,,,https://avatars0.githubusercontent.com/u/184809?v=3&amp;s=100,,,,,,,,,,,,,,Daniel-Constantin Mierla,,,,,,Co-Founder Kamailio SIP Server Project,,,,,,
0,luismartingil,,,https://avatars3.githubusercontent.com/u/1906859?v=3&amp;s=100,,,,,,,,,,,,,,Luis Martin Gil,,,,,,,,,,,,
0,ezdev128,,,https://avatars1.githubusercontent.com/u/10166012?v=3&amp;s=100,,,,,,,,,,,,,,Konstantin M.,,,,,,,,,,,,
0,eloycoto,,,https://avatars0.githubusercontent.com/u/868013?v=3&amp;s=100,,,,,,,,,,,,,,Eloy Coto,,,,,,,,,,,,
0,charlesrchance,,,https://avatars0.githubusercontent.com/u/3033729?v=3&amp;s=100,,,,,,,,,,,,,,Charles Chance,,,,,,,,,,,,
0,adubovikov,,,https://avatars2.githubusercontent.com/u/4513061?v=3&amp;s=100,,,,,,,,,,,,,,Alexandr Dubovikov,,,,,,,,,,,,
0,rfuchs,,,https://avatars2.githubusercontent.com/u/3227418?v=3&amp;s=100,,,,,,,,,,,,,,Richard Fuchs,,,,,,,,,,,,
0,linuxmaniac,,,https://avatars1.githubusercontent.com/u/63080?v=3&amp;s=100,,,,,,,,,,,,,,Victor Seva,,,,,,,,,,,,
0,apogrebennyk,,,https://avatars2.githubusercontent.com/u/1457534?v=3&amp;s=100,,,,,,,,,,,,,,apogrebennyk,,,,,,,,,,,,
0,agranig,,,https://avatars3.githubusercontent.com/u/888792?v=3&amp;s=100,,,,,,,,,,,,,,Andreas Granig,,,,,,,,,,,,
0,babosa,,,https://avatars0.githubusercontent.com/u/3848973?v=3&amp;s=100,,,,,,,,,,,,,,Babosa,,,,,,,,,,,,
0,xiyoulinux,,,https://avatars3.githubusercontent.com/u/12168057?v=3&amp;s=100,,,,,,,,,,,,,,西邮linux兴趣小组,,,,,,,,,,,,
0,idevelop,,,https://avatars1.githubusercontent.com/u/215035?v=3&amp;s=100,,,,,,,,,,,,,,Andrei Gheorghe,,,,,,,,,,,,
0,ethantw,,,https://avatars0.githubusercontent.com/u/31068?v=3&amp;s=100,,,,,,,,,,,,,,Chen Yijun,,,,,,,,,,,,
0,omo,,,https://avatars1.githubusercontent.com/u/20232?v=3&amp;s=100,,,,,,,,,,,,,,Hajime Morrita,,,,,,,,,,,,
0,chuckhays,,,https://avatars0.githubusercontent.com/u/1405600?v=3&amp;s=100,,,,,,,,,,,,,,Chuck Hays,,,,,,,,,,,,
0,willerce,,,https://avatars2.githubusercontent.com/u/357417?v=3&amp;s=100,,,,,,,,,,,,,,Willerce Zenn,,,,,,Work at @weixin ,,,,,,
0,littledu,,,https://avatars1.githubusercontent.com/u/1784673?v=3&amp;s=100,,,,,,,,,,,,,,littledu,,,,,,,,,,,,
0,linkkingjay,,,https://avatars2.githubusercontent.com/u/2505538?v=3&amp;s=100,,,,,,,,,,,,,,Link,,,,,,,,,,,,
0,hzlzh,,,https://avatars2.githubusercontent.com/u/1049575?v=3&amp;s=100,,,,,,,,,,,,,,hzlzh,,,,,,迷路的鸽子啊...,,,,,,
0,Damao,,,https://avatars0.githubusercontent.com/u/652276?v=3&amp;s=100,,,,,,,,,,,,,,bigCat,,,,,,Do it to die or never!,,,,,,
0,githcx,,,https://avatars1.githubusercontent.com/u/2312126?v=3&amp;s=100,,,,,,,,,,,,,,githcx,,,,,,,,,,,,
0,yaauie,,,https://avatars3.githubusercontent.com/u/210924?v=3&amp;s=100,,,,,,,,,,,,,,Ryan Biesemeyer,,,,,,,,,,,,
0,soveran,,,https://avatars1.githubusercontent.com/u/951?v=3&amp;s=100,,,,,,,,,,,,,,Michel Martens,,,,,,,,,,,,
0,pietern,,,https://avatars0.githubusercontent.com/u/9845?v=3&amp;s=100,,,,,,,,,,,,,,Pieter Noordhuis,,,,,,,,,,,,
0,mattsta,,,https://avatars3.githubusercontent.com/u/15594?v=3&amp;s=100,,,,,,,,,,,,,,Matt Stancliff,,,,,,,,,,,,
