﻿score,organizations_url,login,repos_url,id,events_url,avatar_url,received_events_url,gravatar_id,type,url,site_admin,html_url,name,followers_url,company,following_url,blog,gists_url,location,starred_url,email,subscriptions_url,hireable,bio,public_repos,public_gists,followers,following,created_at,updated_at
0,,yfgeek,,,,https://avatars2.githubusercontent.com/u/7533831?v=3&amp;s=100,,,,,,,Ivan,,,,,,,,,,,,,,,,,
0,,Kell-Wang,,,,https://avatars0.githubusercontent.com/u/13595807?v=3&amp;s=100,,,,,,,WXH,,,,,,,,,,,,,,,,,
0,,BFush,,,,https://avatars3.githubusercontent.com/u/23432645?v=3&amp;s=100,,,,,,,Brisnee Fush,,,,,,,,,,,Research graduate at Stanford University specializing in Natural Language Processing and Linguistics. Previously: Kilgraston School. Please follow me. 😄 ,,,,,,
0,,h4ck3rm1k3,,,,https://avatars1.githubusercontent.com/u/34903?v=3&amp;s=100,,,,,,,James Michael DuPont,,,,,,,,,,,,,,,,,
0,,JIN-Xi,,,,https://avatars3.githubusercontent.com/u/15793520?v=3&amp;s=100,,,,,,,Ester,,,,,,,,,,,,,,,,,
0,,dreamsk,,,,https://avatars3.githubusercontent.com/u/20657858?v=3&amp;s=100,,,,,,,Amos King,,,,,,,,,,,,,,,,,
0,,d87335903,,,,https://avatars3.githubusercontent.com/u/9124518?v=3&amp;s=100,,,,,,,sheldon shen,,,,,,,,,,,万事开头难，如果你做一件事，已经开头了，那么也就不那么难了.,,,,,,
0,,AndiChiou,,,,https://avatars2.githubusercontent.com/u/23460812?v=3&amp;s=100,,,,,,,Andi Chiou,,,,,,,,,,,High school student @bartlett-high-school,,,,,,
0,,samlau201601,,,,https://avatars3.githubusercontent.com/u/24406698?v=3&amp;s=100,,,,,,,samlau201601,,,,,,,,,,,,,,,,,
0,,adothraki,,,,https://avatars3.githubusercontent.com/u/6584483?v=3&amp;s=100,,,,,,,adothraki,,,,,,,,,,,,,,,,,
0,,vip18188,,,,https://avatars2.githubusercontent.com/u/22238184?v=3&amp;s=100,,,,,,,vip18188,,,,,,,,,,,,,,,,,
0,,mxfc,,,,https://avatars2.githubusercontent.com/u/12004190?v=3&amp;s=100,,,,,,,mxfc,,,,,,,,,,,,,,,,,
0,,CALTyang,,,,https://avatars2.githubusercontent.com/u/4888672?v=3&amp;s=100,,,,,,,Shawn Liu,,,,,,,,,,,normal level student.normal level programmer.,,,,,,
0,,venoral,,,,https://avatars1.githubusercontent.com/u/14950800?v=3&amp;s=100,,,,,,,venoral,,,,,,,,,,,List。,,,,,,
0,,welkinwong,,,,https://avatars2.githubusercontent.com/u/6650440?v=3&amp;s=100,,,,,,,Welkin Wong,,,,,,,,,,,,,,,,,
0,,gudegg,,,,https://avatars2.githubusercontent.com/u/13344666?v=3&amp;s=100,,,,,,,gude,,,,,,,,,,,Stay Hungry. Stay Foolish.,,,,,,
0,,code4craft,,,,https://avatars1.githubusercontent.com/u/1351884?v=3&amp;s=100,,,,,,,Yihua Huang,,,,,,,,,,,,,,,,,
0,,ShenJianShou,,,,https://avatars2.githubusercontent.com/u/18523657?v=3&amp;s=100,,,,,,,ShenJianShou,,,,,,,,,,,,,,,,,
0,,harryprince,,,,https://avatars2.githubusercontent.com/u/5362577?v=3&amp;s=100,,,,,,,HarryZhu,,,,,,,,,,,A markdown and sql developer...,,,,,,
0,,yamill,,,,https://avatars0.githubusercontent.com/u/755943?v=3&amp;s=100,,,,,,,Yamill Vallecillo,,,,,,,,,,,I make dope stuff,,,,,,
0,,feicien,,,,https://avatars3.githubusercontent.com/u/1282265?v=3&amp;s=100,,,,,,,程辉,,,,,,,,,,,,,,,,,
0,,devhyunjae,,,,https://avatars1.githubusercontent.com/u/12890257?v=3&amp;s=100,,,,,,,Hyunjae Park,,,,,,,,,,,Facebook Stack = React Relay GraphQL,,,,,,
0,,lisong,,,,https://avatars3.githubusercontent.com/u/1171518?v=3&amp;s=100,,,,,,,lisong,,,,,,,,,,,,,,,,,
0,,wenbinke,,,,https://avatars2.githubusercontent.com/u/482107?v=3&amp;s=100,,,,,,,Wenbin.Ke,,,,,,,,,,,Make life simple.,,,,,,
0,,silhouettes,,,,https://avatars0.githubusercontent.com/u/696206?v=3&amp;s=100,,,,,,,Richard Hua,,,,,,,,,,,,,,,,,
0,,debugcheck,,,,https://avatars3.githubusercontent.com/u/4171147?v=3&amp;s=100,,,,,,,debugMan,,,,,,,,,,,,,,,,,
0,,timzaak,,,,https://avatars3.githubusercontent.com/u/6149407?v=3&amp;s=100,,,,,,,timzaak,,,,,,,,,,,,,,,,,
0,,tdzl2003,,,,https://avatars3.githubusercontent.com/u/3185808?v=3&amp;s=100,,,,,,,DengYun,,,,,,,,,,,,,,,,,
0,,shdxiang,,,,https://avatars1.githubusercontent.com/u/3292609?v=3&amp;s=100,,,,,,,shdxiang,,,,,,,,,,,,,,,,,
0,,zhangweijie-cn,,,,https://avatars3.githubusercontent.com/u/7756507?v=3&amp;s=100,,,,,,,Zhang Weijie,,,,,,,,,,,,,,,,,
0,,scottoasis,,,,https://avatars2.githubusercontent.com/u/1461347?v=3&amp;s=100,,,,,,,Scott Wang,,,,,,,,,,,,,,,,,
0,,jjeffcaii,,,,https://avatars1.githubusercontent.com/u/1284892?v=3&amp;s=100,,,,,,,Jeff.Tsai,,,,,,,,,,,ʕ•̫͡•ʔ-̫͡-ʕ•͓͡•ʔ-̫͡-ʕ•̫͡•ʔ,,,,,,
0,,skv-headless,,,,https://avatars3.githubusercontent.com/u/1488195?v=3&amp;s=100,,,,,,,Eugene Sokovikov,,,,,,,,,,,,,,,,,
0,,cyqresig,,,,https://avatars3.githubusercontent.com/u/1388338?v=3&amp;s=100,,,,,,,HISAME SHIZUMARU,,,,,,,,,,,,,,,,,
0,,YouYII,,,,https://avatars1.githubusercontent.com/u/5754760?v=3&amp;s=100,,,,,,,Zhangyi,,,,,,,,,,,,,,,,,
0,,pmq20,,,,https://avatars2.githubusercontent.com/u/13315?v=3&amp;s=100,,,,,,,Minqi Pan,,,,,,,,,,,Hacker since age 12. Heavy user of C/C++ and Ruby. Majored in Mathematics. Bilingual in English and Chinese. Public Speaker.,,,,,,
0,,shaoshuai0102,,,,https://avatars3.githubusercontent.com/u/456108?v=3&amp;s=100,,,,,,,Shawn,,,,,,,,,,,,,,,,,
0,,Brooooooklyn,,,,https://avatars2.githubusercontent.com/u/3468483?v=3&amp;s=100,,,,,,,LongYinan,,,,,,,,,,,JavaScript / TypeScript,,,,,,
0,,GeniusVJR,,,,https://avatars1.githubusercontent.com/u/13393725?v=3&amp;s=100,,,,,,,陶程,,,,,,,,,,,VR &amp; Android Developer.,,,,,,
0,,leecade,,,,https://avatars3.githubusercontent.com/u/533360?v=3&amp;s=100,,,,,,,斯人,,,,,,,,,,,"Make it work, make it right, make it fast.",,,,,,
0,,pingyuanChen,,,,https://avatars1.githubusercontent.com/u/8485981?v=3&amp;s=100,,,,,,,pychen,,,,,,,,,,,,,,,,,
0,,Ginhing,,,,https://avatars1.githubusercontent.com/u/3444080?v=3&amp;s=100,,,,,,,Ginhing,,,,,,,,,,,,,,,,,
0,,magicismight,,,,https://avatars1.githubusercontent.com/u/7693239?v=3&amp;s=100,,,,,,,Horcrux,,,,,,,,,,,Full stack engineer graduated from Hogwarts school of codecraft and programry.,,,,,,
0,,oblador,,,,https://avatars2.githubusercontent.com/u/378279?v=3&amp;s=100,,,,,,,Joel Arvidsson,,,,,,,,,,,,,,,,,
0,,satya164,,,,https://avatars2.githubusercontent.com/u/1174278?v=3&amp;s=100,,,,,,,Satyajit Sahoo,,,,,,,,,,,Front-end developer and UX designer. JavaScript is life&#39;s love!,,,,,,
0,,Kureev,,,,https://avatars2.githubusercontent.com/u/2273613?v=3&amp;s=100,,,,,,,Alexey,,,,,,,,,,,In love with @shepely ʕ •ᴥ•ʔ,,,,,,
0,,dabit3,,,,https://avatars3.githubusercontent.com/u/1857282?v=3&amp;s=100,,,,,,,Nader Dabit,,,,,,,,,,,Specializing in React and React Native Training,,,,,,
0,,skevy,,,,https://avatars3.githubusercontent.com/u/131916?v=3&amp;s=100,,,,,,,Adam Miskiewicz,,,,,,,,,,,,,,,,,
0,,brentvatne,,,,https://avatars0.githubusercontent.com/u/90494?v=3&amp;s=100,,,,,,,Brent Vatne,,,,,,,,,,,,,,,,,
0,,ide,,,,https://avatars3.githubusercontent.com/u/379606?v=3&amp;s=100,,,,,,,James Ide,,,,,,,,,,,,,,,,,
0,,ericvicenti,,,,https://avatars1.githubusercontent.com/u/1483597?v=3&amp;s=100,,,,,,,Eric Vicenti,,,,,,,,,,,,,,,,,
