﻿email,score,hireable,login,bio,id,public_repos,avatar_url,public_gists,gravatar_id,followers,url,following,html_url,created_at,followers_url,updated_at,following_url,gists_url,starred_url,subscriptions_url,organizations_url,repos_url,events_url,received_events_url,type,site_admin,name,company,blog,location
,0,,Vermisse,Java、Scala、Clojure,,,https://avatars2.githubusercontent.com/u/17972943?v=3&amp;s=100,,,,,,,,,,,,,,,,,,,,Sunki,,,
,0,,BFush,Research graduate at Stanford University specializing in Natural Language Processing and Linguistics. Previously: Kilgraston School. Please follow me. 😄 ,,,https://avatars3.githubusercontent.com/u/23432645?v=3&amp;s=100,,,,,,,,,,,,,,,,,,,,Brisnee Fush,,,
,0,,AndiChiou,High school student @bartlett-high-school,,,https://avatars2.githubusercontent.com/u/23460812?v=3&amp;s=100,,,,,,,,,,,,,,,,,,,,Andi Chiou,,,
,0,,gintern,"B.Tech at MIT, 2010;  Help me in development. Google Intern, 2016 :smile: ",,,https://avatars2.githubusercontent.com/u/20753788?v=3&amp;s=100,,,,,,,,,,,,,,,,,,,,Michelle Isterya,,,
,0,,phemant,,,,https://avatars3.githubusercontent.com/u/17121099?v=3&amp;s=100,,,,,,,,,,,,,,,,,,,,phemant,,,
,0,,florent37,,,,https://avatars3.githubusercontent.com/u/5754972?v=3&amp;s=100,,,,,,,,,,,,,,,,,,,,Florent CHAMPIGNY,,,
,0,,romannurik,,,,https://avatars3.githubusercontent.com/u/100155?v=3&amp;s=100,,,,,,,,,,,,,,,,,,,,Roman Nurik,,,
,0,,chrisbanes,,,,https://avatars0.githubusercontent.com/u/227486?v=3&amp;s=100,,,,,,,,,,,,,,,,,,,,Chris Banes,,,
,0,,arpitranjan7,,,,https://avatars0.githubusercontent.com/u/13830931?v=3&amp;s=100,,,,,,,,,,,,,,,,,,,,arpitranjan7,,,
