﻿score,login,id,avatar_url,gravatar_id,url,html_url,followers_url,following_url,gists_url,starred_url,subscriptions_url,organizations_url,repos_url,events_url,received_events_url,type,site_admin,name,company,blog,location,email,hireable,bio,public_repos,public_gists,followers,following,created_at,updated_at
0,zzl5221281994,,https://avatars1.githubusercontent.com/u/4309727?v=3&amp;s=100,,,,,,,,,,,,,,,zhu,,,,,,,,,,,,
0,mbaez,,https://avatars2.githubusercontent.com/u/642307?v=3&amp;s=100,,,,,,,,,,,,,,,Maximiliano Báez González,,,,,,,,,,,,
0,zackhaikal,,https://avatars3.githubusercontent.com/u/17828772?v=3&amp;s=100,,,,,,,,,,,,,,,zackhaikal,,,,,,,,,,,,
0,michielkauwatjoe,,https://avatars2.githubusercontent.com/u/530652?v=3&amp;s=100,,,,,,,,,,,,,,,Michiel Kauw–A–Tjoe,,,,,,Typography software developer and illustrator from the Netherlands.,,,,,,
0,JaySekulow15,,https://avatars0.githubusercontent.com/u/20650551?v=3&amp;s=100,,,,,,,,,,,,,,,Jay Sekulow,,,,,,An accomplished Supreme Court advocate,,,,,,
0,wxmahen,,https://avatars2.githubusercontent.com/u/13268706?v=3&amp;s=100,,,,,,,,,,,,,,,Mahen Samaranayake,,,,,,A huge fan of AI and Big Data.,,,,,,
0,YASHVEER321,,https://avatars0.githubusercontent.com/u/20661825?v=3&amp;s=100,,,,,,,,,,,,,,,Yash,,,,,,node devloper,,,,,,
0,morsalinh,,https://avatars1.githubusercontent.com/u/21365339?v=3&amp;s=100,,,,,,,,,,,,,,,Md Morsalin Hossain,,,,,,,,,,,,
0,briankai,,https://avatars0.githubusercontent.com/u/17720406?v=3&amp;s=100,,,,,,,,,,,,,,,hongkai,,,,,,,,,,,,
0,shadestreak,,https://avatars1.githubusercontent.com/u/19281808?v=3&amp;s=100,,,,,,,,,,,,,,,Argha Das,,,,,,A Human With Programming Skill,,,,,,
0,serganus,,https://avatars2.githubusercontent.com/u/12946435?v=3&amp;s=100,,,,,,,,,,,,,,,Gautam Anand,,,,,,Javascript for Research applications,,,,,,
0,Bhexer,,https://avatars2.githubusercontent.com/u/15204521?v=3&amp;s=100,,,,,,,,,,,,,,,Bhexer,,,,,,,,,,,,
0,giselrojas,,https://avatars2.githubusercontent.com/u/22201169?v=3&amp;s=100,,,,,,,,,,,,,,,Gisel,,,,,,Estoy estudiando diseño y quiero aprender todo lo que sea necesario para ser la mejor diseñadora. ,,,,,,
0,OliverTheCoder,,https://avatars0.githubusercontent.com/u/20893230?v=3&amp;s=100,,,,,,,,,,,,,,,Oliver Boamah,,,,,,"Computer Science student, was born to code... really",,,,,,
0,Vermisse,,https://avatars2.githubusercontent.com/u/17972943?v=3&amp;s=100,,,,,,,,,,,,,,,Sunki,,,,,,Java、Scala、Clojure,,,,,,
0,ReidHolmes,,https://avatars3.githubusercontent.com/u/17958554?v=3&amp;s=100,,,,,,,,,,,,,,,Reidholmes,,,,,,,,,,,,
0,yfgeek,,https://avatars2.githubusercontent.com/u/7533831?v=3&amp;s=100,,,,,,,,,,,,,,,Ivan,,,,,,,,,,,,
0,themsamus,,https://avatars1.githubusercontent.com/u/1203935?v=3&amp;s=100,,,,,,,,,,,,,,,Mohamed,,,,,,// Hum...,,,,,,
0,mehmetv,,https://avatars2.githubusercontent.com/u/22845520?v=3&amp;s=100,,,,,,,,,,,,,,,Mehmet VAROL,,,,,,,,,,,,
0,mattheworiordan,,https://avatars1.githubusercontent.com/u/43789?v=3&amp;s=100,,,,,,,,,,,,,,,Matthew O&#39;Riordan,,,,,,,,,,,,
0,daniel8685,,https://avatars0.githubusercontent.com/u/22594534?v=3&amp;s=100,,,,,,,,,,,,,,,daniel8685,,,,,,,,,,,,
0,edu-bot,,https://avatars0.githubusercontent.com/u/23435604?v=3&amp;s=100,,,,,,,,,,,,,,,Edu Bot,,,,,,,,,,,,
0,gabrieoel,,https://avatars3.githubusercontent.com/u/21280017?v=3&amp;s=100,,,,,,,,,,,,,,,gabrieoel,,,,,,,,,,,,
0,BFush,,https://avatars3.githubusercontent.com/u/23432645?v=3&amp;s=100,,,,,,,,,,,,,,,Brisnee Fush,,,,,,Research graduate at Stanford University specializing in Natural Language Processing and Linguistics. Previously: Kilgraston School. Please follow me. 😄 ,,,,,,
0,alfa-abhi,,https://avatars1.githubusercontent.com/u/19929915?v=3&amp;s=100,,,,,,,,,,,,,,,Abhinav Chauhan,,,,,,Competitive Coder and Developer (Python_Web_apps and Android),,,,,,
0,rkumar1209,,https://avatars3.githubusercontent.com/u/16487518?v=3&amp;s=100,,,,,,,,,,,,,,,rkumar1209,,,,,,,,,,,,
0,blalyassine,,https://avatars1.githubusercontent.com/u/23224190?v=3&amp;s=100,,,,,,,,,,,,,,,DéveloppeurWeb,,,,,,Je suis concepteur et développeur d&#39;applications web et mobile .,,,,,,
0,Kevin8756,,https://avatars1.githubusercontent.com/u/24257013?v=3&amp;s=100,,,,,,,,,,,,,,,Kevin8756,,,,,,,,,,,,
0,amir-zamani,,https://avatars3.githubusercontent.com/u/23642039?v=3&amp;s=100,,,,,,,,,,,,,,,amir-zamani,,,,,,,,,,,,
0,mallikarjunayaddala,,https://avatars2.githubusercontent.com/u/12093403?v=3&amp;s=100,,,,,,,,,,,,,,,Mallikarjuna,,,,,,,,,,,,
0,anonymous31173,,https://avatars2.githubusercontent.com/u/9705819?v=3&amp;s=100,,,,,,,,,,,,,,,Akshay jha,,,,,,"I m a Research Engineer with love for AI, ML, AGI,open source and Adv. Tech. Recently working on core implementation of AI and ML using python, R and Lisp. ",,,,,,
0,yutayokoi,,https://avatars0.githubusercontent.com/u/7885055?v=3&amp;s=100,,,,,,,,,,,,,,,yutayokoi,,,,,,,,,,,,
0,ahmad-goudah,,https://avatars2.githubusercontent.com/u/18530945?v=3&amp;s=100,,,,,,,,,,,,,,,ahmad-goudah,,,,,,,,,,,,
0,AndiChiou,,https://avatars2.githubusercontent.com/u/23460812?v=3&amp;s=100,,,,,,,,,,,,,,,Andi Chiou,,,,,,High school student @bartlett-high-school,,,,,,
0,ACGaming,,https://avatars2.githubusercontent.com/u/4818419?v=3&amp;s=100,,,,,,,,,,,,,,,Hendrik,,,,,,Mostly doing localization,,,,,,
0,jjyb,,https://avatars3.githubusercontent.com/u/24423002?v=3&amp;s=100,,,,,,,,,,,,,,,jjyb,,,,,,,,,,,,
0,MyasarRasool,,https://avatars0.githubusercontent.com/u/11027595?v=3&amp;s=100,,,,,,,,,,,,,,,Myasar,,,,,,,,,,,,
0,npfeiffer20,,https://avatars1.githubusercontent.com/u/24439093?v=3&amp;s=100,,,,,,,,,,,,,,,npfeiffer20,,,,,,,,,,,,
0,ikona23,,https://avatars2.githubusercontent.com/u/3063500?v=3&amp;s=100,,,,,,,,,,,,,,,Peter Kona,,,,,,rails javascript react,,,,,,
0,kanmodi,,https://avatars0.githubusercontent.com/u/17910094?v=3&amp;s=100,,,,,,,,,,,,,,,Kanika Modi,,,,,,,,,,,,
0,Tilesentik,,https://avatars2.githubusercontent.com/u/23130346?v=3&amp;s=100,,,,,,,,,,,,,,,Kent Thompson,,,,,,"In High School, like Programming, skateboarding, and video games.",,,,,,
0,morufib,,https://avatars2.githubusercontent.com/u/24260138?v=3&amp;s=100,,,,,,,,,,,,,,,morufib,,,,,,,,,,,,
0,laertesjenner,,https://avatars0.githubusercontent.com/u/17891741?v=3&amp;s=100,,,,,,,,,,,,,,,laertesjenner,,,,,,,,,,,,
0,geraldo-netto,,https://avatars3.githubusercontent.com/u/20527108?v=3&amp;s=100,,,,,,,,,,,,,,,Geraldo Netto,,,,,,,,,,,,
0,Gawiga,,https://avatars0.githubusercontent.com/u/3864451?v=3&amp;s=100,,,,,,,,,,,,,,,Gabriel Galdino,,,,,,,,,,,,
0,martindale,,https://avatars1.githubusercontent.com/u/129761?v=3&amp;s=100,,,,,,,,,,,,,,,Eric Martindale,,,,,,"Code as craft!  I like distributed systems and the human-friendly web.  I am responsible for the @ElementsProject, the @FabricProtocol, and soundtrack.io.",,,,,,
0,rastabrane,,https://avatars3.githubusercontent.com/u/787266?v=3&amp;s=100,,,,,,,,,,,,,,,Branko Vukmirovic,,,,,,,,,,,,
0,Thiago5Tavares,,https://avatars1.githubusercontent.com/u/20251181?v=3&amp;s=100,,,,,,,,,,,,,,,Thiago Tavares,,,,,,,,,,,,
0,lucasbento,,https://avatars3.githubusercontent.com/u/6207220?v=3&amp;s=100,,,,,,,,,,,,,,,Lucas Bento,,,,,,"Full-stack developer building amazing apps with #react, #reactnative, #relay, #webpack, #graphql &amp; #koa",,,,,,
0,chrisrobbins,,https://avatars3.githubusercontent.com/u/19782246?v=3&amp;s=100,,,,,,,,,,,,,,,Chris Robbins,,,,,,"I’m a Web Developer, living in Austin, TX. My weekends are usually spent at the greenbelt with my wife and dog or hanging out with friends and fellow foodies.",,,,,,
0,LucasAssuncao,,https://avatars0.githubusercontent.com/u/7662396?v=3&amp;s=100,,,,,,,,,,,,,,,Lucas Assunção da Silva,,,,,,,,,,,,
