﻿followers,id,score,location,login,bio,avatar_url,gravatar_id,url,html_url,followers_url,following_url,gists_url,starred_url,subscriptions_url,organizations_url,repos_url,events_url,received_events_url,type,site_admin,name,company,blog,email,hireable,public_repos,public_gists,following,created_at,updated_at
,,0,,Brocco,,https://avatars3.githubusercontent.com/u/1565117?v=3&amp;s=100,,,,,,,,,,,,,,,Mike Brocchi,,,,,,,,,
,,0,,trueadm,Author of Inferno – a blazing fast React-like JavaScript UI library. Enjoys coding + being a Dad. Engineer at @Tesco.,https://avatars3.githubusercontent.com/u/1519870?v=3&amp;s=100,,,,,,,,,,,,,,,Dominic Gannaway,,,,,,,,,
,,0,,joshburgess,¯\_(ツ)_/¯,https://avatars2.githubusercontent.com/u/5396631?v=3&amp;s=100,,,,,,,,,,,,,,,Josh Burgess,,,,,,,,,
,,0,,AndiChiou,High school student @bartlett-high-school,https://avatars2.githubusercontent.com/u/23460812?v=3&amp;s=100,,,,,,,,,,,,,,,Andi Chiou,,,,,,,,,
,,0,,TheLarkInn,"User Experience Developer @mutualofomaha. Javascript, Angular, Ruby, Webpack, Typescript. @webpack core team. @angular cli core team. ",https://avatars0.githubusercontent.com/u/3408176?v=3&amp;s=100,,,,,,,,,,,,,,,Sean Larkin,,,,,,,,,
,,0,,sdras,,https://avatars2.githubusercontent.com/u/2281088?v=3&amp;s=100,,,,,,,,,,,,,,,Sarah Drasner,,,,,,,,,
,,0,,alvarotrigo,,https://avatars2.githubusercontent.com/u/1706326?v=3&amp;s=100,,,,,,,,,,,,,,,Álvaro,,,,,,,,,
,,0,,gcelaor,A front-end programmer🐬,https://avatars1.githubusercontent.com/u/17756993?v=3&amp;s=100,,,,,,,,,,,,,,,Kevin,,,,,,,,,
,,0,,laco0416,"Trust me, I&#39;m a programmer",https://avatars3.githubusercontent.com/u/1529180?v=3&amp;s=100,,,,,,,,,,,,,,,Suguru Inatomi,,,,,,,,,
,,0,,addyosmani,Engineer at Google working on Chrome &amp; Web Platform,https://avatars1.githubusercontent.com/u/110953?v=3&amp;s=100,,,,,,,,,,,,,,,Addy Osmani,,,,,,,,,
,,0,,estevaocma,,https://avatars2.githubusercontent.com/u/8460307?v=3&amp;s=100,,,,,,,,,,,,,,,estevaocma,,,,,,,,,
,,0,,rnewson,,https://avatars0.githubusercontent.com/u/47223?v=3&amp;s=100,,,,,,,,,,,,,,,Robert Newson,,,,,,,,,
,,0,,bradley-holt,,https://avatars0.githubusercontent.com/u/89264?v=3&amp;s=100,,,,,,,,,,,,,,,Bradley Holt,,,,,,,,,
,,0,,glynnbird,Developer Advocate @ IBM Cloud Data Services,https://avatars3.githubusercontent.com/u/697925?v=3&amp;s=100,,,,,,,,,,,,,,,Glynn Bird,,,,,,,,,
,,0,,mschwarzmueller,,https://avatars3.githubusercontent.com/u/16095164?v=3&amp;s=100,,,,,,,,,,,,,,,Maximilian ,,,,,,,,,
,,0,,gintern,"B.Tech at MIT, 2010;  Help me in development. Google Intern, 2016 :smile: ",https://avatars2.githubusercontent.com/u/20753788?v=3&amp;s=100,,,,,,,,,,,,,,,Michelle Isterya,,,,,,,,,
,,0,,ricardolabate,"Front-developer, Javascript Enthusiast and Cyberpunk of the interwebz",https://avatars1.githubusercontent.com/u/4689565?v=3&amp;s=100,,,,,,,,,,,,,,,Ricardo Labate,,,,,,,,,
,,0,,sibelius,Full Stack Developer #reactnative #redux #relay #graphql #webpack #koa #react,https://avatars0.githubusercontent.com/u/2005841?v=3&amp;s=100,,,,,,,,,,,,,,,Sibelius Seraphini,,,,,,,,,
,,0,,amcdnl,Crafter of Software • Master of JavaScript &amp; AngularJS • Tinkerer of NodeJS &amp; .NET • Lover of Goldendoodles,https://avatars2.githubusercontent.com/u/227909?v=3&amp;s=100,,,,,,,,,,,,,,,Austin,,,,,,,,,
,,0,,answershuto,前端开发者，嵌入式应用软件工程师。,https://avatars1.githubusercontent.com/u/17812136?v=3&amp;s=100,,,,,,,,,,,,,,,染陌同学,,,,,,,,,
,,0,,chenyoufu,Specilize in C/Python/Go/Lua/,https://avatars2.githubusercontent.com/u/7324573?v=3&amp;s=100,,,,,,,,,,,,,,,比特,,,,,,,,,
,,0,,yayuntian,keep moving,https://avatars2.githubusercontent.com/u/2228382?v=3&amp;s=100,,,,,,,,,,,,,,,yayuntian,,,,,,,,,
,,0,,zhiaixuexi,"ClearClouds memeber, specialize in java",https://avatars3.githubusercontent.com/u/11385718?v=3&amp;s=100,,,,,,,,,,,,,,,xiao.luo,,,,,,,,,
,,0,,lucasbento,"Full-stack developer building amazing apps with #react, #reactnative, #relay, #webpack, #graphql &amp; #koa",https://avatars3.githubusercontent.com/u/6207220?v=3&amp;s=100,,,,,,,,,,,,,,,Lucas Bento,,,,,,,,,
,,0,,yfgeek,,https://avatars2.githubusercontent.com/u/7533831?v=3&amp;s=100,,,,,,,,,,,,,,,Ivan,,,,,,,,,
,,0,,myuanyuan,,https://avatars3.githubusercontent.com/u/22052330?v=3&amp;s=100,,,,,,,,,,,,,,,myuanyuan,,,,,,,,,
,,0,,SnehaRane,,https://avatars3.githubusercontent.com/u/10234186?v=3&amp;s=100,,,,,,,,,,,,,,,Sneha Rane,,,,,,,,,
,,0,,tccpc,Web Front-End,https://avatars1.githubusercontent.com/u/21104716?v=3&amp;s=100,,,,,,,,,,,,,,,天寒,,,,,,,,,
,,0,,MiguelCastillo,,https://avatars3.githubusercontent.com/u/1457701?v=3&amp;s=100,,,,,,,,,,,,,,,Miguel Castillo,,,,,,,,,
,,0,,cesardv,,https://avatars3.githubusercontent.com/u/605463?v=3&amp;s=100,,,,,,,,,,,,,,,Cesar,,,,,,,,,
,,0,,qiyian,万丈阴霾总有一束阳光透彻心底☀,https://avatars0.githubusercontent.com/u/21237528?v=3&amp;s=100,,,,,,,,,,,,,,,琪艺安,,,,,,,,,
,,0,,SanjithKanagavel,iOS/Android/Windows/Game/IOT turns me on for the game 😍,https://avatars2.githubusercontent.com/u/9746842?v=3&amp;s=100,,,,,,,,,,,,,,,Sanjith Jothi Kanagavel,,,,,,,,,
,,0,,WilberTian,,https://avatars1.githubusercontent.com/u/5880320?v=3&amp;s=100,,,,,,,,,,,,,,,Wilber,,,,,,,,,
,,0,,Vermisse,Java、Scala、Clojure,https://avatars2.githubusercontent.com/u/17972943?v=3&amp;s=100,,,,,,,,,,,,,,,Sunki,,,,,,,,,
,,0,,AmazingJTH,Time is willing to let me make you well .,https://avatars0.githubusercontent.com/u/21661971?v=3&amp;s=100,,,,,,,,,,,,,,,Tenderness,,,,,,,,,
,,0,,MicaelaLV,,https://avatars0.githubusercontent.com/u/17528760?v=3&amp;s=100,,,,,,,,,,,,,,,Micaela Linda Villani,,,,,,,,,
,,0,,angusshire,Available for part-time or freelance work.,https://avatars1.githubusercontent.com/u/5877145?v=3&amp;s=100,,,,,,,,,,,,,,,Angus H.,,,,,,,,,
,,0,,shoshindes,,https://avatars1.githubusercontent.com/u/13901088?v=3&amp;s=100,,,,,,,,,,,,,,,Jack Thompson,,,,,,,,,
,,0,,phpenterprise,"Fundador da Php Enterprise, sócio em outras empresas de tecnologia e gestor de projetos de software",https://avatars2.githubusercontent.com/u/1564781?v=3&amp;s=100,,,,,,,,,,,,,,,Patrick Otto,,,,,,,,,
,,0,,chongbenben,FEE in China.,https://avatars0.githubusercontent.com/u/21237518?v=3&amp;s=100,,,,,,,,,,,,,,,种奔奔,,,,,,,,,
,,0,,Mrzeron,"your happy passer-by all knows,  my distressed there is no place hides",https://avatars0.githubusercontent.com/u/17607933?v=3&amp;s=100,,,,,,,,,,,,,,,Binging,,,,,,,,,
,,0,,haoranw,Show me your code,https://avatars0.githubusercontent.com/u/17819258?v=3&amp;s=100,,,,,,,,,,,,,,,haoran,,,,,,,,,
,,0,,isaacs,,https://avatars2.githubusercontent.com/u/9287?v=3&amp;s=100,,,,,,,,,,,,,,,isaacs,,,,,,,,,
,,0,,rockbot,,https://avatars1.githubusercontent.com/u/954269?v=3&amp;s=100,,,,,,,,,,,,,,,Raquel Vélez,,,,,,,,,
,,0,,iarna,,https://avatars3.githubusercontent.com/u/983798?v=3&amp;s=100,,,,,,,,,,,,,,,Rebecca Turner,,,,,,,,,
,,0,,JamesEarle,,https://avatars0.githubusercontent.com/u/5976499?v=3&amp;s=100,,,,,,,,,,,,,,,James Earle,,,,,,,,,
,,0,,ErikAugust,,https://avatars2.githubusercontent.com/u/3004714?v=3&amp;s=100,,,,,,,,,,,,,,,Erik August Johnson,,,,,,,,,
,,0,,tweenn,,https://avatars1.githubusercontent.com/u/1704162?v=3&amp;s=100,,,,,,,,,,,,,,,Felipe Zuntini,,,,,,,,,
,,0,,avibrazil,,https://avatars2.githubusercontent.com/u/3484242?v=3&amp;s=100,,,,,,,,,,,,,,,Avi אבי Alkalay אלקלעי,,,,,,,,,
,,0,,marcioendo,,https://avatars3.githubusercontent.com/u/858419?v=3&amp;s=100,,,,,,,,,,,,,,,Marcio Endo,,,,,,,,,
,,0,,johnpapa,,https://avatars0.githubusercontent.com/u/1202528?v=3&amp;s=100,,,,,,,,,,,,,,,John Papa,,,,,,,,,
