﻿score,following,login,id,avatar_url,gravatar_id,url,html_url,followers_url,following_url,gists_url,starred_url,subscriptions_url,organizations_url,repos_url,events_url,received_events_url,type,site_admin,name,company,blog,location,email,hireable,bio,public_repos,public_gists,followers,created_at,updated_at
0,,AndiChiou,,https://avatars2.githubusercontent.com/u/23460812?v=3&amp;s=100,,,,,,,,,,,,,,,Andi Chiou,,,,,,High school student @bartlett-high-school,,,,,
0,,RogerFederer03,,https://avatars1.githubusercontent.com/u/5633006?v=3&amp;s=100,,,,,,,,,,,,,,,Zheng Luo,,,,,,Talk is cheap. Show me the code. -- Linus Torvalds,,,,,
0,,gintern,,https://avatars2.githubusercontent.com/u/20753788?v=3&amp;s=100,,,,,,,,,,,,,,,Michelle Isterya,,,,,,"B.Tech at MIT, 2010;  Help me in development. Google Intern, 2016 :smile: ",,,,,
0,,blendin,,https://avatars1.githubusercontent.com/u/20363764?v=3&amp;s=100,,,,,,,,,,,,,,,blendin,,,,,,,,,,,
0,,rod-lin,,https://avatars1.githubusercontent.com/u/9999958?v=3&amp;s=100,,,,,,,,,,,,,,,rod,,,,,,student,,,,,
0,,ternsip,,https://avatars3.githubusercontent.com/u/10179239?v=3&amp;s=100,,,,,,,,,,,,,,,Ternsip,,,,,,If you are alone - imagine that you are Gordon Freeman.,,,,,
0,,kelonye,,https://avatars3.githubusercontent.com/u/756327?v=3&amp;s=100,,,,,,,,,,,,,,,Mitchel Kelonye,,,,,,_^_,,,,,
0,,perfettiful,,https://avatars3.githubusercontent.com/u/7156158?v=3&amp;s=100,,,,,,,,,,,,,,,Nathan Perfetti,,,,,,,,,,,
0,,indykish,,https://avatars1.githubusercontent.com/u/1402479?v=3&amp;s=100,,,,,,,,,,,,,,,Kishorekumar Neelamegam,,,,,,,,,,,
0,,JeorgeMatt,,https://avatars3.githubusercontent.com/u/18130056?v=3&amp;s=100,,,,,,,,,,,,,,,Jeorge Matthew,,,,,,,,,,,
0,,RowlandOti,,https://avatars0.githubusercontent.com/u/8356008?v=3&amp;s=100,,,,,,,,,,,,,,,Rowland Oti,,,,,,"Your scared of how my code may make your work extremely easy, am scared of how it may not. Cheers!",,,,,
0,,VagrantStory,,https://avatars3.githubusercontent.com/u/4069972?v=3&amp;s=100,,,,,,,,,,,,,,,mohammad,,,,,,Developer Program Member,,,,,
0,,stoked-zz,,https://avatars2.githubusercontent.com/u/13973828?v=3&amp;s=100,,,,,,,,,,,,,,,Amie Lynn,,,,,,,,,,,
0,,kenyansongithub,,https://avatars2.githubusercontent.com/u/16535377?v=3&amp;s=100,,,,,,,,,,,,,,,Kenyans Github,,,,,,,,,,,
0,,femtotrader,,https://avatars0.githubusercontent.com/u/5049737?v=3&amp;s=100,,,,,,,,,,,,,,,femtotrader,,,,,,"Geek (or nerd?), physicist (academic position) and amateur trader (trying to become a much more professional investor ;-) )",,,,,
0,,MichalPaszkiewicz,,https://avatars2.githubusercontent.com/u/6673982?v=3&amp;s=100,,,,,,,,,,,,,,,Michal Paszkiewicz,,,,,,Just a guy who likes to make things @MichalYouDoing,,,,,
0,,technologiclee,,https://avatars2.githubusercontent.com/u/93859?v=3&amp;s=100,,,,,,,,,,,,,,,Lee Nelson,,,,,,,,,,,
0,,imraazrally,,https://avatars1.githubusercontent.com/u/10794748?v=3&amp;s=100,,,,,,,,,,,,,,,Imraaz Rally,,,,,,"C.S Graduate from NJIT, Founder / Developer @ Therapy Square ",,,,,
0,,angusshire,,https://avatars1.githubusercontent.com/u/5877145?v=3&amp;s=100,,,,,,,,,,,,,,,Angus H.,,,,,,Available for part-time or freelance work.,,,,,
0,,cusspvz,,https://avatars2.githubusercontent.com/u/3604053?v=3&amp;s=100,,,,,,,,,,,,,,,José Moreira,,,,,,"full-stack developer, ui/ux designer, musician &amp; diy entusiast",,,,,
