﻿score,login,id,avatar_url,gravatar_id,url,html_url,followers_url,following_url,gists_url,starred_url,subscriptions_url,organizations_url,repos_url,events_url,received_events_url,type,site_admin,name,company,blog,location,email,hireable,bio,public_repos,public_gists,followers,following,created_at,updated_at
0,AndiChiou,,https://avatars2.githubusercontent.com/u/23460812?v=3&amp;s=100,,,,,,,,,,,,,,,Andi Chiou,,,,,,High school student @bartlett-high-school,,,,,,
0,BFush,,https://avatars3.githubusercontent.com/u/23432645?v=3&amp;s=100,,,,,,,,,,,,,,,Brisnee Fush,,,,,,Research graduate at Stanford University specializing in Natural Language Processing and Linguistics. Previously: Kilgraston School. Please follow me. 😄 ,,,,,,
0,Vermisse,,https://avatars2.githubusercontent.com/u/17972943?v=3&amp;s=100,,,,,,,,,,,,,,,Sunki,,,,,,Java、Scala、Clojure,,,,,,
0,davidfowl,,https://avatars2.githubusercontent.com/u/95136?v=3&amp;s=100,,,,,,,,,,,,,,,David Fowler,,,,,,,,,,,,
0,brthor,,https://avatars0.githubusercontent.com/u/14280892?v=3&amp;s=100,,,,,,,,,,,,,,,Bryan Thornbury,,,,,,,,,,,,
0,brunocvcunha,,https://avatars2.githubusercontent.com/u/3207647?v=3&amp;s=100,,,,,,,,,,,,,,,Bruno Candido Volpato da Cunha,,,,,,☕️  💻  ,,,,,,
0,gintern,,https://avatars2.githubusercontent.com/u/20753788?v=3&amp;s=100,,,,,,,,,,,,,,,Michelle Isterya,,,,,,"B.Tech at MIT, 2010;  Help me in development. Google Intern, 2016 :smile: ",,,,,,
0,WizarD1456,,https://avatars3.githubusercontent.com/u/19240210?v=3&amp;s=100,,,,,,,,,,,,,,,WizarD1456,,,,,,,,,,,,
0,jeff-1amstudios,,https://avatars2.githubusercontent.com/u/1063652?v=3&amp;s=100,,,,,,,,,,,,,,,Jeff Harris,,,,,,,,,,,,
0,aarossig,,https://avatars2.githubusercontent.com/u/466838?v=3&amp;s=100,,,,,,,,,,,,,,,Andrew Rossignol,,,,,,,,,,,,
0,vigo,,https://avatars1.githubusercontent.com/u/82952?v=3&amp;s=100,,,,,,,,,,,,,,,Uğur Özyılmazel,,,,,,"Software developer, oldskool C64 and Amiga scener.",,,,,,
0,xaph,,https://avatars3.githubusercontent.com/u/124090?v=3&amp;s=100,,,,,,,,,,,,,,,Zafer CAKMAK,,,,,,,,,,,,
0,schacon,,https://avatars2.githubusercontent.com/u/70?v=3&amp;s=100,,,,,,,,,,,,,,,Scott Chacon,,,,,,,,,,,,
0,kebiro,,https://avatars3.githubusercontent.com/u/10946640?v=3&amp;s=100,,,,,,,,,,,,,,,kebiro,,,,,,,,,,,,
0,rakyll,,https://avatars2.githubusercontent.com/u/108380?v=3&amp;s=100,,,,,,,,,,,,,,,Jaana Burcu Dogan,,,,,,,,,,,,
0,dnomak,,https://avatars1.githubusercontent.com/u/919913?v=3&amp;s=100,,,,,,,,,,,,,,,Doğukan Güven Nomak,,,,,,"I love @flexiblegs, YouTuber and Front End Developer @metglobal",,,,,,
0,gaearon,,https://avatars1.githubusercontent.com/u/810438?v=3&amp;s=100,,,,,,,,,,,,,,,Dan Abramov,,,,,,"Co-authored Redux, Create React App, React Hot Loader, React DnD. Helping improve @reactjs.",,,,,,
0,yyx990803,,https://avatars2.githubusercontent.com/u/499550?v=3&amp;s=100,,,,,,,,,,,,,,,Evan You,,,,,,"Creator of @vuejs, previously @meteor &amp; @google",,,,,,
0,jeffmo,,https://avatars0.githubusercontent.com/u/498293?v=3&amp;s=100,,,,,,,,,,,,,,,Jeff Morrison,,,,,,,,,,,,
