﻿score,avatar_url,login,url,id,followers_url,gravatar_id,gists_url,html_url,starred_url,following_url,subscriptions_url,organizations_url,blog,repos_url,events_url,received_events_url,type,site_admin,name,company,location,email,hireable,bio,public_repos,public_gists,followers,following,created_at,updated_at
0,https://avatars0.githubusercontent.com/u/2272118?v=3&amp;s=100,bradwestfall,,,,,,,,,,,,,,,,,Brad Westfall,,,,,CSS and JavaScript enthusiast. Organizer of @cssdayio and @phxjavascript. Using React and Redux these days,,,,,,
0,https://avatars2.githubusercontent.com/u/56147?v=3&amp;s=100,plusjade,,,,,,,,,,,,,,,,,Jade Dominguez,,,,,,,,,,,
0,https://avatars1.githubusercontent.com/u/200613?v=3&amp;s=100,zaiste,,,,,,,,,,,,,,,,,Zaiste,,,,,I&#39;m building an event management platform for tech people at @eventil I run a software company called @nukomeet In my spare time I organise @polyconf ,,,,,,
0,https://avatars2.githubusercontent.com/u/18402191?v=3&amp;s=100,ggomaeng,,,,,,,,,,,,,,,,,Sung Woo Park,,,,,Co-founder of @sketchware. A ☕️ maniac who loves to prototype eye-catching mobile app User Interfaces.  ,,,,,,
0,https://avatars3.githubusercontent.com/u/856609?v=3&amp;s=100,sonnylazuardi,,,,,,,,,,,,,,,,,Sonny Lazuardi,,,,,Javascript Rockstar. React &amp; React Native Player. Open source enthusiast.,,,,,,
0,https://avatars2.githubusercontent.com/u/10793962?v=3&amp;s=100,keonkim,,,,,,,,,,,,,,,,,Keon Kim,,,,,:kr: ,,,,,,
0,https://avatars3.githubusercontent.com/u/7614352?v=3&amp;s=100,tocology,,,,,,,,,,,,,,,,,Jun,,,,,,,,,,,
0,https://avatars1.githubusercontent.com/u/56719?v=3&amp;s=100,ccheever,,,,,,,,,,,,,,,,,Charlie Cheever,,,,,,,,,,,
0,https://avatars2.githubusercontent.com/u/23460812?v=3&amp;s=100,AndiChiou,,,,,,,,,,,,,,,,,Andi Chiou,,,,,High school student @bartlett-high-school,,,,,,
0,https://avatars1.githubusercontent.com/u/145104?v=3&amp;s=100,ymotongpoo,,,,,,,,,,,,,,,,,Yoshi Yamaguchi,,,,,,,,,,,
0,https://avatars1.githubusercontent.com/u/51244?v=3&amp;s=100,ithinkihaveacat,,,,,,,,,,,,,,,,,Michael Stillwell,,,,,"Google Developer Relations, JavaScript, TypeScript, and other things.",,,,,,
0,https://avatars1.githubusercontent.com/u/214207?v=3&amp;s=100,marcphilipp,,,,,,,,,,,,,,,,,Marc Philipp,,,,,,,,,,,
0,https://avatars2.githubusercontent.com/u/9287?v=3&amp;s=100,isaacs,,,,,,,,,,,,,,,,,isaacs,,,,,,,,,,,
0,https://avatars2.githubusercontent.com/u/1429315?v=3&amp;s=100,cirosantilli,,,,,,,,,,,,,,,,,Ciro Santilli 六四事件 法轮功 包卓轩&lt;script&gt;alert(1)&lt;/script&gt;,,,,,&lt;script&gt;alert();&lt;/script&gt; **bold** @cirosantilli http://www.cirosantilli.com ็็็็็็็็็็็็็็็็็็็็็็็็็็็็็็็็็็็็็็็็็็็็็็็็็็็็็็็็็็็็็็็็็็็็็็﷽,,,,,,
0,https://avatars2.githubusercontent.com/u/3187951?v=3&amp;s=100,rushter,,,,,,,,,,,,,,,,,Artem Golubin,,,,,Available for hire.,,,,,,
0,https://avatars2.githubusercontent.com/u/1429230?v=3&amp;s=100,ZuzooVn,,,,,,,,,,,,,,,,,Nam Vu,,,,,A Vietnamese Software Engineer who is really passionate and wants to work in the USA,,,,,,
0,https://avatars0.githubusercontent.com/u/3771963?v=3&amp;s=100,jwasham,,,,,,,,,,,,,,,,,John Washam,,,,,,,,,,,
0,https://avatars0.githubusercontent.com/u/1618732?v=3&amp;s=100,parkjs814,,,,,,,,,,,,,,,,,Jason Park,,,,,https://www.youtube.com/watch?v=KMU0tzLwhbE,,,,,,
0,https://avatars0.githubusercontent.com/u/81071?v=3&amp;s=100,subho007,,,,,,,,,,,,,,,,,Subho Halder,,,,,"Hacker, Programmer, Entrepreneur, Pentester and Exploiter. Loves to exploit Android and iOS. Creator of #AFE. Founder of @appknox and #ProactiveAlways",,,,,,
0,https://avatars2.githubusercontent.com/u/9253?v=3&amp;s=100,spoike,,,,,,,,,,,,,,,,,Mikael Brassman,,,,,,,,,,,
0,https://avatars3.githubusercontent.com/u/4463796?v=3&amp;s=100,ChillarAnand,,,,,,,,,,,,,,,,,Chillar Anand,,,,,Day dreamer.,,,,,,
0,https://avatars3.githubusercontent.com/u/8039191?v=3&amp;s=100,cato-hga,,,,,,,,,,,,,,,,,John Cato,,,,,Twitter: cato_hga,,,,,,
0,https://avatars3.githubusercontent.com/u/3853?v=3&amp;s=100,justinabrahms,,,,,,,,,,,,,,,,,Justin Abrahms,,,,,,,,,,,
0,https://avatars2.githubusercontent.com/u/17972943?v=3&amp;s=100,Vermisse,,,,,,,,,,,,,,,,,Sunki,,,,,Java、Scala、Clojure,,,,,,
0,https://avatars3.githubusercontent.com/u/23432645?v=3&amp;s=100,BFush,,,,,,,,,,,,,,,,,Brisnee Fush,,,,,Research graduate at Stanford University specializing in Natural Language Processing and Linguistics. Previously: Kilgraston School. Please follow me. 😄 ,,,,,,
0,https://avatars2.githubusercontent.com/u/20753788?v=3&amp;s=100,gintern,,,,,,,,,,,,,,,,,Michelle Isterya,,,,,"B.Tech at MIT, 2010;  Help me in development. Google Intern, 2016 :smile: ",,,,,,
0,https://avatars3.githubusercontent.com/u/230541?v=3&amp;s=100,mbostock,,,,,,,,,,,,,,,,,Mike Bostock,,,,,I design tools for humans. Creator of @d3. Former @nytgraphics editor.,,,,,,
0,https://avatars1.githubusercontent.com/u/495647?v=3&amp;s=100,rvagg,,,,,,,,,,,,,,,,,Rod Vagg,,,,,Awk Ninja; Yak Shaving Rock Star,,,,,,
0,https://avatars0.githubusercontent.com/u/245027?v=3&amp;s=100,liorkesos,,,,,,,,,,,,,,,,,Lior Kesos,,,,,,,,,,,
