﻿score,bio,login,public_repos,id,public_gists,avatar_url,followers,gravatar_id,following,url,created_at,html_url,updated_at,followers_url,following_url,gists_url,starred_url,subscriptions_url,organizations_url,repos_url,events_url,received_events_url,type,site_admin,name,company,blog,location,email,hireable
0,Java、Scala、Clojure,Vermisse,,,,https://avatars2.githubusercontent.com/u/17972943?v=3&amp;s=100,,,,,,,,,,,,,,,,,,,Sunki,,,,,
0,High school student @bartlett-high-school,AndiChiou,,,,https://avatars2.githubusercontent.com/u/23460812?v=3&amp;s=100,,,,,,,,,,,,,,,,,,,Andi Chiou,,,,,
0,Research graduate at Stanford University specializing in Natural Language Processing and Linguistics. Previously: Kilgraston School. Please follow me. 😄 ,BFush,,,,https://avatars3.githubusercontent.com/u/23432645?v=3&amp;s=100,,,,,,,,,,,,,,,,,,,Brisnee Fush,,,,,
0,give me your love!,Gooooodman,,,,https://avatars0.githubusercontent.com/u/13062160?v=3&amp;s=100,,,,,,,,,,,,,,,,,,,Goooood,,,,,
0,Talk is cheap. Show me the code. -- Linus Torvalds,RogerFederer03,,,,https://avatars1.githubusercontent.com/u/5633006?v=3&amp;s=100,,,,,,,,,,,,,,,,,,,Zheng Luo,,,,,
0,"B.Tech at MIT, 2010;  Help me in development. Google Intern, 2016 :smile: ",gintern,,,,https://avatars2.githubusercontent.com/u/20753788?v=3&amp;s=100,,,,,,,,,,,,,,,,,,,Michelle Isterya,,,,,
0,Keep learning,JsAaron,,,,https://avatars3.githubusercontent.com/u/5181363?v=3&amp;s=100,,,,,,,,,,,,,,,,,,,艾伦 Aaron,,,,,
0,Love to build things people use.,andrewsyc,,,,https://avatars3.githubusercontent.com/u/2940388?v=3&amp;s=100,,,,,,,,,,,,,,,,,,,Andrew Sychra,,,,,
0,The creator of node-webkit and NW.js project,rogerwang,,,,https://avatars1.githubusercontent.com/u/165401?v=3&amp;s=100,,,,,,,,,,,,,,,,,,,Roger Wang,,,,,
0,Developer of @eggjs ,fengmk2,,,,https://avatars3.githubusercontent.com/u/156269?v=3&amp;s=100,,,,,,,,,,,,,,,,,,,fengmk2,,,,,
0,,ruanyf,,,,https://avatars2.githubusercontent.com/u/905434?v=3&amp;s=100,,,,,,,,,,,,,,,,,,,Ruan YiFeng,,,,,
0,,RubyLouvre,,,,https://avatars2.githubusercontent.com/u/190846?v=3&amp;s=100,,,,,,,,,,,,,,,,,,,司徒正美,,,,,
0,,wintercn,,,,https://avatars3.githubusercontent.com/u/726566?v=3&amp;s=100,,,,,,,,,,,,,,,,,,,Shaofei Cheng,,,,,
0,,chloerei,,,,https://avatars1.githubusercontent.com/u/49931?v=3&amp;s=100,,,,,,,,,,,,,,,,,,,Rei,,,,,
0,still hiring creatives,sofish,,,,https://avatars2.githubusercontent.com/u/153183?v=3&amp;s=100,,,,,,,,,,,,,,,,,,,小鱼,,,,,
0,,JacksonTian,,,,https://avatars0.githubusercontent.com/u/327019?v=3&amp;s=100,,,,,,,,,,,,,,,,,,,Jackson Tian,,,,,
0,,BYVoid,,,,https://avatars0.githubusercontent.com/u/245270?v=3&amp;s=100,,,,,,,,,,,,,,,,,,,Carbo Kuo,,,,,
0,,lifesinger,,,,https://avatars2.githubusercontent.com/u/97227?v=3&amp;s=100,,,,,,,,,,,,,,,,,,,lifesinger,,,,,
0,Just another front-end engineer.,qddegtya,,,,https://avatars0.githubusercontent.com/u/773248?v=3&amp;s=100,,,,,,,,,,,,,,,,,,,Archer(炽宇),,,,,
