﻿score,bio,login,public_repos,id,public_gists,avatar_url,gravatar_id,url,html_url,followers_url,following_url,gists_url,starred_url,subscriptions_url,organizations_url,repos_url,events_url,received_events_url,type,site_admin,name,company,blog,location,email,hireable,followers,following,created_at,updated_at
0,,V3ct0r,,,,https://avatars2.githubusercontent.com/u/1517119?v=3&amp;s=100,,,,,,,,,,,,,,,Héctor,,,,,,,,,
0,,rcitterio,,,,https://avatars2.githubusercontent.com/u/4558949?v=3&amp;s=100,,,,,,,,,,,,,,,Raitme Citterio,,,,,,,,,
0,,uokesita,,,,https://avatars3.githubusercontent.com/u/139400?v=3&amp;s=100,,,,,,,,,,,,,,,Osledy Bazo,,,,,,,,,
0,,felixurbina,,,,https://avatars0.githubusercontent.com/u/5263493?v=3&amp;s=100,,,,,,,,,,,,,,,Félix Urbina,,,,,,,,,
0,,marydn,,,,https://avatars1.githubusercontent.com/u/395047?v=3&amp;s=100,,,,,,,,,,,,,,,Mary De Nóbrega,,,,,,,,,
0,,efraxpc,,,,https://avatars1.githubusercontent.com/u/2850073?v=3&amp;s=100,,,,,,,,,,,,,,,efraxpc,,,,,,,,,
0,In love with @nezybit &lt;3,abr4xas,,,,https://avatars1.githubusercontent.com/u/405484?v=3&amp;s=100,,,,,,,,,,,,,,,ángel,,,,,,,,,
0,,jhuss,,,,https://avatars1.githubusercontent.com/u/755345?v=3&amp;s=100,,,,,,,,,,,,,,,Jesús Jerez,,,,,,,,,
0,,acangiani,,,,https://avatars2.githubusercontent.com/u/2373401?v=3&amp;s=100,,,,,,,,,,,,,,,Agustín Cangiani,,,,,,,,,
0,,ezeq-10,,,,https://avatars3.githubusercontent.com/u/6651398?v=3&amp;s=100,,,,,,,,,,,,,,,Ezequiel Miranda,,,,,,,,,
0,,nickboudreau,,,,https://avatars3.githubusercontent.com/u/5040951?v=3&amp;s=100,,,,,,,,,,,,,,,Nick,,,,,,,,,
0,,D132,,,,https://avatars2.githubusercontent.com/u/4085362?v=3&amp;s=100,,,,,,,,,,,,,,,Deepak Laxmi Narasimha,,,,,,,,,
0,"C.S Graduate from NJIT, Founder / Developer @ Therapy Square ",imraazrally,,,,https://avatars1.githubusercontent.com/u/10794748?v=3&amp;s=100,,,,,,,,,,,,,,,Imraaz Rally,,,,,,,,,
0,Just a guy who likes to make things @MichalYouDoing,MichalPaszkiewicz,,,,https://avatars2.githubusercontent.com/u/6673982?v=3&amp;s=100,,,,,,,,,,,,,,,Michal Paszkiewicz,,,,,,,,,
0,Do cool things that doesn&#39;t matter.,tvvocold,,,,https://avatars2.githubusercontent.com/u/4530539?v=3&amp;s=100,,,,,,,,,,,,,,,Ray,,,,,,,,,
0,Developer Program Member,VagrantStory,,,,https://avatars3.githubusercontent.com/u/4069972?v=3&amp;s=100,,,,,,,,,,,,,,,mohammad,,,,,,,,,
0,,stoked-zz,,,,https://avatars2.githubusercontent.com/u/13973828?v=3&amp;s=100,,,,,,,,,,,,,,,Amie Lynn,,,,,,,,,
0,DSN Pisual 首席设计师、蟾宫折桂科技有限公司技术总监、月牙堂科技有限公司技术总监、Stargazer（观星者）首席设计师,pisual,,,,https://avatars0.githubusercontent.com/u/9153294?v=3&amp;s=100,,,,,,,,,,,,,,,FelixSion,,,,,,,,,
0,,Solci,,,,https://avatars2.githubusercontent.com/u/18383031?v=3&amp;s=100,,,,,,,,,,,,,,,Sol Ara,,,,,,,,,
0,,jotadepicas,,,,https://avatars2.githubusercontent.com/u/1919819?v=3&amp;s=100,,,,,,,,,,,,,,,Juan Pablo Picasso,,,,,,,,,
0,If you are alone - imagine that you are Gordon Freeman.,ternsip,,,,https://avatars3.githubusercontent.com/u/10179239?v=3&amp;s=100,,,,,,,,,,,,,,,Ternsip,,,,,,,,,
0,,0xNacho,,,,https://avatars0.githubusercontent.com/u/2890475?v=3&amp;s=100,,,,,,,,,,,,,,,Nacho García Fernández,,,,,,,,,
0,,NeftaliYagua,,,,https://avatars0.githubusercontent.com/u/2866454?v=3&amp;s=100,,,,,,,,,,,,,,,Neftalí Yagua,,,,,,,,,
0,student,rod-lin,,,,https://avatars1.githubusercontent.com/u/9999958?v=3&amp;s=100,,,,,,,,,,,,,,,rod,,,,,,,,,
0,Talk is cheap. Show me the code. -- Linus Torvalds,RogerFederer03,,,,https://avatars1.githubusercontent.com/u/5633006?v=3&amp;s=100,,,,,,,,,,,,,,,Zheng Luo,,,,,,,,,
0,"Cat lover, lego fanatic, full stack developer, big data and math passionate.",jpruiz114,,,,https://avatars3.githubusercontent.com/u/4614970?v=3&amp;s=100,,,,,,,,,,,,,,,Jean Paul Ruiz,,,,,,,,,
0,Just working on a few things...,Tyquan,,,,https://avatars1.githubusercontent.com/u/7365526?v=3&amp;s=100,,,,,,,,,,,,,,,Tyquan Reddick,,,,,,,,,
0,give me your love!,Gooooodman,,,,https://avatars0.githubusercontent.com/u/13062160?v=3&amp;s=100,,,,,,,,,,,,,,,Goooood,,,,,,,,,
0,I help Fortune 50 retailers scale their cloud applications using open source software,mrichman,,,,https://avatars1.githubusercontent.com/u/11228?v=3&amp;s=100,,,,,,,,,,,,,,,Mark Richman,,,,,,,,,
0,,naruto227,,,,https://avatars3.githubusercontent.com/u/16680574?v=3&amp;s=100,,,,,,,,,,,,,,,Michael Allan,,,,,,,,,
0,,liqy,,,,https://avatars3.githubusercontent.com/u/752015?v=3&amp;s=100,,,,,,,,,,,,,,,李小义,,,,,,,,,
0,,AeronStory,,,,https://avatars2.githubusercontent.com/u/22915694?v=3&amp;s=100,,,,,,,,,,,,,,,mohammad,,,,,,,,,
0,Java、Scala、Clojure,Vermisse,,,,https://avatars2.githubusercontent.com/u/17972943?v=3&amp;s=100,,,,,,,,,,,,,,,Sunki,,,,,,,,,
0,,yfgeek,,,,https://avatars2.githubusercontent.com/u/7533831?v=3&amp;s=100,,,,,,,,,,,,,,,Ivan,,,,,,,,,
0,"Currently a Researcher and Hacker at RavenTech, full-stack developer and Hackathoner. Hosted the top level hackathon team @hACKbUSTER .",SergioChan,,,,https://avatars3.githubusercontent.com/u/10103766?v=3&amp;s=100,,,,,,,,,,,,,,,江南的悲伤,,,,,,,,,
0,,alicaglayan,,,,https://avatars1.githubusercontent.com/u/5114628?v=3&amp;s=100,,,,,,,,,,,,,,,Ali İhsan ÇAĞLAYAN,,,,,,,,,
0,Available for part-time or freelance work.,angusshire,,,,https://avatars1.githubusercontent.com/u/5877145?v=3&amp;s=100,,,,,,,,,,,,,,,Angus H.,,,,,,,,,
0,"Fundador da Php Enterprise, sócio em outras empresas de tecnologia e gestor de projetos de software",phpenterprise,,,,https://avatars2.githubusercontent.com/u/1564781?v=3&amp;s=100,,,,,,,,,,,,,,,Patrick Otto,,,,,,,,,
0,,mlisac,,,,https://avatars0.githubusercontent.com/u/4005694?v=3&amp;s=100,,,,,,,,,,,,,,,Kreativni Nered,,,,,,,,,
0,Developer. @uptaragua,aranajhonny,,,,https://avatars3.githubusercontent.com/u/9091881?v=3&amp;s=100,,,,,,,,,,,,,,,Arana Jhonny,,,,,,,,,
0,,mssalvo,,,,https://avatars3.githubusercontent.com/u/5181298?v=3&amp;s=100,,,,,,,,,,,,,,,Salvo,,,,,,,,,
0,Practice makes perfect.,hadesyi,,,,https://avatars1.githubusercontent.com/u/84391?v=3&amp;s=100,,,,,,,,,,,,,,,Seok Gon Lee,,,,,,,,,
0,,shoshindes,,,,https://avatars1.githubusercontent.com/u/13901088?v=3&amp;s=100,,,,,,,,,,,,,,,Jack Thompson,,,,,,,,,
0,,brunocasanova,,,,https://avatars3.githubusercontent.com/u/4107768?v=3&amp;s=100,,,,,,,,,,,,,,,Bruno Casanova,,,,,,,,,
0,"full-stack developer, ui/ux designer, musician &amp; diy entusiast",cusspvz,,,,https://avatars2.githubusercontent.com/u/3604053?v=3&amp;s=100,,,,,,,,,,,,,,,José Moreira,,,,,,,,,
0,"developing software, teams, systems. learn, do, teach; iterate.",rjz,,,,https://avatars2.githubusercontent.com/u/499260?v=3&amp;s=100,,,,,,,,,,,,,,,RJ Zaworski,,,,,,,,,
0,Co-founder at SocialCapital ,obedeugene,,,,https://avatars0.githubusercontent.com/u/3494971?v=3&amp;s=100,,,,,,,,,,,,,,,Obed Eugene,,,,,,,,,
0,,gabrielpconceicao,,,,https://avatars0.githubusercontent.com/u/5131269?v=3&amp;s=100,,,,,,,,,,,,,,,Gabriel Conceição,,,,,,,,,
0,,matagus,,,,https://avatars2.githubusercontent.com/u/58519?v=3&amp;s=100,,,,,,,,,,,,,,,agustín méndez,,,,,,,,,
0,,ptkrm,,,,https://avatars3.githubusercontent.com/u/3258646?v=3&amp;s=100,,,,,,,,,,,,,,,Lino Nava,,,,,,,,,
0,,fernandoparada18,,,,https://avatars3.githubusercontent.com/u/9118579?v=3&amp;s=100,,,,,,,,,,,,,,,Fernando Parada,,,,,,,,,
