﻿[
    {
        "Followers": [
            "AndiChiou",
            "xiyouWyz",
            "BFush",
            "gintern",
            "Vermisse",
            "yw9381",
            "moxiaohei",
            "menghucheng",
            "RogerFederer03",
            "brunocvcunha",
            "HanDaoDao",
            "hrh007",
            "ifan0316",
            "SuperSency",
            "ruihaolee",
            "RainbowerIn3G",
            "xiyouZmt",
            "katherineqj",
            "iosTangtang",
            "yuanguozheng"
        ],
        "Followings": [
            "BFush",
            "AndiChiou",
            "LWPeng",
            "SnehaRane",
            "Vermisse",
            "moxiaohei",
            "menghucheng",
            "yw9381",
            "xiyouWyz",
            "ayushoriginal",
            "RogerFederer03",
            "hanks-zyh",
            "brunocvcunha",
            "gintern",
            "hrh007",
            "ifan0316",
            "SuperSency",
            "MoNorth",
            "ruihaolee",
            "wangjiawangGitHub",
            "RainbowerIn3G",
            "xiyouZmt",
            "katherineqj",
            "yangbodong22011",
            "HanDaoDao",
            "iosTangtang",
            "metrosidebar",
            "dengtuo",
            "Pandapm",
            "WeiJiadong",
            "xyTianZhao",
            "xiyouMc",
            "yuanguozheng",
            "daimajia"
        ],
        "Repositories": null,
        "Stars": null,
        "User": {
            "Extension": null,
            "avatar_url": null,
            "bio": null,
            "blog": null,
            "company": null,
            "created_at": null,
            "email": null,
            "events_url": null,
            "followers": null,
            "followers_url": null,
            "following": null,
            "following_url": null,
            "gists_url": null,
            "gravatar_id": null,
            "hireable": null,
            "html_url": null,
            "id": null,
            "location": null,
            "login": "1anc3r",
            "name": null,
            "organizations_url": null,
            "public_gists": null,
            "public_repos": null,
            "received_events_url": null,
            "repos_url": null,
            "score": 0,
            "site_admin": null,
            "starred_url": null,
            "subscriptions_url": null,
            "type": null,
            "updated_at": null,
            "url": null
        }
    }
]