﻿[
    {
        "Followers": [
            "AndiChiou",
            "deeheber",
            "richpriordesign",
            "jpruiz114",
            "doomsterinc",
            "ozgursarioglan",
            "irshuLx",
            "joses-soul",
            "ternsip",
            "MichalPaszkiewicz",
            "brunocvcunha",
            "nmillward",
            "OneHunnid"
        ],
        "Followings": [
            "AndiChiou",
            "myuanyuan",
            "SnehaRane",
            "jpruiz114",
            "doomsterinc",
            "ozgursarioglan",
            "discobeta",
            "joses-soul",
            "ayushoriginal",
            "jagracey",
            "rgee",
            "brunocvcunha",
            "jblinder",
            "colladow",
            "dphiffer",
            "walliSmith",
            "richpriordesign",
            "maxlia",
            "lpcruz",
            "stmalk",
            "deeheber",
            "ashes74",
            "LRodriguez92",
            "danpgomez",
            "ternsip",
            "MichalPaszkiewicz",
            "sanbir",
            "irshuLx",
            "gmkhussain",
            "nmillward",
            "OneHunnid"
        ],
        "Repositories": null,
        "Stars": null,
        "User": {
            "Extension": null,
            "avatar_url": null,
            "bio": null,
            "blog": null,
            "company": null,
            "created_at": null,
            "email": null,
            "events_url": null,
            "followers": null,
            "followers_url": null,
            "following": null,
            "following_url": null,
            "gists_url": null,
            "gravatar_id": null,
            "hireable": null,
            "html_url": null,
            "id": null,
            "location": null,
            "login": "aaronmiller",
            "name": null,
            "organizations_url": null,
            "public_gists": null,
            "public_repos": null,
            "received_events_url": null,
            "repos_url": null,
            "score": 0,
            "site_admin": null,
            "starred_url": null,
            "subscriptions_url": null,
            "type": null,
            "updated_at": null,
            "url": null
        }
    }
]