﻿[
    {
        "Followers": [
            "wilon",
            "JaySekulow15",
            "wxmahen",
            "AndiChiou",
            "edu-bot",
            "BFush",
            "dengyi1992",
            "gintern",
            "chongbenben",
            "ReidHolmes",
            "mallikarjunayaddala",
            "yfgeek",
            "yayuntian",
            "zhiaixuexi",
            "chenyoufu",
            "Vermisse",
            "lazyman123",
            "jaystu",
            "naruto227",
            "shivamshekhar",
            "lucasbento",
            "brianna1234",
            "shadestreak",
            "zrcing",
            "ozgursarioglan",
            "perfettiful",
            "kevin-who",
            "johnfkraus",
            "qq179825800",
            "wrh2",
            "selman",
            "evinw",
            "tm57",
            "peterkokot",
            "JohnAnthony",
            "JessicaGarson",
            "indykish",
            "manoj192",
            "cynical89",
            "anoiaque",
            "Gooooodman",
            "dotscript",
            "alanhaggai",
            "RogerFederer03",
            "rod-lin",
            "bloodycoder",
            "MichalPaszkiewicz",
            "samhunta",
            "docapotamus",
            "MattMcFarland",
            "timBrockman"
        ],
        "Followings": [
            "JaySekulow15",
            "wxmahen",
            "BFush",
            "edu-bot",
            "AndiChiou",
            "answershuto",
            "mallikarjunayaddala",
            "yfgeek",
            "yayuntian",
            "zhiaixuexi",
            "chongbenben",
            "myuanyuan",
            "SnehaRane",
            "chenyoufu",
            "tccpc",
            "Mrzeron",
            "lazyman123",
            "SanjithKanagavel",
            "Vermisse",
            "qiyian",
            "paramsingh96",
            "gcelaor",
            "AeronStory",
            "naruto227",
            "DionysiosB",
            "shivamshekhar",
            "lucasbento",
            "brianna1234",
            "shadestreak",
            "zrcing",
            "ozgursarioglan",
            "dengyi1992",
            "dysc",
            "discobeta",
            "tm57",
            "NIHAR-SARKAR",
            "qq179825800",
            "Giando",
            "evinw",
            "ayushoriginal",
            "manoj192",
            "jagracey",
            "cynical89",
            "bloodycoder",
            "Gooooodman",
            "lukesUbuntu",
            "dotscript",
            "RogerFederer03",
            "gintern",
            "jpavelek",
            "html5cat"
        ],
        "Repositories": null,
        "Stars": null,
        "User": {
            "Extension": null,
            "avatar_url": null,
            "bio": null,
            "blog": null,
            "company": null,
            "created_at": null,
            "email": null,
            "events_url": null,
            "followers": null,
            "followers_url": null,
            "following": null,
            "following_url": null,
            "gists_url": null,
            "gravatar_id": null,
            "hireable": null,
            "html_url": null,
            "id": null,
            "location": null,
            "login": "abdulabbas",
            "name": null,
            "organizations_url": null,
            "public_gists": null,
            "public_repos": null,
            "received_events_url": null,
            "repos_url": null,
            "score": 0,
            "site_admin": null,
            "starred_url": null,
            "subscriptions_url": null,
            "type": null,
            "updated_at": null,
            "url": null
        }
    }
]