﻿[
    {
        "Followers": [
            "thierryrene",
            "hayderimran7",
            "AndiChiou",
            "BFush",
            "dengyi1992",
            "gintern",
            "huruji",
            "chongbenben",
            "isavin",
            "chenyoufu",
            "Vermisse",
            "Thuffer86",
            "naruto227",
            "VegiS",
            "shayanzare",
            "selurvedu",
            "evinw",
            "srayner",
            "bargemb",
            "RogerFederer03",
            "Gooooodman",
            "Tyquan",
            "giang99",
            "AdiChat",
            "samhunta",
            "RowlandOti",
            "cusspvz"
        ],
        "Followings": [
            "AndiChiou",
            "hayderimran7",
            "hswolff",
            "cdman",
            "alexpana",
            "BFush",
            "qiao",
            "kitze",
            "Sacret",
            "notwaldorf",
            "mmistakes",
            "myuanyuan",
            "danleech",
            "sergiokopplin",
            "nielsenramon",
            "toxtli",
            "tccpc",
            "SnehaRane",
            "tswast",
            "PeterTeng",
            "Thuffer86",
            "Vermisse",
            "haoranw",
            "qiyian",
            "chenyoufu",
            "isavin",
            "davidtmiller",
            "rusg77",
            "if22",
            "knowbody",
            "shayanzare",
            "IonicaBizau",
            "jwasham",
            "toddmotto",
            "VegiS",
            "dysc",
            "manboubird",
            "discobeta",
            "naruto227",
            "vladmihalcea",
            "selurvedu",
            "dengyi1992",
            "e-dorigatti",
            "evinw",
            "daniel-beck",
            "tfennelly",
            "eirslett",
            "alexellis",
            "paulirish",
            "olivergondza",
            "ikedam"
        ],
        "Repositories": null,
        "Stars": null,
        "User": {
            "Extension": null,
            "avatar_url": null,
            "bio": null,
            "blog": null,
            "company": null,
            "created_at": null,
            "email": null,
            "events_url": null,
            "followers": null,
            "followers_url": null,
            "following": null,
            "following_url": null,
            "gists_url": null,
            "gravatar_id": null,
            "hireable": null,
            "html_url": null,
            "id": null,
            "location": null,
            "login": "alexsomai",
            "name": null,
            "organizations_url": null,
            "public_gists": null,
            "public_repos": null,
            "received_events_url": null,
            "repos_url": null,
            "score": 0,
            "site_admin": null,
            "starred_url": null,
            "subscriptions_url": null,
            "type": null,
            "updated_at": null,
            "url": null
        }
    }
]