﻿[
    {
        "Followers": [
            "wilon",
            "wxmahen",
            "AndiChiou",
            "BFush",
            "edu-bot",
            "gintern",
            "Vermisse",
            "AeronStory",
            "RogerFederer03",
            "Gooooodman",
            "ternsip",
            "adityaanupindi",
            "qinix",
            "sisazago",
            "stoked-zz",
            "VagrantStory",
            "tvvocold",
            "soyelmnd",
            "imraazrally",
            "alicaglayan",
            "Alireza-Dezfoolian",
            "shoshindes",
            "gabrielpconceicao",
            "brunocasanova",
            "cusspvz",
            "mafesernaarboleda",
            "JuanEstebanYC",
            "angusshire",
            "noure",
            "nebiros",
            "Krank2me",
            "raowl",
            "dapanas",
            "chesstrian"
        ],
        "Followings": [
            "AndiChiou",
            "wxmahen",
            "edu-bot",
            "BFush",
            "Vermisse",
            "SnehaRane",
            "myuanyuan",
            "AeronStory",
            "marley-spring",
            "enrapt-mochizuki",
            "eishay",
            "antacerod",
            "rohitghatol",
            "cer",
            "Raniz85",
            "making",
            "derjust",
            "michaellavelle",
            "gintern",
            "Gooooodman",
            "RogerFederer03",
            "ternsip",
            "adityaanupindi",
            "DoubangoTelecom",
            "jcagarcia",
            "jodastephen",
            "qinix",
            "pablofernandezcom",
            "VagrantStory",
            "soyelmnd",
            "tvvocold",
            "stoked-zz",
            "imraazrally",
            "tennisonchan",
            "jewelsea",
            "kylemcdonald",
            "sisazago",
            "MilanAryal",
            "alicaglayan",
            "Alireza-Dezfoolian",
            "windiest",
            "trisberg",
            "benjamn",
            "tucnak",
            "shoshindes",
            "sadjow",
            "pouya-abbassi",
            "alex-cory",
            "makeusabrew",
            "paulc4",
            "joegesualdo"
        ],
        "Repositories": null,
        "Stars": null,
        "User": {
            "Extension": null,
            "avatar_url": null,
            "bio": null,
            "blog": null,
            "company": null,
            "created_at": null,
            "email": null,
            "events_url": null,
            "followers": null,
            "followers_url": null,
            "following": null,
            "following_url": null,
            "gists_url": null,
            "gravatar_id": null,
            "hireable": null,
            "html_url": null,
            "id": null,
            "location": null,
            "login": "andresmontoyat",
            "name": null,
            "organizations_url": null,
            "public_gists": null,
            "public_repos": null,
            "received_events_url": null,
            "repos_url": null,
            "score": 0,
            "site_admin": null,
            "starred_url": null,
            "subscriptions_url": null,
            "type": null,
            "updated_at": null,
            "url": null
        }
    }
]