﻿[
    {
        "Followers": [
            "AndiChiou",
            "BFush",
            "dengyi1992",
            "gintern",
            "yfgeek",
            "Vermisse",
            "2tarotk",
            "AeronStory",
            "naruto227",
            "shivamshekhar",
            "lucasbento",
            "zrcing",
            "ozgursarioglan",
            "lukesUbuntu",
            "dotscript",
            "guguido",
            "976500133",
            "RogerFederer03",
            "lancelot801",
            "rod-lin",
            "ternsip",
            "cusspvz",
            "qinix",
            "ludovicbenistant",
            "jpruiz114",
            "pisual",
            "VagrantStory",
            "stoked-zz",
            "querino",
            "NatOliiveira",
            "superblr",
            "tvvocold",
            "MichalPaszkiewicz",
            "elgalu",
            "jhowcs",
            "PeytonsProfile",
            "imraazrally",
            "fengnanyue",
            "D132",
            "codersaiful",
            "shoshindes",
            "fernando-lopes",
            "angusshire",
            "felipegruoso",
            "mgwhitfield",
            "luanpontolio",
            "davidfcavalcante",
            "lucasbastianik"
        ],
        "Followings": [
            "BFush",
            "AndiChiou",
            "gustavozafra",
            "zrcing",
            "ozgursarioglan",
            "dysc",
            "dengyi1992",
            "lukesUbuntu",
            "Giando",
            "dotscript",
            "guguido",
            "lancelot801",
            "RogerFederer03",
            "976500133",
            "konmik",
            "gintern",
            "rod-lin",
            "2tarotk",
            "blendin",
            "ternsip",
            "andrewsyc",
            "paramsingh96",
            "michaeldouglas",
            "silverbux",
            "cusspvz",
            "pablofernandezcom",
            "gmkhussain",
            "qinix",
            "thiagofa",
            "normandesjr",
            "chrisbanes",
            "loiane",
            "0xNacho",
            "ludovicbenistant",
            "jpruiz114",
            "pisual",
            "tyrollins",
            "mohebifar",
            "monmon-2007",
            "VagrantStory",
            "stoked-zz",
            "NatOliiveira",
            "superblr",
            "tvvocold",
            "panxw",
            "MichalPaszkiewicz",
            "elgalu",
            "jhowcs",
            "PeytonsProfile",
            "imraazrally",
            "D132"
        ],
        "Repositories": null,
        "Stars": null,
        "User": {
            "Extension": null,
            "avatar_url": null,
            "bio": null,
            "blog": null,
            "company": null,
            "created_at": null,
            "email": null,
            "events_url": null,
            "followers": null,
            "followers_url": null,
            "following": null,
            "following_url": null,
            "gists_url": null,
            "gravatar_id": null,
            "hireable": null,
            "html_url": null,
            "id": null,
            "location": null,
            "login": "andreguedes",
            "name": null,
            "organizations_url": null,
            "public_gists": null,
            "public_repos": null,
            "received_events_url": null,
            "repos_url": null,
            "score": 0,
            "site_admin": null,
            "starred_url": null,
            "subscriptions_url": null,
            "type": null,
            "updated_at": null,
            "url": null
        }
    }
]