﻿[
    {
        "Followers": [
            "AndiChiou",
            "luisjnk",
            "BFush",
            "gintern",
            "sanbir",
            "ternsip",
            "AdiChat",
            "cardinot",
            "angusshire",
            "mgwhitfield",
            "cusspvz",
            "brunocasanova",
            "abdullah1908",
            "jsy962000",
            "ks2colorworld"
        ],
        "Followings": [
            "AndiChiou",
            "luisjnk",
            "BFush",
            "LeeYoonGu",
            "khongchi",
            "jhyeon1010",
            "bnu",
            "akasima",
            "cardinot",
            "AdiChat",
            "ternsip",
            "sanbir",
            "SnehaRane",
            "gintern",
            "seoul-opengov",
            "ks2colorworld",
            "brunocasanova",
            "abdullah1908",
            "jsy962000",
            "cusspvz",
            "mgwhitfield",
            "angusshire",
            "shrimpboyho",
            "vladstudio",
            "xguru",
            "soleaf"
        ],
        "Repositories": null,
        "Stars": null,
        "User": {
            "Extension": null,
            "avatar_url": null,
            "bio": null,
            "blog": null,
            "company": null,
            "created_at": null,
            "email": null,
            "events_url": null,
            "followers": null,
            "followers_url": null,
            "following": null,
            "following_url": null,
            "gists_url": null,
            "gravatar_id": null,
            "hireable": null,
            "html_url": null,
            "id": null,
            "location": null,
            "login": "bbonkr",
            "name": null,
            "organizations_url": null,
            "public_gists": null,
            "public_repos": null,
            "received_events_url": null,
            "repos_url": null,
            "score": 0,
            "site_admin": null,
            "starred_url": null,
            "subscriptions_url": null,
            "type": null,
            "updated_at": null,
            "url": null
        }
    }
]