﻿[
    {
        "Followers": [
            "wilon",
            "wxmahen",
            "mrraedbadr",
            "AndiChiou",
            "classLoder",
            "edu-bot",
            "bravegurkha",
            "BFush",
            "gintern",
            "huruji",
            "ReidHolmes",
            "Vermisse",
            "AeronStory",
            "ajgrande924",
            "RogerFederer03",
            "Gooooodman",
            "Tyquan",
            "976500133",
            "ultrasilicon",
            "rod-lin",
            "rajkumarui",
            "josephmuli",
            "bdegannes",
            "ternsip",
            "mahonaguha",
            "RowlandOti",
            "qinix",
            "AdiChat",
            "ksiddana",
            "VagrantStory",
            "stoked-zz",
            "MichalPaszkiewicz",
            "imraazrally",
            "D132",
            "shoshindes",
            "angusshire",
            "kenju254",
            "patelSmith",
            "brunocasanova",
            "jobm",
            "owen-d",
            "tamzi",
            "c2y3dc",
            "kyaloj",
            "maniarab",
            "colleowino",
            "festuskiambi",
            "rkho",
            "Sheeaka",
            "gracelau",
            "iantheninja"
        ],
        "Followings": [
            "agibsonccc",
            "wxmahen",
            "mrraedbadr",
            "AndiChiou",
            "classLoder",
            "andrewtorman",
            "edu-bot",
            "BFush",
            "huruji",
            "curiositry",
            "tccpc",
            "bravegurkha",
            "Vermisse",
            "SnehaRane",
            "myuanyuan",
            "ReidHolmes",
            "AeronStory",
            "ankita-singh",
            "D132",
            "Tyquan",
            "Gooooodman",
            "RogerFederer03",
            "ptoing",
            "ultrasilicon",
            "976500133",
            "gintern",
            "ajgrande924",
            "josephmuli",
            "rajkumarui",
            "blendin",
            "rod-lin",
            "ternsip",
            "pbailis",
            "discobeta",
            "0xNacho",
            "lidinghao",
            "RowlandOti",
            "pablofernandezcom",
            "gmkhussain",
            "qinix",
            "AdiChat",
            "prKassad",
            "VagrantStory",
            "legalcodes",
            "bdegannes",
            "ksiddana",
            "HarrisonA",
            "MichalPaszkiewicz",
            "imraazrally",
            "BernardoGO",
            "tennisonchan"
        ],
        "Repositories": null,
        "Stars": null,
        "User": {
            "Extension": null,
            "avatar_url": null,
            "bio": null,
            "blog": null,
            "company": null,
            "created_at": null,
            "email": null,
            "events_url": null,
            "followers": null,
            "followers_url": null,
            "following": null,
            "following_url": null,
            "gists_url": null,
            "gravatar_id": null,
            "hireable": null,
            "html_url": null,
            "id": null,
            "location": null,
            "login": "cdepman",
            "name": null,
            "organizations_url": null,
            "public_gists": null,
            "public_repos": null,
            "received_events_url": null,
            "repos_url": null,
            "score": 0,
            "site_admin": null,
            "starred_url": null,
            "subscriptions_url": null,
            "type": null,
            "updated_at": null,
            "url": null
        }
    }
]