﻿[
    {
        "Followers": [
            "AndiChiou",
            "BFush",
            "gintern",
            "chongbenben",
            "Vermisse",
            "ZHLOVE",
            "shashankpali",
            "Mati365",
            "muyang00",
            "ln371494114",
            "OboBear",
            "shiyonghui",
            "donghuagif"
        ],
        "Followings": [
            "donghuagif",
            "muyang00",
            "Mati365",
            "shashankpali",
            "ZHLOVE",
            "Vermisse",
            "chongbenben",
            "BFush",
            "AndiChiou",
            "renzifeng",
            "binux",
            "ittianyu",
            "dkhamsing",
            "SamWanng",
            "haoranw",
            "dongweiming",
            "soimort",
            "ibireme",
            "yindongyang",
            "gawel",
            "daimajia",
            "liaohuqiu",
            "oschina",
            "Urinx",
            "DrkSephy",
            "milizhang",
            "vczh",
            "gintern",
            "tonsky",
            "MWadstein",
            "singer1026",
            "CharlinFeng",
            "tangqiaoboy",
            "DianQK",
            "ln371494114",
            "insidegui",
            "monniya",
            "andrewsyc",
            "Andrew-liu",
            "marchtea",
            "ChenYilong",
            "OboBear",
            "kattrali",
            "sanguish",
            "steipete",
            "d-ronnqvist",
            "chriseidhof",
            "mattt",
            "lattner",
            "mattgemmell",
            "johnno1962"
        ],
        "Repositories": null,
        "Stars": null,
        "User": {
            "Extension": null,
            "avatar_url": null,
            "bio": null,
            "blog": null,
            "company": null,
            "created_at": null,
            "email": null,
            "events_url": null,
            "followers": null,
            "followers_url": null,
            "following": null,
            "following_url": null,
            "gists_url": null,
            "gravatar_id": null,
            "hireable": null,
            "html_url": null,
            "id": null,
            "location": null,
            "login": "chengxxxxwang",
            "name": null,
            "organizations_url": null,
            "public_gists": null,
            "public_repos": null,
            "received_events_url": null,
            "repos_url": null,
            "score": 0,
            "site_admin": null,
            "starred_url": null,
            "subscriptions_url": null,
            "type": null,
            "updated_at": null,
            "url": null
        }
    }
]