﻿[
    {
        "Followers": [
            "AndiChiou",
            "BFush",
            "Vermisse",
            "gintern",
            "mugenyie",
            "jkaweesi22",
            "nuwe1",
            "jonathanjab87",
            "gmkhussain",
            "Kyeza",
            "BoubTheFixer",
            "MichalPaszkiewicz",
            "samuelprince77",
            "jokamjohn",
            "lutayashafiq"
        ],
        "Followings": [
            "jkaweesi22",
            "Vermisse",
            "BFush",
            "AndiChiou",
            "phillipahereza",
            "MrOnyancha",
            "gintern",
            "learncodeacademy",
            "deano2390",
            "nuwe1",
            "jonathanjab87",
            "gmkhussain",
            "atimothee",
            "detailyang",
            "MichalPaszkiewicz",
            "BoubTheFixer",
            "andrewsyc",
            "justmarkham",
            "mugenyie",
            "dokalanyi",
            "samuelprince77",
            "romannurik",
            "zedjasper",
            "Kyeza",
            "koush",
            "kevinsawicki",
            "commonsguy",
            "gabrielemariotti",
            "chrisbanes",
            "swankjesse",
            "lecho",
            "lutayashafiq",
            "NehuenD",
            "austiine04",
            "wanderanimrod",
            "amukiza",
            "JamesMura",
            "jokamjohn",
            "GreenApplee",
            "alexzaitsev",
            "JakeWharton",
            "edBaev",
            "Lesilva"
        ],
        "Repositories": null,
        "Stars": null,
        "User": {
            "Extension": null,
            "avatar_url": null,
            "bio": null,
            "blog": null,
            "company": null,
            "created_at": null,
            "email": null,
            "events_url": null,
            "followers": null,
            "followers_url": null,
            "following": null,
            "following_url": null,
            "gists_url": null,
            "gravatar_id": null,
            "hireable": null,
            "html_url": null,
            "id": null,
            "location": null,
            "login": "codephillip",
            "name": null,
            "organizations_url": null,
            "public_gists": null,
            "public_repos": null,
            "received_events_url": null,
            "repos_url": null,
            "score": 0,
            "site_admin": null,
            "starred_url": null,
            "subscriptions_url": null,
            "type": null,
            "updated_at": null,
            "url": null
        }
    }
]