﻿[
    {
        "Followers": [
            "scalarwaves",
            "AndiChiou",
            "monsterkodi",
            "stoked-zz"
        ],
        "Followings": [
            "defunkt",
            "tj",
            "AndiChiou",
            "stoked-zz",
            "headius",
            "dfl",
            "Sciss",
            "arirusso",
            "technomancy",
            "developwithpassion",
            "neelance",
            "dyoder",
            "HakanS",
            "notconscious",
            "burisu",
            "ilkka",
            "achiu",
            "drowaudio",
            "cowboyd",
            "shawnbot",
            "JanAhrens",
            "m2ym",
            "jstrait",
            "philandstuff",
            "egp",
            "harryhaaren",
            "spencersalazar",
            "tarcieri",
            "scalarwaves",
            "holman",
            "geemus",
            "gkz",
            "jxson",
            "zeke",
            "txus",
            "bbatsov",
            "jwo",
            "jimm",
            "timowest",
            "lfzawacki",
            "zedshaw",
            "andrewrk",
            "ekelokorpi",
            "substack",
            "MattMcFarland",
            "netcell",
            "LeaVerou",
            "cwz8202",
            "poporin",
            "VagrantStory",
            "juliobetta"
        ],
        "Repositories": null,
        "Stars": null,
        "User": {
            "Extension": null,
            "avatar_url": null,
            "bio": null,
            "blog": null,
            "company": null,
            "created_at": null,
            "email": null,
            "events_url": null,
            "followers": null,
            "followers_url": null,
            "following": null,
            "following_url": null,
            "gists_url": null,
            "gravatar_id": null,
            "hireable": null,
            "html_url": null,
            "id": null,
            "location": null,
            "login": "drawnepicenter",
            "name": null,
            "organizations_url": null,
            "public_gists": null,
            "public_repos": null,
            "received_events_url": null,
            "repos_url": null,
            "score": 0,
            "site_admin": null,
            "starred_url": null,
            "subscriptions_url": null,
            "type": null,
            "updated_at": null,
            "url": null
        }
    }
]