﻿[
    {
        "Followers": [
            "wilon",
            "wxmahen",
            "AndiChiou",
            "BFush",
            "edu-bot",
            "l3lackcurtains",
            "gintern",
            "ReidHolmes",
            "yfgeek",
            "Vermisse",
            "AeronStory",
            "arielazzi",
            "Segure",
            "rod-lin",
            "RogerFederer03",
            "ternsip",
            "JeorgeMatt",
            "stoked-zz",
            "angusshire",
            "mgwhitfield"
        ],
        "Followings": [
            "wxmahen",
            "stoked-zz",
            "l3lackcurtains",
            "edu-bot",
            "BFush",
            "AndiChiou",
            "tccpc",
            "NIHAR-SARKAR",
            "ReidHolmes",
            "yfgeek",
            "SnehaRane",
            "Vermisse",
            "AeronStory",
            "scorninpc",
            "Segure",
            "afonsof",
            "typicode",
            "mathiasgrimm",
            "rafaehlers",
            "rodrigobranas",
            "mauricioaniche",
            "danielschmitz",
            "guilhermesilveira",
            "arielazzi",
            "waldemarnt",
            "fabriciocarraro",
            "mauricio",
            "ayushoriginal",
            "guicamillo",
            "RogerFederer03",
            "Giando",
            "gintern",
            "liu-dongyu",
            "sitilge",
            "rod-lin",
            "blendin",
            "sergiolopes",
            "peas",
            "Turini",
            "ligianoazzi",
            "andrewsyc",
            "ternsip",
            "flaviohenriquealmeida",
            "stopassola",
            "Ch3ck",
            "JeorgeMatt",
            "pbalduino",
            "kinghost",
            "InFog",
            "angusshire",
            "mgwhitfield"
        ],
        "Repositories": null,
        "Stars": null,
        "User": {
            "Extension": null,
            "avatar_url": null,
            "bio": null,
            "blog": null,
            "company": null,
            "created_at": null,
            "email": null,
            "events_url": null,
            "followers": null,
            "followers_url": null,
            "following": null,
            "following_url": null,
            "gists_url": null,
            "gravatar_id": null,
            "hireable": null,
            "html_url": null,
            "id": null,
            "location": null,
            "login": "edersonlrf",
            "name": null,
            "organizations_url": null,
            "public_gists": null,
            "public_repos": null,
            "received_events_url": null,
            "repos_url": null,
            "score": 0,
            "site_admin": null,
            "starred_url": null,
            "subscriptions_url": null,
            "type": null,
            "updated_at": null,
            "url": null
        }
    }
]