﻿[
    {
        "Followers": [
            "JoseCage",
            "AeronStory",
            "jpruiz114"
        ],
        "Followings": [
            "s4cha",
            "networkextension",
            "nurerwan2",
            "stoked-zz",
            "aceontech",
            "Gerst20051",
            "lbarasti",
            "andrew",
            "zzarcon",
            "timliunize",
            "JeromeTan1997",
            "maxmouchet",
            "expobaex",
            "Edig",
            "GuyKahlon",
            "iostrek",
            "beccye",
            "tchoutri",
            "snatchev",
            "dchohfi",
            "Zonoville",
            "JIaccino",
            "gregjw",
            "villoren",
            "parthjdabhi",
            "Hansteo",
            "sibelius",
            "northwind",
            "gwzhu0717",
            "NICHOLASNJOGU",
            "priyadilsha",
            "omarzion",
            "sandeep",
            "gtkesh",
            "tjwudi",
            "deeepaaa",
            "najibu",
            "aaronraff",
            "TianJiaDaShao",
            "ivarsmas",
            "geoffdavis92",
            "BFush",
            "AndiChiou",
            "iSumitG",
            "edu-bot",
            "FranciscoAmado",
            "bilawal-liaqat",
            "llazzaro",
            "TheDeepThinker",
            "dfdx2",
            "ucshadow"
        ],
        "Repositories": null,
        "Stars": null,
        "User": {
            "Extension": null,
            "avatar_url": null,
            "bio": null,
            "blog": null,
            "company": null,
            "created_at": null,
            "email": null,
            "events_url": null,
            "followers": null,
            "followers_url": null,
            "following": null,
            "following_url": null,
            "gists_url": null,
            "gravatar_id": null,
            "hireable": null,
            "html_url": null,
            "id": null,
            "location": null,
            "login": "eliehirschfield",
            "name": null,
            "organizations_url": null,
            "public_gists": null,
            "public_repos": null,
            "received_events_url": null,
            "repos_url": null,
            "score": 0,
            "site_admin": null,
            "starred_url": null,
            "subscriptions_url": null,
            "type": null,
            "updated_at": null,
            "url": null
        }
    }
]