﻿[
    {
        "Followers": [
            "lsgxeva",
            "AndiChiou",
            "BFush",
            "gintern",
            "chongbenben",
            "jpruiz114",
            "RealityDaemon",
            "yfgeek",
            "zhiaixuexi",
            "chenyoufu",
            "Vermisse",
            "ultrasilicon",
            "lucasbento",
            "evinw",
            "samhunta",
            "Mati365",
            "fgliu-andy",
            "watiktak"
        ],
        "Followings": [
            "RealityDaemon",
            "jpruiz114",
            "lsgxeva",
            "AndiChiou",
            "BFush",
            "xdite",
            "yayuntian",
            "chongbenben",
            "myuanyuan",
            "yfgeek",
            "SnehaRane",
            "zhiaixuexi",
            "tccpc",
            "aui",
            "chenyoufu",
            "Vermisse",
            "ultrasilicon",
            "Mrzeron",
            "Wellming",
            "qiyian",
            "lucasbento",
            "dybvig",
            "yinwang0",
            "liubin",
            "NIHAR-SARKAR",
            "jdsjlzx",
            "dysc",
            "evinw",
            "nhaarman",
            "gintern",
            "samhunta",
            "watiktak",
            "fgliu-andy",
            "Mati365",
            "fouber",
            "RubyLouvre",
            "tangqiaoboy",
            "justjavac",
            "ChenYilong",
            "sofish",
            "astaxie",
            "CoderMJLee",
            "laruence",
            "yyx990803",
            "michaelliao",
            "cloudwu",
            "lifesinger",
            "ruanyf",
            "daimajia",
            "ibireme",
            "goodev"
        ],
        "Repositories": null,
        "Stars": null,
        "User": {
            "Extension": null,
            "avatar_url": null,
            "bio": null,
            "blog": null,
            "company": null,
            "created_at": null,
            "email": null,
            "events_url": null,
            "followers": null,
            "followers_url": null,
            "following": null,
            "following_url": null,
            "gists_url": null,
            "gravatar_id": null,
            "hireable": null,
            "html_url": null,
            "id": null,
            "location": null,
            "login": "fgliu",
            "name": null,
            "organizations_url": null,
            "public_gists": null,
            "public_repos": null,
            "received_events_url": null,
            "repos_url": null,
            "score": 0,
            "site_admin": null,
            "starred_url": null,
            "subscriptions_url": null,
            "type": null,
            "updated_at": null,
            "url": null
        }
    }
]