﻿[
    {
        "Followers": [
            "wilon",
            "AndiChiou",
            "BFush",
            "gintern",
            "chenyoufu",
            "zhiaixuexi",
            "SanjithKanagavel",
            "Vermisse",
            "AeronStory",
            "lucasbento",
            "shivamshekhar",
            "zrcing",
            "MichalPaszkiewicz",
            "ternsip",
            "rockretroby",
            "altvaro"
        ],
        "Followings": [
            "BFush",
            "AndiChiou",
            "chenyoufu",
            "bravegurkha",
            "tccpc",
            "myuanyuan",
            "lucasbento",
            "AeronStory",
            "Vermisse",
            "SanjithKanagavel",
            "zhiaixuexi",
            "shivamshekhar",
            "Ivshti",
            "zrcing",
            "dysc",
            "samyk",
            "ayushoriginal",
            "Giando",
            "torvalds",
            "SnehaRane",
            "gintern",
            "MichalPaszkiewicz",
            "ternsip",
            "hrkfdn",
            "andrewsyc",
            "bestjaipurproperty",
            "angusshire",
            "rockretroby",
            "pinguinodecomics",
            "altvaro",
            "arvidn",
            "jedisct1",
            "orlp",
            "nmathewson",
            "ioerror",
            "linuxitux",
            "jesseschalken",
            "Frederick888",
            "stuarth",
            "mndrix",
            "andreafey",
            "patrickgombert",
            "kholbekj",
            "willemt",
            "osa1",
            "folz",
            "galina",
            "marksamman"
        ],
        "Repositories": null,
        "Stars": null,
        "User": {
            "Extension": null,
            "avatar_url": null,
            "bio": null,
            "blog": null,
            "company": null,
            "created_at": null,
            "email": null,
            "events_url": null,
            "followers": null,
            "followers_url": null,
            "following": null,
            "following_url": null,
            "gists_url": null,
            "gravatar_id": null,
            "hireable": null,
            "html_url": null,
            "id": null,
            "location": null,
            "login": "HCCorvacho",
            "name": null,
            "organizations_url": null,
            "public_gists": null,
            "public_repos": null,
            "received_events_url": null,
            "repos_url": null,
            "score": 0,
            "site_admin": null,
            "starred_url": null,
            "subscriptions_url": null,
            "type": null,
            "updated_at": null,
            "url": null
        }
    }
]