﻿[
    {
        "Followers": [
            "AndiChiou",
            "luisjnk",
            "BFush",
            "edu-bot",
            "gintern",
            "976500133",
            "VagrantStory",
            "stoked-zz",
            "tvvocold",
            "deividazevedo2",
            "atwood-cai",
            "gabrielpconceicao",
            "cusspvz",
            "brunocasanova",
            "yinjj472",
            "17dun",
            "hehead",
            "nickyped",
            "jindw",
            "firede"
        ],
        "Followings": [
            "AndiChiou",
            "swannodette",
            "tvvocold",
            "deividazevedo2",
            "VagrantStory",
            "976500133",
            "SnehaRane",
            "gintern",
            "jantimon",
            "garybernhardt",
            "ruanyf",
            "josmanlerock",
            "vczh",
            "gabrielpconceicao",
            "brunocasanova",
            "cusspvz",
            "atwood-cai",
            "kennethreitz",
            "nzakas",
            "douglascrockford",
            "magro",
            "xetorthio",
            "jcoleman",
            "kener",
            "hehead",
            "17dun",
            "nickyped",
            "tj",
            "kvz",
            "yegor256",
            "yinjj472",
            "BorisMoore",
            "tongyao",
            "CatChen",
            "yaronn",
            "58code",
            "jeresig",
            "allskystar",
            "errorrik",
            "leeight",
            "firede",
            "mytharcher",
            "jindw",
            "erik168",
            "dmethvin",
            "rlayte"
        ],
        "Repositories": null,
        "Stars": null,
        "User": {
            "Extension": null,
            "avatar_url": null,
            "bio": null,
            "blog": null,
            "company": null,
            "created_at": null,
            "email": null,
            "events_url": null,
            "followers": null,
            "followers_url": null,
            "following": null,
            "following_url": null,
            "gists_url": null,
            "gravatar_id": null,
            "hireable": null,
            "html_url": null,
            "id": null,
            "location": null,
            "login": "jarry",
            "name": null,
            "organizations_url": null,
            "public_gists": null,
            "public_repos": null,
            "received_events_url": null,
            "repos_url": null,
            "score": 0,
            "site_admin": null,
            "starred_url": null,
            "subscriptions_url": null,
            "type": null,
            "updated_at": null,
            "url": null
        }
    }
]