﻿[
    {
        "Followers": [
            "wilon",
            "abdulabbas",
            "kuina",
            "rod-lin",
            "ternsip",
            "wxmahen",
            "Vermisse",
            "alinous-core"
        ],
        "Followings": [
            "pranavlathigara",
            "becky7",
            "csjaba",
            "heximcz",
            "ionux",
            "asadrabbani",
            "stoked-zz",
            "VagrantStory",
            "pisual",
            "neworldexport",
            "copygift",
            "ternsip",
            "gesus1979",
            "kotishe",
            "e4groove",
            "gmkhussain",
            "bewithsahilsaif",
            "beali",
            "ultrasilicon",
            "juliozuppa",
            "sanbir",
            "bytearchive",
            "nikolayvoronchikhin",
            "metadings",
            "zenzenzen",
            "DharmendraDeshmukh",
            "mohannnn",
            "bryongloden",
            "abdulabbas",
            "rod-lin",
            "976500133",
            "hackmoonlight",
            "mohseniaref",
            "arjavrawal",
            "cprogrammer1994",
            "jonntd",
            "evinw",
            "staticnull",
            "joegeneva",
            "juleswells",
            "stoneyboney",
            "pythontrending",
            "albertbuchard",
            "zrcing",
            "lawrips",
            "perfettiful",
            "WALL-E",
            "AeronStory",
            "jpruiz114",
            "johndpope",
            "EtoZheTest"
        ],
        "Repositories": null,
        "Stars": null,
        "User": {
            "Extension": null,
            "avatar_url": null,
            "bio": null,
            "blog": null,
            "company": null,
            "created_at": null,
            "email": null,
            "events_url": null,
            "followers": null,
            "followers_url": null,
            "following": null,
            "following_url": null,
            "gists_url": null,
            "gravatar_id": null,
            "hireable": null,
            "html_url": null,
            "id": null,
            "location": null,
            "login": "JaySekulow15",
            "name": null,
            "organizations_url": null,
            "public_gists": null,
            "public_repos": null,
            "received_events_url": null,
            "repos_url": null,
            "score": 0,
            "site_admin": null,
            "starred_url": null,
            "subscriptions_url": null,
            "type": null,
            "updated_at": null,
            "url": null
        }
    }
]