﻿[
    {
        "Followers": [
            "wilon",
            "wxmahen",
            "diana1961",
            "AndiChiou",
            "BFush",
            "dengyi1992",
            "gintern",
            "edu-bot",
            "chongbenben",
            "dinkzilla",
            "ReidHolmes",
            "yfgeek",
            "Vermisse",
            "gcelaor",
            "AeronStory",
            "naruto227",
            "2Palmtrees",
            "Kushalexpert",
            "daniegr",
            "khegiw",
            "rod-lin",
            "RogerFederer03",
            "liu-dongyu",
            "brunocvcunha",
            "ternsip",
            "KEY1993",
            "mibamur",
            "GitFuture",
            "0xNacho",
            "bradjonesca",
            "AdiChat",
            "bjartek",
            "oddinge",
            "VagrantStory",
            "stoked-zz",
            "tvvocold",
            "hloland",
            "MichalPaszkiewicz",
            "elgalu",
            "tcw",
            "imraazrally",
            "D132",
            "angusshire",
            "cusspvz",
            "thpost",
            "kenglxn",
            "stenaksel"
        ],
        "Followings": [
            "dinkzilla",
            "edu-bot",
            "BFush",
            "AndiChiou",
            "diana1961",
            "ReidHolmes",
            "SnehaRane",
            "tccpc",
            "yfgeek",
            "myuanyuan",
            "chongbenben",
            "Vermisse",
            "SanjithKanagavel",
            "gcelaor",
            "Mrzeron",
            "qiyian",
            "haoranw",
            "LIUBOliubo",
            "AeronStory",
            "naruto227",
            "2Palmtrees",
            "dysc",
            "dengyi1992",
            "que-etc",
            "Kushalexpert",
            "khegiw",
            "ayushoriginal",
            "eiriklv",
            "EinarJohnsen",
            "daniegr",
            "RogerFederer03",
            "gintern",
            "liu-dongyu",
            "sitilge",
            "blendin",
            "rod-lin",
            "brunocvcunha",
            "kentcdodds",
            "ternsip",
            "KEY1993",
            "detailyang",
            "andrewsyc",
            "tomhodgins",
            "angusshire",
            "GitFuture",
            "0xNacho",
            "discobeta",
            "ZiggyV",
            "sindresorhus",
            "lidinghao",
            "bradjonesca"
        ],
        "Repositories": null,
        "Stars": null,
        "User": {
            "Extension": null,
            "avatar_url": null,
            "bio": null,
            "blog": null,
            "company": null,
            "created_at": null,
            "email": null,
            "events_url": null,
            "followers": null,
            "followers_url": null,
            "following": null,
            "following_url": null,
            "gists_url": null,
            "gravatar_id": null,
            "hireable": null,
            "html_url": null,
            "id": null,
            "location": null,
            "login": "leifoolsen",
            "name": null,
            "organizations_url": null,
            "public_gists": null,
            "public_repos": null,
            "received_events_url": null,
            "repos_url": null,
            "score": 0,
            "site_admin": null,
            "starred_url": null,
            "subscriptions_url": null,
            "type": null,
            "updated_at": null,
            "url": null
        }
    }
]