﻿[
    {
        "Followers": [
            "AndiChiou",
            "BFush",
            "edu-bot",
            "dengyi1992",
            "gintern",
            "yfgeek",
            "Vermisse",
            "TianJiaDaShao",
            "woliveiras",
            "naruto227",
            "evinw",
            "vansh007",
            "victor-manco33",
            "rod-lin",
            "samhunta",
            "liu-dongyu",
            "cardinot",
            "stoked-zz",
            "angusshire",
            "tomorrow199011",
            "cusspvz",
            "thialves",
            "PivotLogix"
        ],
        "Followings": [
            "geohot",
            "BFush",
            "AndiChiou",
            "naruto227",
            "TianJiaDaShao",
            "Vermisse",
            "WilberTian",
            "tccpc",
            "myuanyuan",
            "yfgeek",
            "qiyian",
            "woliveiras",
            "haoranw",
            "dengyi1992",
            "dysc",
            "discobeta",
            "ayushoriginal",
            "evinw",
            "vansh007",
            "vakila",
            "cyberglot",
            "jagracey",
            "victor-manco33",
            "ericelliott",
            "cardinot",
            "gintern",
            "dthree",
            "jenssegers",
            "blendin",
            "maxogden",
            "samhunta",
            "afonsopacifer",
            "liu-dongyu",
            "leobalter",
            "sitilge",
            "rod-lin",
            "diessica",
            "angusshire",
            "cusspvz",
            "tomorrow199011",
            "jeffmo",
            "gaearon",
            "rodrigok",
            "jaydson",
            "jackfranklin",
            "sindresorhus",
            "substack",
            "PivotLogix",
            "st1s",
            "bpassos",
            "danielfilho"
        ],
        "Repositories": null,
        "Stars": null,
        "User": {
            "Extension": null,
            "avatar_url": null,
            "bio": null,
            "blog": null,
            "company": null,
            "created_at": null,
            "email": null,
            "events_url": null,
            "followers": null,
            "followers_url": null,
            "following": null,
            "following_url": null,
            "gists_url": null,
            "gravatar_id": null,
            "hireable": null,
            "html_url": null,
            "id": null,
            "location": null,
            "login": "lsgoulart",
            "name": null,
            "organizations_url": null,
            "public_gists": null,
            "public_repos": null,
            "received_events_url": null,
            "repos_url": null,
            "score": 0,
            "site_admin": null,
            "starred_url": null,
            "subscriptions_url": null,
            "type": null,
            "updated_at": null,
            "url": null
        }
    }
]