﻿[
    {
        "Followers": [
            "gintern",
            "AndiChiou",
            "FatihDurmus",
            "OmarZV",
            "yfgeek",
            "HuaDanJson",
            "rawles",
            "eistrati",
            "ansuz",
            "halilertekin",
            "fishequality",
            "dimanyc",
            "jotalp",
            "Vetal4uk",
            "angusshire",
            "DoubleDogDare",
            "mssalvo",
            "brunocasanova",
            "cusspvz",
            "iheanyi",
            "ypersyntelykos",
            "helloaliceoh",
            "Schwad",
            "epleaner",
            "shvelo",
            "StewartalsopIII",
            "ali88025",
            "jcdavison"
        ],
        "Followings": [
            "jskeet",
            "simulacre",
            "gintern",
            "AndiChiou",
            "FatihDurmus",
            "OmarZV",
            "yfgeek",
            "HuaDanJson",
            "rawles",
            "eistrati",
            "ansuz",
            "halilertekin",
            "dimanyc",
            "fishequality",
            "jotalp",
            "Vetal4uk",
            "angusshire",
            "mssalvo",
            "cusspvz",
            "iheanyi",
            "ypersyntelykos",
            "Schwad",
            "ali88025",
            "SingleClickApps",
            "mjbunink",
            "ryanstout",
            "bfoz",
            "viruzx",
            "bmizerany",
            "wmodes",
            "justin-robinson",
            "grkan13",
            "px-amaac",
            "timeset",
            "dakaugu",
            "apple80024",
            "DoubleDogDare",
            "ridiculousfish",
            "tpope",
            "brunocasanova",
            "helloaliceoh",
            "vivianxu08",
            "dnschneid",
            "iprignano",
            "Sobrr",
            "crcn",
            "cjerdonek",
            "ytolstyk",
            "StewartalsopIII",
            "jcdavison",
            "jfarmer"
        ],
        "Repositories": null,
        "Stars": null,
        "User": {
            "Extension": null,
            "avatar_url": null,
            "bio": null,
            "blog": null,
            "company": null,
            "created_at": null,
            "email": null,
            "events_url": null,
            "followers": null,
            "followers_url": null,
            "following": null,
            "following_url": null,
            "gists_url": null,
            "gravatar_id": null,
            "hireable": null,
            "html_url": null,
            "id": null,
            "location": null,
            "login": "MaxPleaner",
            "name": null,
            "organizations_url": null,
            "public_gists": null,
            "public_repos": null,
            "received_events_url": null,
            "repos_url": null,
            "score": 0,
            "site_admin": null,
            "starred_url": null,
            "subscriptions_url": null,
            "type": null,
            "updated_at": null,
            "url": null
        }
    }
]