﻿[
    {
        "Followers": [
            "wilon",
            "AndiChiou",
            "BFush",
            "Vermisse",
            "AeronStory",
            "shivamshekhar",
            "mariogmz",
            "zrcing",
            "Ilyeo",
            "brunocvcunha",
            "joseldmc",
            "Gooooodman",
            "josue1406",
            "chukitow",
            "sgarcia-dev",
            "miketor666",
            "DavidCedeno"
        ],
        "Followings": [
            "shivamshekhar",
            "AeronStory",
            "Vermisse",
            "BFush",
            "AndiChiou",
            "johnpapa",
            "topaz",
            "brianhall",
            "domenic",
            "zrcing",
            "heinencreative",
            "kytrinyx",
            "bennadel",
            "Gooooodman",
            "tedpennings",
            "benjaffe",
            "cameronwp",
            "mariogmz",
            "jaimevaldivia",
            "omar-baez",
            "omarowns",
            "Ilyeo",
            "ayushoriginal",
            "brunocvcunha",
            "SnehaRane",
            "luzdeleon",
            "joseldmc",
            "josue1406",
            "gintern",
            "joeLepper",
            "chukitow",
            "DavidCedeno",
            "miketor666",
            "sgarcia-dev",
            "renelopez",
            "addyosmani",
            "dotmaike",
            "diegomarino",
            "ashernetz",
            "krosmx"
        ],
        "Repositories": null,
        "Stars": null,
        "User": {
            "Extension": null,
            "avatar_url": null,
            "bio": null,
            "blog": null,
            "company": null,
            "created_at": null,
            "email": null,
            "events_url": null,
            "followers": null,
            "followers_url": null,
            "following": null,
            "following_url": null,
            "gists_url": null,
            "gravatar_id": null,
            "hireable": null,
            "html_url": null,
            "id": null,
            "location": null,
            "login": "MDOR",
            "name": null,
            "organizations_url": null,
            "public_gists": null,
            "public_repos": null,
            "received_events_url": null,
            "repos_url": null,
            "score": 0,
            "site_admin": null,
            "starred_url": null,
            "subscriptions_url": null,
            "type": null,
            "updated_at": null,
            "url": null
        }
    }
]