﻿[
    {
        "Followers": [
            "wilon",
            "AndiChiou",
            "BFush",
            "edu-bot",
            "Vermisse",
            "gintern",
            "AeronStory",
            "ternsip",
            "qinix",
            "stoked-zz",
            "VagrantStory",
            "shoshindes",
            "angusshire",
            "phpenterprise",
            "prani95",
            "lillogoal"
        ],
        "Followings": [
            "AndiChiou",
            "wxmahen",
            "AeronStory",
            "SnehaRane",
            "Vermisse",
            "edu-bot",
            "BFush",
            "travisgoodspeed",
            "gintern",
            "qinix",
            "ternsip",
            "m1dst",
            "VagrantStory",
            "nolanlawson",
            "Eleirbag89",
            "MrRio",
            "oskarnrk",
            "broccolini",
            "patrickjuchli",
            "garrensmith",
            "lancecarlson",
            "zemirco",
            "flok99",
            "malukenho",
            "joaoevangelista",
            "tennisonchan",
            "windiest",
            "shoshindes",
            "angusshire",
            "navasmdc",
            "sadjow",
            "phpenterprise",
            "prani95",
            "alex-cory",
            "mdo",
            "fat",
            "jessfraz",
            "ericelliott",
            "lillogoal",
            "ajlkn"
        ],
        "Repositories": null,
        "Stars": null,
        "User": {
            "Extension": null,
            "avatar_url": null,
            "bio": null,
            "blog": null,
            "company": null,
            "created_at": null,
            "email": null,
            "events_url": null,
            "followers": null,
            "followers_url": null,
            "following": null,
            "following_url": null,
            "gists_url": null,
            "gravatar_id": null,
            "hireable": null,
            "html_url": null,
            "id": null,
            "location": null,
            "login": "micheleYPF",
            "name": null,
            "organizations_url": null,
            "public_gists": null,
            "public_repos": null,
            "received_events_url": null,
            "repos_url": null,
            "score": 0,
            "site_admin": null,
            "starred_url": null,
            "subscriptions_url": null,
            "type": null,
            "updated_at": null,
            "url": null
        }
    }
]