﻿[
    {
        "Followers": [
            "ArenasH",
            "benhalpern",
            "AndiChiou",
            "BFush",
            "edu-bot",
            "Vermisse",
            "yfgeek",
            "gintern",
            "andrreq",
            "AeronStory",
            "CubeSpawn",
            "qinix",
            "smriti001",
            "stoked-zz",
            "VagrantStory",
            "tvvocold",
            "aminuselnino",
            "ttt555",
            "gunlee01",
            "riyasmohamedmr",
            "txn513",
            "soyelmnd",
            "shanmukhswaroop",
            "D132",
            "marwensaid",
            "shoshindes",
            "nirojmahalingam",
            "proforbes",
            "angusshire",
            "cusspvz",
            "benas"
        ],
        "Followings": [
            "buger",
            "neelance",
            "AndiChiou",
            "dkhamsing",
            "mraible",
            "meatballhat",
            "schacon",
            "marcusolsson",
            "jakiestfu",
            "tmm1",
            "paulmillr",
            "SamyPesse",
            "josh",
            "kevinsawicki",
            "rauhryan",
            "kohsuke",
            "JamieMason",
            "benhalpern",
            "cbeust",
            "jodastephen",
            "gabrtv",
            "amitshekhariitbhu",
            "kevana",
            "45kb",
            "danilop",
            "spadgos",
            "boulabiar",
            "PascalSchumacher",
            "acogoluegnes",
            "andypetrella",
            "jmMeessen",
            "michael-simons",
            "SamVerschueren",
            "ffissore",
            "wbotelhos",
            "c089",
            "RobWin",
            "donho",
            "schneems",
            "johanandren",
            "ktoso",
            "mickaelbaron",
            "geemus",
            "junegunn",
            "mycure",
            "renarj",
            "akarnokd",
            "bijukunjummen",
            "nathanleclaire",
            "yegor256",
            "jamtur01"
        ],
        "Repositories": null,
        "Stars": null,
        "User": {
            "Extension": null,
            "avatar_url": null,
            "bio": null,
            "blog": null,
            "company": null,
            "created_at": null,
            "email": null,
            "events_url": null,
            "followers": null,
            "followers_url": null,
            "following": null,
            "following_url": null,
            "gists_url": null,
            "gravatar_id": null,
            "hireable": null,
            "html_url": null,
            "id": null,
            "location": null,
            "login": "nabilov",
            "name": null,
            "organizations_url": null,
            "public_gists": null,
            "public_repos": null,
            "received_events_url": null,
            "repos_url": null,
            "score": 0,
            "site_admin": null,
            "starred_url": null,
            "subscriptions_url": null,
            "type": null,
            "updated_at": null,
            "url": null
        }
    }
]