﻿[
    {
        "Followers": [
            "felipetirus",
            "filipeseiti",
            "AndiChiou",
            "luisjnk",
            "huruji",
            "BFush",
            "edu-bot",
            "fsalencar",
            "Vermisse",
            "MarciaMartins",
            "WeltonAvila",
            "gintern",
            "tmmorimoto",
            "dmorais2012",
            "AnaaGabriel",
            "TatianeGomes01",
            "izabalves",
            "976500133",
            "ciervogris",
            "rod-lin",
            "danilo-drs",
            "sonusindhu",
            "brunocvcunha",
            "cardinot",
            "digitalbat",
            "bresan",
            "woliveiras",
            "sibelius",
            "wevertonsreis",
            "GinesOrtiz",
            "adolfoweloy",
            "rodolfocintra",
            "zuthori",
            "Helkson",
            "NaXiD-XV",
            "jandersoncassan",
            "angusshire",
            "mgwhitfield",
            "agyrafa",
            "brunocasanova",
            "cusspvz",
            "cezarant",
            "afucher",
            "edwi-feitoza",
            "franklindeoliveira",
            "afonsojota",
            "henriquenn",
            "cgmenezes",
            "pedrohbalves"
        ],
        "Followings": [
            "felipetirus",
            "jfelix10",
            "BFush",
            "huruji",
            "luisjnk",
            "AndiChiou",
            "filipeseiti",
            "edu-bot",
            "fsalencar",
            "Vermisse",
            "MarciaMartins",
            "cardinot",
            "sonusindhu",
            "ciervogris",
            "976500133",
            "SnehaRane",
            "WilberTian",
            "myuanyuan",
            "gintern",
            "WeltonAvila",
            "theuves",
            "dmorais2012",
            "AnaaGabriel",
            "TatianeGomes01",
            "octocat",
            "tomnunes",
            "jaydson",
            "izabalves",
            "ericelliott",
            "feross",
            "loiane",
            "emiloberg",
            "Pinablink",
            "WendellAdriel",
            "tmmorimoto",
            "torto",
            "TL-Developer",
            "raphaklaus",
            "italodom",
            "danilo-drs",
            "dorota-owczarek",
            "blendin",
            "brunocvcunha",
            "mgwhitfield",
            "serialseb",
            "cusspvz",
            "cezarant",
            "brunocasanova",
            "angusshire",
            "sibelius",
            "GinesOrtiz"
        ],
        "Repositories": null,
        "Stars": null,
        "User": {
            "Extension": null,
            "avatar_url": null,
            "bio": null,
            "blog": null,
            "company": null,
            "created_at": null,
            "email": null,
            "events_url": null,
            "followers": null,
            "followers_url": null,
            "following": null,
            "following_url": null,
            "gists_url": null,
            "gravatar_id": null,
            "hireable": null,
            "html_url": null,
            "id": null,
            "location": null,
            "login": "pedrualves",
            "name": null,
            "organizations_url": null,
            "public_gists": null,
            "public_repos": null,
            "received_events_url": null,
            "repos_url": null,
            "score": 0,
            "site_admin": null,
            "starred_url": null,
            "subscriptions_url": null,
            "type": null,
            "updated_at": null,
            "url": null
        }
    }
]