﻿[
    {
        "Followers": [
            "AndiChiou",
            "huruji",
            "BFush",
            "Vermisse",
            "gintern",
            "brunocvcunha",
            "apache2046",
            "lukabratos",
            "sebastienpires"
        ],
        "Followings": [
            "AndiChiou",
            "huruji",
            "BFush",
            "myuanyuan",
            "Vermisse",
            "RuiAAPeres",
            "Krishna",
            "mozgbrasil",
            "apache2046",
            "brunocvcunha",
            "gintern",
            "ashfurrow",
            "larromba",
            "GMoHughes",
            "jorgecoelho",
            "babylon-jenkins",
            "florent-babylon",
            "daniloaliberti",
            "maciejtrybilo",
            "Winawer",
            "leah",
            "rnystrom",
            "PresidentObamaBot",
            "cnoon",
            "Dan2552",
            "sebastienpires",
            "tomkadwill",
            "mattt",
            "incanus",
            "jfirebaugh",
            "va3093",
            "dsaliberti",
            "lukabratos"
        ],
        "Repositories": null,
        "Stars": null,
        "User": {
            "Extension": null,
            "avatar_url": null,
            "bio": null,
            "blog": null,
            "company": null,
            "created_at": null,
            "email": null,
            "events_url": null,
            "followers": null,
            "followers_url": null,
            "following": null,
            "following_url": null,
            "gists_url": null,
            "gravatar_id": null,
            "hireable": null,
            "html_url": null,
            "id": null,
            "location": null,
            "login": "robipresotto",
            "name": null,
            "organizations_url": null,
            "public_gists": null,
            "public_repos": null,
            "received_events_url": null,
            "repos_url": null,
            "score": 0,
            "site_admin": null,
            "starred_url": null,
            "subscriptions_url": null,
            "type": null,
            "updated_at": null,
            "url": null
        }
    }
]