﻿[
    {
        "Followers": [
            "wilon",
            "TheDeepThinker",
            "argonlaser",
            "AndiChiou",
            "BFush",
            "dengyi1992",
            "gintern",
            "edu-bot",
            "chongbenben",
            "chenyoufu",
            "yfgeek",
            "ReidHolmes",
            "RealityDaemon",
            "zhiaixuexi",
            "rongwanru",
            "Vermisse",
            "AeronStory",
            "naruto227",
            "lucasbento",
            "Gooooodman",
            "RogerFederer03",
            "rod-lin",
            "brunocvcunha",
            "gmkhussain",
            "ternsip",
            "detailyang",
            "hpcslag",
            "perfettiful",
            "pisual",
            "monmon-2007",
            "limingyang2012",
            "stoked-zz",
            "VagrantStory",
            "tvvocold",
            "aarunvignesh",
            "PeytonsProfile",
            "imraazrally",
            "fengnanyue",
            "angusshire",
            "OchumaAgwara",
            "shoshindes",
            "mgwhitfield",
            "cusspvz",
            "brunocasanova"
        ],
        "Followings": [
            "argonlaser",
            "TheDeepThinker",
            "edu-bot",
            "BFush",
            "AndiChiou",
            "chenyoufu",
            "yfgeek",
            "ReidHolmes",
            "myuanyuan",
            "chongbenben",
            "yayuntian",
            "zhiaixuexi",
            "RealityDaemon",
            "answershuto",
            "kangax",
            "lucasbento",
            "naruto227",
            "haoranw",
            "AeronStory",
            "Mrzeron",
            "qiyian",
            "Vermisse",
            "LIUBOliubo",
            "SnehaRane",
            "tccpc",
            "getify",
            "rwaldron",
            "dengyi1992",
            "sindresorhus",
            "discobeta",
            "eddavisson",
            "eburley",
            "eaenet",
            "e-noyau",
            "drott",
            "drigz",
            "drieber",
            "Dominator008",
            "dogben",
            "dmishe",
            "dmho418",
            "dmcc",
            "dlj-NaN",
            "dlevy47",
            "dlc",
            "dgay42",
            "deepaklukose",
            "deanscarff",
            "dbort",
            "dbarella",
            "davidsoergel"
        ],
        "Repositories": null,
        "Stars": null,
        "User": {
            "Extension": null,
            "avatar_url": null,
            "bio": null,
            "blog": null,
            "company": null,
            "created_at": null,
            "email": null,
            "events_url": null,
            "followers": null,
            "followers_url": null,
            "following": null,
            "following_url": null,
            "gists_url": null,
            "gravatar_id": null,
            "hireable": null,
            "html_url": null,
            "id": null,
            "location": null,
            "login": "SathishGajendran",
            "name": null,
            "organizations_url": null,
            "public_gists": null,
            "public_repos": null,
            "received_events_url": null,
            "repos_url": null,
            "score": 0,
            "site_admin": null,
            "starred_url": null,
            "subscriptions_url": null,
            "type": null,
            "updated_at": null,
            "url": null
        }
    }
]