﻿[
    {
        "Followers": [
            "wilon",
            "EonKid",
            "AndiChiou",
            "BFush",
            "gintern",
            "Vermisse",
            "DetectivSPIA",
            "AeronStory",
            "hutianyi123",
            "lxd117",
            "ternsip",
            "adityaanupindi",
            "fengshaoyun1993",
            "hamidsardar",
            "CUjamin",
            "qinix",
            "stoked-zz",
            "VagrantStory",
            "dinic",
            "riyasmohamedmr",
            "angusshire",
            "WangMl"
        ],
        "Followings": [
            "TimothyGu",
            "SEJeff",
            "cgwalters",
            "behdad",
            "averi",
            "stoked-zz",
            "fengshaoyun1993",
            "lxd117",
            "hutianyi123",
            "AeronStory",
            "DetectivSPIA",
            "Vermisse",
            "AndiChiou",
            "BFush",
            "rfrancoise",
            "mcr",
            "infrastation",
            "guyharris",
            "Anloper",
            "MiterV1",
            "scottszb1987",
            "Viish",
            "DatBewar",
            "oej",
            "ngvoice",
            "miconda",
            "luismartingil",
            "ezdev128",
            "eloycoto",
            "charlesrchance",
            "adubovikov",
            "rfuchs",
            "linuxmaniac",
            "apogrebennyk",
            "agranig",
            "babosa",
            "xiyoulinux",
            "idevelop",
            "ethantw",
            "omo",
            "chuckhays",
            "willerce",
            "littledu",
            "linkkingjay",
            "hzlzh",
            "Damao",
            "githcx",
            "yaauie",
            "soveran",
            "pietern",
            "mattsta"
        ],
        "Repositories": null,
        "Stars": null,
        "User": {
            "Extension": null,
            "avatar_url": null,
            "bio": null,
            "blog": null,
            "company": null,
            "created_at": null,
            "email": null,
            "events_url": null,
            "followers": null,
            "followers_url": null,
            "following": null,
            "following_url": null,
            "gists_url": null,
            "gravatar_id": null,
            "hireable": null,
            "html_url": null,
            "id": null,
            "location": null,
            "login": "shuijing117",
            "name": null,
            "organizations_url": null,
            "public_gists": null,
            "public_repos": null,
            "received_events_url": null,
            "repos_url": null,
            "score": 0,
            "site_admin": null,
            "starred_url": null,
            "subscriptions_url": null,
            "type": null,
            "updated_at": null,
            "url": null
        }
    }
]