﻿[
    {
        "Followers": [
            "venoral",
            "CALTyang",
            "mxfc",
            "vip18188",
            "lisong",
            "adothraki",
            "samlau201601",
            "AndiChiou",
            "d87335903",
            "dreamsk",
            "dabit3",
            "JIN-Xi",
            "h4ck3rm1k3",
            "BFush",
            "Kell-Wang",
            "dengyi1992",
            "yfgeek",
            "gintern",
            "xiefan46",
            "VirginMe",
            "Kelichao",
            "ReidHolmes",
            "lichengbo",
            "Vermisse",
            "TianJiaDaShao",
            "AeronStory",
            "naruto227",
            "lucasbento",
            "wohexi",
            "ajomadlabs",
            "johanzhu",
            "wenzhihong2003",
            "linesh-simplicity",
            "zxhycxq",
            "zrcing",
            "xiaxiangfeng",
            "briankai",
            "evinw",
            "leesx",
            "klajd",
            "SharonLucky",
            "RogerFederer03",
            "cynical89",
            "SakuB",
            "Gooooodman",
            "jpruiz114",
            "zwjun",
            "rod-lin",
            "976500133",
            "liwanying",
            "mrkt"
        ],
        "Followings": [
            "yfgeek",
            "Kell-Wang",
            "BFush",
            "h4ck3rm1k3",
            "JIN-Xi",
            "dreamsk",
            "d87335903",
            "AndiChiou",
            "samlau201601",
            "adothraki",
            "vip18188",
            "mxfc",
            "CALTyang",
            "venoral",
            "welkinwong",
            "gudegg",
            "code4craft",
            "ShenJianShou",
            "harryprince",
            "yamill",
            "feicien",
            "devhyunjae",
            "lisong",
            "wenbinke",
            "silhouettes",
            "debugcheck",
            "timzaak",
            "tdzl2003",
            "shdxiang",
            "zhangweijie-cn",
            "scottoasis",
            "jjeffcaii",
            "skv-headless",
            "cyqresig",
            "YouYII",
            "pmq20",
            "shaoshuai0102",
            "Brooooooklyn",
            "GeniusVJR",
            "leecade",
            "pingyuanChen",
            "Ginhing",
            "magicismight",
            "oblador",
            "satya164",
            "Kureev",
            "dabit3",
            "skevy",
            "brentvatne",
            "ide",
            "ericvicenti"
        ],
        "Repositories": null,
        "Stars": null,
        "User": {
            "Extension": null,
            "avatar_url": null,
            "bio": null,
            "blog": null,
            "company": null,
            "created_at": null,
            "email": null,
            "events_url": null,
            "followers": null,
            "followers_url": null,
            "following": null,
            "following_url": null,
            "gists_url": null,
            "gravatar_id": null,
            "hireable": null,
            "html_url": null,
            "id": null,
            "location": null,
            "login": "simongfxu",
            "name": null,
            "organizations_url": null,
            "public_gists": null,
            "public_repos": null,
            "received_events_url": null,
            "repos_url": null,
            "score": 0,
            "site_admin": null,
            "starred_url": null,
            "subscriptions_url": null,
            "type": null,
            "updated_at": null,
            "url": null
        }
    }
]