﻿[
    {
        "Followers": [
            "wilon",
            "JaySekulow15",
            "wxmahen",
            "zokeber",
            "OliverTheCoder",
            "michielkauwatjoe",
            "zackhaikal",
            "martindale",
            "Gawiga",
            "mbaez",
            "zzl5221281994",
            "jbrower95",
            "BrianJenney",
            "devudilip",
            "gs-ysingh",
            "YingYou",
            "geraldo-netto",
            "dyingjedi",
            "neworldexport",
            "bradpotts",
            "komutsatiri",
            "richardsonlima",
            "lucrussell",
            "rodrigonehring",
            "VidarLiu",
            "tatarsky-v",
            "briannaorg",
            "felipetavares",
            "kuina",
            "Angelfirenze01",
            "iddaramola",
            "dilshankm",
            "zelongji",
            "wpwupingwp",
            "HiredBlade",
            "jamesmuldrow",
            "ahmadao2214",
            "ivayloivanof",
            "ldilley",
            "Paulkim517",
            "florinbroasca",
            "vania-pooh",
            "An3bi",
            "theekshanasl",
            "lettersfree",
            "laertesjenner",
            "keenprogrammer",
            "lumixraku",
            "devender",
            "morufib",
            "TheRinger"
        ],
        "Followings": [
            "zzl5221281994",
            "mbaez",
            "zackhaikal",
            "michielkauwatjoe",
            "JaySekulow15",
            "wxmahen",
            "YASHVEER321",
            "morsalinh",
            "briankai",
            "shadestreak",
            "serganus",
            "Bhexer",
            "giselrojas",
            "OliverTheCoder",
            "Vermisse",
            "ReidHolmes",
            "yfgeek",
            "themsamus",
            "mehmetv",
            "mattheworiordan",
            "daniel8685",
            "edu-bot",
            "gabrieoel",
            "BFush",
            "alfa-abhi",
            "rkumar1209",
            "blalyassine",
            "Kevin8756",
            "amir-zamani",
            "mallikarjunayaddala",
            "anonymous31173",
            "yutayokoi",
            "ahmad-goudah",
            "AndiChiou",
            "ACGaming",
            "jjyb",
            "MyasarRasool",
            "npfeiffer20",
            "ikona23",
            "kanmodi",
            "Tilesentik",
            "morufib",
            "laertesjenner",
            "geraldo-netto",
            "Gawiga",
            "martindale",
            "rastabrane",
            "Thiago5Tavares",
            "lucasbento",
            "chrisrobbins",
            "LucasAssuncao"
        ],
        "Repositories": null,
        "Stars": null,
        "User": {
            "Extension": null,
            "avatar_url": null,
            "bio": null,
            "blog": null,
            "company": null,
            "created_at": null,
            "email": null,
            "events_url": null,
            "followers": null,
            "followers_url": null,
            "following": null,
            "following_url": null,
            "gists_url": null,
            "gravatar_id": null,
            "hireable": null,
            "html_url": null,
            "id": null,
            "location": null,
            "login": "ternsip",
            "name": null,
            "organizations_url": null,
            "public_gists": null,
            "public_repos": null,
            "received_events_url": null,
            "repos_url": null,
            "score": 0,
            "site_admin": null,
            "starred_url": null,
            "subscriptions_url": null,
            "type": null,
            "updated_at": null,
            "url": null
        }
    }
]