﻿[
    {
        "Followers": [
            "marinacrachi",
            "AndiChiou",
            "gintern",
            "ricardolabate",
            "chongbenben",
            "sibelius",
            "chenyoufu",
            "zhiaixuexi",
            "lucasbento",
            "yfgeek",
            "gcelaor",
            "MicaelaLV",
            "Vermisse",
            "ErikAugust",
            "tweenn",
            "cesardv",
            "wonilsuh",
            "andrehoward",
            "beckysteele",
            "mrvautin",
            "EmersonStark",
            "rafaelcarneiro",
            "tuchedsf",
            "sistemaon",
            "hc3",
            "stoked-zz",
            "moussaDoumbia9219",
            "liliansousa",
            "DavidSoaresPivaro",
            "david-araujo",
            "shoshindes",
            "phpenterprise",
            "cusspvz",
            "brunocasanova",
            "angusshire",
            "PrinaBerg",
            "DedersSP"
        ],
        "Followings": [
            "Brocco",
            "trueadm",
            "joshburgess",
            "AndiChiou",
            "TheLarkInn",
            "sdras",
            "alvarotrigo",
            "gcelaor",
            "laco0416",
            "addyosmani",
            "estevaocma",
            "rnewson",
            "bradley-holt",
            "glynnbird",
            "mschwarzmueller",
            "gintern",
            "ricardolabate",
            "sibelius",
            "amcdnl",
            "answershuto",
            "chenyoufu",
            "yayuntian",
            "zhiaixuexi",
            "lucasbento",
            "yfgeek",
            "myuanyuan",
            "SnehaRane",
            "tccpc",
            "MiguelCastillo",
            "cesardv",
            "qiyian",
            "SanjithKanagavel",
            "WilberTian",
            "Vermisse",
            "AmazingJTH",
            "MicaelaLV",
            "angusshire",
            "shoshindes",
            "phpenterprise",
            "chongbenben",
            "Mrzeron",
            "haoranw",
            "isaacs",
            "rockbot",
            "iarna",
            "JamesEarle",
            "ErikAugust",
            "tweenn",
            "avibrazil",
            "marcioendo",
            "johnpapa"
        ],
        "Repositories": null,
        "Stars": null,
        "User": {
            "Extension": null,
            "avatar_url": null,
            "bio": null,
            "blog": null,
            "company": null,
            "created_at": null,
            "email": null,
            "events_url": null,
            "followers": null,
            "followers_url": null,
            "following": null,
            "following_url": null,
            "gists_url": null,
            "gravatar_id": null,
            "hireable": null,
            "html_url": null,
            "id": null,
            "location": null,
            "login": "thiagolimaa",
            "name": null,
            "organizations_url": null,
            "public_gists": null,
            "public_repos": null,
            "received_events_url": null,
            "repos_url": null,
            "score": 0,
            "site_admin": null,
            "starred_url": null,
            "subscriptions_url": null,
            "type": null,
            "updated_at": null,
            "url": null
        }
    }
]