﻿[
    {
        "Followers": [
            "AndiChiou",
            "gintern",
            "BFush",
            "ReidHolmes",
            "Vermisse",
            "AeronStory",
            "RogerFederer03",
            "rod-lin",
            "ternsip",
            "kelonye",
            "indykish",
            "JeorgeMatt",
            "RowlandOti",
            "perfettiful",
            "VagrantStory",
            "stoked-zz",
            "MichalPaszkiewicz",
            "femtotrader",
            "kenyansongithub",
            "technologiclee",
            "imraazrally",
            "angusshire",
            "cusspvz"
        ],
        "Followings": [
            "AndiChiou",
            "RogerFederer03",
            "gintern",
            "blendin",
            "rod-lin",
            "ternsip",
            "kelonye",
            "perfettiful",
            "indykish",
            "JeorgeMatt",
            "RowlandOti",
            "VagrantStory",
            "stoked-zz",
            "kenyansongithub",
            "femtotrader",
            "MichalPaszkiewicz",
            "technologiclee",
            "imraazrally",
            "angusshire",
            "cusspvz"
        ],
        "Repositories": null,
        "Stars": null,
        "User": {
            "Extension": null,
            "avatar_url": null,
            "bio": null,
            "blog": null,
            "company": null,
            "created_at": null,
            "email": null,
            "events_url": null,
            "followers": null,
            "followers_url": null,
            "following": null,
            "following_url": null,
            "gists_url": null,
            "gravatar_id": null,
            "hireable": null,
            "html_url": null,
            "id": null,
            "location": null,
            "login": "timkofu",
            "name": null,
            "organizations_url": null,
            "public_gists": null,
            "public_repos": null,
            "received_events_url": null,
            "repos_url": null,
            "score": 0,
            "site_admin": null,
            "starred_url": null,
            "subscriptions_url": null,
            "type": null,
            "updated_at": null,
            "url": null
        }
    }
]