﻿[
    {
        "Followers": [
            "wilon",
            "AndiChiou",
            "BFush",
            "gintern",
            "Vermisse",
            "AeronStory",
            "rod-lin",
            "976500133",
            "liu-dongyu",
            "chungchiehlun",
            "kusha-b-k",
            "yaoweiprc",
            "VagrantStory",
            "stoked-zz",
            "MingXingTeam",
            "tvvocold",
            "MichalPaszkiewicz",
            "PeytonsProfile",
            "soyelmnd",
            "fengnanyue",
            "imraazrally",
            "shoshindes",
            "codersaiful"
        ],
        "Followings": [
            "stoked-zz",
            "AndiChiou",
            "Vermisse",
            "BFush",
            "SnehaRane",
            "AeronStory",
            "dysc",
            "976500133",
            "gintern",
            "liu-dongyu",
            "sitilge",
            "chungchiehlun",
            "rod-lin",
            "kusha-b-k",
            "yaoweiprc",
            "VagrantStory",
            "MingXingTeam",
            "tvvocold",
            "MichalPaszkiewicz",
            "PeytonsProfile",
            "soyelmnd",
            "imraazrally",
            "shoshindes",
            "codersaiful",
            "fengnanyue",
            "fouber",
            "douglascrockford",
            "jeresig",
            "addyosmani",
            "tj",
            "paulirish"
        ],
        "Repositories": null,
        "Stars": null,
        "User": {
            "Extension": null,
            "avatar_url": null,
            "bio": null,
            "blog": null,
            "company": null,
            "created_at": null,
            "email": null,
            "events_url": null,
            "followers": null,
            "followers_url": null,
            "following": null,
            "following_url": null,
            "gists_url": null,
            "gravatar_id": null,
            "hireable": null,
            "html_url": null,
            "id": null,
            "location": null,
            "login": "tjuking",
            "name": null,
            "organizations_url": null,
            "public_gists": null,
            "public_repos": null,
            "received_events_url": null,
            "repos_url": null,
            "score": 0,
            "site_admin": null,
            "starred_url": null,
            "subscriptions_url": null,
            "type": null,
            "updated_at": null,
            "url": null
        }
    }
]