﻿[
    {
        "Followers": [
            "wilon",
            "wxmahen",
            "mcoquet",
            "ampatell",
            "AndiChiou",
            "luisjnk",
            "edu-bot",
            "joaosalless",
            "huruji",
            "BFush",
            "gintern",
            "Mohamed-El-Amine-D",
            "yfgeek",
            "ENM1989",
            "SanjithKanagavel",
            "AeronStory",
            "valaxis",
            "Vermisse",
            "jpruiz114",
            "shivamshekhar",
            "obernardovieira",
            "lucasbento",
            "rmbernardi",
            "adizhavo",
            "doomsterinc",
            "shadestreak",
            "zrcing",
            "brunocvcunha",
            "kadinho",
            "ipanardian",
            "jorgemurta",
            "rod-lin",
            "Mati365",
            "liu-dongyu",
            "ternsip",
            "angusshire",
            "ninabreznik",
            "mssalvo",
            "shoshindes",
            "cusspvz",
            "brunocasanova",
            "quetzyg",
            "nacr",
            "helio-correia",
            "zhangjiang19926"
        ],
        "Followings": [
            "huruji",
            "edu-bot",
            "luisjnk",
            "AndiChiou",
            "ampatell",
            "BFush",
            "Mohamed-El-Amine-D",
            "gintern",
            "jpruiz114",
            "SnehaRane",
            "Vermisse",
            "valaxis",
            "AeronStory",
            "SanjithKanagavel",
            "yfgeek",
            "myuanyuan",
            "Rpsl",
            "shivamshekhar",
            "obernardovieira",
            "lucasbento",
            "rmbernardi",
            "adizhavo",
            "doomsterinc",
            "zhangjiang19926",
            "mssalvo",
            "shoshindes",
            "ninabreznik",
            "ternsip",
            "shadestreak",
            "zrcing",
            "brunocvcunha",
            "charz",
            "sindresorhus",
            "gztchan",
            "mandatoryprogrammer",
            "nolanlawson",
            "alexflint",
            "gavinkwoe",
            "fogleman",
            "ayushoriginal",
            "dysc",
            "manojisnow",
            "bpiselli",
            "goldingking",
            "bhanuV",
            "jarodsun",
            "post72",
            "mervas",
            "dustinpfister",
            "roy2020china",
            "tanya-soroka"
        ],
        "Repositories": null,
        "Stars": null,
        "User": {
            "Extension": null,
            "avatar_url": null,
            "bio": null,
            "blog": null,
            "company": null,
            "created_at": null,
            "email": null,
            "events_url": null,
            "followers": null,
            "followers_url": null,
            "following": null,
            "following_url": null,
            "gists_url": null,
            "gravatar_id": null,
            "hireable": null,
            "html_url": null,
            "id": null,
            "location": null,
            "login": "wilsonpinto",
            "name": null,
            "organizations_url": null,
            "public_gists": null,
            "public_repos": null,
            "received_events_url": null,
            "repos_url": null,
            "score": 0,
            "site_admin": null,
            "starred_url": null,
            "subscriptions_url": null,
            "type": null,
            "updated_at": null,
            "url": null
        }
    }
]