﻿[
    {
        "Followers": [
            "AndiChiou",
            "BFush",
            "Vermisse",
            "gintern",
            "brunocvcunha",
            "WizarD1456",
            "Mati365",
            "kebiro"
        ],
        "Followings": [
            "AndiChiou",
            "BFush",
            "Vermisse",
            "davidfowl",
            "brthor",
            "brunocvcunha",
            "gintern",
            "WizarD1456",
            "jeff-1amstudios",
            "aarossig",
            "vigo",
            "xaph",
            "schacon",
            "kebiro",
            "rakyll",
            "dnomak",
            "gaearon",
            "yyx990803",
            "jeffmo"
        ],
        "Repositories": null,
        "Stars": null,
        "User": {
            "Extension": null,
            "avatar_url": null,
            "bio": null,
            "blog": null,
            "company": null,
            "created_at": null,
            "email": null,
            "events_url": null,
            "followers": null,
            "followers_url": null,
            "following": null,
            "following_url": null,
            "gists_url": null,
            "gravatar_id": null,
            "hireable": null,
            "html_url": null,
            "id": null,
            "location": null,
            "login": "WizarDRW",
            "name": null,
            "organizations_url": null,
            "public_gists": null,
            "public_repos": null,
            "received_events_url": null,
            "repos_url": null,
            "score": 0,
            "site_admin": null,
            "starred_url": null,
            "subscriptions_url": null,
            "type": null,
            "updated_at": null,
            "url": null
        }
    }
]