﻿[
    {
        "Followers": [
            "wilon",
            "BFush",
            "AndiChiou",
            "gintern",
            "manu14889",
            "yfgeek",
            "Vermisse",
            "TianJiaDaShao",
            "2tarotk",
            "AeronStory",
            "georgezafiris",
            "eplt",
            "ternsip",
            "zackhaikal",
            "yanivkalfa",
            "qinix",
            "suppblg",
            "timliunize",
            "stoked-zz",
            "VagrantStory",
            "tvvocold",
            "riyasmohamedmr",
            "shanmukhswaroop",
            "imraazrally",
            "becky7",
            "SpyCardShop",
            "bearofbear",
            "alicaglayan",
            "shoshindes",
            "SergioChan",
            "alex-cory",
            "angusshire"
        ],
        "Followings": [
            "BFush",
            "AndiChiou",
            "facebook-github-bot",
            "pe-ter-",
            "cssmagic",
            "AeronStory",
            "TianJiaDaShao",
            "Vermisse",
            "yfgeek",
            "manu14889",
            "SnehaRane",
            "hotoo",
            "xiangwangfeng",
            "spenrose",
            "ZYHshao",
            "johnezang",
            "gztchan",
            "tangyouhua",
            "marcuswestin",
            "wchaowu",
            "hbcui1984",
            "jasperblues",
            "onmyway133",
            "Juriv",
            "SamyPesse",
            "iThinkerYZ",
            "qiuyuzhou",
            "aui",
            "lifesinger",
            "coolnameismy",
            "xuhongfeng",
            "summerxx27",
            "aryehToDog",
            "CatchZeng",
            "cixtor",
            "mchoe",
            "yechunjun",
            "oulvhai",
            "yulingtianxia",
            "ewangke",
            "nixzhu",
            "tualatrix",
            "BeyondVincent",
            "zangqilong198812",
            "callmewhy",
            "southpeak",
            "kharrison",
            "iamjiyixuan",
            "nadr0",
            "JugglerShu",
            "onurer34"
        ],
        "Repositories": null,
        "Stars": null,
        "User": {
            "Extension": null,
            "avatar_url": null,
            "bio": null,
            "blog": null,
            "company": null,
            "created_at": null,
            "email": null,
            "events_url": null,
            "followers": null,
            "followers_url": null,
            "following": null,
            "following_url": null,
            "gists_url": null,
            "gravatar_id": null,
            "hireable": null,
            "html_url": null,
            "id": null,
            "location": null,
            "login": "xuyanjoseph",
            "name": null,
            "organizations_url": null,
            "public_gists": null,
            "public_repos": null,
            "received_events_url": null,
            "repos_url": null,
            "score": 0,
            "site_admin": null,
            "starred_url": null,
            "subscriptions_url": null,
            "type": null,
            "updated_at": null,
            "url": null
        }
    }
]