﻿[
    {
        "Followers": [
            "AndiChiou",
            "BFush",
            "Vermisse",
            "gintern"
        ],
        "Followings": [
            "bradwestfall",
            "plusjade",
            "zaiste",
            "ggomaeng",
            "sonnylazuardi",
            "keonkim",
            "tocology",
            "ccheever",
            "AndiChiou",
            "ymotongpoo",
            "ithinkihaveacat",
            "marcphilipp",
            "isaacs",
            "cirosantilli",
            "rushter",
            "ZuzooVn",
            "jwasham",
            "parkjs814",
            "subho007",
            "spoike",
            "ChillarAnand",
            "cato-hga",
            "justinabrahms",
            "Vermisse",
            "BFush",
            "gintern",
            "mbostock",
            "rvagg",
            "liorkesos"
        ],
        "Repositories": null,
        "Stars": null,
        "User": {
            "Extension": null,
            "avatar_url": null,
            "bio": null,
            "blog": null,
            "company": null,
            "created_at": null,
            "email": null,
            "events_url": null,
            "followers": null,
            "followers_url": null,
            "following": null,
            "following_url": null,
            "gists_url": null,
            "gravatar_id": null,
            "hireable": null,
            "html_url": null,
            "id": null,
            "location": null,
            "login": "yaitloutou",
            "name": null,
            "organizations_url": null,
            "public_gists": null,
            "public_repos": null,
            "received_events_url": null,
            "repos_url": null,
            "score": 0,
            "site_admin": null,
            "starred_url": null,
            "subscriptions_url": null,
            "type": null,
            "updated_at": null,
            "url": null
        }
    }
]