﻿[
    {
        "Followers": [
            "wilon",
            "AndiChiou",
            "luisjnk",
            "gintern",
            "dengyi1992",
            "chongbenben",
            "yfgeek",
            "Vermisse",
            "AeronStory",
            "liqy",
            "naruto227",
            "mrichman",
            "Gooooodman",
            "Tyquan",
            "jpruiz114",
            "RogerFederer03",
            "rod-lin",
            "NeftaliYagua",
            "ternsip",
            "0xNacho",
            "jotadepicas",
            "rcitterio",
            "Solci",
            "pisual",
            "stoked-zz",
            "VagrantStory",
            "tvvocold",
            "MichalPaszkiewicz",
            "imraazrally",
            "D132",
            "alicaglayan",
            "SergioChan",
            "angusshire",
            "phpenterprise",
            "mlisac",
            "aranajhonny",
            "mssalvo",
            "hadesyi",
            "shoshindes",
            "brunocasanova",
            "cusspvz",
            "rjz",
            "obedeugene",
            "gabrielpconceicao",
            "matagus",
            "ptkrm",
            "fernandoparada18",
            "russomi",
            "pcollaog",
            "vlordier",
            "matiasinsaurralde"
        ],
        "Followings": [
            "V3ct0r",
            "rcitterio",
            "uokesita",
            "felixurbina",
            "marydn",
            "efraxpc",
            "abr4xas",
            "jhuss",
            "acangiani",
            "ezeq-10",
            "nickboudreau",
            "D132",
            "imraazrally",
            "MichalPaszkiewicz",
            "tvvocold",
            "VagrantStory",
            "stoked-zz",
            "pisual",
            "Solci",
            "jotadepicas",
            "ternsip",
            "0xNacho",
            "NeftaliYagua",
            "rod-lin",
            "RogerFederer03",
            "jpruiz114",
            "Tyquan",
            "Gooooodman",
            "mrichman",
            "naruto227",
            "liqy",
            "AeronStory",
            "Vermisse",
            "yfgeek",
            "SergioChan",
            "alicaglayan",
            "angusshire",
            "phpenterprise",
            "mlisac",
            "aranajhonny",
            "mssalvo",
            "hadesyi",
            "shoshindes",
            "brunocasanova",
            "cusspvz",
            "rjz",
            "obedeugene",
            "gabrielpconceicao",
            "matagus",
            "ptkrm",
            "fernandoparada18"
        ],
        "Repositories": null,
        "Stars": null,
        "User": {
            "Extension": null,
            "avatar_url": null,
            "bio": null,
            "blog": null,
            "company": null,
            "created_at": null,
            "email": null,
            "events_url": null,
            "followers": null,
            "followers_url": null,
            "following": null,
            "following_url": null,
            "gists_url": null,
            "gravatar_id": null,
            "hireable": null,
            "html_url": null,
            "id": null,
            "location": null,
            "login": "zokeber",
            "name": null,
            "organizations_url": null,
            "public_gists": null,
            "public_repos": null,
            "received_events_url": null,
            "repos_url": null,
            "score": 0,
            "site_admin": null,
            "starred_url": null,
            "subscriptions_url": null,
            "type": null,
            "updated_at": null,
            "url": null
        }
    }
]