﻿avatar_url,score,gravatar_id,login,url,id,html_url,followers_url,following_url,gists_url,starred_url,subscriptions_url,organizations_url,repos_url,events_url,received_events_url,type,site_admin,name,company,blog,location,email,hireable,bio,public_repos,public_gists,followers,following,created_at,updated_at
https://avatars2.githubusercontent.com/u/13973828?v=3&amp;s=100,0,,stoked-zz,,,,,,,,,,,,,,,Amie Lynn,,,,,,,,,,,,
https://avatars2.githubusercontent.com/u/22915694?v=3&amp;s=100,0,,AeronStory,,,,,,,,,,,,,,,mohammad,,,,,,,,,,,,
https://avatars2.githubusercontent.com/u/10759713?v=3&amp;s=100,0,,windiest,,,,,,,,,,,,,,,Winds,,,,,,My love cats @Wscats,,,,,,
https://avatars1.githubusercontent.com/u/13901088?v=3&amp;s=100,0,,shoshindes,,,,,,,,,,,,,,,Jack Thompson,,,,,,,,,,,,
https://avatars1.githubusercontent.com/u/5877145?v=3&amp;s=100,0,,angusshire,,,,,,,,,,,,,,,Angus H.,,,,,,Available for part-time or freelance work.,,,,,,
https://avatars0.githubusercontent.com/u/463230?v=3&amp;s=100,0,,taylorotwell,,,,,,,,,,,,,,,Taylor Otwell,,,,,,Creator of the @laravel framework. Creator of Forge and Envoyer.,,,,,,
