﻿score,id,login,gravatar_id,avatar_url,updated_at,url,html_url,followers_url,following_url,gists_url,starred_url,subscriptions_url,organizations_url,repos_url,events_url,received_events_url,type,site_admin,name,company,blog,location,email,hireable,bio,public_repos,public_gists,followers,following,created_at
0,,AeronStory,,https://avatars2.githubusercontent.com/u/22915694?v=3&amp;s=100,,,,,,,,,,,,,,,mohammad,,,,,,,,,,,
0,,ternsip,,https://avatars3.githubusercontent.com/u/10179239?v=3&amp;s=100,,,,,,,,,,,,,,,Ternsip,,,,,,If you are alone - imagine that you are Gordon Freeman.,,,,,
0,,stoked-zz,,https://avatars2.githubusercontent.com/u/13973828?v=3&amp;s=100,,,,,,,,,,,,,,,Amie Lynn,,,,,,,,,,,
0,,JeorgeMatt,,https://avatars3.githubusercontent.com/u/18130056?v=3&amp;s=100,,,,,,,,,,,,,,,Jeorge Matthew,,,,,,,,,,,
0,,VagrantStory,,https://avatars3.githubusercontent.com/u/4069972?v=3&amp;s=100,,,,,,,,,,,,,,,mohammad,,,,,,Developer Program Member,,,,,
0,,gregrickaby,,https://avatars3.githubusercontent.com/u/200280?v=3&amp;s=100,,,,,,,,,,,,,,,Greg Rickaby,,,,,,Follower. Husband. Father. Bassist. Lead Front-End Developer @WebDevStudios,,,,,
0,,tvvocold,,https://avatars2.githubusercontent.com/u/4530539?v=3&amp;s=100,,,,,,,,,,,,,,,Ray,,,,,,Do cool things that doesn&#39;t matter.,,,,,
0,,angusshire,,https://avatars1.githubusercontent.com/u/5877145?v=3&amp;s=100,,,,,,,,,,,,,,,Angus H.,,,,,,Available for part-time or freelance work.,,,,,
0,,h4ck3rm1k3,,https://avatars1.githubusercontent.com/u/34903?v=3&amp;s=100,,,,,,,,,,,,,,,James Michael DuPont,,,,,,,,,,,
0,,joelvh,,https://avatars3.githubusercontent.com/u/129096?v=3&amp;s=100,,,,,,,,,,,,,,,Joel Van Horn,,,,,,,,,,,
