﻿score,subscriptions_url,starred_url,login,organizations_url,id,repos_url,avatar_url,events_url,gravatar_id,received_events_url,url,type,html_url,site_admin,followers_url,name,following_url,company,gists_url,blog,location,email,hireable,bio,public_repos,public_gists,followers,following,created_at,updated_at
0,,,libing360,,,,https://avatars0.githubusercontent.com/u/2571939?v=3&amp;s=100,,,,,,,,,libing360,,,,,,,,,,,,,,
0,,,jiyinyiyong,,,,https://avatars3.githubusercontent.com/u/449224?v=3&amp;s=100,,,,,,,,,题叶,,,,,,,,"FP, GUI &amp; Writing",,,,,,
0,,,shanzi,,,,https://avatars0.githubusercontent.com/u/557294?v=3&amp;s=100,,,,,,,,,Chase Zhang,,,,,,,,,,,,,,
0,,,fordream,,,,https://avatars2.githubusercontent.com/u/3693121?v=3&amp;s=100,,,,,,,,,xiaosunabc,,,,,,,,,,,,,,
0,,,czhangxu,,,,https://avatars1.githubusercontent.com/u/4618853?v=3&amp;s=100,,,,,,,,,zhang xu,,,,,,,,,,,,,,
0,,,Husnain062,,,,https://avatars1.githubusercontent.com/u/11072439?v=3&amp;s=100,,,,,,,,,Husnain062,,,,,,,,,,,,,,
0,,,angusshire,,,,https://avatars1.githubusercontent.com/u/5877145?v=3&amp;s=100,,,,,,,,,Angus H.,,,,,,,,Available for part-time or freelance work.,,,,,,
0,,,dingyiming,,,,https://avatars0.githubusercontent.com/u/12537013?v=3&amp;s=100,,,,,,,,,丁一,,,,,,,,坐看云起时,,,,,,
0,,,stoked-zz,,,,https://avatars2.githubusercontent.com/u/13973828?v=3&amp;s=100,,,,,,,,,Amie Lynn,,,,,,,,,,,,,,
0,,,AeronStory,,,,https://avatars2.githubusercontent.com/u/22915694?v=3&amp;s=100,,,,,,,,,mohammad,,,,,,,,,,,,,,
0,,,miniKanren,,,,https://avatars3.githubusercontent.com/u/3486185?v=3&amp;s=100,,,,,,,,,miniKanren.org,,,,,,,,,,,,,,
0,,,liutanyu,,,,https://avatars3.githubusercontent.com/u/924806?v=3&amp;s=100,,,,,,,,,Tan-Yu Liu,,,,,,,,,,,,,,
0,,,porcow,,,,https://avatars3.githubusercontent.com/u/60180?v=3&amp;s=100,,,,,,,,,Porco Wang,,,,,,,,,,,,,,
0,,,yinwang0,,,,https://avatars2.githubusercontent.com/u/396124?v=3&amp;s=100,,,,,,,,,Yin Wang,,,,,,,,,,,,,,
0,,,blasten,,,,https://avatars3.githubusercontent.com/u/1410613?v=3&amp;s=100,,,,,,,,,Emmanuel Garcia,,,,,,,,,,,,,,
0,,,liftoff,,,,https://avatars3.githubusercontent.com/u/1123439?v=3&amp;s=100,,,,,,,,,Dan McDougall,,,,,,,,"Information security professional, web developer, Python developer, automation aficionado, long-time Unix/Linux systems administrator, and electronics tinkerer.",,,,,,
0,,,dionyziz,,,,https://avatars2.githubusercontent.com/u/544572?v=3&amp;s=100,,,,,,,,,Dionysis Zindros,,,,,,,,Cryptography PhD student at the University of Athens,,,,,,
0,,,Benvie,,,,https://avatars3.githubusercontent.com/u/528873?v=3&amp;s=100,,,,,,,,,Brandon Benvie,,,,,,,,,,,,,,
0,,,vgod,,,,https://avatars3.githubusercontent.com/u/428979?v=3&amp;s=100,,,,,,,,,Tsung-Hsiang Chang,,,,,,,,,,,,,,
0,,,kaizawa,,,,https://avatars3.githubusercontent.com/u/392106?v=3&amp;s=100,,,,,,,,,Kazuyoshi Aizawa,,,,,,,,,,,,,,
0,,,jimenezrick,,,,https://avatars1.githubusercontent.com/u/358560?v=3&amp;s=100,,,,,,,,,Ricardo Catalinas Jiménez,,,,,,,,"Polyglot/functional software dude, UNIX systems guy, any size, knowledge sucker. #Linux #Haskell #Golang #Stats #BigData",,,,,,
0,,,keithw,,,,https://avatars2.githubusercontent.com/u/208955?v=3&amp;s=100,,,,,,,,,Keith Winstein,,,,,,,,,,,,,,
0,,,RobertWHurst,,,,https://avatars2.githubusercontent.com/u/178857?v=3&amp;s=100,,,,,,,,,Robert Hurst,,,,,,,,"Lead software engineer on the X2 project at E-xact. Lover of open source, and modern software.",,,,,,
0,,,zhasm,,,,https://avatars2.githubusercontent.com/u/133000?v=3&amp;s=100,,,,,,,,,rex zhasm,,,,,,,,,,,,,,
0,,,kennethreitz,,,,https://avatars1.githubusercontent.com/u/119893?v=3&amp;s=100,,,,,,,,,Kenneth Reitz,,,,,,,,I wrote Requests: HTTP for Humans. The only thing I really care about is interface design. ,,,,,,
0,,,altercation,,,,https://avatars2.githubusercontent.com/u/113542?v=3&amp;s=100,,,,,,,,,Ethan Schoonover,,,,,,,,,,,,,,
0,,,johanburati,,,,https://avatars1.githubusercontent.com/u/106444?v=3&amp;s=100,,,,,,,,,Johan Burati,,,,,,,,,,,,,,
0,,,smallfish,,,,https://avatars0.githubusercontent.com/u/105860?v=3&amp;s=100,,,,,,,,,陈小玉,,,,,,,,Engineer,,,,,,
0,,,mrdoob,,,,https://avatars2.githubusercontent.com/u/97088?v=3&amp;s=100,,,,,,,,,Mr.doob,,,,,,,,,,,,,,
0,,,yogsototh,,,,https://avatars3.githubusercontent.com/u/93899?v=3&amp;s=100,,,,,,,,,Yann Esposito,,,,,,,,,,,,,,
0,,,nvie,,,,https://avatars2.githubusercontent.com/u/83844?v=3&amp;s=100,,,,,,,,,Vincent Driessen,,,,,,,,,,,,,,
0,,,Lokaltog,,,,https://avatars1.githubusercontent.com/u/78438?v=3&amp;s=100,,,,,,,,,Kim Silkebækken,,,,,,,,,,,,,,
0,,,magro,,,,https://avatars0.githubusercontent.com/u/64285?v=3&amp;s=100,,,,,,,,,Martin Grotzke,,,,,,,,,,,,,,
0,,,sjl,,,,https://avatars3.githubusercontent.com/u/58365?v=3&amp;s=100,,,,,,,,,Steve Losh,,,,,,,,Computers are dumpsters.,,,,,,
0,,,rg3,,,,https://avatars1.githubusercontent.com/u/53487?v=3&amp;s=100,,,,,,,,,Ricardo Garcia,,,,,,,,,,,,,,
0,,,jeffkreeftmeijer,,,,https://avatars0.githubusercontent.com/u/43621?v=3&amp;s=100,,,,,,,,,Jeff Kreeftmeijer,,,,,,,,Writes code and words for @AppSignal and Ruby Magic,,,,,,
0,,,sitaramc,,,,https://avatars0.githubusercontent.com/u/43316?v=3&amp;s=100,,,,,,,,,Sitaram Chamarty,,,,,,,,,,,,,,
0,,,apenwarr,,,,https://avatars0.githubusercontent.com/u/20592?v=3&amp;s=100,,,,,,,,,apenwarr,,,,,,,,,,,,,,
0,,,esden,,,,https://avatars2.githubusercontent.com/u/17334?v=3&amp;s=100,,,,,,,,,Piotr Esden-Tempski,,,,,,,,"Enterpreneur, embedded systems engineer, drone avionics developer. Find me on twitter: https://twitter.com/esden instagram: https://www.instagram.com/piesden/",,,,,,
0,,,micha,,,,https://avatars1.githubusercontent.com/u/15934?v=3&amp;s=100,,,,,,,,,Micha Niskin,,,,,,,,,,,,,,
0,,,killme2008,,,,https://avatars2.githubusercontent.com/u/14142?v=3&amp;s=100,,,,,,,,,dennis zhuang,,,,,,,,To be a good man.,,,,,,
0,,,rauchg,,,,https://avatars2.githubusercontent.com/u/13041?v=3&amp;s=100,,,,,,,,,Guillermo Rauch,,,,,,,,,,,,,,
0,,,jgm,,,,https://avatars2.githubusercontent.com/u/3044?v=3&amp;s=100,,,,,,,,,John MacFarlane,,,,,,,,,,,,,,
0,,,smgt,,,,https://avatars2.githubusercontent.com/u/2408?v=3&amp;s=100,,,,,,,,,Simon Gate,,,,,,,,,,,,,,
0,,,maccman,,,,https://avatars2.githubusercontent.com/u/2142?v=3&amp;s=100,,,,,,,,,Alex MacCaw,,,,,,,,Clearbit CEO,,,,,,
0,,,mbleigh,,,,https://avatars0.githubusercontent.com/u/1022?v=3&amp;s=100,,,,,,,,,Michael Bleigh,,,,,,,,,,,,,,
0,,,mislav,,,,https://avatars1.githubusercontent.com/u/887?v=3&amp;s=100,,,,,,,,,Mislav Marohnić,,,,,,,,=(◉ᴥ◉)=,,,,,,
0,,,mountain,,,,https://avatars0.githubusercontent.com/u/851?v=3&amp;s=100,,,,,,,,,Mingli Yuan,,,,,,,,,,,,,,
0,,,tpope,,,,https://avatars1.githubusercontent.com/u/378?v=3&amp;s=100,,,,,,,,,Tim Pope,,,,,,,,,,,,,,
0,,,maddox,,,,https://avatars2.githubusercontent.com/u/260?v=3&amp;s=100,,,,,,,,,Jon Maddox,,,,,,,,"Media centers, emulation, and home automation.",,,,,,
0,,,robbyrussell,,,,https://avatars1.githubusercontent.com/u/257?v=3&amp;s=100,,,,,,,,,Robby Russell,,,,,,,,Managing Partner @PlanetArgon. “Aging” Ruby on Rails dev. Creator of @ohmyzsh. Guitarist. Vinyl collector. Scotch enthusiast. Wine sipper. Writer. Explorer.,,,,,,
