﻿score,login,id,avatar_url,gravatar_id,url,html_url,followers_url,following_url,gists_url,starred_url,subscriptions_url,organizations_url,repos_url,events_url,received_events_url,type,site_admin,name,company,blog,location,email,hireable,bio,public_repos,public_gists,followers,following,created_at,updated_at
0,mhartl,,https://avatars0.githubusercontent.com/u/6232?v=3&amp;s=100,,,,,,,,,,,,,,,Michael Hartl,,,,,,,,,,,,
0,kazzacarrot,,https://avatars0.githubusercontent.com/u/5700938?v=3&amp;s=100,,,,,,,,,,,,,,,Karen McCulloch,,,,,,,,,,,,
0,lidinghao,,https://avatars3.githubusercontent.com/u/1456667?v=3&amp;s=100,,,,,,,,,,,,,,,Greg Lee,,,,,,,,,,,,
0,Vermisse,,https://avatars2.githubusercontent.com/u/17972943?v=3&amp;s=100,,,,,,,,,,,,,,,Sunki,,,,,,Java、Scala、Clojure,,,,,,
0,AeronStory,,https://avatars2.githubusercontent.com/u/22915694?v=3&amp;s=100,,,,,,,,,,,,,,,mohammad,,,,,,,,,,,,
0,MichalPaszkiewicz,,https://avatars2.githubusercontent.com/u/6673982?v=3&amp;s=100,,,,,,,,,,,,,,,Michal Paszkiewicz,,,,,,Just a guy who likes to make things @MichalYouDoing,,,,,,
0,stoked-zz,,https://avatars2.githubusercontent.com/u/13973828?v=3&amp;s=100,,,,,,,,,,,,,,,Amie Lynn,,,,,,,,,,,,
0,RowlandOti,,https://avatars0.githubusercontent.com/u/8356008?v=3&amp;s=100,,,,,,,,,,,,,,,Rowland Oti,,,,,,"Your scared of how my code may make your work extremely easy, am scared of how it may not. Cheers!",,,,,,
0,antontuzov,,https://avatars3.githubusercontent.com/u/12977048?v=3&amp;s=100,,,,,,,,,,,,,,,Anton Tuzov,,,,,,,,,,,,
0,varEnigmatic,,https://avatars2.githubusercontent.com/u/15869817?v=3&amp;s=100,,,,,,,,,,,,,,,varEnigmatic,,,,,,"I love to development things that inspire people.  I am a master of none, but a jack of all trades. ",,,,,,
0,jaredhanson,,https://avatars2.githubusercontent.com/u/10355?v=3&amp;s=100,,,,,,,,,,,,,,,Jared Hanson,,,,,,,,,,,,
0,jmuppala,,https://avatars1.githubusercontent.com/u/724172?v=3&amp;s=100,,,,,,,,,,,,,,,Jogesh Muppala,,,,,,,,,,,,
0,hollylawly,,https://avatars2.githubusercontent.com/u/2941081?v=3&amp;s=100,,,,,,,,,,,,,,,Holly Lloyd,,,,,,,,,,,,
0,aimeerosato,,https://avatars3.githubusercontent.com/u/14956069?v=3&amp;s=100,,,,,,,,,,,,,,,Aimee,,,,,,,,,,,,
0,zerontec,,https://avatars2.githubusercontent.com/u/10091991?v=3&amp;s=100,,,,,,,,,,,,,,,Leo ,,,,,,"Lover of technology, Design Development web applications Hybrid mobile App and Football enamorandome of Ruby on rails #Vinotinto",,,,,,
