﻿login,score,gists_url,id,starred_url,avatar_url,subscriptions_url,gravatar_id,organizations_url,url,repos_url,html_url,events_url,followers_url,received_events_url,following_url,type,site_admin,name,company,blog,location,email,hireable,bio,public_repos,public_gists,followers,following,created_at,updated_at
AlexisOhanian,0,,,,https://avatars1.githubusercontent.com/u/16558434?v=3&amp;s=100,,,,,,,,,,,,,Alexis Ohanian,,,,,,,,,,,,
AeronStory,0,,,,https://avatars2.githubusercontent.com/u/22915694?v=3&amp;s=100,,,,,,,,,,,,,mohammad,,,,,,,,,,,,
Vermisse,0,,,,https://avatars2.githubusercontent.com/u/17972943?v=3&amp;s=100,,,,,,,,,,,,,Sunki,,,,,,Java、Scala、Clojure,,,,,,
johnakers,0,,,,https://avatars3.githubusercontent.com/u/6467754?v=3&amp;s=100,,,,,,,,,,,,,John Akers,,,,,,∃,,,,,,
cmar,0,,,,https://avatars2.githubusercontent.com/u/74861?v=3&amp;s=100,,,,,,,,,,,,,Chris Mar,,,,,,,,,,,,
gmile,0,,,,https://avatars1.githubusercontent.com/u/207112?v=3&amp;s=100,,,,,,,,,,,,,Eugene Pirogov,,,,,,8 years of web dev. 6 years of Rails. These days – Elixir.,,,,,,
onebree,0,,,,https://avatars1.githubusercontent.com/u/9038433?v=3&amp;s=100,,,,,,,,,,,,,Hunter Stevens,,,,,,Software developer who loves Ruby and Rails. Learning new things everyday.,,,,,,
metaskills,0,,,,https://avatars1.githubusercontent.com/u/2381?v=3&amp;s=100,,,,,,,,,,,,,Ken Collins,,,,,,,,,,,,
jessitron,0,,,,https://avatars2.githubusercontent.com/u/1149737?v=3&amp;s=100,,,,,,,,,,,,,Jessica Kerr,,,,,,,,,,,,
skmetz,0,,,,https://avatars0.githubusercontent.com/u/34443?v=3&amp;s=100,,,,,,,,,,,,,Sandi Metz,,,,,,,,,,,,
r00k,0,,,,https://avatars2.githubusercontent.com/u/46677?v=3&amp;s=100,,,,,,,,,,,,,Ben Orenstein,,,,,,,,,,,,
iwasrobbed,0,,,,https://avatars1.githubusercontent.com/u/317671?v=3&amp;s=100,,,,,,,,,,,,,rob phillips,,,,,,"If I only scrape a living, at least it&#39;s a living worth scraping. If there&#39;s no future in it, at least it&#39;s a present worth remembering.",,,,,,
nateberkopec,0,,,,https://avatars0.githubusercontent.com/u/845662?v=3&amp;s=100,,,,,,,,,,,,,Nate Berkopec,,,,,,"Owner @ https://www.speedshop.co, author of www.railsspeed.com.",,,,,,
snuggs,0,,,,https://avatars0.githubusercontent.com/u/38223?v=3&amp;s=100,,,,,,,,,,,,,Ra&#39;Shaun Stovall,,,,,,,,,,,,
tpope,0,,,,https://avatars1.githubusercontent.com/u/378?v=3&amp;s=100,,,,,,,,,,,,,Tim Pope,,,,,,,,,,,,
jferris,0,,,,https://avatars2.githubusercontent.com/u/7591?v=3&amp;s=100,,,,,,,,,,,,,Joe Ferris,,,,,,,,,,,,
torvalds,0,,,,https://avatars0.githubusercontent.com/u/1024025?v=3&amp;s=100,,,,,,,,,,,,,Linus Torvalds,,,,,,,,,,,,
mu-is-too-short,0,,,,https://avatars2.githubusercontent.com/u/485980?v=3&amp;s=100,,,,,,,,,,,,,Eric Howe,,,,,,,,,,,,
jeffreynolte,0,,,,https://avatars2.githubusercontent.com/u/177700?v=3&amp;s=100,,,,,,,,,,,,,Jeffrey Nolte,,,,,,Founder of Nolte. ,,,,,,
jnicklas,0,,,,https://avatars2.githubusercontent.com/u/134?v=3&amp;s=100,,,,,,,,,,,,,Jonas Nicklas,,,,,,"Freelance developer working with Rust, Elixir, Phoenix, Ruby, Rails, JavaScript among other things. Open source enthusiast. Dancer.",,,,,,
Copywright,0,,,,https://avatars2.githubusercontent.com/u/7808793?v=3&amp;s=100,,,,,,,,,,,,,Herbert Joseph,,,,,,WORLD DOMINATION,,,,,,
MaxPleaner,0,,,,https://avatars2.githubusercontent.com/u/5035719?v=3&amp;s=100,,,,,,,,,,,,,Max Pleaner,,,,,,,,,,,,
maxivak,0,,,,https://avatars3.githubusercontent.com/u/770307?v=3&amp;s=100,,,,,,,,,,,,,Max Ivak,,,,,,,,,,,,
olegykz,0,,,,https://avatars3.githubusercontent.com/u/688325?v=3&amp;s=100,,,,,,,,,,,,,Oleg Yakovenko,,,,,,,,,,,,
jclusso,0,,,,https://avatars2.githubusercontent.com/u/622516?v=3&amp;s=100,,,,,,,,,,,,,Jarrett Lusso,,,,,,I build cool stuff @cacheventures ,,,,,,
jordanbrock,0,,,,https://avatars0.githubusercontent.com/u/775?v=3&amp;s=100,,,,,,,,,,,,,Jordan Brock,,,,,,,,,,,,
tyrollins,0,,,,https://avatars0.githubusercontent.com/u/4915845?v=3&amp;s=100,,,,,,,,,,,,,Tyler Rollins,,,,,,"If it weren&#39;t for physics and law enforcement, I&#39;d be unstoppable. ",,,,,,
davydovanton,0,,,,https://avatars3.githubusercontent.com/u/1147484?v=3&amp;s=100,,,,,,,,,,,,,Anton Davydov,,,,,,,,,,,,
mohebifar,0,,,,https://avatars0.githubusercontent.com/u/6104558?v=3&amp;s=100,,,,,,,,,,,,,Mohamad Mohebifar,,,,,,,,,,,,
VagrantStory,0,,,,https://avatars3.githubusercontent.com/u/4069972?v=3&amp;s=100,,,,,,,,,,,,,mohammad,,,,,,Developer Program Member,,,,,,
perfettiful,0,,,,https://avatars3.githubusercontent.com/u/7156158?v=3&amp;s=100,,,,,,,,,,,,,Nathan Perfetti,,,,,,,,,,,,
MichalPaszkiewicz,0,,,,https://avatars2.githubusercontent.com/u/6673982?v=3&amp;s=100,,,,,,,,,,,,,Michal Paszkiewicz,,,,,,Just a guy who likes to make things @MichalYouDoing,,,,,,
freire45,0,,,,https://avatars2.githubusercontent.com/u/14795833?v=3&amp;s=100,,,,,,,,,,,,,Erick Leite Freire,,,,,,,,,,,,
boie0025,0,,,,https://avatars3.githubusercontent.com/u/1087623?v=3&amp;s=100,,,,,,,,,,,,,Nic Boie,,,,,,,,,,,,
loken73,0,,,,https://avatars1.githubusercontent.com/u/14117627?v=3&amp;s=100,,,,,,,,,,,,,Frank Rodriguez,,,,,,,,,,,,
deividazevedo2,0,,,,https://avatars3.githubusercontent.com/u/8519302?v=3&amp;s=100,,,,,,,,,,,,,Deivid Azevedo,,,,,,,,,,,,
alicaglayan,0,,,,https://avatars1.githubusercontent.com/u/5114628?v=3&amp;s=100,,,,,,,,,,,,,Ali İhsan ÇAĞLAYAN,,,,,,,,,,,,
shoshindes,0,,,,https://avatars1.githubusercontent.com/u/13901088?v=3&amp;s=100,,,,,,,,,,,,,Jack Thompson,,,,,,,,,,,,
MilanAryal,0,,,,https://avatars0.githubusercontent.com/u/9361180?v=3&amp;s=100,,,,,,,,,,,,,Milan Aryal,,,,,,Front-end developer,,,,,,
SergioChan,0,,,,https://avatars3.githubusercontent.com/u/10103766?v=3&amp;s=100,,,,,,,,,,,,,江南的悲伤,,,,,,"Currently a Researcher and Hacker at RavenTech, full-stack developer and Hackathoner. Hosted the top level hackathon team @hACKbUSTER .",,,,,,
Nood-cs,0,,,,https://avatars1.githubusercontent.com/u/7030654?v=3&amp;s=100,,,,,,,,,,,,,Nada Medhat Mohamed Ibrahim,,,,,,,,,,,,
getify,0,,,,https://avatars1.githubusercontent.com/u/150330?v=3&amp;s=100,,,,,,,,,,,,,Kyle Simpson,,,,,,"Kyle Simpson is an evangelist of the open web, passionate about all things JavaScript. He writes books, teaches JS, speaks, and contributes to the world of OSS.",,,,,,
maxim,0,,,,https://avatars1.githubusercontent.com/u/7758?v=3&amp;s=100,,,,,,,,,,,,,Maxim Chernyak aka hakunin,,,,,,Area alchemist and gemcutter. Scalable infrastructure enthusiast. Bard by night. Chaotic good. Founder of @printio. Lead dev at @crossfield.,,,,,,
myronmarston,0,,,,https://avatars2.githubusercontent.com/u/49391?v=3&amp;s=100,,,,,,,,,,,,,Myron Marston,,,,,,,,,,,,
drapergeek,0,,,,https://avatars3.githubusercontent.com/u/89965?v=3&amp;s=100,,,,,,,,,,,,,Jason Draper,,,,,,,,,,,,
tennisonchan,0,,,,https://avatars1.githubusercontent.com/u/719938?v=3&amp;s=100,,,,,,,,,,,,,Tennison Chan,,,,,,,,,,,,
aruprakshit,0,,,,https://avatars3.githubusercontent.com/u/3428463?v=3&amp;s=100,,,,,,,,,,,,,Arup Rakshit,,,,,,,,,,,,
malukenho,0,,,,https://avatars3.githubusercontent.com/u/3275172?v=3&amp;s=100,,,,,,,,,,,,,Jefersson Nathan,,,,,,Brazilian PHP Developer working for @Ocramius,,,,,,
HamzaElgarrab,0,,,,https://avatars1.githubusercontent.com/u/9272207?v=3&amp;s=100,,,,,,,,,,,,,EL GARRAB Hamza,,,,,,,,,,,,
windiest,0,,,,https://avatars2.githubusercontent.com/u/10759713?v=3&amp;s=100,,,,,,,,,,,,,Winds,,,,,,My love cats @Wscats,,,,,,
TheRakken,0,,,,https://avatars2.githubusercontent.com/u/4529018?v=3&amp;s=100,,,,,,,,,,,,,Elijah Karari,,,,,,,,,,,,
