﻿score,login,id,avatar_url,gravatar_id,url,html_url,followers_url,following_url,gists_url,starred_url,subscriptions_url,organizations_url,repos_url,events_url,received_events_url,type,site_admin,name,company,blog,location,email,hireable,bio,public_repos,public_gists,followers,following,created_at,updated_at
0,stoked-zz,,https://avatars2.githubusercontent.com/u/13973828?v=3&amp;s=100,,,,,,,,,,,,,,,Amie Lynn,,,,,,,,,,,,
0,AeronStory,,https://avatars2.githubusercontent.com/u/22915694?v=3&amp;s=100,,,,,,,,,,,,,,,mohammad,,,,,,,,,,,,
0,Vermisse,,https://avatars2.githubusercontent.com/u/17972943?v=3&amp;s=100,,,,,,,,,,,,,,,Sunki,,,,,,Java、Scala、Clojure,,,,,,
0,obernardovieira,,https://avatars3.githubusercontent.com/u/19441097?v=3&amp;s=100,,,,,,,,,,,,,,,Bernardo Vieira,,,,,,while(!eating) { coding(); },,,,,,
0,lucasbento,,https://avatars3.githubusercontent.com/u/6207220?v=3&amp;s=100,,,,,,,,,,,,,,,Lucas Bento,,,,,,"Full-stack developer building amazing apps with #react, #reactnative, #relay, #webpack, #graphql &amp; #koa",,,,,,
0,ayushoriginal,,https://avatars2.githubusercontent.com/u/8748017?v=3&amp;s=100,,,,,,,,,,,,,,,Ayush Pareek,,,,,,,,,,,,
0,ternsip,,https://avatars3.githubusercontent.com/u/10179239?v=3&amp;s=100,,,,,,,,,,,,,,,Ternsip,,,,,,If you are alone - imagine that you are Gordon Freeman.,,,,,,
0,VagrantStory,,https://avatars3.githubusercontent.com/u/4069972?v=3&amp;s=100,,,,,,,,,,,,,,,mohammad,,,,,,Developer Program Member,,,,,,
0,imilkes,,https://avatars1.githubusercontent.com/u/4323055?v=3&amp;s=100,,,,,,,,,,,,,,,Ilana Milkes,,,,,,,,,,,,
0,gullitmiranda,,https://avatars2.githubusercontent.com/u/2034678?v=3&amp;s=100,,,,,,,,,,,,,,,Gullit Miranda,,,,,,Software Engineer at Azuki,,,,,,
0,dynaum,,https://avatars3.githubusercontent.com/u/68991?v=3&amp;s=100,,,,,,,,,,,,,,,Elber Ribeiro,,,,,,,,,,,,
0,nuxlli,,https://avatars3.githubusercontent.com/u/8738?v=3&amp;s=100,,,,,,,,,,,,,,,Everton Ribeiro,,,,,,,,,,,,
0,quidesign,,https://avatars3.githubusercontent.com/u/4132647?v=3&amp;s=100,,,,,,,,,,,,,,,quidesign,,,,,,,,,,,,
0,angusshire,,https://avatars1.githubusercontent.com/u/5877145?v=3&amp;s=100,,,,,,,,,,,,,,,Angus H.,,,,,,Available for part-time or freelance work.,,,,,,
0,barelyknown,,https://avatars1.githubusercontent.com/u/693652?v=3&amp;s=100,,,,,,,,,,,,,,,Sean Devine,,,,,,,,,,,,
0,Shougo,,https://avatars2.githubusercontent.com/u/41495?v=3&amp;s=100,,,,,,,,,,,,,,,Shougo,,,,,,,,,,,,
0,milicofelix,,https://avatars2.githubusercontent.com/u/7559608?v=3&amp;s=100,,,,,,,,,,,,,,,Adriano Bradbury,,,,,,,,,,,,
0,luigiburatto,,https://avatars3.githubusercontent.com/u/9680573?v=3&amp;s=100,,,,,,,,,,,,,,,luigiburatto,,,,,,,,,,,,
0,ArianaMoura,,https://avatars1.githubusercontent.com/u/11445908?v=3&amp;s=100,,,,,,,,,,,,,,,ArianaMoura,,,,,,,,,,,,
0,fmgetschko,,https://avatars0.githubusercontent.com/u/6727124?v=3&amp;s=100,,,,,,,,,,,,,,,Fernanda M M Getschko,,,,,,,,,,,,
0,hrq1,,https://avatars1.githubusercontent.com/u/3352467?v=3&amp;s=100,,,,,,,,,,,,,,,Henrique,,,,,,,,,,,,
0,chriskempson,,https://avatars2.githubusercontent.com/u/473831?v=3&amp;s=100,,,,,,,,,,,,,,,Chris Kempson,,,,,,きのこ,,,,,,
0,thomazyazima,,https://avatars0.githubusercontent.com/u/8406585?v=3&amp;s=100,,,,,,,,,,,,,,,Thomaz Yazima,,,,,,,,,,,,
0,brunoschroeder,,https://avatars0.githubusercontent.com/u/8138060?v=3&amp;s=100,,,,,,,,,,,,,,,Bruno,,,,,,,,,,,,
0,Hughes0687,,https://avatars0.githubusercontent.com/u/6700763?v=3&amp;s=100,,,,,,,,,,,,,,,Stephen Hughes,,,,,,,,,,,,
0,halorium,,https://avatars0.githubusercontent.com/u/81805?v=3&amp;s=100,,,,,,,,,,,,,,,Loren Hale,,,,,,,,,,,,
0,bbypk71,,https://avatars2.githubusercontent.com/u/5639261?v=3&amp;s=100,,,,,,,,,,,,,,,bbypk71,,,,,,,,,,,,
0,intelectas,,https://avatars2.githubusercontent.com/u/4204752?v=3&amp;s=100,,,,,,,,,,,,,,,intelectas,,,,,,,,,,,,
0,lucasrenan,,https://avatars2.githubusercontent.com/u/114986?v=3&amp;s=100,,,,,,,,,,,,,,,lucas renan,,,,,,,,,,,,
0,vyarmak,,https://avatars1.githubusercontent.com/u/1929693?v=3&amp;s=100,,,,,,,,,,,,,,,Viktor Yarmak,,,,,,,,,,,,
0,lcsbaroni,,https://avatars3.githubusercontent.com/u/4331969?v=3&amp;s=100,,,,,,,,,,,,,,,Luis Baroni,,,,,,,,,,,,
0,flavioureshino,,https://avatars3.githubusercontent.com/u/3910086?v=3&amp;s=100,,,,,,,,,,,,,,,Flavio,,,,,,,,,,,,
0,ThiagoAnunciacao,,https://avatars1.githubusercontent.com/u/3912538?v=3&amp;s=100,,,,,,,,,,,,,,,Thiago,,,,,,,,,,,,
0,warpech,,https://avatars0.githubusercontent.com/u/566463?v=3&amp;s=100,,,,,,,,,,,,,,,Marcin Warpechowski,,,,,,,,,,,,
0,lucianotj,,https://avatars1.githubusercontent.com/u/2960350?v=3&amp;s=100,,,,,,,,,,,,,,,lucianotj,,,,,,,,,,,,
0,leafo,,https://avatars2.githubusercontent.com/u/15198?v=3&amp;s=100,,,,,,,,,,,,,,,leaf,,,,,,senior fart @ @itchio,,,,,,
0,torvalds,,https://avatars0.githubusercontent.com/u/1024025?v=3&amp;s=100,,,,,,,,,,,,,,,Linus Torvalds,,,,,,,,,,,,
0,lnunesbr,,https://avatars3.githubusercontent.com/u/569107?v=3&amp;s=100,,,,,,,,,,,,,,,Leandro Nunes,,,,,,,,,,,,
0,kotarokikuchi,,https://avatars0.githubusercontent.com/u/371843?v=3&amp;s=100,,,,,,,,,,,,,,,Kotaro Kikuchi,,,,,,,,,,,,
0,duodraco,,https://avatars0.githubusercontent.com/u/318222?v=3&amp;s=100,,,,,,,,,,,,,,,Anderson Casimiro,,,,,,,,,,,,
