﻿score,login,id,avatar_url,gravatar_id,url,html_url,followers_url,following_url,gists_url,starred_url,subscriptions_url,organizations_url,repos_url,events_url,received_events_url,type,site_admin,name,company,blog,location,email,hireable,bio,public_repos,public_gists,followers,following,created_at,updated_at
0,AeronStory,,https://avatars2.githubusercontent.com/u/22915694?v=3&amp;s=100,,,,,,,,,,,,,,,mohammad,,,,,,,,,,,,
0,UltraWalker,,https://avatars2.githubusercontent.com/u/1177735?v=3&amp;s=100,,,,,,,,,,,,,,,UltraWalker,,,,,,,,,,,,
0,farbod-s,,https://avatars3.githubusercontent.com/u/2313075?v=3&amp;s=100,,,,,,,,,,,,,,,Farbod Samsamipour,,,,,,,,,,,,
0,mmdsharifi,,https://avatars1.githubusercontent.com/u/6915384?v=3&amp;s=100,,,,,,,,,,,,,,,Mohammad Sharifi,,,,,,Be an exception ...,,,,,,
0,aliva,,https://avatars2.githubusercontent.com/u/359286?v=3&amp;s=100,,,,,,,,,,,,,,,Ali Vakilzade,,,,,,,,,,,,
0,khajavi,,https://avatars3.githubusercontent.com/u/235974?v=3&amp;s=100,,,,,,,,,,,,,,,Milad Khajavi,,,,,,,,,,,,
0,itmard,,https://avatars0.githubusercontent.com/u/1498074?v=3&amp;s=100,,,,,,,,,,,,,,,Mohammad Reza Kamalifard,,,,,,"Solution Architect, Software Engineer, Backend Developer ",,,,,,
0,ahmadina,,https://avatars1.githubusercontent.com/u/5356553?v=3&amp;s=100,,,,,,,,,,,,,,,Ahmad Karimpour,,,,,,Software Engineer,,,,,,
0,habedi,,https://avatars0.githubusercontent.com/u/7430969?v=3&amp;s=100,,,,,,,,,,,,,,,hassan abedi,,,,,,Software Designer; Lead Developer and an Avid Book Reader.,,,,,,
0,nekofar,,https://avatars1.githubusercontent.com/u/147401?v=3&amp;s=100,,,,,,,,,,,,,,,Milad Nekofar,,,,,,I have over a decade of experience in software industry. In recent past years I dedicated part of my life to helping grow of entrepreneurship ecosystem in Iran.,,,,,,
0,morilog,,https://avatars0.githubusercontent.com/u/4139179?v=3&amp;s=100,,,,,,,,,,,,,,,Morteza Parvini,,,,,,Just another developer,,,,,,
0,afsharm,,https://avatars2.githubusercontent.com/u/191415?v=3&amp;s=100,,,,,,,,,,,,,,,Afshar Mohebbi,,,,,,Software developer,,,,,,
0,danialbehzadi,,https://avatars2.githubusercontent.com/u/3658678?v=3&amp;s=100,,,,,,,,,,,,,,,Danial Behzadi,,,,,,,,,,,,
0,ilius,,https://avatars0.githubusercontent.com/u/197648?v=3&amp;s=100,,,,,,,,,,,,,,,Saeed Rasooli,,,,,,"Python &amp; Golang Programmer, GNU/Linux User, Math &amp; Algorithm Lover",,,,,,
0,1995parham,,https://avatars2.githubusercontent.com/u/8181240?v=3&amp;s=100,,,,,,,,,,,,,,,Parham Alvani,,,,,,,,,,,,
0,behrad,,https://avatars1.githubusercontent.com/u/2151889?v=3&amp;s=100,,,,,,,,,,,,,,,Behrad,,,,,,,,,,,,
0,shjalayeri,,https://avatars2.githubusercontent.com/u/2318150?v=3&amp;s=100,,,,,,,,,,,,,,,Shahriyar Jalayeri,,,,,,,,,,,,
0,mamal72,,https://avatars1.githubusercontent.com/u/2822264?v=3&amp;s=100,,,,,,,,,,,,,,,Mohamad Jahani,,,,,,"Software Developer working mostly on #JavaScript, #Ruby, #Elixir, #Erlang, #Python, #Go and #Bash.",,,,,,
0,saeedalipoor,,https://avatars2.githubusercontent.com/u/1343083?v=3&amp;s=100,,,,,,,,,,,,,,,Saeed Alipoor,,,,,,,,,,,,
0,arastu,,https://avatars2.githubusercontent.com/u/472374?v=3&amp;s=100,,,,,,,,,,,,,,,Touhid Arastu,,,,,,"Web geek, software developer @cafebazaar interested in reliability, performance, responsiveness, scalability, capacity and security",,,,,,
0,Ali-Razmjoo,,https://avatars3.githubusercontent.com/u/7676267?v=3&amp;s=100,,,,,,,,,,,,,,,Ali Razmjoo,,,,,,,,,,,,
0,HoseinEmrani,,https://avatars2.githubusercontent.com/u/1466559?v=3&amp;s=100,,,,,,,,,,,,,,,Hosein Emrani,,,,,,,,,,,,
0,reshadman,,https://avatars3.githubusercontent.com/u/5187816?v=3&amp;s=100,,,,,,,,,,,,,,,Reza Shadman,,,,,,,,,,,,
0,VahidN,,https://avatars3.githubusercontent.com/u/766010?v=3&amp;s=100,,,,,,,,,,,,,,,Vahid Nasiri,,,,,,,,,,,,
0,MHM5000,,https://avatars1.githubusercontent.com/u/2694949?v=3&amp;s=100,,,,,,,,,,,,,,,Mohammad Hossein Mojtahedi,,,,,,,,,,,,
0,nournia,,https://avatars2.githubusercontent.com/u/370741?v=3&amp;s=100,,,,,,,,,,,,,,,Alireza Nourian,,,,,,,,,,,,
0,AliGH,,https://avatars2.githubusercontent.com/u/1609024?v=3&amp;s=100,,,,,,,,,,,,,,,Ali aGHasizadeh,,,,,,,,,,,,
0,remohammadi,,https://avatars3.githubusercontent.com/u/174137?v=3&amp;s=100,,,,,,,,,,,,,,,Reza Mohammadi,,,,,,,,,,,,
0,behrang,,https://avatars2.githubusercontent.com/u/397111?v=3&amp;s=100,,,,,,,,,,,,,,,Behrang Noruzi Niya,,,,,,,,,,,,
0,mdibaiee,,https://avatars2.githubusercontent.com/u/2807772?v=3&amp;s=100,,,,,,,,,,,,,,,Mahdi Dibaiee,,,,,,"Programmer. In love with Machine Learning, Haskell and bleeding-edge technologies. Opensource guy. Mozillian.",,,,,,
0,Imandaneshi,,https://avatars3.githubusercontent.com/u/13641240?v=3&amp;s=100,,,,,,,,,,,,,,,Iman Daneshi,,,,,,Web app developer and CEO of @SEEDTEAM lol,,,,,,
0,mimr9,,https://avatars0.githubusercontent.com/u/12280161?v=3&amp;s=100,,,,,,,,,,,,,,,Mohammadreza moghimi,,,,,,Immortal programmer;,,,,,,
0,sepehr,,https://avatars3.githubusercontent.com/u/23576?v=3&amp;s=100,,,,,,,,,,,,,,,Sepehr Lajevardi,,,,,,,,,,,,
0,siamak,,https://avatars2.githubusercontent.com/u/3109082?v=3&amp;s=100,,,,,,,,,,,,,,,Siamak Mokhtari,,,,,,Front–End Developer. Node.js Developer.,,,,,,
0,lxsameer,,https://avatars2.githubusercontent.com/u/53159?v=3&amp;s=100,,,,,,,,,,,,,,,Sameer Rahmani,,,,,,,,,,,,
0,Rootkitsmm,,https://avatars2.githubusercontent.com/u/5567904?v=3&amp;s=100,,,,,,,,,,,,,,,Meysam Firozi,,,,,,,,,,,,
0,fzerorubigd,,https://avatars0.githubusercontent.com/u/935155?v=3&amp;s=100,,,,,,,,,,,,,,,fzerorubigd,,,,,,"Full time dad, part time developer. ",,,,,,
0,milani,,https://avatars0.githubusercontent.com/u/508130?v=3&amp;s=100,,,,,,,,,,,,,,,Morteza Milani,,,,,,,,,,,,
0,dariubs,,https://avatars2.githubusercontent.com/u/3078072?v=3&amp;s=100,,,,,,,,,,,,,,,Dariush Abbasi,,,,,,I just felt like running.,,,,,,
0,zoghal,,https://avatars3.githubusercontent.com/u/174688?v=3&amp;s=100,,,,,,,,,,,,,,,Saleh Souzanchi,,,,,,,,,,,,
0,fffaraz,,https://avatars3.githubusercontent.com/u/895678?v=3&amp;s=100,,,,,,,,,,,,,,,Faraz Fallahi,,,,,,Software Developer. Computer Science graduate student at SIUC. fffaraz@gmail.com,,,,,,
0,farhadi,,https://avatars1.githubusercontent.com/u/102497?v=3&amp;s=100,,,,,,,,,,,,,,,Ali Farhadi,,,,,,Node.js/Erlang Engineer,,,,,,
0,slashramin,,https://avatars2.githubusercontent.com/u/23184516?v=3&amp;s=100,,,,,,,,,,,,,,,Ramin,,,,,,,,,,,,
0,orangkaka,,https://avatars1.githubusercontent.com/u/6863104?v=3&amp;s=100,,,,,,,,,,,,,,,Mojtaba Hasirbafan Moghadam,,,,,,,,,,,,
0,neemasa,,https://avatars2.githubusercontent.com/u/5671610?v=3&amp;s=100,,,,,,,,,,,,,,,Nima Sakhtemani,,,,,,,,,,,,
0,bermoodastar,,https://avatars2.githubusercontent.com/u/7474445?v=3&amp;s=100,,,,,,,,,,,,,,,Amir,,,,,,"A senior software developer/architect with about 10 years of experience in a wide variety of technologies and platforms including Windows, Web and Android",,,,,,
0,jjorian,,https://avatars3.githubusercontent.com/u/8685143?v=3&amp;s=100,,,,,,,,,,,,,,,Javad Jorian,,,,,,Android Developer/Server Development By C#.Net Core,,,,,,
0,alireza0hatami,,https://avatars3.githubusercontent.com/u/22134757?v=3&amp;s=100,,,,,,,,,,,,,,,Alireza,,,,,,,,,,,,
0,MasoodFallahpoor,,https://avatars3.githubusercontent.com/u/8100951?v=3&amp;s=100,,,,,,,,,,,,,,,Masood Fallahpoor,,,,,,"I&#39;m an Android developer. My passion is computer (science) and after that  comes stuff related to planets, stars, galaxies and the infinity.",,,,,,
0,theAliAkhgar,,https://avatars0.githubusercontent.com/u/19927869?v=3&amp;s=100,,,,,,,,,,,,,,,Ali Akhgar,,,,,,Android Developer based in IR.,,,,,,
0,AliAlidousti,,https://avatars3.githubusercontent.com/u/22148397?v=3&amp;s=100,,,,,,,,,,,,,,,Ali A. Alidousti | علی عرب علیدوستی,,,,,,,,,,,,
