﻿score,login,id,avatar_url,gravatar_id,url,html_url,followers_url,following_url,gists_url,starred_url,subscriptions_url,organizations_url,repos_url,events_url,received_events_url,type,site_admin,name,company,blog,location,email,hireable,bio,public_repos,public_gists,followers,following,created_at,updated_at
0,souravsingh,,https://avatars1.githubusercontent.com/u/4314261?v=3&amp;s=100,,,,,,,,,,,,,,,Sourav Singh,,,,,,,,,,,,
0,he0x,,https://avatars1.githubusercontent.com/u/11564819?v=3&amp;s=100,,,,,,,,,,,,,,,he0x,,,,,,,,,,,,
0,trmwzm,,https://avatars1.githubusercontent.com/u/627692?v=3&amp;s=100,,,,,,,,,,,,,,,Thierry ,,,,,,,,,,,,
0,AeronStory,,https://avatars2.githubusercontent.com/u/22915694?v=3&amp;s=100,,,,,,,,,,,,,,,mohammad,,,,,,,,,,,,
0,phelipe,,https://avatars2.githubusercontent.com/u/7537350?v=3&amp;s=100,,,,,,,,,,,,,,,Phelipe Wesley,,,,,,,,,,,,
0,Vermisse,,https://avatars2.githubusercontent.com/u/17972943?v=3&amp;s=100,,,,,,,,,,,,,,,Sunki,,,,,,Java、Scala、Clojure,,,,,,
0,accerqueira,,https://avatars3.githubusercontent.com/u/524244?v=3&amp;s=100,,,,,,,,,,,,,,,Andre Cerqueira,,,,,,,,,,,,
0,yfgeek,,https://avatars2.githubusercontent.com/u/7533831?v=3&amp;s=100,,,,,,,,,,,,,,,Ivan,,,,,,,,,,,,
0,femtotrader,,https://avatars0.githubusercontent.com/u/5049737?v=3&amp;s=100,,,,,,,,,,,,,,,femtotrader,,,,,,"Geek (or nerd?), physicist (academic position) and amateur trader (trying to become a much more professional investor ;-) )",,,,,,
0,jaidevd,,https://avatars2.githubusercontent.com/u/1250388?v=3&amp;s=100,,,,,,,,,,,,,,,Jaidev Deshpande,,,,,,,,,,,,
0,bhavikat,,https://avatars0.githubusercontent.com/u/4955119?v=3&amp;s=100,,,,,,,,,,,,,,,Bhavika Tekwani,,,,,,Software &amp; data | tinkerer | grad student  ,,,,,,
0,dennybritz,,https://avatars1.githubusercontent.com/u/403133?v=3&amp;s=100,,,,,,,,,,,,,,,Denny Britz,,,,,,"High-school dropout. Google Brain, Stanford, Berkeley. Into Startups, Deep Learning. Writing at wildml.com  and dennybritz.com. Lived in 日本 and 한국",,,,,,
0,haoranw,,https://avatars0.githubusercontent.com/u/17819258?v=3&amp;s=100,,,,,,,,,,,,,,,haoran,,,,,,Show me your code,,,,,,
0,paramsingh96,,https://avatars0.githubusercontent.com/u/11857724?v=3&amp;s=100,,,,,,,,,,,,,,,Parampreet Singh,,,,,,,,,,,,
0,davidagold,,https://avatars3.githubusercontent.com/u/11862683?v=3&amp;s=100,,,,,,,,,,,,,,,David Gold,,,,,,Ph.D. student in Statistics at the University of Washington,,,,,,
0,nalimilan,,https://avatars3.githubusercontent.com/u/1120448?v=3&amp;s=100,,,,,,,,,,,,,,,Milan Bouchet-Valat,,,,,,,,,,,,
0,filipebraida,,https://avatars3.githubusercontent.com/u/2746730?v=3&amp;s=100,,,,,,,,,,,,,,,Filipe Braida,,,,,,,,,,,,
0,c42f,,https://avatars3.githubusercontent.com/u/601473?v=3&amp;s=100,,,,,,,,,,,,,,,Chris Foster,,,,,,,,,,,,
0,mtrabelsi,,https://avatars2.githubusercontent.com/u/7538862?v=3&amp;s=100,,,,,,,,,,,,,,,Marwen Trabelsi,,,,,,&quot;Being a good programmer takes time&quot;,,,,,,
0,arsidnal16,,https://avatars3.githubusercontent.com/u/12207421?v=3&amp;s=100,,,,,,,,,,,,,,,Siddhartha Singh,,,,,,Software engineer. ,,,,,,
0,ayushoriginal,,https://avatars2.githubusercontent.com/u/8748017?v=3&amp;s=100,,,,,,,,,,,,,,,Ayush Pareek,,,,,,,,,,,,
0,andyferris,,https://avatars3.githubusercontent.com/u/2974526?v=3&amp;s=100,,,,,,,,,,,,,,,Andy Ferris,,,,,,,,,,,,
0,felipecrp,,https://avatars3.githubusercontent.com/u/615155?v=3&amp;s=100,,,,,,,,,,,,,,,Felipe do Rego Pinto,,,,,,,,,,,,
0,Keno,,https://avatars3.githubusercontent.com/u/1291671?v=3&amp;s=100,,,,,,,,,,,,,,,Keno Fischer,,,,,,,,,,,,
0,irshuLx,,https://avatars1.githubusercontent.com/u/12872191?v=3&amp;s=100,,,,,,,,,,,,,,,Irshu,,,,,,"Rolls with  Android. Follower of Dubstep, Rock music, Cyberpunk....and cats?",,,,,,
0,brunocvcunha,,https://avatars2.githubusercontent.com/u/3207647?v=3&amp;s=100,,,,,,,,,,,,,,,Bruno Candido Volpato da Cunha,,,,,,☕️  💻  ,,,,,,
0,gmkhussain,,https://avatars2.githubusercontent.com/u/1250826?v=3&amp;s=100,,,,,,,,,,,,,,,GMK Hussain,,,,,,,,,,,,
0,MichalPaszkiewicz,,https://avatars2.githubusercontent.com/u/6673982?v=3&amp;s=100,,,,,,,,,,,,,,,Michal Paszkiewicz,,,,,,Just a guy who likes to make things @MichalYouDoing,,,,,,
0,zhmz90,,https://avatars0.githubusercontent.com/u/6331725?v=3&amp;s=100,,,,,,,,,,,,,,,Lanting Guo,,,,,,Make a Difference,,,,,,
0,gomiero,,https://avatars3.githubusercontent.com/u/12375516?v=3&amp;s=100,,,,,,,,,,,,,,,Alexandre Gomiero de Oliveira,,,,,,,,,,,,
0,ntdef,,https://avatars2.githubusercontent.com/u/9503857?v=3&amp;s=100,,,,,,,,,,,,,,,N. Troy de Freitas ,,,,,,,,,,,,
0,cusspvz,,https://avatars2.githubusercontent.com/u/3604053?v=3&amp;s=100,,,,,,,,,,,,,,,José Moreira,,,,,,"full-stack developer, ui/ux designer, musician &amp; diy entusiast",,,,,,
0,jmarcellopereira,,https://avatars3.githubusercontent.com/u/13703314?v=3&amp;s=100,,,,,,,,,,,,,,,João Marcello Pereira,,,,,,"Physics 2006 UFPI, Sc computer 2009 UFPI, Educational Specialist (EdS) - 2012 UnB, Master of Engineering (Mechanical:Evaporative Cooling) 2015 - today UnB",,,,,,
0,fredargolo,,https://avatars0.githubusercontent.com/u/17920005?v=3&amp;s=100,,,,,,,,,,,,,,,fredargolo,,,,,,,,,,,,
0,shashi,,https://avatars2.githubusercontent.com/u/25916?v=3&amp;s=100,,,,,,,,,,,,,,,Shashi Gowda,,,,,,,,,,,,
0,josefsachsconning,,https://avatars3.githubusercontent.com/u/9481784?v=3&amp;s=100,,,,,,,,,,,,,,,Josef Sachs,,,,,,,,,,,,
0,ScottPJones,,https://avatars1.githubusercontent.com/u/11798751?v=3&amp;s=100,,,,,,,,,,,,,,,Scott P. Jones,,,,,,,,,,,,
0,ranjanan,,https://avatars0.githubusercontent.com/u/9101377?v=3&amp;s=100,,,,,,,,,,,,,,,Ranjan Anantharaman,,,,,,,,,,,,
0,tehrengruber,,https://avatars3.githubusercontent.com/u/6791445?v=3&amp;s=100,,,,,,,,,,,,,,,tehrengruber,,,,,,,,,,,,
0,WestleyArgentum,,https://avatars0.githubusercontent.com/u/1900307?v=3&amp;s=100,,,,,,,,,,,,,,,Westley Argentum Hennigh-Palermo,,,,,,,,,,,,
0,johnmyleswhite,,https://avatars0.githubusercontent.com/u/22064?v=3&amp;s=100,,,,,,,,,,,,,,,John Myles White,,,,,,,,,,,,
0,aviks,,https://avatars1.githubusercontent.com/u/378918?v=3&amp;s=100,,,,,,,,,,,,,,,Avik Sengupta,,,,,,,,,,,,
0,StefanKarpinski,,https://avatars1.githubusercontent.com/u/153596?v=3&amp;s=100,,,,,,,,,,,,,,,Stefan Karpinski,,,,,,,,,,,,
0,LeoFCardoso,,https://avatars1.githubusercontent.com/u/1037439?v=3&amp;s=100,,,,,,,,,,,,,,,Leonardo,,,,,,,,,,,,
0,opm22,,https://avatars0.githubusercontent.com/u/11547380?v=3&amp;s=100,,,,,,,,,,,,,,,DiogoMoreno,,,,,,,,,,,,
0,ViralBShah,,https://avatars1.githubusercontent.com/u/744411?v=3&amp;s=100,,,,,,,,,,,,,,,Viral B. Shah,,,,,,,,,,,,
0,tbreloff,,https://avatars2.githubusercontent.com/u/933338?v=3&amp;s=100,,,,,,,,,,,,,,,Tom Breloff,,,,,,,,,,,,
0,milktrader,,https://avatars3.githubusercontent.com/u/324836?v=3&amp;s=100,,,,,,,,,,,,,,,milktrader,,,,,,,,,,,,
0,metachris,,https://avatars3.githubusercontent.com/u/116939?v=3&amp;s=100,,,,,,,,,,,,,,,Chris Hager,,,,,,,,,,,,
0,XavierBerger,,https://avatars1.githubusercontent.com/u/4228268?v=3&amp;s=100,,,,,,,,,,,,,,,Xavier Berger,,,,,,,,,,,,
0,YuriDio,,https://avatars1.githubusercontent.com/u/14076099?v=3&amp;s=100,,,,,,,,,,,,,,,Yuri Diogenes,,,,,,,,,,,,
