﻿score,id,login,gravatar_id,avatar_url,url,html_url,followers_url,following_url,gists_url,starred_url,subscriptions_url,organizations_url,repos_url,events_url,received_events_url,type,site_admin,name,company,blog,location,email,hireable,bio,public_repos,public_gists,followers,following,created_at,updated_at
0,,dingyiming,,https://avatars0.githubusercontent.com/u/12537013?v=3&amp;s=100,,,,,,,,,,,,,,丁一,,,,,,坐看云起时,,,,,,
0,,AeronStory,,https://avatars2.githubusercontent.com/u/22915694?v=3&amp;s=100,,,,,,,,,,,,,,mohammad,,,,,,,,,,,,
0,,yfgeek,,https://avatars2.githubusercontent.com/u/7533831?v=3&amp;s=100,,,,,,,,,,,,,,Ivan,,,,,,,,,,,,
0,,jpruiz114,,https://avatars3.githubusercontent.com/u/4614970?v=3&amp;s=100,,,,,,,,,,,,,,Jean Paul Ruiz,,,,,,"Cat lover, lego fanatic, full stack developer, big data and math passionate.",,,,,,
0,,juliangarnier,,https://avatars0.githubusercontent.com/u/1268691?v=3&amp;s=100,,,,,,,,,,,,,,Julian Garnier,,,,,,,,,,,,
0,,TastySummer,,https://avatars0.githubusercontent.com/u/13374074?v=3&amp;s=100,,,,,,,,,,,,,,TastySummer,,,,,,一个疯女子,,,,,,
0,,zcli,,https://avatars1.githubusercontent.com/u/7565794?v=3&amp;s=100,,,,,,,,,,,,,,Nick Lee,,,,,,,,,,,,
0,,ultimate010,,https://avatars3.githubusercontent.com/u/1618097?v=3&amp;s=100,,,,,,,,,,,,,,WangXingyou,,,,,,,,,,,,
0,,wendyzhuo,,https://avatars1.githubusercontent.com/u/4252789?v=3&amp;s=100,,,,,,,,,,,,,,Zhuang Zhuo,,,,,,,,,,,,
0,,einverne,,https://avatars3.githubusercontent.com/u/1962738?v=3&amp;s=100,,,,,,,,,,,,,,Ein Verne,,,,,,,,,,,,
0,,kennethcachia,,https://avatars0.githubusercontent.com/u/1843777?v=3&amp;s=100,,,,,,,,,,,,,,Kenneth,,,,,,,,,,,,
0,,yyx990803,,https://avatars2.githubusercontent.com/u/499550?v=3&amp;s=100,,,,,,,,,,,,,,Evan You,,,,,,"Creator of @vuejs, previously @meteor &amp; @google",,,,,,
0,,VagrantStory,,https://avatars3.githubusercontent.com/u/4069972?v=3&amp;s=100,,,,,,,,,,,,,,mohammad,,,,,,Developer Program Member,,,,,,
0,,code-artisan,,https://avatars2.githubusercontent.com/u/5195218?v=3&amp;s=100,,,,,,,,,,,,,,artisan,,,,,,Web developer,,,,,,
0,,markgeek,,https://avatars1.githubusercontent.com/u/888252?v=3&amp;s=100,,,,,,,,,,,,,,Li Zhe,,,,,,Code for fun,,,,,,
0,,liubin,,https://avatars0.githubusercontent.com/u/1212008?v=3&amp;s=100,,,,,,,,,,,,,,Bin Liu,,,,,,,,,,,,
0,,stone-jin,,https://avatars0.githubusercontent.com/u/6525544?v=3&amp;s=100,,,,,,,,,,,,,,金炳,,,,,,I am Chinese,,,,,,
0,,MichalPaszkiewicz,,https://avatars2.githubusercontent.com/u/6673982?v=3&amp;s=100,,,,,,,,,,,,,,Michal Paszkiewicz,,,,,,Just a guy who likes to make things @MichalYouDoing,,,,,,
0,,phalt,,https://avatars0.githubusercontent.com/u/490685?v=3&amp;s=100,,,,,,,,,,,,,,Paul Hallett,,,,,,🚀Putting APIs in orbit  🚀,,,,,,
0,,xudafeng,,https://avatars2.githubusercontent.com/u/1011681?v=3&amp;s=100,,,,,,,,,,,,,,xdf,,,,,,长期招前端，欢迎私聊：http://t.cn/R5GUoul,,,,,,
0,,yiminghe,,https://avatars3.githubusercontent.com/u/200876?v=3&amp;s=100,,,,,,,,,,,,,,yiminghe,,,,,,,,,,,,
0,,cssmagic,,https://avatars0.githubusercontent.com/u/1231359?v=3&amp;s=100,,,,,,,,,,,,,,CSS魔法,,,,,,百姓网前端架构师，《CSS 揭秘》译者，微博不定期免费送书（我的微信公众号和微博都叫 “CSS魔法”）,,,,,,
0,,wyvernnot,,https://avatars0.githubusercontent.com/u/171947?v=3&amp;s=100,,,,,,,,,,,,,,龙天,,,,,,@cloudinsight ,,,,,,
0,,hongru,,https://avatars3.githubusercontent.com/u/667825?v=3&amp;s=100,,,,,,,,,,,,,,岑安,,,,,,,,,,,,
0,,josdirksen,,https://avatars0.githubusercontent.com/u/1381917?v=3&amp;s=100,,,,,,,,,,,,,,Jos Dirksen,,,,,,,,,,,,
0,,ruanyf,,https://avatars2.githubusercontent.com/u/905434?v=3&amp;s=100,,,,,,,,,,,,,,Ruan YiFeng,,,,,,,,,,,,
0,,elrumordelaluz,,https://avatars3.githubusercontent.com/u/784056?v=3&amp;s=100,,,,,,,,,,,,,,Lionel,,,,,,,,,,,,
0,,sindresorhus,,https://avatars2.githubusercontent.com/u/170270?v=3&amp;s=100,,,,,,,,,,,,,,Sindre Sorhus,,,,,,,,,,,,
