﻿score,login,id,gravatar_id,avatar_url,url,html_url,followers_url,following_url,gists_url,starred_url,subscriptions_url,organizations_url,repos_url,events_url,received_events_url,type,site_admin,name,company,blog,location,email,hireable,bio,public_repos,public_gists,followers,following,created_at,updated_at
0,stoked-zz,,,https://avatars2.githubusercontent.com/u/13973828?v=3&amp;s=100,,,,,,,,,,,,,,Amie Lynn,,,,,,,,,,,,
0,JeorgeMatt,,,https://avatars3.githubusercontent.com/u/18130056?v=3&amp;s=100,,,,,,,,,,,,,,Jeorge Matthew,,,,,,,,,,,,
0,ternsip,,,https://avatars3.githubusercontent.com/u/10179239?v=3&amp;s=100,,,,,,,,,,,,,,Ternsip,,,,,,If you are alone - imagine that you are Gordon Freeman.,,,,,,
0,AeronStory,,,https://avatars2.githubusercontent.com/u/22915694?v=3&amp;s=100,,,,,,,,,,,,,,mohammad,,,,,,,,,,,,
0,amngibson,,,https://avatars2.githubusercontent.com/u/8458492?v=3&amp;s=100,,,,,,,,,,,,,,Nathan Gibson,,,,,,"@armsteadj1 Groupie, Agile Security Pro, Hunting, Fishing, and Tasty Tacos",,,,,,
0,philpl,,,https://avatars0.githubusercontent.com/u/2041385?v=3&amp;s=100,,,,,,,,,,,,,,Phil Pluckthun,,,,,,"ninja developer lurking behind corners • coding monkey • obsessed with FRP • React, RxJS, Fluorine • now 14% healthier!",,,,,,
0,elfmaster,,,https://avatars2.githubusercontent.com/u/5854752?v=3&amp;s=100,,,,,,,,,,,,,,Ryan elfmaster O&#39;Neill,,,,,,,,,,,,
0,willyelm,,,https://avatars0.githubusercontent.com/u/1202219?v=3&amp;s=100,,,,,,,,,,,,,,Williams Medina,,,,,,"I&#39;m a Front-End Software Engineer, I love the creativity and human beings especially those who believe in their dreams and fight for their dreams...",,,,,,
0,angusshire,,,https://avatars1.githubusercontent.com/u/5877145?v=3&amp;s=100,,,,,,,,,,,,,,Angus H.,,,,,,Available for part-time or freelance work.,,,,,,
0,mbradley21,,,https://avatars0.githubusercontent.com/u/15966364?v=3&amp;s=100,,,,,,,,,,,,,,Michael Bradley,,,,,,,,,,,,
0,torvalds,,,https://avatars0.githubusercontent.com/u/1024025?v=3&amp;s=100,,,,,,,,,,,,,,Linus Torvalds,,,,,,,,,,,,
0,mattkaar,,,https://avatars1.githubusercontent.com/u/214349?v=3&amp;s=100,,,,,,,,,,,,,,Matt Kaar,,,,,,,,,,,,
0,tekkub,,,https://avatars2.githubusercontent.com/u/706?v=3&amp;s=100,,,,,,,,,,,,,,Tekkub,,,,,,Just a lazy tanuki that likes to tinker,,,,,,
0,mdo,,,https://avatars0.githubusercontent.com/u/98681?v=3&amp;s=100,,,,,,,,,,,,,,Mark Otto,,,,,,Director of Design at @GitHub. Creator of Bootstrap (@twbs). Previously at Twitter. Huge nerd.,,,,,,
0,benbalter,,,https://avatars1.githubusercontent.com/u/282759?v=3&amp;s=100,,,,,,,,,,,,,,Ben Balter,,,,,,"Attorney, open source developer, Product manager at @GitHub ",,,,,,
0,charliesome,,,https://avatars0.githubusercontent.com/u/179065?v=3&amp;s=100,,,,,,,,,,,,,,Charlie Somerville,,,,,,,,,,,,
0,jlord,,,https://avatars1.githubusercontent.com/u/1305617?v=3&amp;s=100,,,,,,,,,,,,,,Jessica Lord,,,,,,"JS on the front, JS on the back, JS at supper time :pizza: Taiwan #1",,,,,,
