﻿score,login,id,avatar_url,gravatar_id,url,html_url,followers_url,following_url,gists_url,starred_url,subscriptions_url,organizations_url,repos_url,events_url,received_events_url,type,site_admin,name,company,blog,location,email,hireable,bio,public_repos,public_gists,followers,following,created_at,updated_at
0,evinw,,https://avatars0.githubusercontent.com/u/844215?v=3&amp;s=100,,,,,,,,,,,,,,,Evin Weissenberg,,,,,,bluelab.io,,,,,,
0,Shipow,,https://avatars3.githubusercontent.com/u/976175?v=3&amp;s=100,,,,,,,,,,,,,,,Kevin Granger,,,,,,"Devsigner @algolia UX Search API [YC14] ~ own a clairvoyance PhD, eat scale for breakfast, fly Armattan quad FPV, attack ships on fire off the shoulder of Orion",,,,,,
0,cloudyan,,https://avatars0.githubusercontent.com/u/912821?v=3&amp;s=100,,,,,,,,,,,,,,,Cloudyan,,,,,,,,,,,,
0,TianJiaDaShao,,https://avatars0.githubusercontent.com/u/21334612?v=3&amp;s=100,,,,,,,,,,,,,,,田野,,,,,,,,,,,,
0,AeronStory,,https://avatars2.githubusercontent.com/u/22915694?v=3&amp;s=100,,,,,,,,,,,,,,,mohammad,,,,,,,,,,,,
0,ReidHolmes,,https://avatars3.githubusercontent.com/u/17958554?v=3&amp;s=100,,,,,,,,,,,,,,,Reidholmes,,,,,,,,,,,,
0,yfgeek,,https://avatars2.githubusercontent.com/u/7533831?v=3&amp;s=100,,,,,,,,,,,,,,,Ivan,,,,,,,,,,,,
0,lina-fraij,,https://avatars1.githubusercontent.com/u/12952364?v=3&amp;s=100,,,,,,,,,,,,,,,Lina Fraij,,,,,,In-house recruiter @Opensooq and open source advocate ,,,,,,
0,BFush,,https://avatars3.githubusercontent.com/u/23432645?v=3&amp;s=100,,,,,,,,,,,,,,,Brisnee Fush,,,,,,Research graduate at Stanford University specializing in Natural Language Processing and Linguistics. Previously: Kilgraston School. Please follow me. 😄 ,,,,,,
0,AndiChiou,,https://avatars2.githubusercontent.com/u/23460812?v=3&amp;s=100,,,,,,,,,,,,,,,Andi Chiou,,,,,,High school student @bartlett-high-school,,,,,,
0,dqminh,,https://avatars2.githubusercontent.com/u/62707?v=3&amp;s=100,,,,,,,,,,,,,,,"Daniel, Dao Quang Minh",,,,,,,,,,,,
0,gaearon,,https://avatars1.githubusercontent.com/u/810438?v=3&amp;s=100,,,,,,,,,,,,,,,Dan Abramov,,,,,,"Co-authored Redux, Create React App, React Hot Loader, React DnD. Helping improve @reactjs.",,,,,,
0,srid,,https://avatars3.githubusercontent.com/u/3998?v=3&amp;s=100,,,,,,,,,,,,,,,Sridhar Ratnakumar,,,,,,Available for work in early 2017.,,,,,,
0,chennqqi,,https://avatars2.githubusercontent.com/u/5073720?v=3&amp;s=100,,,,,,,,,,,,,,,chennqqi,,,,,,www.webshell.pub,,,,,,
0,valyala,,https://avatars2.githubusercontent.com/u/283442?v=3&amp;s=100,,,,,,,,,,,,,,,Aliaksandr Valialkin,,,,,,,,,,,,
0,jreadey,,https://avatars2.githubusercontent.com/u/7785492?v=3&amp;s=100,,,,,,,,,,,,,,,John Readey,,,,,,,,,,,,
0,mmcgrana,,https://avatars2.githubusercontent.com/u/2432?v=3&amp;s=100,,,,,,,,,,,,,,,Mark McGranaghan,,,,,,,,,,,,
0,salmenus,,https://avatars2.githubusercontent.com/u/533561?v=3&amp;s=100,,,,,,,,,,,,,,,Salmen Hichri,,,,,,,,,,,,
0,tannerlinsley,,https://avatars0.githubusercontent.com/u/5580297?v=3&amp;s=100,,,,,,,,,,,,,,,Tanner Linsley,,,,,,"Husband, Founder @nozzle, Javascripter of things",,,,,,
0,sideshow,,https://avatars2.githubusercontent.com/u/137756?v=3&amp;s=100,,,,,,,,,,,,,,,Adam Jones,,,,,,,,,,,,
0,maciejjaskowski,,https://avatars2.githubusercontent.com/u/562477?v=3&amp;s=100,,,,,,,,,,,,,,,Maciej Jaśkowski,,,,,,,,,,,,
0,fengyuanchen,,https://avatars0.githubusercontent.com/u/3456749?v=3&amp;s=100,,,,,,,,,,,,,,,Fengyuan Chen,,,,,,,,,,,,
0,DominicTobias,,https://avatars1.githubusercontent.com/u/760314?v=3&amp;s=100,,,,,,,,,,,,,,,Dominic Tobias,,,,,,I make UIs and such. Using JS mostly but I like to dabble.,,,,,,
0,jkodumal,,https://avatars0.githubusercontent.com/u/19426?v=3&amp;s=100,,,,,,,,,,,,,,,John Kodumal,,,,,,,,,,,,
0,prakhar1989,,https://avatars3.githubusercontent.com/u/649249?v=3&amp;s=100,,,,,,,,,,,,,,,Prakhar Srivastav,,,,,,"CS Grad student @Columbia. Eat, code, sleep, repeat.",,,,,,
0,mandysimon88,,https://avatars1.githubusercontent.com/u/12855692?v=3&amp;s=100,,,,,,,,,,,,,,,Amanda Simon,,,,,,,,,,,,
0,alexflint,,https://avatars1.githubusercontent.com/u/640247?v=3&amp;s=100,,,,,,,,,,,,,,,Alex Flint,,,,,,,,,,,,
0,tejasmanohar,,https://avatars0.githubusercontent.com/u/5959235?v=3&amp;s=100,,,,,,,,,,,,,,,Tejas Manohar,,,,,,Busy messing with computers,,,,,,
0,vmihailenco,,https://avatars1.githubusercontent.com/u/290976?v=3&amp;s=100,,,,,,,,,,,,,,,Vladimir Mihailenco,,,,,,,,,,,,
0,pontusmelke,,https://avatars3.githubusercontent.com/u/88000?v=3&amp;s=100,,,,,,,,,,,,,,,Pontus Melke,,,,,,,,,,,,
0,andela-hkoske,,https://avatars2.githubusercontent.com/u/13534520?v=3&amp;s=100,,,,,,,,,,,,,,,Hannah Koske,,,,,,,,,,,,
0,wise-eddy,,https://avatars1.githubusercontent.com/u/1385081?v=3&amp;s=100,,,,,,,,,,,,,,,Elise R.,,,,,,,,,,,,
0,daviddexter,,https://avatars2.githubusercontent.com/u/16095054?v=3&amp;s=100,,,,,,,,,,,,,,,David Dexter,,,,,,,,,,,,
0,BridgeAR,,https://avatars0.githubusercontent.com/u/8822573?v=3&amp;s=100,,,,,,,,,,,,,,,Ruben Bridgewater,,,,,,,,,,,,
0,nesv,,https://avatars3.githubusercontent.com/u/64859?v=3&amp;s=100,,,,,,,,,,,,,,,Nick Saika,,,,,,,,,,,,
0,alichtner,,https://avatars2.githubusercontent.com/u/6984727?v=3&amp;s=100,,,,,,,,,,,,,,,Aaron Lichtner,,,,,,Data Scientist | Graph Wizard,,,,,,
0,cynical89,,https://avatars2.githubusercontent.com/u/14186276?v=3&amp;s=100,,,,,,,,,,,,,,,Anthony Michelizzi,,,,,,JavaScript and C# programmer,,,,,,
0,jagracey,,https://avatars1.githubusercontent.com/u/3309526?v=3&amp;s=100,,,,,,,,,,,,,,,John Gracey,,,,,,,,,,,,
0,leebyron,,https://avatars0.githubusercontent.com/u/50130?v=3&amp;s=100,,,,,,,,,,,,,,,Lee Byron,,,,,,I make things at @facebook ,,,,,,
0,elenavolokhova,,https://avatars1.githubusercontent.com/u/9750110?v=3&amp;s=100,,,,,,,,,,,,,,,ElenaV,,,,,,,,,,,,
0,mholt,,https://avatars2.githubusercontent.com/u/1128849?v=3&amp;s=100,,,,,,,,,,,,,,,Matt Holt,,,,,,I code stuff with my bare hands.,,,,,,
0,daniman,,https://avatars2.githubusercontent.com/u/5922187?v=3&amp;s=100,,,,,,,,,,,,,,,Danielle Man,,,,,,Front-end developer that works on the @meteor Galaxy and @apollostack Optics services.,,,,,,
0,jcharrell,,https://avatars3.githubusercontent.com/u/7716865?v=3&amp;s=100,,,,,,,,,,,,,,,Chris Harrell,,,,,,,,,,,,
0,mbacvanski,,https://avatars0.githubusercontent.com/u/7774585?v=3&amp;s=100,,,,,,,,,,,,,,,Marc Bacvanski,,,,,,writes all teh codez,,,,,,
0,adambajumba,,https://avatars0.githubusercontent.com/u/8980680?v=3&amp;s=100,,,,,,,,,,,,,,,Isaac Jumba,,,,,,,,,,,,
0,ternsip,,https://avatars3.githubusercontent.com/u/10179239?v=3&amp;s=100,,,,,,,,,,,,,,,Ternsip,,,,,,If you are alone - imagine that you are Gordon Freeman.,,,,,,
0,sitilge,,https://avatars3.githubusercontent.com/u/3306642?v=3&amp;s=100,,,,,,,,,,,,,,,Martins Eglitis,,,,,,,,,,,,
0,gravitygz,,https://avatars0.githubusercontent.com/u/20617000?v=3&amp;s=100,,,,,,,,,,,,,,,gravitygz,,,,,,,,,,,,
0,juvenalis,,https://avatars1.githubusercontent.com/u/13765631?v=3&amp;s=100,,,,,,,,,,,,,,,juvenalis,,,,,,,,,,,,
0,DaStrike,,https://avatars3.githubusercontent.com/u/20173531?v=3&amp;s=100,,,,,,,,,,,,,,,DaStrike,,,,,,,,,,,,
0,AbuYami,,https://avatars2.githubusercontent.com/u/16296291?v=3&amp;s=100,,,,,,,,,,,,,,,Abu Yami,,,,,,الموقع الرسمي للمهندس أبو يامي ، يتضمن مجموعة من الأدوات المساعدة لإنتاج ألبوم صوتي بإحترافية ، بالإضافة إلى برامج الهندسة والفلاتر الصوتية ذات نطاق عالمي,,,,,,
