﻿score,login,id,avatar_url,gravatar_id,url,html_url,followers_url,following_url,gists_url,starred_url,subscriptions_url,organizations_url,repos_url,events_url,received_events_url,type,site_admin,name,company,blog,location,email,hireable,bio,public_repos,public_gists,followers,following,created_at,updated_at
0,AeronStory,,https://avatars2.githubusercontent.com/u/22915694?v=3&amp;s=100,,,,,,,,,,,,,,,mohammad,,,,,,,,,,,,
0,Shipow,,https://avatars3.githubusercontent.com/u/976175?v=3&amp;s=100,,,,,,,,,,,,,,,Kevin Granger,,,,,,"Devsigner @algolia UX Search API [YC14] ~ own a clairvoyance PhD, eat scale for breakfast, fly Armattan quad FPV, attack ships on fire off the shoulder of Orion",,,,,,
0,motemen,,https://avatars2.githubusercontent.com/u/8465?v=3&amp;s=100,,,,,,,,,,,,,,,Hironao OTSUBO,,,,,,,,,,,,
0,astaxie,,https://avatars3.githubusercontent.com/u/233907?v=3&amp;s=100,,,,,,,,,,,,,,,astaxie,,,,,,Write the testable code,,,,,,
0,piuccio,,https://avatars1.githubusercontent.com/u/680284?v=3&amp;s=100,,,,,,,,,,,,,,,Fabio Crisci,,,,,,,,,,,,
0,hamano,,https://avatars1.githubusercontent.com/u/12780?v=3&amp;s=100,,,,,,,,,,,,,,,HAMANO Tsukasa,,,,,,,,,,,,
0,mizukmb,,https://avatars3.githubusercontent.com/u/7896080?v=3&amp;s=100,,,,,,,,,,,,,,,MiZUP,,,,,,Ruby / Rails engineer.,,,,,,
0,perfettiful,,https://avatars3.githubusercontent.com/u/7156158?v=3&amp;s=100,,,,,,,,,,,,,,,Nathan Perfetti,,,,,,,,,,,,
0,pumpkinheader,,https://avatars3.githubusercontent.com/u/6647001?v=3&amp;s=100,,,,,,,,,,,,,,,pumpkinheader,,,,,,,,,,,,
0,Ch3ck,,https://avatars1.githubusercontent.com/u/4006891?v=3&amp;s=100,,,,,,,,,,,,,,,Nyah Check ,,,,,,Black | Hacker | Gopher | Geek,,,,,,
0,stoked-zz,,https://avatars2.githubusercontent.com/u/13973828?v=3&amp;s=100,,,,,,,,,,,,,,,Amie Lynn,,,,,,,,,,,,
0,raqwel,,https://avatars3.githubusercontent.com/u/16833497?v=3&amp;s=100,,,,,,,,,,,,,,,raqwel,,,,,,,,,,,,
0,mechana,,https://avatars2.githubusercontent.com/u/16636226?v=3&amp;s=100,,,,,,,,,,,,,,,Nayumi,,,,,,,,,,,,
0,RVIRUS0817,,https://avatars2.githubusercontent.com/u/5633085?v=3&amp;s=100,,,,,,,,,,,,,,,Adachin,,,,,,,,,,,,
0,cusspvz,,https://avatars2.githubusercontent.com/u/3604053?v=3&amp;s=100,,,,,,,,,,,,,,,José Moreira,,,,,,"full-stack developer, ui/ux designer, musician &amp; diy entusiast",,,,,,
0,angusshire,,https://avatars1.githubusercontent.com/u/5877145?v=3&amp;s=100,,,,,,,,,,,,,,,Angus H.,,,,,,Available for part-time or freelance work.,,,,,,
0,tjinjin,,https://avatars3.githubusercontent.com/u/10205123?v=3&amp;s=100,,,,,,,,,,,,,,,tjinjin,,,,,,cloud infrastructure engineer,,,,,,
0,koshigoe,,https://avatars2.githubusercontent.com/u/18269?v=3&amp;s=100,,,,,,,,,,,,,,,koshigoe,,,,,,,,,,,,
0,MrToiletman,,https://avatars1.githubusercontent.com/u/11144370?v=3&amp;s=100,,,,,,,,,,,,,,,MrToiletman,,,,,,,,,,,,
0,docomoDeveloperSupport,,https://avatars3.githubusercontent.com/u/10110085?v=3&amp;s=100,,,,,,,,,,,,,,,docomo Developer support,,,,,,,,,,,,
0,mgi166,,https://avatars0.githubusercontent.com/u/4336997?v=3&amp;s=100,,,,,,,,,,,,,,,MOGI Hiromu,,,,,,,,,,,,
0,TasukuNakano,,https://avatars3.githubusercontent.com/u/1913131?v=3&amp;s=100,,,,,,,,,,,,,,,Tasuku Nakano,,,,,,,,,,,,
0,kasei-san,,https://avatars3.githubusercontent.com/u/147536?v=3&amp;s=100,,,,,,,,,,,,,,,kasei_san,,,,,,,,,,,,
0,ridhomodariver,,https://avatars1.githubusercontent.com/u/2943304?v=3&amp;s=100,,,,,,,,,,,,,,,ridho modariver,,,,,,,,,,,,
0,masutaka,,https://avatars3.githubusercontent.com/u/170014?v=3&amp;s=100,,,,,,,,,,,,,,,Takashi Masuda,,,,,,I love curry! 🍛,,,,,,
0,tmd45,,https://avatars2.githubusercontent.com/u/294443?v=3&amp;s=100,,,,,,,,,,,,,,,Yoko TAMADA,,,,,,live in Eorzea,,,,,,
0,RVIRUS,,https://avatars2.githubusercontent.com/u/3326088?v=3&amp;s=100,,,,,,,,,,,,,,,RVIRUS,,,,,,,,,,,,
0,PONTA-zip,,https://avatars2.githubusercontent.com/u/2268515?v=3&amp;s=100,,,,,,,,,,,,,,,PONTA.zip,,,,,,,,,,,,
0,kuina,,https://avatars1.githubusercontent.com/u/1777903?v=3&amp;s=100,,,,,,,,,,,,,,,くいなちゃん,,,,,,あらゆる学問が大好きー　くいなちゃん、６さいですっ！,,,,,,
0,catoidrobo,,https://avatars2.githubusercontent.com/u/1403851?v=3&amp;s=100,,,,,,,,,,,,,,,catoid,,,,,,,,,,,,
