﻿email,score,public_repos,login,updated_at,id,avatar_url,gravatar_id,url,html_url,followers_url,following_url,gists_url,starred_url,subscriptions_url,organizations_url,repos_url,events_url,received_events_url,type,site_admin,name,company,blog,location,hireable,bio,public_gists,followers,following,created_at
,0,,bradtraversy,,,https://avatars0.githubusercontent.com/u/5550850?v=3&amp;s=100,,,,,,,,,,,,,,,Brad Traversy,,,,,,,,,
,0,,semmypurewal,,,https://avatars2.githubusercontent.com/u/260713?v=3&amp;s=100,,,,,,,,,,,,,,,Semmy Purewal,,,,,,,,,
,0,,FoamyGuy,,,https://avatars0.githubusercontent.com/u/2406189?v=3&amp;s=100,,,,,,,,,,,,,,,FoamyGuy,,,,,,,,,
,0,,Tutorialindustry,,,https://avatars2.githubusercontent.com/u/5953060?v=3&amp;s=100,,,,,,,,,,,,,,,Tutorialindustry,,,,,,,,,
,0,,fvdm,,,https://avatars2.githubusercontent.com/u/93784?v=3&amp;s=100,,,,,,,,,,,,,,,Franklin van de Meent,,,,,,,,,
,0,,nikku,,,https://avatars2.githubusercontent.com/u/58601?v=3&amp;s=100,,,,,,,,,,,,,,,Nico Rehwaldt,,,,,,,,,
,0,,zeroasterisk,,,https://avatars0.githubusercontent.com/u/23422?v=3&amp;s=100,,,,,,,,,,,,,,,alan blount,,,,,,,,,
,0,,MilanAryal,,,https://avatars0.githubusercontent.com/u/9361180?v=3&amp;s=100,,,,,,,,,,,,,,,Milan Aryal,,,,,Front-end developer,,,,
,0,,wargio,,,https://avatars2.githubusercontent.com/u/561184?v=3&amp;s=100,,,,,,,,,,,,,,,Giovanni,,,,,,,,,
,0,,thebucknerlife,,,https://avatars0.githubusercontent.com/u/2025576?v=3&amp;s=100,,,,,,,,,,,,,,,Greg Buckner,,,,,&lt;a href=&quot;http://bit.ly/IqT6zt&quot;&gt;Add a bio&lt;/a&gt;,,,,
,0,,7sun,,,https://avatars2.githubusercontent.com/u/7285349?v=3&amp;s=100,,,,,,,,,,,,,,,Peter Krouse,,,,,,,,,
,0,,markrichards,,,https://avatars3.githubusercontent.com/u/134617?v=3&amp;s=100,,,,,,,,,,,,,,,Mark Richards,,,,,,,,,
,0,,2tarotk,,,https://avatars0.githubusercontent.com/u/1920478?v=3&amp;s=100,,,,,,,,,,,,,,,Tsuyoshi,,,,,,,,,
,0,,AeronStory,,,https://avatars2.githubusercontent.com/u/22915694?v=3&amp;s=100,,,,,,,,,,,,,,,mohammad,,,,,,,,,
,0,,realdavidturnbull,,,https://avatars2.githubusercontent.com/u/4712958?v=3&amp;s=100,,,,,,,,,,,,,,,David Turnbull,,,,,,,,,
,0,,faroncoder,,,https://avatars1.githubusercontent.com/u/3174116?v=3&amp;s=100,,,,,,,,,,,,,,,Faron,,,,,,,,,
,0,,Keruspe,,,https://avatars0.githubusercontent.com/u/222942?v=3&amp;s=100,,,,,,,,,,,,,,,Marc-Antoine Perennou,,,,,,,,,
,0,,acdenisSK,,,https://avatars2.githubusercontent.com/u/16745149?v=3&amp;s=100,,,,,,,,,,,,,,,alex,,,,,Why are you reading this crappy bio anyways.,,,,
,0,,Julisep,,,https://avatars3.githubusercontent.com/u/13493385?v=3&amp;s=100,,,,,,,,,,,,,,,Juli,,,,,,,,,
,0,,briantanner,,,https://avatars2.githubusercontent.com/u/3637408?v=3&amp;s=100,,,,,,,,,,,,,,,Brian Tanner,,,,,,,,,
,0,,teschty,,,https://avatars2.githubusercontent.com/u/1581856?v=3&amp;s=100,,,,,,,,,,,,,,,Tyler Tesch,,,,,,,,,
,0,,FennekFox,,,https://avatars1.githubusercontent.com/u/16280678?v=3&amp;s=100,,,,,,,,,,,,,,,FennekFox,,,,,,,,,
,0,,Gravestorm,,,https://avatars1.githubusercontent.com/u/14582158?v=3&amp;s=100,,,,,,,,,,,,,,,Gravestorm,,,,,,,,,
,0,,rovendoug,,,https://avatars0.githubusercontent.com/u/3654282?v=3&amp;s=100,,,,,,,,,,,,,,,Douglas L. Holeman,,,,,,,,,
,0,,DrJavik,,,https://avatars0.githubusercontent.com/u/2719012?v=3&amp;s=100,,,,,,,,,,,,,,,Benjamin Schneider,,,,,,,,,
,0,,qeled,,,https://avatars0.githubusercontent.com/u/10256098?v=3&amp;s=100,,,,,,,,,,,,,,,qeled,,,,,,,,,
,0,,ealves-pt,,,https://avatars1.githubusercontent.com/u/5909095?v=3&amp;s=100,,,,,,,,,,,,,,,Eduardo Alves,,,,,,,,,
,0,,matthieua,,,https://avatars2.githubusercontent.com/u/234575?v=3&amp;s=100,,,,,,,,,,,,,,,Matthieu Aussaguel,,,,,,,,,
,0,,yyx990803,,,https://avatars2.githubusercontent.com/u/499550?v=3&amp;s=100,,,,,,,,,,,,,,,Evan You,,,,,"Creator of @vuejs, previously @meteor &amp; @google",,,,
,0,,laychopy,,,https://avatars0.githubusercontent.com/u/1952468?v=3&amp;s=100,,,,,,,,,,,,,,,Luis Albarenga,,,,,,,,,
,0,,mengmomo,,,https://avatars3.githubusercontent.com/u/1464779?v=3&amp;s=100,,,,,,,,,,,,,,,momo,,,,,,,,,
,0,,xgrommx,,,https://avatars3.githubusercontent.com/u/1499594?v=3&amp;s=100,,,,,,,,,,,,,,,Denis Stoyanov,,,,,,,,,
,0,,dbrambilla,,,https://avatars3.githubusercontent.com/u/1297583?v=3&amp;s=100,,,,,,,,,,,,,,,dbrambilla,,,,,,,,,
,0,,thelinuxlich,,,https://avatars3.githubusercontent.com/u/5043?v=3&amp;s=100,,,,,,,,,,,,,,,Alisson Cavalcante Agiani,,,,,,,,,
,0,,fritexvz,,,https://avatars3.githubusercontent.com/u/4490792?v=3&amp;s=100,,,,,,,,,,,,,,,Tomislav Novak,,,,,Web Enthusiast @fritexdesigns and @racunalo. Student @foivz :),,,,
,0,,dfkuro,,,https://avatars1.githubusercontent.com/u/1896348?v=3&amp;s=100,,,,,,,,,,,,,,,dfkuro,,,,,,,,,
,0,,andystandfield,,,https://avatars1.githubusercontent.com/u/1326643?v=3&amp;s=100,,,,,,,,,,,,,,,Andy Standfield,,,,,,,,,
,0,,waynehoover,,,https://avatars2.githubusercontent.com/u/115143?v=3&amp;s=100,,,,,,,,,,,,,,,Wayne,,,,,,,,,
,0,,dungtn,,,https://avatars2.githubusercontent.com/u/2269589?v=3&amp;s=100,,,,,,,,,,,,,,,Dung Thai,,,,,,,,,
,0,,KyleBanks,,,https://avatars3.githubusercontent.com/u/2164691?v=3&amp;s=100,,,,,,,,,,,,,,,Kyle Banks,,,,,Software Engineer and Team Lead @TradeRev,,,,
,0,,tejado,,,https://avatars2.githubusercontent.com/u/3774136?v=3&amp;s=100,,,,,,,,,,,,,,,tjado,,,,,:de::tm::sunglasses::zero::zero::one::zero::one::zero::one::zero:,,,,
,0,,kulakowka,,,https://avatars0.githubusercontent.com/u/557190?v=3&amp;s=100,,,,,,,,,,,,,,,Anton Kulakov,,,,,Full stack Javascript developer,,,,
,0,,3mei,,,https://avatars2.githubusercontent.com/u/11296522?v=3&amp;s=100,,,,,,,,,,,,,,,Yevgeniy S. Meyer,,,,,,,,,
,0,,megansquire,,,https://avatars0.githubusercontent.com/u/3371620?v=3&amp;s=100,,,,,,,,,,,,,,,Megan Squire,,,,,Professor of Computing Sciences @ Elon Univ. Founder &amp; maintainer of FLOSSmole. Author of &quot;Clean Data&quot; (2015) &amp; &quot;Mastering Data Mining with Python&quot; (2016).,,,,
,0,,kenwheeler,,,https://avatars2.githubusercontent.com/u/286616?v=3&amp;s=100,,,,,,,,,,,,,,,Ken Wheeler,,,,,My life is dope and I do dope shit,,,,
,0,,juliaferraioli,,,https://avatars2.githubusercontent.com/u/281597?v=3&amp;s=100,,,,,,,,,,,,,,,Julia Ferraioli,,,,,,,,,
,0,,JosePaumard,,,https://avatars2.githubusercontent.com/u/1757066?v=3&amp;s=100,,,,,,,,,,,,,,,José Paumard,,,,,,,,,
,0,,PiWhy,,,https://avatars2.githubusercontent.com/u/1174572?v=3&amp;s=100,,,,,,,,,,,,,,,Pierre-Yves Derbaix,,,,,,,,,
,0,,ddobervich,,,https://avatars3.githubusercontent.com/u/177130?v=3&amp;s=100,,,,,,,,,,,,,,,David Dobervich,,,,,,,,,
,0,,keur,,,https://avatars1.githubusercontent.com/u/3948492?v=3&amp;s=100,,,,,,,,,,,,,,,Félix Axel Gimeno Gil,,,,,"Autodidact, currently learning both mathematics and computer science at Polytechnic University of Catalonia",,,,
,0,,jcbohin,,,https://avatars3.githubusercontent.com/u/3408856?v=3&amp;s=100,,,,,,,,,,,,,,,Jean-Christophe Bohin,,,,,Inoviation and technology advisor at Inovia,,,,
