﻿score,public_repos,bio,login,updated_at,id,avatar_url,gravatar_id,url,html_url,followers_url,following_url,gists_url,starred_url,subscriptions_url,organizations_url,repos_url,events_url,received_events_url,type,site_admin,name,company,blog,location,email,hireable,public_gists,followers,following,created_at
0,,linkedin.com/in/buckyroberts,buckyroberts,,,https://avatars1.githubusercontent.com/u/8547538?v=3&amp;s=100,,,,,,,,,,,,,,,Bucky Roberts,,,,,,,,,
0,,,stoked-zz,,,https://avatars2.githubusercontent.com/u/13973828?v=3&amp;s=100,,,,,,,,,,,,,,,Amie Lynn,,,,,,,,,
0,,,chungchiehlun,,,https://avatars3.githubusercontent.com/u/6926451?v=3&amp;s=100,,,,,,,,,,,,,,,Jay,,,,,,,,,
0,,,AeronStory,,,https://avatars2.githubusercontent.com/u/22915694?v=3&amp;s=100,,,,,,,,,,,,,,,mohammad,,,,,,,,,
0,,Just a guy who likes to make things @MichalYouDoing,MichalPaszkiewicz,,,https://avatars2.githubusercontent.com/u/6673982?v=3&amp;s=100,,,,,,,,,,,,,,,Michal Paszkiewicz,,,,,,,,,
0,,I 💖 Ruby &amp; ReactJS. Also loves building fun stuff w/ Raspberry Pi&#39;s.,traumverloren,,,https://avatars3.githubusercontent.com/u/9959680?v=3&amp;s=100,,,,,,,,,,,,,,,Stephanie,,,,,,,,,
0,,,railstutorial,,,https://avatars0.githubusercontent.com/u/35562?v=3&amp;s=100,,,,,,,,,,,,,,,The Ruby on Rails Tutorial,,,,,,,,,
0,,,joshuakemp1,,,https://avatars3.githubusercontent.com/u/1834968?v=3&amp;s=100,,,,,,,,,,,,,,,Joshua Kemp,,,,,,,,,
0,,,mattpetrie,,,https://avatars2.githubusercontent.com/u/3870201?v=3&amp;s=100,,,,,,,,,,,,,,,Matt Petrie,,,,,,,,,
0,,,onemonthrails,,,https://avatars3.githubusercontent.com/u/5249665?v=3&amp;s=100,,,,,,,,,,,,,,,One Month Rails,,,,,,,,,
0,,,shoshindes,,,https://avatars1.githubusercontent.com/u/13901088?v=3&amp;s=100,,,,,,,,,,,,,,,Jack Thompson,,,,,,,,,
0,,,tennisonchan,,,https://avatars1.githubusercontent.com/u/719938?v=3&amp;s=100,,,,,,,,,,,,,,,Tennison Chan,,,,,,,,,
0,,Looking for Software Engineering Internship for Summer 2017,fengnanyue,,,https://avatars1.githubusercontent.com/u/13938317?v=3&amp;s=100,,,,,,,,,,,,,,,Fengnan Yue,,,,,,,,,
0,,Available for part-time or freelance work.,angusshire,,,https://avatars1.githubusercontent.com/u/5877145?v=3&amp;s=100,,,,,,,,,,,,,,,Angus H.,,,,,,,,,
0,,"Final year computer science undergraduate, with an interest in machine learning, big data and web applications.",tomcusack1,,,https://avatars3.githubusercontent.com/u/8351919?v=3&amp;s=100,,,,,,,,,,,,,,,Tom Cusack,,,,,,,,,
0,,,mhartl,,,https://avatars0.githubusercontent.com/u/6232?v=3&amp;s=100,,,,,,,,,,,,,,,Michael Hartl,,,,,,,,,
0,,,jashkenas,,,https://avatars2.githubusercontent.com/u/4732?v=3&amp;s=100,,,,,,,,,,,,,,,Jeremy Ashkenas,,,,,,,,,
0,,,wycats,,,https://avatars0.githubusercontent.com/u/4?v=3&amp;s=100,,,,,,,,,,,,,,,Yehuda Katz,,,,,,,,,
