﻿score,type,login,location,id,bio,avatar_url,public_repos,gravatar_id,public_gists,url,created_at,html_url,followers_url,following_url,gists_url,starred_url,subscriptions_url,organizations_url,repos_url,events_url,received_events_url,site_admin,name,company,blog,email,hireable,followers,following,updated_at
0,,AeronStory,,,,https://avatars2.githubusercontent.com/u/22915694?v=3&amp;s=100,,,,,,,,,,,,,,,,,mohammad,,,,,,,
0,,jonathanong,,,@expressjs @koajs @jshttp @pillarjs Available for full-time work. Will not relocate to San Francisco.,https://avatars0.githubusercontent.com/u/643505?v=3&amp;s=100,,,,,,,,,,,,,,,,,jongleberry,,,,,,,
0,,angusshire,,,Available for part-time or freelance work.,https://avatars1.githubusercontent.com/u/5877145?v=3&amp;s=100,,,,,,,,,,,,,,,,,Angus H.,,,,,,,
0,,fanweixiao,,,,https://avatars1.githubusercontent.com/u/65603?v=3&amp;s=100,,,,,,,,,,,,,,,,,fanweixiao,,,,,,,
0,,JedWatson,,,,https://avatars0.githubusercontent.com/u/872310?v=3&amp;s=100,,,,,,,,,,,,,,,,,Jed Watson,,,,,,,
0,,JacksonTian,,,,https://avatars0.githubusercontent.com/u/327019?v=3&amp;s=100,,,,,,,,,,,,,,,,,Jackson Tian,,,,,,,
0,,durango,,,,https://avatars1.githubusercontent.com/u/677683?v=3&amp;s=100,,,,,,,,,,,,,,,,,Daniel Durante,,,,,,,
0,,madhums,,,,https://avatars2.githubusercontent.com/u/123815?v=3&amp;s=100,,,,,,,,,,,,,,,,,Madhusudhan Srinivasa,,,,,,,
0,,fmpwizard,,,,https://avatars1.githubusercontent.com/u/62802?v=3&amp;s=100,,,,,,,,,,,,,,,,,Diego Medina,,,,,,,
0,,tj,,,,https://avatars3.githubusercontent.com/u/25254?v=3&amp;s=100,,,,,,,,,,,,,,,,,TJ Holowaychuk,,,,,,,
0,,lorenwest,,,,https://avatars0.githubusercontent.com/u/373538?v=3&amp;s=100,,,,,,,,,,,,,,,,,Loren West,,,,,,,
0,,substack,,,,https://avatars2.githubusercontent.com/u/12631?v=3&amp;s=100,,,,,,,,,,,,,,,,,James Halliday,,,,,,,
0,,isaacs,,,,https://avatars2.githubusercontent.com/u/9287?v=3&amp;s=100,,,,,,,,,,,,,,,,,isaacs,,,,,,,
0,,caolan,,,,https://avatars3.githubusercontent.com/u/5274?v=3&amp;s=100,,,,,,,,,,,,,,,,,Caolan McMahon,,,,,,,
0,,3rd-Eden,,,,https://avatars2.githubusercontent.com/u/28071?v=3&amp;s=100,,,,,,,,,,,,,,,,,Arnout Kazemier,,,,,,,
0,,liangyali,,,,https://avatars1.githubusercontent.com/u/687517?v=3&amp;s=100,,,,,,,,,,,,,,,,,liangyali,,,,,,,
0,,lgnlgn,,,,https://avatars2.githubusercontent.com/u/271985?v=3&amp;s=100,,,,,,,,,,,,,,,,,Guoning Liang,,,,,,,
