﻿id,score,gravatar_id,login,followers_url,avatar_url,received_events_url,url,name,html_url,following_url,gists_url,starred_url,subscriptions_url,organizations_url,repos_url,events_url,type,site_admin,company,blog,location,email,hireable,bio,public_repos,public_gists,followers,following,created_at,updated_at
,0,,stoked-zz,,https://avatars2.githubusercontent.com/u/13973828?v=3&amp;s=100,,,Amie Lynn,,,,,,,,,,,,,,,,,,,,,,
,0,,doomsterinc,,https://avatars0.githubusercontent.com/u/5833310?v=3&amp;s=100,,,Maicon Giovani,,,,,,,,,,,,,,,,Code Life,,,,,,
,0,,AeronStory,,https://avatars2.githubusercontent.com/u/22915694?v=3&amp;s=100,,,mohammad,,,,,,,,,,,,,,,,,,,,,,
,0,,AndiChiou,,https://avatars2.githubusercontent.com/u/23460812?v=3&amp;s=100,,,Andi Chiou,,,,,,,,,,,,,,,,High school student @bartlett-high-school,,,,,,
,0,,VagrantStory,,https://avatars3.githubusercontent.com/u/4069972?v=3&amp;s=100,,,mohammad,,,,,,,,,,,,,,,,Developer Program Member,,,,,,
,0,,JeorgeMatt,,https://avatars3.githubusercontent.com/u/18130056?v=3&amp;s=100,,,Jeorge Matthew,,,,,,,,,,,,,,,,,,,,,,
,0,,ternsip,,https://avatars3.githubusercontent.com/u/10179239?v=3&amp;s=100,,,Ternsip,,,,,,,,,,,,,,,,If you are alone - imagine that you are Gordon Freeman.,,,,,,
,0,,eavgerinos,,https://avatars3.githubusercontent.com/u/1211471?v=3&amp;s=100,,,Aggelos Avgerinos,,,,,,,,,,,,,,,,,,,,,,
,0,,angusshire,,https://avatars1.githubusercontent.com/u/5877145?v=3&amp;s=100,,,Angus H.,,,,,,,,,,,,,,,,Available for part-time or freelance work.,,,,,,
,0,,zdenop,,https://avatars0.githubusercontent.com/u/574156?v=3&amp;s=100,,,zdenop,,,,,,,,,,,,,,,,,,,,,,
,0,,thefoxis,,https://avatars0.githubusercontent.com/u/375731?v=3&amp;s=100,,,Karolina Szczur,,,,,,,,,,,,,,,,,,,,,,
,0,,mgol,,https://avatars2.githubusercontent.com/u/1758366?v=3&amp;s=100,,,Michał Gołębiowski,,,,,,,,,,,,,,,,,,,,,,
,0,,Planeshifter,,https://avatars2.githubusercontent.com/u/1913638?v=3&amp;s=100,,,Philipp Burckhardt,,,,,,,,,,,,,,,,,,,,,,
,0,,steipete,,https://avatars1.githubusercontent.com/u/58493?v=3&amp;s=100,,,Peter Steinberger,,,,,,,,,,,,,,,,"I love pushing the limits of Cocoa Touch and the runtime. Working on @PSPDFKit, the most advanced PDF framework for iOS, Android and soon your Browser.",,,,,,
,0,,sandlerb,,https://avatars1.githubusercontent.com/u/2380711?v=3&amp;s=100,,,Brett Sandler,,,,,,,,,,,,,,,,,,,,,,
,0,,alexrepty,,https://avatars2.githubusercontent.com/u/135485?v=3&amp;s=100,,,Alexander Repty,,,,,,,,,,,,,,,,,,,,,,
,0,,neonichu,,https://avatars2.githubusercontent.com/u/118992?v=3&amp;s=100,,,Boris Bügling,,,,,,,,,,,,,,,,"Et tu, sabes?",,,,,,
,0,,alexmoore,,https://avatars1.githubusercontent.com/u/1438?v=3&amp;s=100,,,Alex Moore,,,,,,,,,,,,,,,,,,,,,,
,0,,paulcbetts,,https://avatars2.githubusercontent.com/u/1396?v=3&amp;s=100,,,Paul Betts,,,,,,,,,,,,,,,,Margot Tenenbaum as software developer.,,,,,,
,0,,shiftkey,,https://avatars2.githubusercontent.com/u/359239?v=3&amp;s=100,,,Brendan Forster,,,,,,,,,,,,,,,,"Nomadic Software Engineer and Troublemaker. OSS Cat Herder. Here, there and everywhere.",,,,,,
,0,,ammeep,,https://avatars2.githubusercontent.com/u/1024672?v=3&amp;s=100,,,Amy Palamountain,,,,,,,,,,,,,,,,It&#39;s fine,,,,,,
,0,,benbalter,,https://avatars1.githubusercontent.com/u/282759?v=3&amp;s=100,,,Ben Balter,,,,,,,,,,,,,,,,"Attorney, open source developer, Product manager at @GitHub ",,,,,,
