﻿score,avatar_url,login,gravatar_id,id,url,html_url,followers_url,following_url,gists_url,starred_url,subscriptions_url,organizations_url,repos_url,events_url,received_events_url,type,site_admin,name,company,blog,location,email,hireable,bio,public_repos,public_gists,followers,following,created_at,updated_at
0,https://avatars3.githubusercontent.com/u/4069972?v=3&amp;s=100,VagrantStory,,,,,,,,,,,,,,,,mohammad,,,,,,Developer Program Member,,,,,,
0,https://avatars2.githubusercontent.com/u/13973828?v=3&amp;s=100,stoked-zz,,,,,,,,,,,,,,,,Amie Lynn,,,,,,,,,,,,
0,https://avatars2.githubusercontent.com/u/22915694?v=3&amp;s=100,AeronStory,,,,,,,,,,,,,,,,mohammad,,,,,,,,,,,,
0,https://avatars1.githubusercontent.com/u/5877145?v=3&amp;s=100,angusshire,,,,,,,,,,,,,,,,Angus H.,,,,,,Available for part-time or freelance work.,,,,,,
0,https://avatars3.githubusercontent.com/u/287189?v=3&amp;s=100,maraoz,,,,,,,,,,,,,,,,Manuel Aráoz,,,,,,,,,,,,
0,https://avatars3.githubusercontent.com/u/1914151?v=3&amp;s=100,erget,,,,,,,,,,,,,,,,Daniel Lee,,,,,,,,,,,,
0,https://avatars2.githubusercontent.com/u/12631?v=3&amp;s=100,substack,,,,,,,,,,,,,,,,James Halliday,,,,,,,,,,,,
0,https://avatars2.githubusercontent.com/u/39759?v=3&amp;s=100,maxogden,,,,,,,,,,,,,,,,=^._.^=,,,,,,,,,,,,
