﻿html_url,score,avatar_url,login,id,gravatar_id,url,followers_url,following_url,gists_url,starred_url,subscriptions_url,organizations_url,repos_url,events_url,received_events_url,type,site_admin,name,company,blog,location,email,hireable,bio,public_repos,public_gists,followers,following,created_at,updated_at
,0,https://avatars3.githubusercontent.com/u/8231631?v=3&amp;s=100,DShishkin,,,,,,,,,,,,,,,Dmitry,,,,,,,,,,,,
,0,https://avatars2.githubusercontent.com/u/4530539?v=3&amp;s=100,tvvocold,,,,,,,,,,,,,,,Ray,,,,,,Do cool things that doesn&#39;t matter.,,,,,,
,0,https://avatars2.githubusercontent.com/u/346927?v=3&amp;s=100,wilfreddekok,,,,,,,,,,,,,,,Wilfred de Kok,,,,,,"Internet Security &amp; Privacy Activist, FSFE Fellow, FSF Associate member and ISOC member.",,,,,,
,0,https://avatars2.githubusercontent.com/u/13973828?v=3&amp;s=100,stoked-zz,,,,,,,,,,,,,,,Amie Lynn,,,,,,,,,,,,
,0,https://avatars3.githubusercontent.com/u/4069972?v=3&amp;s=100,VagrantStory,,,,,,,,,,,,,,,mohammad,,,,,,Developer Program Member,,,,,,
,0,https://avatars3.githubusercontent.com/u/18130056?v=3&amp;s=100,JeorgeMatt,,,,,,,,,,,,,,,Jeorge Matthew,,,,,,,,,,,,
,0,https://avatars2.githubusercontent.com/u/3604053?v=3&amp;s=100,cusspvz,,,,,,,,,,,,,,,José Moreira,,,,,,"full-stack developer, ui/ux designer, musician &amp; diy entusiast",,,,,,
,0,https://avatars1.githubusercontent.com/u/10112500?v=3&amp;s=100,sonpro,,,,,,,,,,,,,,,sonpro,,,,,,,,,,,,
,0,https://avatars2.githubusercontent.com/u/1486711?v=3&amp;s=100,kar1,,,,,,,,,,,,,,,kar1,,,,,,,,,,,,
,0,https://avatars3.githubusercontent.com/u/1611259?v=3&amp;s=100,Bvz2001,,,,,,,,,,,,,,,Max,,,,,,,,,,,,
,0,https://avatars2.githubusercontent.com/u/6673982?v=3&amp;s=100,MichalPaszkiewicz,,,,,,,,,,,,,,,Michal Paszkiewicz,,,,,,Just a guy who likes to make things @MichalYouDoing,,,,,,
,0,https://avatars2.githubusercontent.com/u/4415197?v=3&amp;s=100,tkv858,,,,,,,,,,,,,,,tkv858,,,,,,,,,,,,
,0,https://avatars0.githubusercontent.com/u/3646388?v=3&amp;s=100,vicboma1,,,,,,,,,,,,,,,Victor Bolinches,,,,,,I build things into Software. Game/Tooling programmer and Indie Game Developer.,,,,,,
,0,https://avatars2.githubusercontent.com/u/22915694?v=3&amp;s=100,AeronStory,,,,,,,,,,,,,,,mohammad,,,,,,,,,,,,
,0,https://avatars2.githubusercontent.com/u/7533831?v=3&amp;s=100,yfgeek,,,,,,,,,,,,,,,Ivan,,,,,,,,,,,,
,0,https://avatars2.githubusercontent.com/u/760691?v=3&amp;s=100,stardotbmp,,,,,,,,,,,,,,,Jonathon Broughton,,,,,,,,,,,,
,0,https://avatars0.githubusercontent.com/u/8425015?v=3&amp;s=100,hiddentribe,,,,,,,,,,,,,,,Anoubis,,,,,,,,,,,,
,0,https://avatars2.githubusercontent.com/u/9576580?v=3&amp;s=100,Spencer-Easton,,,,,,,,,,,,,,,Spencer-Easton,,,,,,,,,,,,
,0,https://avatars1.githubusercontent.com/u/349336?v=3&amp;s=100,iliakan,,,,,,,,,,,,,,,Ilya Kantor,,,,,,,,,,,,
,0,https://avatars1.githubusercontent.com/u/1011632?v=3&amp;s=100,dskarataev,,,,,,,,,,,,,,,Denis Karataev,,,,,,Go developer with background in e-commerce and online business apps. Open source thinker.,,,,,,
,0,https://avatars1.githubusercontent.com/u/544954?v=3&amp;s=100,sahat,,,,,,,,,,,,,,,Sahat Yalkabov,,,,,,,,,,,,
,0,https://avatars1.githubusercontent.com/u/2870363?v=3&amp;s=100,Nakilon,,,,,,,,,,,,,,,Victor Maslov,,,,,,,,,,,,
,0,https://avatars0.githubusercontent.com/u/12832244?v=3&amp;s=100,hess-g,,,,,,,,,,,,,,,Matt Hessinger,,,,,,,,,,,,
,0,https://avatars3.githubusercontent.com/u/469462?v=3&amp;s=100,gaperton,,,,,,,,,,,,,,,Vlad Balin,,,,,,"Software Engineer and Project Manager. Has C++, Erlang, and JavaScript development background.",,,,,,
,0,https://avatars0.githubusercontent.com/u/991384?v=3&amp;s=100,erickoledadevrel,,,,,,,,,,,,,,,Eric Koleda,,,,,,,,,,,,
,0,https://avatars3.githubusercontent.com/u/8149324?v=3&amp;s=100,shve-d,,,,,,,,,,,,,,,Viacheslav S.,,,,,,,,,,,,
,0,https://avatars2.githubusercontent.com/u/1694616?v=3&amp;s=100,vpukhanov,,,,,,,,,,,,,,,Vyacheslav Pukhanov,,,,,,,,,,,,
,0,https://avatars0.githubusercontent.com/u/4487041?v=3&amp;s=100,AmauryVanEspen,,,,,,,,,,,,,,,Amaury Van Espen,,,,,,,,,,,,
,0,https://avatars1.githubusercontent.com/u/5877145?v=3&amp;s=100,angusshire,,,,,,,,,,,,,,,Angus H.,,,,,,Available for part-time or freelance work.,,,,,,
,0,https://avatars3.githubusercontent.com/u/1894020?v=3&amp;s=100,brucemcpherson,,,,,,,,,,,,,,,bruce mcpherson,,,,,,,,,,,,
,0,https://avatars0.githubusercontent.com/u/186131?v=3&amp;s=100,yelizariev,,,,,,,,,,,,,,,Ivan Yelizariev,,,,,,,,,,,,
,0,https://avatars1.githubusercontent.com/u/1400310?v=3&amp;s=100,yuya,,,,,,,,,,,,,,,Yuya Hashimoto,,,,,,,,,,,,
,0,https://avatars0.githubusercontent.com/u/4074807?v=3&amp;s=100,dab00,,,,,,,,,,,,,,,Anatoly Demidovich,,,,,,,,,,,,
,0,https://avatars0.githubusercontent.com/u/8853436?v=3&amp;s=100,LibreRussia,,,,,,,,,,,,,,,Dmitry Mazhartsev,,,,,,,,,,,,
,0,https://avatars3.githubusercontent.com/u/320529?v=3&amp;s=100,printminion,,,,,,,,,,,,,,,@printminion,,,,,,,,,,,,
