﻿score,login,id,avatar_url,gravatar_id,url,html_url,followers_url,following_url,gists_url,starred_url,subscriptions_url,organizations_url,repos_url,events_url,received_events_url,type,site_admin,name,company,blog,location,email,hireable,bio,public_repos,public_gists,followers,following,created_at,updated_at
0,bloodycoder,,https://avatars0.githubusercontent.com/u/7576876?v=3&amp;s=100,,,,,,,,,,,,,,,Picard Xie,,,,,,SJTU,,,,,,
0,WillemJan,,https://avatars0.githubusercontent.com/u/261194?v=3&amp;s=100,,,,,,,,,,,,,,,Willem Jan Faber,,,,,,"Just this guy, you know?",,,,,,
0,joses-soul,,https://avatars3.githubusercontent.com/u/21228026?v=3&amp;s=100,,,,,,,,,,,,,,,José Luís Soto Jr.,,,,,,Systematic software programmer. Book lover.,,,,,,
0,doomsterinc,,https://avatars0.githubusercontent.com/u/5833310?v=3&amp;s=100,,,,,,,,,,,,,,,Maicon Giovani,,,,,,Code Life,,,,,,
0,AeronStory,,https://avatars2.githubusercontent.com/u/22915694?v=3&amp;s=100,,,,,,,,,,,,,,,mohammad,,,,,,,,,,,,
0,Tochemey,,https://avatars1.githubusercontent.com/u/1633645?v=3&amp;s=100,,,,,,,,,,,,,,,Arsene Tochemey GANDOTE,,,,,,,,,,,,
0,mgwhitfield,,https://avatars1.githubusercontent.com/u/2973130?v=3&amp;s=100,,,,,,,,,,,,,,,Mike W,,,,,,,,,,,,
0,dkanejs,,https://avatars2.githubusercontent.com/u/1489861?v=3&amp;s=100,,,,,,,,,,,,,,,David Kane,,,,,,"&quot;Keep it simple, stupid&quot;",,,,,,
0,ternsip,,https://avatars3.githubusercontent.com/u/10179239?v=3&amp;s=100,,,,,,,,,,,,,,,Ternsip,,,,,,If you are alone - imagine that you are Gordon Freeman.,,,,,,
0,k0st1an,,https://avatars0.githubusercontent.com/u/426513?v=3&amp;s=100,,,,,,,,,,,,,,,Konstantin Kruglov,,,,,,,,,,,,
0,MichalPaszkiewicz,,https://avatars2.githubusercontent.com/u/6673982?v=3&amp;s=100,,,,,,,,,,,,,,,Michal Paszkiewicz,,,,,,Just a guy who likes to make things @MichalYouDoing,,,,,,
0,cardinot,,https://avatars2.githubusercontent.com/u/4231565?v=3&amp;s=100,,,,,,,,,,,,,,,Marcos Cardinot,,,,,,,,,,,,
0,mhaberler,,https://avatars1.githubusercontent.com/u/901479?v=3&amp;s=100,,,,,,,,,,,,,,,Michael Haberler,,,,,,,,,,,,
0,vampcoder,,https://avatars3.githubusercontent.com/u/12565828?v=3&amp;s=100,,,,,,,,,,,,,,,Amol Upreti,,,,,,I am Dual Degree student at IIIT-A pursuing my Integrated M.tech course with specialization in robotics.My interests are Motion planning and Game Theory.,,,,,,
0,walterpintor,,https://avatars3.githubusercontent.com/u/9045434?v=3&amp;s=100,,,,,,,,,,,,,,,Walter Pintor,,,,,,,,,,,,
0,xZero707,,https://avatars1.githubusercontent.com/u/3281104?v=3&amp;s=100,,,,,,,,,,,,,,,Aleksandar Puharic,,,,,,Absent-minded professor. INTP,,,,,,
0,jnobre,,https://avatars3.githubusercontent.com/u/5844312?v=3&amp;s=100,,,,,,,,,,,,,,,João Nobre,,,,,,,,,,,,
0,jnields,,https://avatars2.githubusercontent.com/u/9572656?v=3&amp;s=100,,,,,,,,,,,,,,,Joe Nields,,,,,,,,,,,,
0,Bera,,https://avatars2.githubusercontent.com/u/43844?v=3&amp;s=100,,,,,,,,,,,,,,,Bruno Moura,,,,,,,,,,,,
0,zhouxinyu,,https://avatars0.githubusercontent.com/u/3961183?v=3&amp;s=100,,,,,,,,,,,,,,,yukon,,,,,,,,,,,,
0,angusshire,,https://avatars1.githubusercontent.com/u/5877145?v=3&amp;s=100,,,,,,,,,,,,,,,Angus H.,,,,,,Available for part-time or freelance work.,,,,,,
0,cusspvz,,https://avatars2.githubusercontent.com/u/3604053?v=3&amp;s=100,,,,,,,,,,,,,,,José Moreira,,,,,,"full-stack developer, ui/ux designer, musician &amp; diy entusiast",,,,,,
0,ATL4s789,,https://avatars1.githubusercontent.com/u/12171310?v=3&amp;s=100,,,,,,,,,,,,,,,Dominik,,,,,,,,,,,,
0,shoshindes,,https://avatars1.githubusercontent.com/u/13901088?v=3&amp;s=100,,,,,,,,,,,,,,,Jack Thompson,,,,,,,,,,,,
0,VagrantStory,,https://avatars3.githubusercontent.com/u/4069972?v=3&amp;s=100,,,,,,,,,,,,,,,mohammad,,,,,,Developer Program Member,,,,,,
0,imraazrally,,https://avatars1.githubusercontent.com/u/10794748?v=3&amp;s=100,,,,,,,,,,,,,,,Imraaz Rally,,,,,,"C.S Graduate from NJIT, Founder / Developer @ Therapy Square ",,,,,,
0,fengnanyue,,https://avatars1.githubusercontent.com/u/13938317?v=3&amp;s=100,,,,,,,,,,,,,,,Fengnan Yue,,,,,,Looking for Software Engineering Internship for Summer 2017,,,,,,
0,jarrydfillmore,,https://avatars1.githubusercontent.com/u/15603061?v=3&amp;s=100,,,,,,,,,,,,,,,Jarryd Fillmore,,,,,,"Hi there, I&#39;ve been a web designer and web developer for years now. ",,,,,,
0,cht8687,,https://avatars2.githubusercontent.com/u/4587603?v=3&amp;s=100,,,,,,,,,,,,,,,Robert Chang,,,,,,,,,,,,
0,rolandshoemaker,,https://avatars3.githubusercontent.com/u/5080674?v=3&amp;s=100,,,,,,,,,,,,,,,Roland Bracewell Shoemaker,,,,,,Systems engineer investigating the many mysteries of sandwiches,,,,,,
0,leeSmile,,https://avatars1.githubusercontent.com/u/13820131?v=3&amp;s=100,,,,,,,,,,,,,,,Lee先森,,,,,,,,,,,,
0,Cr4sh,,https://avatars0.githubusercontent.com/u/534534?v=3&amp;s=100,,,,,,,,,,,,,,,Dmytro Oleksiuk,,,,,,,,,,,,
0,dzenbot,,https://avatars1.githubusercontent.com/u/590579?v=3&amp;s=100,,,,,,,,,,,,,,,Ignacio Romero Zurbuchen,,,,,,iOS @SlackHQ. Speaker. Designer. Sometimes I contribute to open source.,,,,,,
0,guarinogabriel,,https://avatars1.githubusercontent.com/u/1928452?v=3&amp;s=100,,,,,,,,,,,,,,,Gabriel Guarino,,,,,,,,,,,,
0,adam-s,,https://avatars3.githubusercontent.com/u/232388?v=3&amp;s=100,,,,,,,,,,,,,,,Adam S,,,,,,,,,,,,
0,juliangarnier,,https://avatars0.githubusercontent.com/u/1268691?v=3&amp;s=100,,,,,,,,,,,,,,,Julian Garnier,,,,,,,,,,,,
0,henryboldi,,https://avatars3.githubusercontent.com/u/1918798?v=3&amp;s=100,,,,,,,,,,,,,,,Henry Boldizsar,,,,,,,,,,,,
0,vhf,,https://avatars3.githubusercontent.com/u/2022803?v=3&amp;s=100,,,,,,,,,,,,,,,victor felder,,,,,,@XI-lab → @recursecenter → (@Scigility | @XI-lab) → @upfrontIO,,,,,,
