﻿score,following,login,id,avatar_url,gravatar_id,url,html_url,followers_url,following_url,gists_url,starred_url,subscriptions_url,organizations_url,repos_url,events_url,received_events_url,type,site_admin,name,company,blog,location,email,hireable,bio,public_repos,public_gists,followers,created_at,updated_at
0,,fatmakoc,,https://avatars3.githubusercontent.com/u/7959522?v=3&amp;s=100,,,,,,,,,,,,,,,Fatma Koç,,,,,,SAU and PWSZ/Comp. Eng,,,,,
0,,stoked-zz,,https://avatars2.githubusercontent.com/u/13973828?v=3&amp;s=100,,,,,,,,,,,,,,,Amie Lynn,,,,,,,,,,,
0,,AeronStory,,https://avatars2.githubusercontent.com/u/22915694?v=3&amp;s=100,,,,,,,,,,,,,,,mohammad,,,,,,,,,,,
0,,berkaybeyaz1,,https://avatars1.githubusercontent.com/u/7584428?v=3&amp;s=100,,,,,,,,,,,,,,,Berkay Beyaz,,,,,,"Ahoyy, I&#39;m software developer at @houseofapps @17 live in Bursa",,,,,
0,,elifarmagann,,https://avatars1.githubusercontent.com/u/19437174?v=3&amp;s=100,,,,,,,,,,,,,,,Elif Armağan,,,,,,,,,,,
0,,omerkahraman,,https://avatars2.githubusercontent.com/u/19415298?v=3&amp;s=100,,,,,,,,,,,,,,,omerkahraman,,,,,,,,,,,
0,,angusshire,,https://avatars1.githubusercontent.com/u/5877145?v=3&amp;s=100,,,,,,,,,,,,,,,Angus H.,,,,,,Available for part-time or freelance work.,,,,,
0,,asilbalaban,,https://avatars3.githubusercontent.com/u/2683349?v=3&amp;s=100,,,,,,,,,,,,,,,Asil Balaban,,,,,,,,,,,
0,,ozziest,,https://avatars3.githubusercontent.com/u/2325140?v=3&amp;s=100,,,,,,,,,,,,,,,Özgür Adem IŞIKLI,,,,,,,,,,,
0,,gormelof,,https://avatars3.githubusercontent.com/u/6938857?v=3&amp;s=100,,,,,,,,,,,,,,,Ömer Faruk Görmel ,,,,,,Computer Eng. Student,,,,,
0,,huseyinozkilic,,https://avatars0.githubusercontent.com/u/529384?v=3&amp;s=100,,,,,,,,,,,,,,,Huseyin ÖZKILIÇ,,,,,,,,,,,
0,,frknbasaran,,https://avatars1.githubusercontent.com/u/6316032?v=3&amp;s=100,,,,,,,,,,,,,,,Furkan Başaran,,,,,,,,,,,
