﻿url,gravatar_id,score,followers_url,login,following_url,id,gists_url,avatar_url,starred_url,html_url,subscriptions_url,public_gists,organizations_url,created_at,repos_url,updated_at,events_url,received_events_url,type,site_admin,name,company,blog,location,email,hireable,bio,public_repos,followers,following
,,0,,AeronStory,,,,https://avatars2.githubusercontent.com/u/22915694?v=3&amp;s=100,,,,,,,,,,,,,mohammad,,,,,,,,,
,,0,,Vermisse,,,,https://avatars2.githubusercontent.com/u/17972943?v=3&amp;s=100,,,,,,,,,,,,,Sunki,,,,,,Java、Scala、Clojure,,,
,,0,,yfgeek,,,,https://avatars2.githubusercontent.com/u/7533831?v=3&amp;s=100,,,,,,,,,,,,,Ivan,,,,,,,,,
,,0,,yeun,,,,https://avatars0.githubusercontent.com/u/6580407?v=3&amp;s=100,,,,,,,,,,,,,heeyeun,,,,,,I design UI for digital product.,,,
,,0,,Ho3ein-Boka,,,,https://avatars3.githubusercontent.com/u/4402043?v=3&amp;s=100,,,,,,,,,,,,,Hossein Boka,,,,,,,,,
,,0,,ayushoriginal,,,,https://avatars2.githubusercontent.com/u/8748017?v=3&amp;s=100,,,,,,,,,,,,,Ayush Pareek,,,,,,,,,
,,0,,smhigley,,,,https://avatars3.githubusercontent.com/u/3819570?v=3&amp;s=100,,,,,,,,,,,,,Sarah Higley,,,,,,,,,
,,0,,onebree,,,,https://avatars1.githubusercontent.com/u/9038433?v=3&amp;s=100,,,,,,,,,,,,,Hunter Stevens,,,,,,Software developer who loves Ruby and Rails. Learning new things everyday.,,,
,,0,,angusshire,,,,https://avatars1.githubusercontent.com/u/5877145?v=3&amp;s=100,,,,,,,,,,,,,Angus H.,,,,,,Available for part-time or freelance work.,,,
,,0,,VagrantStory,,,,https://avatars3.githubusercontent.com/u/4069972?v=3&amp;s=100,,,,,,,,,,,,,mohammad,,,,,,Developer Program Member,,,
,,0,,blendin,,,,https://avatars1.githubusercontent.com/u/20363764?v=3&amp;s=100,,,,,,,,,,,,,blendin,,,,,,,,,
,,0,,2tarotk,,,,https://avatars0.githubusercontent.com/u/1920478?v=3&amp;s=100,,,,,,,,,,,,,Tsuyoshi,,,,,,,,,
,,0,,pdsouza,,,,https://avatars2.githubusercontent.com/u/312946?v=3&amp;s=100,,,,,,,,,,,,,Preetam D&#39;Souza,,,,,,,,,
,,0,,0xNacho,,,,https://avatars0.githubusercontent.com/u/2890475?v=3&amp;s=100,,,,,,,,,,,,,Nacho García Fernández,,,,,,,,,
,,0,,qinix,,,,https://avatars0.githubusercontent.com/u/1946663?v=3&amp;s=100,,,,,,,,,,,,,Eric Zhang,,,,,,,,,
,,0,,pablofernandezcom,,,,https://avatars0.githubusercontent.com/u/17712306?v=3&amp;s=100,,,,,,,,,,,,,Pablo Fernandez,,,,,,,,,
,,0,,AdiChat,,,,https://avatars0.githubusercontent.com/u/10634210?v=3&amp;s=100,,,,,,,,,,,,,Ãditya⛄Chatterjee,,,,,,✌️ 🎅 gave me a stone. 🍥 + 🎁 + 🍷 💃 ,,,
,,0,,sagnew,,,,https://avatars2.githubusercontent.com/u/2554011?v=3&amp;s=100,,,,,,,,,,,,,Sam Agnew,,,,,,,,,
,,0,,azer,,,,https://avatars3.githubusercontent.com/u/13072?v=3&amp;s=100,,,,,,,,,,,,,Azer Koçulu,,,,,,Storyteller at RoadBeats.com,,,
,,0,,bestform,,,,https://avatars0.githubusercontent.com/u/129437?v=3&amp;s=100,,,,,,,,,,,,,Matthias Derer,,,,,,,,,
,,0,,tyrollins,,,,https://avatars0.githubusercontent.com/u/4915845?v=3&amp;s=100,,,,,,,,,,,,,Tyler Rollins,,,,,,"If it weren&#39;t for physics and law enforcement, I&#39;d be unstoppable. ",,,
,,0,,perfettiful,,,,https://avatars3.githubusercontent.com/u/7156158?v=3&amp;s=100,,,,,,,,,,,,,Nathan Perfetti,,,,,,,,,
,,0,,mohebifar,,,,https://avatars0.githubusercontent.com/u/6104558?v=3&amp;s=100,,,,,,,,,,,,,Mohamad Mohebifar,,,,,,,,,
,,0,,stoked-zz,,,,https://avatars2.githubusercontent.com/u/13973828?v=3&amp;s=100,,,,,,,,,,,,,Amie Lynn,,,,,,,,,
,,0,,syrusakbary,,,,https://avatars1.githubusercontent.com/u/188257?v=3&amp;s=100,,,,,,,,,,,,,Syrus Akbary,,,,,,"Working at @Affirm. Building @GraphQL-Python. Author of pyjade, promises (py) and other cool stuff... 😄",,,
,,0,,keyvanakbary,,,,https://avatars3.githubusercontent.com/u/717129?v=3&amp;s=100,,,,,,,,,,,,,Keyvan Akbary,,,,,,Lead Developer @TransferWise. Built @Funddy. Author of @DDDinPHP,,,
,,0,,alex-cory,,,,https://avatars1.githubusercontent.com/u/5455859?v=3&amp;s=100,,,,,,,,,,,,,Alex Cory,,,,,,ʕ•̫͡•ʔ-̫͡-ʕ•͓͡•ʔ-̫͡-ʕ•̫͡•ʔ,,,
,,0,,proforbes,,,,https://avatars0.githubusercontent.com/u/15100995?v=3&amp;s=100,,,,,,,,,,,,,ProForbes,,,,,,,,,
,,0,,tvvocold,,,,https://avatars2.githubusercontent.com/u/4530539?v=3&amp;s=100,,,,,,,,,,,,,Ray,,,,,,Do cool things that doesn&#39;t matter.,,,
,,0,,icewind1991,,,,https://avatars3.githubusercontent.com/u/1283854?v=3&amp;s=100,,,,,,,,,,,,,Robin Appelman,,,,,,,,,
,,0,,imraazrally,,,,https://avatars1.githubusercontent.com/u/10794748?v=3&amp;s=100,,,,,,,,,,,,,Imraaz Rally,,,,,,"C.S Graduate from NJIT, Founder / Developer @ Therapy Square ",,,
,,0,,MichalPaszkiewicz,,,,https://avatars2.githubusercontent.com/u/6673982?v=3&amp;s=100,,,,,,,,,,,,,Michal Paszkiewicz,,,,,,Just a guy who likes to make things @MichalYouDoing,,,
,,0,,elgalu,,,,https://avatars0.githubusercontent.com/u/111569?v=3&amp;s=100,,,,,,,,,,,,,Leo Gallucci,,,,,,Leo is the creator of docker-selenium which aims to get Selenium running as simple and fast as possible,,,
,,0,,AlexisOhanian,,,,https://avatars1.githubusercontent.com/u/16558434?v=3&amp;s=100,,,,,,,,,,,,,Alexis Ohanian,,,,,,,,,
,,0,,umpirsky,,,,https://avatars3.githubusercontent.com/u/208957?v=3&amp;s=100,,,,,,,,,,,,,Saša Stamenković,,,,,,,,,
,,0,,D132,,,,https://avatars2.githubusercontent.com/u/4085362?v=3&amp;s=100,,,,,,,,,,,,,Deepak Laxmi Narasimha,,,,,,,,,
,,0,,tennisonchan,,,,https://avatars1.githubusercontent.com/u/719938?v=3&amp;s=100,,,,,,,,,,,,,Tennison Chan,,,,,,,,,
,,0,,fhinkel,,,,https://avatars0.githubusercontent.com/u/101553?v=3&amp;s=100,,,,,,,,,,,,,F. Hinkelmann,,,,,,Ph.D software engineer working on Chrome V8. Lots of ❤️ JavaScript. Node.js collaborator.,,,
,,0,,daryl,,,,https://avatars0.githubusercontent.com/u/2386271?v=3&amp;s=100,,,,,,,,,,,,,Daryl Ginn,,,,,,"Veni, vidi, vici.",,,
,,0,,shoshindes,,,,https://avatars1.githubusercontent.com/u/13901088?v=3&amp;s=100,,,,,,,,,,,,,Jack Thompson,,,,,,,,,
,,0,,peterkokot,,,,https://avatars1.githubusercontent.com/u/1614009?v=3&amp;s=100,,,,,,,,,,,,,Peter Kokot,,,,,,,,,
,,0,,alicaglayan,,,,https://avatars1.githubusercontent.com/u/5114628?v=3&amp;s=100,,,,,,,,,,,,,Ali İhsan ÇAĞLAYAN,,,,,,,,,
,,0,,MilanAryal,,,,https://avatars0.githubusercontent.com/u/9361180?v=3&amp;s=100,,,,,,,,,,,,,Milan Aryal,,,,,,Front-end developer,,,
,,0,,SergioChan,,,,https://avatars3.githubusercontent.com/u/10103766?v=3&amp;s=100,,,,,,,,,,,,,江南的悲伤,,,,,,"Currently a Researcher and Hacker at RavenTech, full-stack developer and Hackathoner. Hosted the top level hackathon team @hACKbUSTER .",,,
,,0,,iandevlin,,,,https://avatars1.githubusercontent.com/u/554326?v=3&amp;s=100,,,,,,,,,,,,,Ian Devlin,,,,,,,,,
,,0,,ForbesLindesay,,,,https://avatars3.githubusercontent.com/u/1260646?v=3&amp;s=100,,,,,,,,,,,,,Forbes Lindesay,,,,,,,,,
,,0,,windiest,,,,https://avatars2.githubusercontent.com/u/10759713?v=3&amp;s=100,,,,,,,,,,,,,Winds,,,,,,My love cats @Wscats,,,
,,0,,cusspvz,,,,https://avatars2.githubusercontent.com/u/3604053?v=3&amp;s=100,,,,,,,,,,,,,José Moreira,,,,,,"full-stack developer, ui/ux designer, musician &amp; diy entusiast",,,
,,0,,Meggen,,,,https://avatars3.githubusercontent.com/u/14045479?v=3&amp;s=100,,,,,,,,,,,,,Megan,,,,,,,,,
,,0,,mbunge,,,,https://avatars0.githubusercontent.com/u/395518?v=3&amp;s=100,,,,,,,,,,,,,Marco Bunge,,,,,,"My name is Marco Bunge. My toolkit consist of a combination of PHP, NodeJS, JavaScript, HTML, CSS.",,,
,,0,,aliceFung,,,,https://avatars2.githubusercontent.com/u/11006892?v=3&amp;s=100,,,,,,,,,,,,,Alice O. Fung,,,,,,,,,
