﻿score,followers_url,login,gists_url,id,starred_url,avatar_url,subscriptions_url,gravatar_id,organizations_url,url,repos_url,html_url,following_url,events_url,received_events_url,type,site_admin,name,company,blog,location,email,hireable,bio,public_repos,public_gists,followers,following,created_at,updated_at
0,,AeronStory,,,,https://avatars2.githubusercontent.com/u/22915694?v=3&amp;s=100,,,,,,,,,,,,mohammad,,,,,,,,,,,,
0,,Vermisse,,,,https://avatars2.githubusercontent.com/u/17972943?v=3&amp;s=100,,,,,,,,,,,,Sunki,,,,,,Java、Scala、Clojure,,,,,,
0,,edu-bot,,,,https://avatars0.githubusercontent.com/u/23435604?v=3&amp;s=100,,,,,,,,,,,,Edu Bot,,,,,,,,,,,,
0,,futureCreator,,,,https://avatars0.githubusercontent.com/u/17234046?v=3&amp;s=100,,,,,,,,,,,,Dongho Han,,,,,,목표가 있는 사람은 쉬지 않는다.,,,,,,
0,,Gooooodman,,,,https://avatars0.githubusercontent.com/u/13062160?v=3&amp;s=100,,,,,,,,,,,,Goooood,,,,,,give me your love!,,,,,,
0,,sitilge,,,,https://avatars3.githubusercontent.com/u/3306642?v=3&amp;s=100,,,,,,,,,,,,Martins Eglitis,,,,,,,,,,,,
0,,RogerFederer03,,,,https://avatars1.githubusercontent.com/u/5633006?v=3&amp;s=100,,,,,,,,,,,,Zheng Luo,,,,,,Talk is cheap. Show me the code. -- Linus Torvalds,,,,,,
0,,dotscript,,,,https://avatars0.githubusercontent.com/u/18452762?v=3&amp;s=100,,,,,,,,,,,,dotscript,,,,,,,,,,,,
0,,mtrabelsi,,,,https://avatars2.githubusercontent.com/u/7538862?v=3&amp;s=100,,,,,,,,,,,,Marwen Trabelsi,,,,,,&quot;Being a good programmer takes time&quot;,,,,,,
0,,vominhtri1107,,,,https://avatars2.githubusercontent.com/u/706206?v=3&amp;s=100,,,,,,,,,,,,Tri,,,,,,A Full Stack Web Developer,,,,,,
0,,dengyi1992,,,,https://avatars3.githubusercontent.com/u/13898604?v=3&amp;s=100,,,,,,,,,,,,dengyi1992,,,,,,为码痴狂,,,,,,
0,,zrcing,,,,https://avatars1.githubusercontent.com/u/1124192?v=3&amp;s=100,,,,,,,,,,,,Gary,,,,,,"Interest PHP, Web Developer, IT",,,,,,
0,,lucasbento,,,,https://avatars3.githubusercontent.com/u/6207220?v=3&amp;s=100,,,,,,,,,,,,Lucas Bento,,,,,,"Full-stack developer building amazing apps with #react, #reactnative, #relay, #webpack, #graphql &amp; #koa",,,,,,
0,,SystemOutCoding,,,,https://avatars0.githubusercontent.com/u/22819926?v=3&amp;s=100,,,,,,,,,,,,코딩이랑무관합니다,,,,,,코딩이랑무관합니다,,,,,,
0,,gguop1,,,,https://avatars2.githubusercontent.com/u/21985739?v=3&amp;s=100,,,,,,,,,,,,gguop1,,,,,,,,,,,,
0,,softbankbiz,,,,https://avatars0.githubusercontent.com/u/11990507?v=3&amp;s=100,,,,,,,,,,,,softbankbiz,,,,,,,,,,,,
0,,softbankiOS,,,,https://avatars1.githubusercontent.com/u/17714780?v=3&amp;s=100,,,,,,,,,,,,softbankiOS,,,,,,,,,,,,
0,,shiratsu,,,,https://avatars2.githubusercontent.com/u/918490?v=3&amp;s=100,,,,,,,,,,,,shiratsu,,,,,,,,,,,,
0,,rod-lin,,,,https://avatars1.githubusercontent.com/u/9999958?v=3&amp;s=100,,,,,,,,,,,,rod,,,,,,student,,,,,,
0,,AdiChat,,,,https://avatars0.githubusercontent.com/u/10634210?v=3&amp;s=100,,,,,,,,,,,,Ãditya⛄Chatterjee,,,,,,✌️ 🎅 gave me a stone. 🍥 + 🎁 + 🍷 💃 ,,,,,,
0,,0xNacho,,,,https://avatars0.githubusercontent.com/u/2890475?v=3&amp;s=100,,,,,,,,,,,,Nacho García Fernández,,,,,,,,,,,,
0,,silverbux,,,,https://avatars2.githubusercontent.com/u/1888261?v=3&amp;s=100,,,,,,,,,,,,Alex Quiambao,,,,,,Will Code For Food,,,,,,
0,,yurimoon,,,,https://avatars2.githubusercontent.com/u/5707056?v=3&amp;s=100,,,,,,,,,,,,yurimoon,,,,,,,,,,,,
0,,yama23,,,,https://avatars2.githubusercontent.com/u/366601?v=3&amp;s=100,,,,,,,,,,,,yama23,,,,,,,,,,,,
0,,withelmo,,,,https://avatars3.githubusercontent.com/u/328057?v=3&amp;s=100,,,,,,,,,,,,Shintarto Sugimoto,,,,,,,,,,,,
0,,tutida,,,,https://avatars2.githubusercontent.com/u/9247486?v=3&amp;s=100,,,,,,,,,,,,tutida,,,,,,,,,,,,
0,,tsukabo,,,,https://avatars3.githubusercontent.com/u/2483308?v=3&amp;s=100,,,,,,,,,,,,Tsukasa Hayasaki,,,,,,,,,,,,
0,,satthi,,,,https://avatars0.githubusercontent.com/u/738095?v=3&amp;s=100,,,,,,,,,,,,satthi,,,,,,,,,,,,
0,,sadapon2008,,,,https://avatars2.githubusercontent.com/u/2375761?v=3&amp;s=100,,,,,,,,,,,,Tsuyoshi Sadakata,,,,,,,,,,,,
0,,leedohyung-dba,,,,https://avatars2.githubusercontent.com/u/11989096?v=3&amp;s=100,,,,,,,,,,,,leedohyung-dba,,,,,,,,,,,,
0,,kumerina,,,,https://avatars0.githubusercontent.com/u/6166279?v=3&amp;s=100,,,,,,,,,,,,kumerina,,,,,,,,,,,,
0,,Kta-M,,,,https://avatars1.githubusercontent.com/u/6795919?v=3&amp;s=100,,,,,,,,,,,,Keita Mohri,,,,,,,,,,,,
0,,kozo,,,,https://avatars1.githubusercontent.com/u/285535?v=3&amp;s=100,,,,,,,,,,,,saku,,,,,,,,,,,,
0,,kamiguchi,,,,https://avatars3.githubusercontent.com/u/10082920?v=3&amp;s=100,,,,,,,,,,,,kamiguchi,,,,,,,,,,,,
0,,kaihiro,,,,https://avatars0.githubusercontent.com/u/8274422?v=3&amp;s=100,,,,,,,,,,,,Hirotomo Kai,,,,,,,,,,,,
0,,k1LoW,,,,https://avatars1.githubusercontent.com/u/57114?v=3&amp;s=100,,,,,,,,,,,,Ken’ichiro Oyama,,,,,,,,,,,,
0,,Junkins,,,,https://avatars2.githubusercontent.com/u/2044958?v=3&amp;s=100,,,,,,,,,,,,Junkins,,,,,,,,,,,,
0,,JoJeongMin,,,,https://avatars0.githubusercontent.com/u/11749345?v=3&amp;s=100,,,,,,,,,,,,JoJeongMin,,,,,,,,,,,,
0,,Hirotaku,,,,https://avatars3.githubusercontent.com/u/11749373?v=3&amp;s=100,,,,,,,,,,,,Hirotaku,,,,,,,,,,,,
0,,fantasista21jp,,,,https://avatars0.githubusercontent.com/u/185997?v=3&amp;s=100,,,,,,,,,,,,Tom Shimada,,,,,,,,,,,,
0,,denroku,,,,https://avatars0.githubusercontent.com/u/530431?v=3&amp;s=100,,,,,,,,,,,,yasumoto,,,,,,,,,,,,
0,,debility,,,,https://avatars2.githubusercontent.com/u/90105?v=3&amp;s=100,,,,,,,,,,,,debility,,,,,,,,,,,,
0,,42milez,,,,https://avatars3.githubusercontent.com/u/9639155?v=3&amp;s=100,,,,,,,,,,,,Akihiro TAKASE,,,,,,,,,,,,
0,,gaoyuhang,,,,https://avatars0.githubusercontent.com/u/14055332?v=3&amp;s=100,,,,,,,,,,,,Gao Yu,,,,,,,,,,,,
0,,HassanAyub,,,,https://avatars3.githubusercontent.com/u/17778197?v=3&amp;s=100,,,,,,,,,,,,Hassan Ayub,,,,,,,,,,,,
0,,MohammadRazaSEO,,,,https://avatars3.githubusercontent.com/u/16507462?v=3&amp;s=100,,,,,,,,,,,,Mohammad Raza SEO,,,,,,,,,,,,
0,,pablofernandezcom,,,,https://avatars0.githubusercontent.com/u/17712306?v=3&amp;s=100,,,,,,,,,,,,Pablo Fernandez,,,,,,,,,,,,
0,,VagrantStory,,,,https://avatars3.githubusercontent.com/u/4069972?v=3&amp;s=100,,,,,,,,,,,,mohammad,,,,,,Developer Program Member,,,,,,
0,,pisual,,,,https://avatars0.githubusercontent.com/u/9153294?v=3&amp;s=100,,,,,,,,,,,,FelixSion,,,,,,DSN Pisual 首席设计师、蟾宫折桂科技有限公司技术总监、月牙堂科技有限公司技术总监、Stargazer（观星者）首席设计师,,,,,,
0,,wicky-info,,,,https://avatars0.githubusercontent.com/u/8560064?v=3&amp;s=100,,,,,,,,,,,,Wicky,,,,,,"Interest Ruby on Rails, Web Developer, IT ",,,,,,
0,,mhulse,,,,https://avatars0.githubusercontent.com/u/218624?v=3&amp;s=100,,,,,,,,,,,,Michael Hulse,,,,,,[^._.^]ﾉ彡,,,,,,
