﻿score,followers_url,login,gists_url,id,organizations_url,avatar_url,received_events_url,gravatar_id,name,url,location,html_url,updated_at,following_url,starred_url,subscriptions_url,repos_url,events_url,type,site_admin,company,blog,email,hireable,bio,public_repos,public_gists,followers,following,created_at
0,,AeronStory,,,,https://avatars2.githubusercontent.com/u/22915694?v=3&amp;s=100,,,mohammad,,,,,,,,,,,,,,,,,,,,,
0,,chenxueyu,,,,https://avatars0.githubusercontent.com/u/15826080?v=3&amp;s=100,,,陈雪玉,,,,,,,,,,,,,,,,,,,,,
0,,stoked-zz,,,,https://avatars2.githubusercontent.com/u/13973828?v=3&amp;s=100,,,Amie Lynn,,,,,,,,,,,,,,,,,,,,,
0,,rod-lin,,,,https://avatars1.githubusercontent.com/u/9999958?v=3&amp;s=100,,,rod,,,,,,,,,,,,,,,,student,,,,,
0,,jikeytang,,,,https://avatars3.githubusercontent.com/u/539745?v=3&amp;s=100,,,豪情,,,,,,,,,,,,,,,,,,,,,
0,,joyeecheung,,,,https://avatars2.githubusercontent.com/u/4299420?v=3&amp;s=100,,,Joyee Cheung,,,,,,,,,,,,,,,,Spelled as Qiuyi Zhang in Mandarin.,,,,,
0,,VagrantStory,,,,https://avatars3.githubusercontent.com/u/4069972?v=3&amp;s=100,,,mohammad,,,,,,,,,,,,,,,,Developer Program Member,,,,,
0,,ginngle,,,,https://avatars3.githubusercontent.com/u/5771779?v=3&amp;s=100,,,ginngle,,,,,,,,,,,,,,,,,,,,,
0,,sindresorhus,,,,https://avatars2.githubusercontent.com/u/170270?v=3&amp;s=100,,,Sindre Sorhus,,,,,,,,,,,,,,,,,,,,,
0,,kahboom,,,,https://avatars1.githubusercontent.com/u/3844502?v=3&amp;s=100,,,Rachel Yordán,,,,,,,,,,,,,,,,"Senior software engineer at Red Hat. Programmer, daydreamer. Studied chemistry. ⇋ #java #javascript #nodejs #c #unix #apis",,,,,
0,,chenxjGit,,,,https://avatars3.githubusercontent.com/u/12508997?v=3&amp;s=100,,,chenxjGit,,,,,,,,,,,,,,,,,,,,,
0,,cjbforgit,,,,https://avatars1.githubusercontent.com/u/12509157?v=3&amp;s=100,,,cjbforgit,,,,,,,,,,,,,,,,,,,,,
0,,JiangXuanYi,,,,https://avatars2.githubusercontent.com/u/11954131?v=3&amp;s=100,,,JeanJiangxuan,,,,,,,,,,,,,,,,,,,,,
0,,JinXM,,,,https://avatars3.githubusercontent.com/u/9710576?v=3&amp;s=100,,,金徐明,,,,,,,,,,,,,,,,平民样本,,,,,
