﻿score,login,id,avatar_url,gravatar_id,url,html_url,followers_url,following_url,gists_url,starred_url,subscriptions_url,organizations_url,repos_url,events_url,received_events_url,type,site_admin,name,company,blog,location,email,hireable,bio,public_repos,public_gists,followers,following,created_at,updated_at
0,stoked-zz,,https://avatars2.githubusercontent.com/u/13973828?v=3&amp;s=100,,,,,,,,,,,,,,,Amie Lynn,,,,,,,,,,,,
0,JeorgeMatt,,https://avatars3.githubusercontent.com/u/18130056?v=3&amp;s=100,,,,,,,,,,,,,,,Jeorge Matthew,,,,,,,,,,,,
0,lidinghao,,https://avatars3.githubusercontent.com/u/1456667?v=3&amp;s=100,,,,,,,,,,,,,,,Greg Lee,,,,,,,,,,,,
0,sannamat,,https://avatars0.githubusercontent.com/u/19423508?v=3&amp;s=100,,,,,,,,,,,,,,,Shoilen Sannamat,,,,,,,,,,,,
0,AeronStory,,https://avatars2.githubusercontent.com/u/22915694?v=3&amp;s=100,,,,,,,,,,,,,,,mohammad,,,,,,,,,,,,
0,mssalvo,,https://avatars3.githubusercontent.com/u/5181298?v=3&amp;s=100,,,,,,,,,,,,,,,Salvo,,,,,,,,,,,,
0,spmsuhas,,https://avatars3.githubusercontent.com/u/13182836?v=3&amp;s=100,,,,,,,,,,,,,,,Suhas Manjunath,,,,,,,,,,,,
0,harithsa,,https://avatars2.githubusercontent.com/u/14597214?v=3&amp;s=100,,,,,,,,,,,,,,,Vishruth Harithsa BN,,,,,,Co-Founder and CTO in Inspired Memories and a Passionate Coder with some Interest in Photography and Astrophysics. Friendship is My World,,,,,,
0,Herlevsen,,https://avatars0.githubusercontent.com/u/3679012?v=3&amp;s=100,,,,,,,,,,,,,,,Jens Ahlsten Herlevsen,,,,,,,,,,,,
0,pablofernandezcom,,https://avatars0.githubusercontent.com/u/17712306?v=3&amp;s=100,,,,,,,,,,,,,,,Pablo Fernandez,,,,,,,,,,,,
0,angusshire,,https://avatars1.githubusercontent.com/u/5877145?v=3&amp;s=100,,,,,,,,,,,,,,,Angus H.,,,,,,Available for part-time or freelance work.,,,,,,
0,soyelmnd,,https://avatars2.githubusercontent.com/u/2678063?v=3&amp;s=100,,,,,,,,,,,,,,,Minh Nguyen,,,,,,,,,,,,
0,MichalPaszkiewicz,,https://avatars2.githubusercontent.com/u/6673982?v=3&amp;s=100,,,,,,,,,,,,,,,Michal Paszkiewicz,,,,,,Just a guy who likes to make things @MichalYouDoing,,,,,,
0,AnthonyPAlicea,,https://avatars2.githubusercontent.com/u/1402261?v=3&amp;s=100,,,,,,,,,,,,,,,Anthony P. Alicea,,,,,,,,,,,,
0,alex-cory,,https://avatars1.githubusercontent.com/u/5455859?v=3&amp;s=100,,,,,,,,,,,,,,,Alex Cory,,,,,,ʕ•̫͡•ʔ-̫͡-ʕ•͓͡•ʔ-̫͡-ʕ•̫͡•ʔ,,,,,,
0,isaacs,,https://avatars2.githubusercontent.com/u/9287?v=3&amp;s=100,,,,,,,,,,,,,,,isaacs,,,,,,,,,,,,
0,BrendanEich,,https://avatars2.githubusercontent.com/u/313317?v=3&amp;s=100,,,,,,,,,,,,,,,Brendan Eich,,,,,,,,,,,,
0,QuincyLarson,,https://avatars2.githubusercontent.com/u/985197?v=3&amp;s=100,,,,,,,,,,,,,,,Quincy Larson,,,,,,I&#39;m a teacher at Free Code Camp. I write articles about technology at medium.com/@quincylarson and quora.com/profile/Quincy-Larson,,,,,,
0,Vharithsa,,https://avatars2.githubusercontent.com/u/10086243?v=3&amp;s=100,,,,,,,,,,,,,,,Vishruth Harithsa,,,,,,,,,,,,
