﻿score,login,id,avatar_url,gravatar_id,url,html_url,followers_url,following_url,gists_url,starred_url,subscriptions_url,organizations_url,repos_url,events_url,received_events_url,type,site_admin,name,company,blog,location,email,hireable,bio,public_repos,public_gists,followers,following,created_at,updated_at
0,AeronStory,,https://avatars2.githubusercontent.com/u/22915694?v=3&amp;s=100,,,,,,,,,,,,,,,mohammad,,,,,,,,,,,,
0,afelicioni,,https://avatars3.githubusercontent.com/u/1416945?v=3&amp;s=100,,,,,,,,,,,,,,,Alessio Felicioni,,,,,,Linux + PHP + JavaScript + VoIP + cURL + cron = FUN,,,,,,
0,hakimel,,https://avatars0.githubusercontent.com/u/629429?v=3&amp;s=100,,,,,,,,,,,,,,,Hakim El Hattab,,,,,,Swedish JavaScript coder and CSS tweaker • Co-founder of @slides ,,,,,,
0,ayushoriginal,,https://avatars2.githubusercontent.com/u/8748017?v=3&amp;s=100,,,,,,,,,,,,,,,Ayush Pareek,,,,,,,,,,,,
0,umpirsky,,https://avatars3.githubusercontent.com/u/208957?v=3&amp;s=100,,,,,,,,,,,,,,,Saša Stamenković,,,,,,,,,,,,
0,brunocvcunha,,https://avatars2.githubusercontent.com/u/3207647?v=3&amp;s=100,,,,,,,,,,,,,,,Bruno Candido Volpato da Cunha,,,,,,☕️  💻  ,,,,,,
0,breezyskies,,https://avatars2.githubusercontent.com/u/3011211?v=3&amp;s=100,,,,,,,,,,,,,,,Brie Anne Demkiw,,,,,,,,,,,,
0,ternsip,,https://avatars3.githubusercontent.com/u/10179239?v=3&amp;s=100,,,,,,,,,,,,,,,Ternsip,,,,,,If you are alone - imagine that you are Gordon Freeman.,,,,,,
0,david3310,,https://avatars3.githubusercontent.com/u/17583108?v=3&amp;s=100,,,,,,,,,,,,,,,David Berg,,,,,,,,,,,,
0,AdiChat,,https://avatars0.githubusercontent.com/u/10634210?v=3&amp;s=100,,,,,,,,,,,,,,,Ãditya⛄Chatterjee,,,,,,✌️ 🎅 gave me a stone. 🍥 + 🎁 + 🍷 💃 ,,,,,,
0,andrewsyc,,https://avatars3.githubusercontent.com/u/2940388?v=3&amp;s=100,,,,,,,,,,,,,,,Andrew Sychra,,,,,,Love to build things people use.,,,,,,
0,silverbux,,https://avatars2.githubusercontent.com/u/1888261?v=3&amp;s=100,,,,,,,,,,,,,,,Alex Quiambao,,,,,,Will Code For Food,,,,,,
0,lidinghao,,https://avatars3.githubusercontent.com/u/1456667?v=3&amp;s=100,,,,,,,,,,,,,,,Greg Lee,,,,,,,,,,,,
0,laracasts,,https://avatars0.githubusercontent.com/u/5832706?v=3&amp;s=100,,,,,,,,,,,,,,,Laracasts,,,,,,,,,,,,
0,jamiechapman,,https://avatars0.githubusercontent.com/u/688026?v=3&amp;s=100,,,,,,,,,,,,,,,Jamie Chapman,,,,,,,,,,,,
0,pablofernandezcom,,https://avatars0.githubusercontent.com/u/17712306?v=3&amp;s=100,,,,,,,,,,,,,,,Pablo Fernandez,,,,,,,,,,,,
0,MilanAryal,,https://avatars0.githubusercontent.com/u/9361180?v=3&amp;s=100,,,,,,,,,,,,,,,Milan Aryal,,,,,,Front-end developer,,,,,,
0,VagrantStory,,https://avatars3.githubusercontent.com/u/4069972?v=3&amp;s=100,,,,,,,,,,,,,,,mohammad,,,,,,Developer Program Member,,,,,,
0,pisual,,https://avatars0.githubusercontent.com/u/9153294?v=3&amp;s=100,,,,,,,,,,,,,,,FelixSion,,,,,,DSN Pisual 首席设计师、蟾宫折桂科技有限公司技术总监、月牙堂科技有限公司技术总监、Stargazer（观星者）首席设计师,,,,,,
0,tvvocold,,https://avatars2.githubusercontent.com/u/4530539?v=3&amp;s=100,,,,,,,,,,,,,,,Ray,,,,,,Do cool things that doesn&#39;t matter.,,,,,,
0,mssalvo,,https://avatars3.githubusercontent.com/u/5181298?v=3&amp;s=100,,,,,,,,,,,,,,,Salvo,,,,,,,,,,,,
0,shoshindes,,https://avatars1.githubusercontent.com/u/13901088?v=3&amp;s=100,,,,,,,,,,,,,,,Jack Thompson,,,,,,,,,,,,
0,MichalPaszkiewicz,,https://avatars2.githubusercontent.com/u/6673982?v=3&amp;s=100,,,,,,,,,,,,,,,Michal Paszkiewicz,,,,,,Just a guy who likes to make things @MichalYouDoing,,,,,,
0,tennisonchan,,https://avatars1.githubusercontent.com/u/719938?v=3&amp;s=100,,,,,,,,,,,,,,,Tennison Chan,,,,,,,,,,,,
0,cusspvz,,https://avatars2.githubusercontent.com/u/3604053?v=3&amp;s=100,,,,,,,,,,,,,,,José Moreira,,,,,,"full-stack developer, ui/ux designer, musician &amp; diy entusiast",,,,,,
0,brunocasanova,,https://avatars3.githubusercontent.com/u/4107768?v=3&amp;s=100,,,,,,,,,,,,,,,Bruno Casanova,,,,,,,,,,,,
0,nadjib,,https://avatars3.githubusercontent.com/u/7357519?v=3&amp;s=100,,,,,,,,,,,,,,,Nadjib KHELIFATI,,,,,,Mobile and web developer,,,,,,
0,gabrielpconceicao,,https://avatars0.githubusercontent.com/u/5131269?v=3&amp;s=100,,,,,,,,,,,,,,,Gabriel Conceição,,,,,,,,,,,,
0,angusshire,,https://avatars1.githubusercontent.com/u/5877145?v=3&amp;s=100,,,,,,,,,,,,,,,Angus H.,,,,,,Available for part-time or freelance work.,,,,,,
0,djidan10,,https://avatars2.githubusercontent.com/u/10573561?v=3&amp;s=100,,,,,,,,,,,,,,,Raziel,,,,,,,,,,,,
