﻿score,received_events_url,events_url,login,type,id,site_admin,avatar_url,name,gravatar_id,company,url,blog,html_url,location,followers_url,email,following_url,hireable,gists_url,bio,starred_url,public_repos,subscriptions_url,public_gists,organizations_url,followers,repos_url,following,created_at,updated_at
0,,,timmyjane,,,,https://avatars3.githubusercontent.com/u/5957796?v=3&amp;s=100,timmyjane,,,,,,,,,,,,,,,,,,,,,,
0,,,avrosmalen,,,,https://avatars0.githubusercontent.com/u/10427419?v=3&amp;s=100,avrosmalen,,,,,,,,,,,,,,,,,,,,,,
0,,,devitalii,,,,https://avatars3.githubusercontent.com/u/21045964?v=3&amp;s=100,devitalii,,,,,,,,,,,,,,,,,,,,,,
0,,,protodiy,,,,https://avatars2.githubusercontent.com/u/20662160?v=3&amp;s=100,protodiy,,,,,,,,,,,,,,,,,,,,,,
0,,,78squirel78,,,,https://avatars0.githubusercontent.com/u/19590286?v=3&amp;s=100,78squirel78,,,,,,,,,,,,,,,,,,,,,,
0,,,hmatulis,,,,https://avatars3.githubusercontent.com/u/9876932?v=3&amp;s=100,Henrique Matulis,,,,,,,,,,,,,,,,,,,,,,
0,,,Bodmer,,,,https://avatars0.githubusercontent.com/u/15824805?v=3&amp;s=100,Bodmer,,,,,,,,,,,,,,,,,,,,,,
0,,,Nitinrajyadav,,,,https://avatars0.githubusercontent.com/u/15885737?v=3&amp;s=100,Nitin Raj Yadav,,,,,,,,,,,,,,,,,,,,,,
0,,,huleg,,,,https://avatars2.githubusercontent.com/u/15924506?v=3&amp;s=100,Huleg,,,,,,,,,,,,#Maker #Inventor #IEEE #Futurist #Entrepreneur,,,,,,,,,,
0,,,christophediericx,,,,https://avatars3.githubusercontent.com/u/19640854?v=3&amp;s=100,Christophe Diericx,,,,,,,,,,,,,,,,,,,,,,
0,,,prenticedavid,,,,https://avatars2.githubusercontent.com/u/17822093?v=3&amp;s=100,prenticedavid,,,,,,,,,,,,,,,,,,,,,,
0,,,bioinge,,,,https://avatars0.githubusercontent.com/u/9464937?v=3&amp;s=100,JORGE XALAMBRI,,,,,,,,,,,,,,,,,,,,,,
0,,,tomcentrate,,,,https://avatars1.githubusercontent.com/u/1577904?v=3&amp;s=100,Tommy Lee,,,,,,,,,,,,Orlando Software Engineer,,,,,,,,,,
0,,,AbuShaqra,,,,https://avatars1.githubusercontent.com/u/11164270?v=3&amp;s=100,AbuShaqra,,,,,,,,,,,,,,,,,,,,,,
0,,,bishopstrow,,,,https://avatars2.githubusercontent.com/u/852590?v=3&amp;s=100,bishopstrow,,,,,,,,,,,,,,,,,,,,,,
0,,,PauloMalas,,,,https://avatars3.githubusercontent.com/u/10106670?v=3&amp;s=100,PauloMalas,,,,,,,,,,,,,,,,,,,,,,
0,,,elfeke,,,,https://avatars3.githubusercontent.com/u/17091873?v=3&amp;s=100,elfeke,,,,,,,,,,,,,,,,,,,,,,
0,,,Dogm,,,,https://avatars0.githubusercontent.com/u/13658104?v=3&amp;s=100,Meleshko Vasily,,,,,,,,,,,,,,,,,,,,,,
0,,,DeshmukhMalhar,,,,https://avatars3.githubusercontent.com/u/16190134?v=3&amp;s=100,Malhar Deshmukh,,,,,,,,,,,,,,,,,,,,,,
0,,,makenov,,,,https://avatars1.githubusercontent.com/u/18693146?v=3&amp;s=100,makenov,,,,,,,,,,,,,,,,,,,,,,
0,,,hugolost,,,,https://avatars2.githubusercontent.com/u/18726614?v=3&amp;s=100,hugolost,,,,,,,,,,,,,,,,,,,,,,
0,,,fermino,,,,https://avatars3.githubusercontent.com/u/8203176?v=3&amp;s=100,fermino,,,,,,,,,,,,,,,,,,,,,,
0,,,lappiesja,,,,https://avatars1.githubusercontent.com/u/7557118?v=3&amp;s=100,lappiesja,,,,,,,,,,,,,,,,,,,,,,
0,,,tcrouchcalif,,,,https://avatars3.githubusercontent.com/u/6579217?v=3&amp;s=100,tcrouchcalif,,,,,,,,,,,,,,,,,,,,,,
0,,,MyselfKhayer,,,,https://avatars1.githubusercontent.com/u/19699265?v=3&amp;s=100,Abul Khayer,,,,,,,,,,,,Web Developer &amp; Content Writer,,,,,,,,,,
0,,,ternsip,,,,https://avatars3.githubusercontent.com/u/10179239?v=3&amp;s=100,Ternsip,,,,,,,,,,,,If you are alone - imagine that you are Gordon Freeman.,,,,,,,,,,
0,,,bloodycoder,,,,https://avatars0.githubusercontent.com/u/7576876?v=3&amp;s=100,Picard Xie,,,,,,,,,,,,SJTU,,,,,,,,,,
0,,,976500133,,,,https://avatars0.githubusercontent.com/u/5755720?v=3&amp;s=100,Baron.Liu,,,,,,,,,,,,前端开发/iOS 开发/Node开发工程师,,,,,,,,,,
0,,,RogerFederer03,,,,https://avatars1.githubusercontent.com/u/5633006?v=3&amp;s=100,Zheng Luo,,,,,,,,,,,,Talk is cheap. Show me the code. -- Linus Torvalds,,,,,,,,,,
0,,,dotscript,,,,https://avatars0.githubusercontent.com/u/18452762?v=3&amp;s=100,dotscript,,,,,,,,,,,,,,,,,,,,,,
0,,,Giando,,,,https://avatars1.githubusercontent.com/u/8095242?v=3&amp;s=100,Giandomenico Lombardi,,,,,,,,,,,,,,,,,,,,,,
0,,,shivamshekhar,,,,https://avatars1.githubusercontent.com/u/13262314?v=3&amp;s=100,Shivam Shekhar,,,,,,,,,,,,,,,,,,,,,,
0,,,AeronStory,,,,https://avatars2.githubusercontent.com/u/22915694?v=3&amp;s=100,mohammad,,,,,,,,,,,,,,,,,,,,,,
0,,,sam0hack,,,,https://avatars1.githubusercontent.com/u/5379650?v=3&amp;s=100,sam,,,,,,,,,,,,full stack developer,,,,,,,,,,
0,,,Vermisse,,,,https://avatars2.githubusercontent.com/u/17972943?v=3&amp;s=100,Sunki,,,,,,,,,,,,Java、Scala、Clojure,,,,,,,,,,
0,,,MyasarRasool,,,,https://avatars0.githubusercontent.com/u/11027595?v=3&amp;s=100,Myasar,,,,,,,,,,,,,,,,,,,,,,
0,,,ladyada,,,,https://avatars2.githubusercontent.com/u/1214161?v=3&amp;s=100,Limor &quot;Ladyada&quot; Fried,,,,,,,,,,,,,,,,,,,,,,
0,,,sciguy14,,,,https://avatars0.githubusercontent.com/u/709615?v=3&amp;s=100,Jeremy Blum,,,,,,,,,,,,,,,,,,,,,,
0,,,zenozeng,,,,https://avatars0.githubusercontent.com/u/2544489?v=3&amp;s=100,Zeno Zeng,,,,,,,,,,,,,,,,,,,,,,
0,,,yining1023,,,,https://avatars1.githubusercontent.com/u/8662372?v=3&amp;s=100,Yining Shi,,,,,,,,,,,,,,,,,,,,,,
0,,,wirsing,,,,https://avatars1.githubusercontent.com/u/938075?v=3&amp;s=100,Wilm Thoben,,,,,,,,,,,,,,,,,,,,,,
0,,,toolness,,,,https://avatars2.githubusercontent.com/u/124687?v=3&amp;s=100,Atul Varma,,,,,,,,,,,,"I enjoy design, coding, and tinkering with stuff I don&#39;t know much about. Currently @18F, formerly @mozilla. @processing 2016 fellow and Eyebeam NYC alum.",,,,,,,,,,
0,,,therewasaguy,,,,https://avatars0.githubusercontent.com/u/504124?v=3&amp;s=100,Jason Sigal,,,,,,,,,,,,,,,,,,,,,,
0,,,shiffman,,,,https://avatars0.githubusercontent.com/u/191758?v=3&amp;s=100,Daniel Shiffman,,,,,,,,,,,,,,,,,,,,,,
0,,,sarahgp,,,,https://avatars1.githubusercontent.com/u/1477362?v=3&amp;s=100,Sarah Groff Hennigh-Palermo,,,,,,,,,,,,,,,,,,,,,,
0,,,sansumbrella,,,,https://avatars1.githubusercontent.com/u/81553?v=3&amp;s=100,David Wicks,,,,,,,,,,,,,,,,,,,,,,
0,,,runemadsen,,,,https://avatars1.githubusercontent.com/u/192021?v=3&amp;s=100,Rune Skjoldborg Madsen,,,,,,,,,,,,,,,,,,,,,,
0,,,REAS,,,,https://avatars2.githubusercontent.com/u/677774?v=3&amp;s=100,Casey Reas,,,,,,,,,,,,,,,,,,,,,,
0,,,prisonerjohn,,,,https://avatars1.githubusercontent.com/u/119702?v=3&amp;s=100,Elie Zananiri,,,,,,,,,,,,,,,,,,,,,,
0,,,Manindra29,,,,https://avatars1.githubusercontent.com/u/1686425?v=3&amp;s=100,Manindra Moharana,,,,,,,,,,,,,,,,,,,,,,
0,,,lmccart,,,,https://avatars2.githubusercontent.com/u/191056?v=3&amp;s=100,Lauren McCarthy,,,,,,,,,,,,,,,,,,,,,,
