﻿score,login,id,avatar_url,gravatar_id,url,html_url,followers_url,following_url,gists_url,starred_url,subscriptions_url,organizations_url,repos_url,events_url,received_events_url,type,site_admin,name,company,blog,location,email,hireable,bio,public_repos,public_gists,followers,following,created_at,updated_at
0,stoked-zz,,https://avatars2.githubusercontent.com/u/13973828?v=3&amp;s=100,,,,,,,,,,,,,,,Amie Lynn,,,,,,,,,,,,
0,lidinghao,,https://avatars3.githubusercontent.com/u/1456667?v=3&amp;s=100,,,,,,,,,,,,,,,Greg Lee,,,,,,,,,,,,
0,ternsip,,https://avatars3.githubusercontent.com/u/10179239?v=3&amp;s=100,,,,,,,,,,,,,,,Ternsip,,,,,,If you are alone - imagine that you are Gordon Freeman.,,,,,,
0,MichalPaszkiewicz,,https://avatars2.githubusercontent.com/u/6673982?v=3&amp;s=100,,,,,,,,,,,,,,,Michal Paszkiewicz,,,,,,Just a guy who likes to make things @MichalYouDoing,,,,,,
0,AeronStory,,https://avatars2.githubusercontent.com/u/22915694?v=3&amp;s=100,,,,,,,,,,,,,,,mohammad,,,,,,,,,,,,
0,Git-fisher,,https://avatars3.githubusercontent.com/u/12624652?v=3&amp;s=100,,,,,,,,,,,,,,,Git-fisher,,,,,,,,,,,,
0,fshurra,,https://avatars2.githubusercontent.com/u/12104924?v=3&amp;s=100,,,,,,,,,,,,,,,fshurra,,,,,,,,,,,,
0,pablofernandezcom,,https://avatars0.githubusercontent.com/u/17712306?v=3&amp;s=100,,,,,,,,,,,,,,,Pablo Fernandez,,,,,,,,,,,,
0,Herlevsen,,https://avatars0.githubusercontent.com/u/3679012?v=3&amp;s=100,,,,,,,,,,,,,,,Jens Ahlsten Herlevsen,,,,,,,,,,,,
0,ammeep,,https://avatars2.githubusercontent.com/u/1024672?v=3&amp;s=100,,,,,,,,,,,,,,,Amy Palamountain,,,,,,It&#39;s fine,,,,,,
0,bigred,,https://avatars1.githubusercontent.com/u/5375115?v=3&amp;s=100,,,,,,,,,,,,,,,Lara K Owen,,,,,,,,,,,,
0,prKassad,,https://avatars0.githubusercontent.com/u/6651925?v=3&amp;s=100,,,,,,,,,,,,,,,Vitaliy Abramov,,,,,,,,,,,,
0,VagrantStory,,https://avatars3.githubusercontent.com/u/4069972?v=3&amp;s=100,,,,,,,,,,,,,,,mohammad,,,,,,Developer Program Member,,,,,,
0,angusshire,,https://avatars1.githubusercontent.com/u/5877145?v=3&amp;s=100,,,,,,,,,,,,,,,Angus H.,,,,,,Available for part-time or freelance work.,,,,,,
0,JeorgeMatt,,https://avatars3.githubusercontent.com/u/18130056?v=3&amp;s=100,,,,,,,,,,,,,,,Jeorge Matthew,,,,,,,,,,,,
0,MilanAryal,,https://avatars0.githubusercontent.com/u/9361180?v=3&amp;s=100,,,,,,,,,,,,,,,Milan Aryal,,,,,,Front-end developer,,,,,,
0,misakamm,,https://avatars3.githubusercontent.com/u/811344?v=3&amp;s=100,,,,,,,,,,,,,,,御坂美琴,,,,,,,,,,,,
0,vczh,,https://avatars3.githubusercontent.com/u/773569?v=3&amp;s=100,,,,,,,,,,,,,,,Zihan Chen,,,,,,Programmer with no technology bias. Main contributor of @vczh-libraries  .,,,,,,
0,mojombo,,https://avatars2.githubusercontent.com/u/1?v=3&amp;s=100,,,,,,,,,,,,,,,Tom Preston-Werner,,,,,,,,,,,,
