﻿score,login,id,avatar_url,gravatar_id,url,html_url,followers_url,following_url,gists_url,starred_url,subscriptions_url,organizations_url,repos_url,events_url,received_events_url,type,site_admin,name,company,blog,location,email,hireable,bio,public_repos,public_gists,followers,following,created_at,updated_at
0,wilon,,https://avatars2.githubusercontent.com/u/7512755?v=3&amp;s=100,,,,,,,,,,,,,,,wilon,,,,,,PHPer.,,,,,,
0,bkm1291,,https://avatars2.githubusercontent.com/u/24374376?v=3&amp;s=100,,,,,,,,,,,,,,,bkm1291,,,,,,,,,,,,
0,Louloe,,https://avatars0.githubusercontent.com/u/18433975?v=3&amp;s=100,,,,,,,,,,,,,,,Louloe,,,,,,,,,,,,
0,moadkh,,https://avatars2.githubusercontent.com/u/24374287?v=3&amp;s=100,,,,,,,,,,,,,,,moadkh,,,,,,,,,,,,
0,andy07nguyen,,https://avatars2.githubusercontent.com/u/19886408?v=3&amp;s=100,,,,,,,,,,,,,,,Andy Nguyen,,,,,,,,,,,,
0,ee92,,https://avatars0.githubusercontent.com/u/24360164?v=3&amp;s=100,,,,,,,,,,,,,,,Egor Egorov,,,,,,motivated noob,,,,,,
0,AG-Systems,,https://avatars2.githubusercontent.com/u/9124603?v=3&amp;s=100,,,,,,,,,,,,,,,Auriga,,,,,,Student that loves to learn,,,,,,
0,bhindabal,,https://avatars3.githubusercontent.com/u/20486212?v=3&amp;s=100,,,,,,,,,,,,,,,bhupinderjit bal,,,,,,,,,,,,
0,sayzkevin,,https://avatars3.githubusercontent.com/u/23018816?v=3&amp;s=100,,,,,,,,,,,,,,,Kevin Kelley,,,,,,Developer in the making = ],,,,,,
0,wongnc,,https://avatars3.githubusercontent.com/u/23018827?v=3&amp;s=100,,,,,,,,,,,,,,,Nicholas Wong,,,,,,,,,,,,
0,tiffany-stewart,,https://avatars3.githubusercontent.com/u/15071554?v=3&amp;s=100,,,,,,,,,,,,,,,Tiffany Stewart,,,,,,Design and followthrough ,,,,,,
0,AeronStory,,https://avatars2.githubusercontent.com/u/22915694?v=3&amp;s=100,,,,,,,,,,,,,,,mohammad,,,,,,,,,,,,
0,connor11528,,https://avatars3.githubusercontent.com/u/3578908?v=3&amp;s=100,,,,,,,,,,,,,,,Connor Leech,,,,,,,,,,,,
0,ternsip,,https://avatars3.githubusercontent.com/u/10179239?v=3&amp;s=100,,,,,,,,,,,,,,,Ternsip,,,,,,If you are alone - imagine that you are Gordon Freeman.,,,,,,
0,billfranz00,,https://avatars3.githubusercontent.com/u/14359864?v=3&amp;s=100,,,,,,,,,,,,,,,Billy Franz,,,,,,,,,,,,
0,Belalnato,,https://avatars0.githubusercontent.com/u/17753422?v=3&amp;s=100,,,,,,,,,,,,,,,Belal ,,,,,,Front -end developer,,,,,,
0,pdotsani,,https://avatars2.githubusercontent.com/u/5272252?v=3&amp;s=100,,,,,,,,,,,,,,,Patrick San Juan,,,,,,,,,,,,
0,Dnguye92,,https://avatars0.githubusercontent.com/u/17717354?v=3&amp;s=100,,,,,,,,,,,,,,,Dylan Nguyen,,,,,,,,,,,,
0,stoked-zz,,https://avatars2.githubusercontent.com/u/13973828?v=3&amp;s=100,,,,,,,,,,,,,,,Amie Lynn,,,,,,,,,,,,
0,VagrantStory,,https://avatars3.githubusercontent.com/u/4069972?v=3&amp;s=100,,,,,,,,,,,,,,,mohammad,,,,,,Developer Program Member,,,,,,
0,Gracie930,,https://avatars3.githubusercontent.com/u/15709809?v=3&amp;s=100,,,,,,,,,,,,,,,Wing Yan (Gracie) Mulela,,,,,,,,,,,,
0,ChrisSum,,https://avatars0.githubusercontent.com/u/15696872?v=3&amp;s=100,,,,,,,,,,,,,,,Chris ,,,,,,,,,,,,
0,jreitsch,,https://avatars1.githubusercontent.com/u/8888059?v=3&amp;s=100,,,,,,,,,,,,,,,Jason Reitsch,,,,,,,,,,,,
0,EmmanuelJucaban,,https://avatars0.githubusercontent.com/u/14829681?v=3&amp;s=100,,,,,,,,,,,,,,,Emmanuel Jucaban,,,,,,,,,,,,
0,rxsharp,,https://avatars1.githubusercontent.com/u/9418337?v=3&amp;s=100,,,,,,,,,,,,,,,Rick G,,,,,,,,,,,,
0,angusshire,,https://avatars1.githubusercontent.com/u/5877145?v=3&amp;s=100,,,,,,,,,,,,,,,Angus H.,,,,,,Available for part-time or freelance work.,,,,,,
