﻿score,login,id,avatar_url,gravatar_id,url,html_url,followers_url,following_url,gists_url,starred_url,subscriptions_url,organizations_url,repos_url,events_url,received_events_url,type,site_admin,name,company,blog,location,email,hireable,bio,public_repos,public_gists,followers,following,created_at,updated_at
0,wilon,,https://avatars2.githubusercontent.com/u/7512755?v=3&amp;s=100,,,,,,,,,,,,,,,wilon,,,,,,PHPer.,,,,,,
0,AeronStory,,https://avatars2.githubusercontent.com/u/22915694?v=3&amp;s=100,,,,,,,,,,,,,,,mohammad,,,,,,,,,,,,
0,stoked-zz,,https://avatars2.githubusercontent.com/u/13973828?v=3&amp;s=100,,,,,,,,,,,,,,,Amie Lynn,,,,,,,,,,,,
0,dingyiming,,https://avatars0.githubusercontent.com/u/12537013?v=3&amp;s=100,,,,,,,,,,,,,,,丁一,,,,,,坐看云起时,,,,,,
0,angusshire,,https://avatars1.githubusercontent.com/u/5877145?v=3&amp;s=100,,,,,,,,,,,,,,,Angus H.,,,,,,Available for part-time or freelance work.,,,,,,
0,Husnain062,,https://avatars1.githubusercontent.com/u/11072439?v=3&amp;s=100,,,,,,,,,,,,,,,Husnain062,,,,,,,,,,,,
0,czhangxu,,https://avatars1.githubusercontent.com/u/4618853?v=3&amp;s=100,,,,,,,,,,,,,,,zhang xu,,,,,,,,,,,,
0,fordream,,https://avatars2.githubusercontent.com/u/3693121?v=3&amp;s=100,,,,,,,,,,,,,,,xiaosunabc,,,,,,,,,,,,
0,shanzi,,https://avatars0.githubusercontent.com/u/557294?v=3&amp;s=100,,,,,,,,,,,,,,,Chase Zhang,,,,,,,,,,,,
0,jiyinyiyong,,https://avatars3.githubusercontent.com/u/449224?v=3&amp;s=100,,,,,,,,,,,,,,,题叶,,,,,,"FP, GUI &amp; Writing",,,,,,
0,libing360,,https://avatars0.githubusercontent.com/u/2571939?v=3&amp;s=100,,,,,,,,,,,,,,,libing360,,,,,,,,,,,,
