﻿login,score,location,id,email,avatar_url,followers,gravatar_id,url,html_url,followers_url,following_url,gists_url,starred_url,subscriptions_url,organizations_url,repos_url,events_url,received_events_url,type,site_admin,name,company,blog,hireable,bio,public_repos,public_gists,following,created_at,updated_at
wilon,0,,,,https://avatars2.githubusercontent.com/u/7512755?v=3&amp;s=100,,,,,,,,,,,,,,,,wilon,,,,PHPer.,,,,,
Vermisse,0,,,,https://avatars2.githubusercontent.com/u/17972943?v=3&amp;s=100,,,,,,,,,,,,,,,,Sunki,,,,Java、Scala、Clojure,,,,,
MichalPaszkiewicz,0,,,,https://avatars2.githubusercontent.com/u/6673982?v=3&amp;s=100,,,,,,,,,,,,,,,,Michal Paszkiewicz,,,,Just a guy who likes to make things @MichalYouDoing,,,,,
edu-bot,0,,,,https://avatars0.githubusercontent.com/u/23435604?v=3&amp;s=100,,,,,,,,,,,,,,,,Edu Bot,,,,,,,,,
varEnigmatic,0,,,,https://avatars2.githubusercontent.com/u/15869817?v=3&amp;s=100,,,,,,,,,,,,,,,,varEnigmatic,,,,"I love to development things that inspire people.  I am a master of none, but a jack of all trades. ",,,,,
zerontec,0,,,,https://avatars2.githubusercontent.com/u/10091991?v=3&amp;s=100,,,,,,,,,,,,,,,,Leo ,,,,"Lover of technology, Design Development web applications Hybrid mobile App and Football enamorandome of Ruby on rails #Vinotinto",,,,,
