﻿score,login,id,avatar_url,gravatar_id,url,html_url,followers_url,following_url,gists_url,starred_url,subscriptions_url,organizations_url,repos_url,events_url,received_events_url,type,site_admin,name,company,blog,location,email,hireable,bio,public_repos,public_gists,followers,following,created_at,updated_at
0,wilon,,https://avatars2.githubusercontent.com/u/7512755?v=3&amp;s=100,,,,,,,,,,,,,,,wilon,,,,,,PHPer.,,,,,,
0,MaxPleaner,,https://avatars2.githubusercontent.com/u/5035719?v=3&amp;s=100,,,,,,,,,,,,,,,Max Pleaner,,,,,,,,,,,,
0,BFush,,https://avatars3.githubusercontent.com/u/23432645?v=3&amp;s=100,,,,,,,,,,,,,,,Brisnee Fush,,,,,,Research graduate at Stanford University specializing in Natural Language Processing and Linguistics. Previously: Kilgraston School. Please follow me. 😄 ,,,,,,
0,Vermisse,,https://avatars2.githubusercontent.com/u/17972943?v=3&amp;s=100,,,,,,,,,,,,,,,Sunki,,,,,,Java、Scala、Clojure,,,,,,
0,yfgeek,,https://avatars2.githubusercontent.com/u/7533831?v=3&amp;s=100,,,,,,,,,,,,,,,Ivan,,,,,,,,,,,,
0,gintern,,https://avatars2.githubusercontent.com/u/20753788?v=3&amp;s=100,,,,,,,,,,,,,,,Michelle Isterya,,,,,,"B.Tech at MIT, 2010;  Help me in development. Google Intern, 2016 :smile: ",,,,,,
0,AeronStory,,https://avatars2.githubusercontent.com/u/22915694?v=3&amp;s=100,,,,,,,,,,,,,,,mohammad,,,,,,,,,,,,
0,khaledhasan,,https://avatars3.githubusercontent.com/u/14232087?v=3&amp;s=100,,,,,,,,,,,,,,,Khaled Hasan,,,,,,Web developer,,,,,,
0,evinw,,https://avatars0.githubusercontent.com/u/844215?v=3&amp;s=100,,,,,,,,,,,,,,,Evin Weissenberg,,,,,,bluelab.io,,,,,,
0,ternsip,,https://avatars3.githubusercontent.com/u/10179239?v=3&amp;s=100,,,,,,,,,,,,,,,Ternsip,,,,,,If you are alone - imagine that you are Gordon Freeman.,,,,,,
0,humphriescarly,,https://avatars3.githubusercontent.com/u/17152990?v=3&amp;s=100,,,,,,,,,,,,,,,Carly Durand (Humphries),,,,,,,,,,,,
0,kusha-b-k,,https://avatars2.githubusercontent.com/u/14980964?v=3&amp;s=100,,,,,,,,,,,,,,,KUSHA B K,,,,,,❤️   ,,,,,,
0,qinix,,https://avatars0.githubusercontent.com/u/1946663?v=3&amp;s=100,,,,,,,,,,,,,,,Eric Zhang,,,,,,,,,,,,
0,Copywright,,https://avatars2.githubusercontent.com/u/7808793?v=3&amp;s=100,,,,,,,,,,,,,,,Herbert Joseph,,,,,,WORLD DOMINATION,,,,,,
0,pisual,,https://avatars0.githubusercontent.com/u/9153294?v=3&amp;s=100,,,,,,,,,,,,,,,FelixSion,,,,,,DSN Pisual 首席设计师、蟾宫折桂科技有限公司技术总监、月牙堂科技有限公司技术总监、Stargazer（观星者）首席设计师,,,,,,
0,perfettiful,,https://avatars3.githubusercontent.com/u/7156158?v=3&amp;s=100,,,,,,,,,,,,,,,Nathan Perfetti,,,,,,,,,,,,
0,VagrantStory,,https://avatars3.githubusercontent.com/u/4069972?v=3&amp;s=100,,,,,,,,,,,,,,,mohammad,,,,,,Developer Program Member,,,,,,
0,stoked-zz,,https://avatars2.githubusercontent.com/u/13973828?v=3&amp;s=100,,,,,,,,,,,,,,,Amie Lynn,,,,,,,,,,,,
0,tvvocold,,https://avatars2.githubusercontent.com/u/4530539?v=3&amp;s=100,,,,,,,,,,,,,,,Ray,,,,,,Do cool things that doesn&#39;t matter.,,,,,,
0,rapidwebx,,https://avatars0.githubusercontent.com/u/17279190?v=3&amp;s=100,,,,,,,,,,,,,,,rapidwebx,,,,,,,,,,,,
0,MichalPaszkiewicz,,https://avatars2.githubusercontent.com/u/6673982?v=3&amp;s=100,,,,,,,,,,,,,,,Michal Paszkiewicz,,,,,,Just a guy who likes to make things @MichalYouDoing,,,,,,
0,boie0025,,https://avatars3.githubusercontent.com/u/1087623?v=3&amp;s=100,,,,,,,,,,,,,,,Nic Boie,,,,,,,,,,,,
0,freire45,,https://avatars2.githubusercontent.com/u/14795833?v=3&amp;s=100,,,,,,,,,,,,,,,Erick Leite Freire,,,,,,,,,,,,
0,CeceXX,,https://avatars0.githubusercontent.com/u/10504710?v=3&amp;s=100,,,,,,,,,,,,,,,Cesare de Cal,,,,,,"iOS Developer, UX Designer, Hackathon Hacker",,,,,,
0,AlexisOhanian,,https://avatars1.githubusercontent.com/u/16558434?v=3&amp;s=100,,,,,,,,,,,,,,,Alexis Ohanian,,,,,,,,,,,,
0,deividazevedo2,,https://avatars3.githubusercontent.com/u/8519302?v=3&amp;s=100,,,,,,,,,,,,,,,Deivid Azevedo,,,,,,,,,,,,
0,alicaglayan,,https://avatars1.githubusercontent.com/u/5114628?v=3&amp;s=100,,,,,,,,,,,,,,,Ali İhsan ÇAĞLAYAN,,,,,,,,,,,,
0,shoshindes,,https://avatars1.githubusercontent.com/u/13901088?v=3&amp;s=100,,,,,,,,,,,,,,,Jack Thompson,,,,,,,,,,,,
0,john-saman,,https://avatars0.githubusercontent.com/u/13433910?v=3&amp;s=100,,,,,,,,,,,,,,,John,,,,,,,,,,,,
0,HamzaElgarrab,,https://avatars1.githubusercontent.com/u/9272207?v=3&amp;s=100,,,,,,,,,,,,,,,EL GARRAB Hamza,,,,,,,,,,,,
0,SergioChan,,https://avatars3.githubusercontent.com/u/10103766?v=3&amp;s=100,,,,,,,,,,,,,,,江南的悲伤,,,,,,"Currently a Researcher and Hacker at RavenTech, full-stack developer and Hackathoner. Hosted the top level hackathon team @hACKbUSTER .",,,,,,
0,angusshire,,https://avatars1.githubusercontent.com/u/5877145?v=3&amp;s=100,,,,,,,,,,,,,,,Angus H.,,,,,,Available for part-time or freelance work.,,,,,,
0,TheRakken,,https://avatars2.githubusercontent.com/u/4529018?v=3&amp;s=100,,,,,,,,,,,,,,,Elijah Karari,,,,,,,,,,,,
0,arduanov,,https://avatars0.githubusercontent.com/u/8693029?v=3&amp;s=100,,,,,,,,,,,,,,,Marsel Arduanov,,,,,,,,,,,,
0,Nood-cs,,https://avatars1.githubusercontent.com/u/7030654?v=3&amp;s=100,,,,,,,,,,,,,,,Nada Medhat Mohamed Ibrahim,,,,,,,,,,,,
0,Humberto4902,,https://avatars0.githubusercontent.com/u/11505167?v=3&amp;s=100,,,,,,,,,,,,,,,Humberto4902,,,,,,,,,,,,
0,LoveTNT,,https://avatars3.githubusercontent.com/u/3794533?v=3&amp;s=100,,,,,,,,,,,,,,,wangfuyun,,,,,,,,,,,,
0,najikadri,,https://avatars2.githubusercontent.com/u/9936269?v=3&amp;s=100,,,,,,,,,,,,,,,Naji Kadri,,,,,,,,,,,,
0,MohammadTF,,https://avatars1.githubusercontent.com/u/11040247?v=3&amp;s=100,,,,,,,,,,,,,,,Mohammad Tasneem Faizyab,,,,,,,,,,,,
0,AzimDharani,,https://avatars0.githubusercontent.com/u/8176135?v=3&amp;s=100,,,,,,,,,,,,,,,Azim Dharani,,,,,,,,,,,,
0,underley,,https://avatars3.githubusercontent.com/u/58145?v=3&amp;s=100,,,,,,,,,,,,,,,Daniel Podlejski,,,,,,,,,,,,
0,shadi-mahm,,https://avatars3.githubusercontent.com/u/5438622?v=3&amp;s=100,,,,,,,,,,,,,,,Shadi Mahmoodian,,,,,,,,,,,,
0,victor-ono,,https://avatars2.githubusercontent.com/u/519311?v=3&amp;s=100,,,,,,,,,,,,,,,victor-ono,,,,,,,,,,,,
0,Johnwolfe,,https://avatars0.githubusercontent.com/u/6424616?v=3&amp;s=100,,,,,,,,,,,,,,,Johnwolfe,,,,,,,,,,,,
0,zachfeldman,,https://avatars1.githubusercontent.com/u/1437644?v=3&amp;s=100,,,,,,,,,,,,,,,Zach Feldman,,,,,,Principal at http://zachfeldman.nyc . Formerly Co-Founder/Chief Academic Officer @nycda . Constant Tinkerer!,,,,,,
