﻿score,login,id,avatar_url,gravatar_id,url,html_url,followers_url,following_url,gists_url,starred_url,subscriptions_url,organizations_url,repos_url,events_url,received_events_url,type,site_admin,name,company,blog,location,email,hireable,bio,public_repos,public_gists,followers,following,created_at,updated_at
0,wilon,,https://avatars2.githubusercontent.com/u/7512755?v=3&amp;s=100,,,,,,,,,,,,,,,wilon,,,,,,PHPer.,,,,,,
0,obernardovieira,,https://avatars3.githubusercontent.com/u/19441097?v=3&amp;s=100,,,,,,,,,,,,,,,Bernardo Vieira,,,,,,while(!eating) { coding(); },,,,,,
0,Vermisse,,https://avatars2.githubusercontent.com/u/17972943?v=3&amp;s=100,,,,,,,,,,,,,,,Sunki,,,,,,Java、Scala、Clojure,,,,,,
0,AeronStory,,https://avatars2.githubusercontent.com/u/22915694?v=3&amp;s=100,,,,,,,,,,,,,,,mohammad,,,,,,,,,,,,
0,lucasbento,,https://avatars3.githubusercontent.com/u/6207220?v=3&amp;s=100,,,,,,,,,,,,,,,Lucas Bento,,,,,,"Full-stack developer building amazing apps with #react, #reactnative, #relay, #webpack, #graphql &amp; #koa",,,,,,
0,ternsip,,https://avatars3.githubusercontent.com/u/10179239?v=3&amp;s=100,,,,,,,,,,,,,,,Ternsip,,,,,,If you are alone - imagine that you are Gordon Freeman.,,,,,,
0,stoked-zz,,https://avatars2.githubusercontent.com/u/13973828?v=3&amp;s=100,,,,,,,,,,,,,,,Amie Lynn,,,,,,,,,,,,
0,VagrantStory,,https://avatars3.githubusercontent.com/u/4069972?v=3&amp;s=100,,,,,,,,,,,,,,,mohammad,,,,,,Developer Program Member,,,,,,
0,angusshire,,https://avatars1.githubusercontent.com/u/5877145?v=3&amp;s=100,,,,,,,,,,,,,,,Angus H.,,,,,,Available for part-time or freelance work.,,,,,,
0,quidesign,,https://avatars3.githubusercontent.com/u/4132647?v=3&amp;s=100,,,,,,,,,,,,,,,quidesign,,,,,,,,,,,,
0,Hughes0687,,https://avatars0.githubusercontent.com/u/6700763?v=3&amp;s=100,,,,,,,,,,,,,,,Stephen Hughes,,,,,,,,,,,,
0,milicofelix,,https://avatars2.githubusercontent.com/u/7559608?v=3&amp;s=100,,,,,,,,,,,,,,,Adriano Bradbury,,,,,,,,,,,,
0,vyarmak,,https://avatars1.githubusercontent.com/u/1929693?v=3&amp;s=100,,,,,,,,,,,,,,,Viktor Yarmak,,,,,,,,,,,,
0,hrq1,,https://avatars1.githubusercontent.com/u/3352467?v=3&amp;s=100,,,,,,,,,,,,,,,Henrique,,,,,,,,,,,,
0,lcsbaroni,,https://avatars3.githubusercontent.com/u/4331969?v=3&amp;s=100,,,,,,,,,,,,,,,Luis Baroni,,,,,,,,,,,,
0,lucasrenan,,https://avatars2.githubusercontent.com/u/114986?v=3&amp;s=100,,,,,,,,,,,,,,,lucas renan,,,,,,,,,,,,
0,bbypk71,,https://avatars2.githubusercontent.com/u/5639261?v=3&amp;s=100,,,,,,,,,,,,,,,bbypk71,,,,,,,,,,,,
0,flavioureshino,,https://avatars3.githubusercontent.com/u/3910086?v=3&amp;s=100,,,,,,,,,,,,,,,Flavio,,,,,,,,,,,,
0,ThiagoAnunciacao,,https://avatars1.githubusercontent.com/u/3912538?v=3&amp;s=100,,,,,,,,,,,,,,,Thiago,,,,,,,,,,,,
0,lucianotj,,https://avatars1.githubusercontent.com/u/2960350?v=3&amp;s=100,,,,,,,,,,,,,,,lucianotj,,,,,,,,,,,,
0,lnunesbr,,https://avatars3.githubusercontent.com/u/569107?v=3&amp;s=100,,,,,,,,,,,,,,,Leandro Nunes,,,,,,,,,,,,
0,duodraco,,https://avatars0.githubusercontent.com/u/318222?v=3&amp;s=100,,,,,,,,,,,,,,,Anderson Casimiro,,,,,,,,,,,,
