﻿score,login,id,avatar_url,gravatar_id,url,html_url,followers_url,following_url,gists_url,starred_url,subscriptions_url,organizations_url,repos_url,events_url,received_events_url,type,site_admin,name,company,blog,location,email,hireable,bio,public_repos,public_gists,followers,following,created_at,updated_at
0,TheDeepThinker,,https://avatars0.githubusercontent.com/u/22838822?v=3&amp;s=100,,,,,,,,,,,,,,,Sky of Stars,,,,,,,,,,,,
0,wilon,,https://avatars2.githubusercontent.com/u/7512755?v=3&amp;s=100,,,,,,,,,,,,,,,wilon,,,,,,PHPer.,,,,,,
0,icaynia,,https://avatars1.githubusercontent.com/u/16891626?v=3&amp;s=100,,,,,,,,,,,,,,,Sion Yu,,,,,,Java Programmer,,,,,,
0,bermoodastar,,https://avatars2.githubusercontent.com/u/7474445?v=3&amp;s=100,,,,,,,,,,,,,,,Amir,,,,,,"A senior software developer/architect with about 10 years of experience in a wide variety of technologies and platforms including Windows, Web and Android",,,,,,
0,UltraWalker,,https://avatars2.githubusercontent.com/u/1177735?v=3&amp;s=100,,,,,,,,,,,,,,,UltraWalker,,,,,,,,,,,,
0,afshin-hoseini,,https://avatars2.githubusercontent.com/u/15011928?v=3&amp;s=100,,,,,,,,,,,,,,,Afshin Hoseini,,,,,,"An Android and iOS developer, eager to learn new stuff. :)",,,,,,
0,slashramin,,https://avatars2.githubusercontent.com/u/23184516?v=3&amp;s=100,,,,,,,,,,,,,,,Ramin,,,,,,,,,,,,
0,AeronStory,,https://avatars2.githubusercontent.com/u/22915694?v=3&amp;s=100,,,,,,,,,,,,,,,mohammad,,,,,,,,,,,,
