﻿email,score,created_at,login,id,avatar_url,gravatar_id,url,html_url,followers_url,following_url,gists_url,starred_url,subscriptions_url,organizations_url,repos_url,events_url,received_events_url,type,site_admin,name,company,blog,location,hireable,bio,public_repos,public_gists,followers,following,updated_at
,0,,wilon,,https://avatars2.githubusercontent.com/u/7512755?v=3&amp;s=100,,,,,,,,,,,,,,,wilon,,,,,PHPer.,,,,,
,0,,phelipe,,https://avatars2.githubusercontent.com/u/7537350?v=3&amp;s=100,,,,,,,,,,,,,,,Phelipe Wesley,,,,,,,,,,
,0,,edu-bot,,https://avatars0.githubusercontent.com/u/23435604?v=3&amp;s=100,,,,,,,,,,,,,,,Edu Bot,,,,,,,,,,
,0,,femtotrader,,https://avatars0.githubusercontent.com/u/5049737?v=3&amp;s=100,,,,,,,,,,,,,,,femtotrader,,,,,"Geek (or nerd?), physicist (academic position) and amateur trader (trying to become a much more professional investor ;-) )",,,,,
,0,,yfgeek,,https://avatars2.githubusercontent.com/u/7533831?v=3&amp;s=100,,,,,,,,,,,,,,,Ivan,,,,,,,,,,
,0,,accerqueira,,https://avatars3.githubusercontent.com/u/524244?v=3&amp;s=100,,,,,,,,,,,,,,,Andre Cerqueira,,,,,,,,,,
,0,,AeronStory,,https://avatars2.githubusercontent.com/u/22915694?v=3&amp;s=100,,,,,,,,,,,,,,,mohammad,,,,,,,,,,
,0,,Vermisse,,https://avatars2.githubusercontent.com/u/17972943?v=3&amp;s=100,,,,,,,,,,,,,,,Sunki,,,,,Java、Scala、Clojure,,,,,
,0,,filipebraida,,https://avatars3.githubusercontent.com/u/2746730?v=3&amp;s=100,,,,,,,,,,,,,,,Filipe Braida,,,,,,,,,,
,0,,arsidnal16,,https://avatars3.githubusercontent.com/u/12207421?v=3&amp;s=100,,,,,,,,,,,,,,,Siddhartha Singh,,,,,Software engineer. ,,,,,
,0,,felipecrp,,https://avatars3.githubusercontent.com/u/615155?v=3&amp;s=100,,,,,,,,,,,,,,,Felipe do Rego Pinto,,,,,,,,,,
,0,,irshuLx,,https://avatars1.githubusercontent.com/u/12872191?v=3&amp;s=100,,,,,,,,,,,,,,,Irshu,,,,,"Rolls with  Android. Follower of Dubstep, Rock music, Cyberpunk....and cats?",,,,,
,0,,gmkhussain,,https://avatars2.githubusercontent.com/u/1250826?v=3&amp;s=100,,,,,,,,,,,,,,,GMK Hussain,,,,,,,,,,
,0,,brunocvcunha,,https://avatars2.githubusercontent.com/u/3207647?v=3&amp;s=100,,,,,,,,,,,,,,,Bruno Candido Volpato da Cunha,,,,,☕️  💻  ,,,,,
,0,,jmarcellopereira,,https://avatars3.githubusercontent.com/u/13703314?v=3&amp;s=100,,,,,,,,,,,,,,,João Marcello Pereira,,,,,"Physics 2006 UFPI, Sc computer 2009 UFPI, Educational Specialist (EdS) - 2012 UnB, Master of Engineering (Mechanical:Evaporative Cooling) 2015 - today UnB",,,,,
,0,,MichalPaszkiewicz,,https://avatars2.githubusercontent.com/u/6673982?v=3&amp;s=100,,,,,,,,,,,,,,,Michal Paszkiewicz,,,,,Just a guy who likes to make things @MichalYouDoing,,,,,
,0,,cusspvz,,https://avatars2.githubusercontent.com/u/3604053?v=3&amp;s=100,,,,,,,,,,,,,,,José Moreira,,,,,"full-stack developer, ui/ux designer, musician &amp; diy entusiast",,,,,
,0,,opm22,,https://avatars0.githubusercontent.com/u/11547380?v=3&amp;s=100,,,,,,,,,,,,,,,DiogoMoreno,,,,,,,,,,
,0,,zhmz90,,https://avatars0.githubusercontent.com/u/6331725?v=3&amp;s=100,,,,,,,,,,,,,,,Lanting Guo,,,,,Make a Difference,,,,,
,0,,ntdef,,https://avatars2.githubusercontent.com/u/9503857?v=3&amp;s=100,,,,,,,,,,,,,,,N. Troy de Freitas ,,,,,,,,,,
,0,,gomiero,,https://avatars3.githubusercontent.com/u/12375516?v=3&amp;s=100,,,,,,,,,,,,,,,Alexandre Gomiero de Oliveira,,,,,,,,,,
