﻿score,following,login,id,avatar_url,gravatar_id,url,html_url,followers_url,following_url,gists_url,starred_url,subscriptions_url,organizations_url,repos_url,events_url,received_events_url,type,site_admin,name,company,blog,location,email,hireable,bio,public_repos,public_gists,followers,created_at,updated_at
0,,wilon,,https://avatars2.githubusercontent.com/u/7512755?v=3&amp;s=100,,,,,,,,,,,,,,,wilon,,,,,,PHPer.,,,,,
0,,jpruiz114,,https://avatars3.githubusercontent.com/u/4614970?v=3&amp;s=100,,,,,,,,,,,,,,,Jean Paul Ruiz,,,,,,"Cat lover, lego fanatic, full stack developer, big data and math passionate.",,,,,
0,,yfgeek,,https://avatars2.githubusercontent.com/u/7533831?v=3&amp;s=100,,,,,,,,,,,,,,,Ivan,,,,,,,,,,,
0,,AeronStory,,https://avatars2.githubusercontent.com/u/22915694?v=3&amp;s=100,,,,,,,,,,,,,,,mohammad,,,,,,,,,,,
0,,TastySummer,,https://avatars0.githubusercontent.com/u/13374074?v=3&amp;s=100,,,,,,,,,,,,,,,TastySummer,,,,,,一个疯女子,,,,,
0,,einverne,,https://avatars3.githubusercontent.com/u/1962738?v=3&amp;s=100,,,,,,,,,,,,,,,Ein Verne,,,,,,,,,,,
0,,Mati365,,https://avatars3.githubusercontent.com/u/3949262?v=3&amp;s=100,,,,,,,,,,,,,,,Mateusz Bagiński,,,,,,Python/JavaScript Developer,,,,,
0,,VagrantStory,,https://avatars3.githubusercontent.com/u/4069972?v=3&amp;s=100,,,,,,,,,,,,,,,mohammad,,,,,,Developer Program Member,,,,,
0,,stoked-zz,,https://avatars2.githubusercontent.com/u/13973828?v=3&amp;s=100,,,,,,,,,,,,,,,Amie Lynn,,,,,,,,,,,
0,,MichalPaszkiewicz,,https://avatars2.githubusercontent.com/u/6673982?v=3&amp;s=100,,,,,,,,,,,,,,,Michal Paszkiewicz,,,,,,Just a guy who likes to make things @MichalYouDoing,,,,,
0,,riyasmohamedmr,,https://avatars0.githubusercontent.com/u/16667537?v=3&amp;s=100,,,,,,,,,,,,,,,riyas mohamed mr,,,,,,,,,,,
0,,stone-jin,,https://avatars0.githubusercontent.com/u/6525544?v=3&amp;s=100,,,,,,,,,,,,,,,金炳,,,,,,I am Chinese,,,,,
0,,wyvernnot,,https://avatars0.githubusercontent.com/u/171947?v=3&amp;s=100,,,,,,,,,,,,,,,龙天,,,,,,@cloudinsight ,,,,,
