﻿score,login,id,following_url,avatar_url,gists_url,gravatar_id,subscriptions_url,url,events_url,html_url,received_events_url,followers_url,type,starred_url,site_admin,organizations_url,name,repos_url,company,email,blog,hireable,location,bio,public_gists,public_repos,followers,following,created_at,updated_at
0,wilon,,,https://avatars2.githubusercontent.com/u/7512755?v=3&amp;s=100,,,,,,,,,,,,,wilon,,,,,,,PHPer.,,,,,,
0,AeronStory,,,https://avatars2.githubusercontent.com/u/22915694?v=3&amp;s=100,,,,,,,,,,,,,mohammad,,,,,,,,,,,,,
0,ternsip,,,https://avatars3.githubusercontent.com/u/10179239?v=3&amp;s=100,,,,,,,,,,,,,Ternsip,,,,,,,If you are alone - imagine that you are Gordon Freeman.,,,,,,
0,JeorgeMatt,,,https://avatars3.githubusercontent.com/u/18130056?v=3&amp;s=100,,,,,,,,,,,,,Jeorge Matthew,,,,,,,,,,,,,
0,stoked-zz,,,https://avatars2.githubusercontent.com/u/13973828?v=3&amp;s=100,,,,,,,,,,,,,Amie Lynn,,,,,,,,,,,,,
0,mbradley21,,,https://avatars0.githubusercontent.com/u/15966364?v=3&amp;s=100,,,,,,,,,,,,,Michael Bradley,,,,,,,,,,,,,
0,angusshire,,,https://avatars1.githubusercontent.com/u/5877145?v=3&amp;s=100,,,,,,,,,,,,,Angus H.,,,,,,,Available for part-time or freelance work.,,,,,,
0,willyelm,,,https://avatars0.githubusercontent.com/u/1202219?v=3&amp;s=100,,,,,,,,,,,,,Williams Medina,,,,,,,"I&#39;m a Front-End Software Engineer, I love the creativity and human beings especially those who believe in their dreams and fight for their dreams...",,,,,,
