﻿score,login,id,avatar_url,gravatar_id,url,html_url,followers_url,following_url,gists_url,starred_url,subscriptions_url,organizations_url,repos_url,events_url,received_events_url,type,site_admin,name,company,blog,location,email,hireable,bio,public_repos,public_gists,followers,following,created_at,updated_at
0,wilon,,https://avatars2.githubusercontent.com/u/7512755?v=3&amp;s=100,,,,,,,,,,,,,,,wilon,,,,,,PHPer.,,,,,,
0,juliancelaj,,https://avatars0.githubusercontent.com/u/4211972?v=3&amp;s=100,,,,,,,,,,,,,,,Julian Celaj,,,,,,UI/UX for mobile apps.  Bayern Munich is also the greatest football team in the world.,,,,,,
0,AeronStory,,https://avatars2.githubusercontent.com/u/22915694?v=3&amp;s=100,,,,,,,,,,,,,,,mohammad,,,,,,,,,,,,
0,kamalalteris,,https://avatars2.githubusercontent.com/u/19195734?v=3&amp;s=100,,,,,,,,,,,,,,,kamalalteris,,,,,,,,,,,,
0,MyselfKhayer,,https://avatars1.githubusercontent.com/u/19699265?v=3&amp;s=100,,,,,,,,,,,,,,,Abul Khayer,,,,,,Web Developer &amp; Content Writer,,,,,,
0,JeorgeMatt,,https://avatars3.githubusercontent.com/u/18130056?v=3&amp;s=100,,,,,,,,,,,,,,,Jeorge Matthew,,,,,,,,,,,,
0,weiyikong,,https://avatars3.githubusercontent.com/u/10624463?v=3&amp;s=100,,,,,,,,,,,,,,,Jerry Kong,,,,,,"Front-end development is my passion. Interested in jQuery, Angular and React.  ",,,,,,
0,VagrantStory,,https://avatars3.githubusercontent.com/u/4069972?v=3&amp;s=100,,,,,,,,,,,,,,,mohammad,,,,,,Developer Program Member,,,,,,
0,perfettiful,,https://avatars3.githubusercontent.com/u/7156158?v=3&amp;s=100,,,,,,,,,,,,,,,Nathan Perfetti,,,,,,,,,,,,
0,stoked-zz,,https://avatars2.githubusercontent.com/u/13973828?v=3&amp;s=100,,,,,,,,,,,,,,,Amie Lynn,,,,,,,,,,,,
0,toomastahves,,https://avatars3.githubusercontent.com/u/7262443?v=3&amp;s=100,,,,,,,,,,,,,,,Toomas Tahves,,,,,,,,,,,,
0,jurkog,,https://avatars3.githubusercontent.com/u/4466994?v=3&amp;s=100,,,,,,,,,,,,,,,Jurko Guba,,,,,,,,,,,,
0,tvvocold,,https://avatars2.githubusercontent.com/u/4530539?v=3&amp;s=100,,,,,,,,,,,,,,,Ray,,,,,,Do cool things that doesn&#39;t matter.,,,,,,
0,JQNguyen15,,https://avatars0.githubusercontent.com/u/15064439?v=3&amp;s=100,,,,,,,,,,,,,,,JQNguyen15,,,,,,Software Engineer studying at the University of Windsor,,,,,,
0,MichalPaszkiewicz,,https://avatars2.githubusercontent.com/u/6673982?v=3&amp;s=100,,,,,,,,,,,,,,,Michal Paszkiewicz,,,,,,Just a guy who likes to make things @MichalYouDoing,,,,,,
0,MoeHamoud,,https://avatars3.githubusercontent.com/u/4211975?v=3&amp;s=100,,,,,,,,,,,,,,,Moe,,,,,,,,,,,,
0,MattMcFarland,,https://avatars1.githubusercontent.com/u/623545?v=3&amp;s=100,,,,,,,,,,,,,,,Matt McFarland,,,,,,,,,,,,
0,angusshire,,https://avatars1.githubusercontent.com/u/5877145?v=3&amp;s=100,,,,,,,,,,,,,,,Angus H.,,,,,,Available for part-time or freelance work.,,,,,,
0,navneetgarg123,,https://avatars2.githubusercontent.com/u/7415011?v=3&amp;s=100,,,,,,,,,,,,,,,Navneet Garg,,,,,,,,,,,,
