﻿score,login,id,avatar_url,gravatar_id,url,html_url,followers_url,following_url,gists_url,starred_url,subscriptions_url,organizations_url,repos_url,events_url,received_events_url,type,site_admin,name,company,blog,location,email,hireable,bio,public_repos,public_gists,followers,following,created_at,updated_at
0,wilon,,https://avatars2.githubusercontent.com/u/7512755?v=3&amp;s=100,,,,,,,,,,,,,,,wilon,,,,,,PHPer.,,,,,,
0,AndiChiou,,https://avatars2.githubusercontent.com/u/23460812?v=3&amp;s=100,,,,,,,,,,,,,,,Andi Chiou,,,,,,High school student @bartlett-high-school,,,,,,
0,BFush,,https://avatars3.githubusercontent.com/u/23432645?v=3&amp;s=100,,,,,,,,,,,,,,,Brisnee Fush,,,,,,Research graduate at Stanford University specializing in Natural Language Processing and Linguistics. Previously: Kilgraston School. Please follow me. 😄 ,,,,,,
0,lina-fraij,,https://avatars1.githubusercontent.com/u/12952364?v=3&amp;s=100,,,,,,,,,,,,,,,Lina Fraij,,,,,,In-house recruiter @Opensooq and open source advocate ,,,,,,
0,gintern,,https://avatars2.githubusercontent.com/u/20753788?v=3&amp;s=100,,,,,,,,,,,,,,,Michelle Isterya,,,,,,"B.Tech at MIT, 2010;  Help me in development. Google Intern, 2016 :smile: ",,,,,,
0,retospect,,https://avatars2.githubusercontent.com/u/430279?v=3&amp;s=100,,,,,,,,,,,,,,,Reto Stamm,,,,,,,,,,,,
0,yfgeek,,https://avatars2.githubusercontent.com/u/7533831?v=3&amp;s=100,,,,,,,,,,,,,,,Ivan,,,,,,,,,,,,
0,ReidHolmes,,https://avatars3.githubusercontent.com/u/17958554?v=3&amp;s=100,,,,,,,,,,,,,,,Reidholmes,,,,,,,,,,,,
0,Vermisse,,https://avatars2.githubusercontent.com/u/17972943?v=3&amp;s=100,,,,,,,,,,,,,,,Sunki,,,,,,Java、Scala、Clojure,,,,,,
0,cloudyan,,https://avatars0.githubusercontent.com/u/912821?v=3&amp;s=100,,,,,,,,,,,,,,,Cloudyan,,,,,,,,,,,,
0,TianJiaDaShao,,https://avatars0.githubusercontent.com/u/21334612?v=3&amp;s=100,,,,,,,,,,,,,,,田野,,,,,,,,,,,,
0,AeronStory,,https://avatars2.githubusercontent.com/u/22915694?v=3&amp;s=100,,,,,,,,,,,,,,,mohammad,,,,,,,,,,,,
0,Shipow,,https://avatars3.githubusercontent.com/u/976175?v=3&amp;s=100,,,,,,,,,,,,,,,Kevin Granger,,,,,,"Devsigner @algolia UX Search API [YC14] ~ own a clairvoyance PhD, eat scale for breakfast, fly Armattan quad FPV, attack ships on fire off the shoulder of Orion",,,,,,
0,daviddexter,,https://avatars2.githubusercontent.com/u/16095054?v=3&amp;s=100,,,,,,,,,,,,,,,David Dexter,,,,,,,,,,,,
0,evinw,,https://avatars0.githubusercontent.com/u/844215?v=3&amp;s=100,,,,,,,,,,,,,,,Evin Weissenberg,,,,,,bluelab.io,,,,,,
0,cynical89,,https://avatars2.githubusercontent.com/u/14186276?v=3&amp;s=100,,,,,,,,,,,,,,,Anthony Michelizzi,,,,,,JavaScript and C# programmer,,,,,,
0,drizlrc,,https://avatars3.githubusercontent.com/u/12474675?v=3&amp;s=100,,,,,,,,,,,,,,,RC,,,,,,,,,,,,
0,RogerFederer03,,https://avatars1.githubusercontent.com/u/5633006?v=3&amp;s=100,,,,,,,,,,,,,,,Zheng Luo,,,,,,Talk is cheap. Show me the code. -- Linus Torvalds,,,,,,
0,976500133,,https://avatars0.githubusercontent.com/u/5755720?v=3&amp;s=100,,,,,,,,,,,,,,,Baron.Liu,,,,,,前端开发/iOS 开发/Node开发工程师,,,,,,
0,gravitygz,,https://avatars0.githubusercontent.com/u/20617000?v=3&amp;s=100,,,,,,,,,,,,,,,gravitygz,,,,,,,,,,,,
0,enajork,,https://avatars2.githubusercontent.com/u/8443368?v=3&amp;s=100,,,,,,,,,,,,,,,enajork,,,,,,,,,,,,
0,juvenalis,,https://avatars1.githubusercontent.com/u/13765631?v=3&amp;s=100,,,,,,,,,,,,,,,juvenalis,,,,,,,,,,,,
0,DaStrike,,https://avatars3.githubusercontent.com/u/20173531?v=3&amp;s=100,,,,,,,,,,,,,,,DaStrike,,,,,,,,,,,,
0,AbuYami,,https://avatars2.githubusercontent.com/u/16296291?v=3&amp;s=100,,,,,,,,,,,,,,,Abu Yami,,,,,,الموقع الرسمي للمهندس أبو يامي ، يتضمن مجموعة من الأدوات المساعدة لإنتاج ألبوم صوتي بإحترافية ، بالإضافة إلى برامج الهندسة والفلاتر الصوتية ذات نطاق عالمي,,,,,,
0,ternsip,,https://avatars3.githubusercontent.com/u/10179239?v=3&amp;s=100,,,,,,,,,,,,,,,Ternsip,,,,,,If you are alone - imagine that you are Gordon Freeman.,,,,,,
0,timkofu,,https://avatars1.githubusercontent.com/u/509078?v=3&amp;s=100,,,,,,,,,,,,,,,Timothy Makobu,,,,,,,,,,,,
0,mbacvanski,,https://avatars0.githubusercontent.com/u/7774585?v=3&amp;s=100,,,,,,,,,,,,,,,Marc Bacvanski,,,,,,writes all teh codez,,,,,,
0,adambajumba,,https://avatars0.githubusercontent.com/u/8980680?v=3&amp;s=100,,,,,,,,,,,,,,,Isaac Jumba,,,,,,,,,,,,
0,lidinghao,,https://avatars3.githubusercontent.com/u/1456667?v=3&amp;s=100,,,,,,,,,,,,,,,Greg Lee,,,,,,,,,,,,
0,sbabybird,,https://avatars0.githubusercontent.com/u/32214?v=3&amp;s=100,,,,,,,,,,,,,,,Minjie Sun,,,,,,,,,,,,
0,jw84,,https://avatars1.githubusercontent.com/u/48764?v=3&amp;s=100,,,,,,,,,,,,,,,Jerry Wang,,,,,,"Drinks coffee, pees AI",,,,,,
0,kasvith,,https://avatars2.githubusercontent.com/u/13379595?v=3&amp;s=100,,,,,,,,,,,,,,,Kasun Vithanage,,,,,,a noob,,,,,,
0,LandyGuo,,https://avatars2.githubusercontent.com/u/16185531?v=3&amp;s=100,,,,,,,,,,,,,,,郭清沛,,,,,,,,,,,,
0,qinix,,https://avatars0.githubusercontent.com/u/1946663?v=3&amp;s=100,,,,,,,,,,,,,,,Eric Zhang,,,,,,,,,,,,
0,MohammadRazaSEO,,https://avatars3.githubusercontent.com/u/16507462?v=3&amp;s=100,,,,,,,,,,,,,,,Mohammad Raza SEO,,,,,,,,,,,,
0,SufyanHaqqui,,https://avatars0.githubusercontent.com/u/17977579?v=3&amp;s=100,,,,,,,,,,,,,,,Sufyan Haqqui,,,,,,,,,,,,
0,RowlandOti,,https://avatars0.githubusercontent.com/u/8356008?v=3&amp;s=100,,,,,,,,,,,,,,,Rowland Oti,,,,,,"Your scared of how my code may make your work extremely easy, am scared of how it may not. Cheers!",,,,,,
0,toxtli,,https://avatars1.githubusercontent.com/u/1299233?v=3&amp;s=100,,,,,,,,,,,,,,,Carlos Toxtli,,,,,,Senior Bot developer and Full-Stack developer with more than 15 years of experience.,,,,,,
0,pisual,,https://avatars0.githubusercontent.com/u/9153294?v=3&amp;s=100,,,,,,,,,,,,,,,FelixSion,,,,,,DSN Pisual 首席设计师、蟾宫折桂科技有限公司技术总监、月牙堂科技有限公司技术总监、Stargazer（观星者）首席设计师,,,,,,
0,VagrantStory,,https://avatars3.githubusercontent.com/u/4069972?v=3&amp;s=100,,,,,,,,,,,,,,,mohammad,,,,,,Developer Program Member,,,,,,
0,stoked-zz,,https://avatars2.githubusercontent.com/u/13973828?v=3&amp;s=100,,,,,,,,,,,,,,,Amie Lynn,,,,,,,,,,,,
0,Fluen,,https://avatars0.githubusercontent.com/u/17447617?v=3&amp;s=100,,,,,,,,,,,,,,,Fluen,,,,,,,,,,,,
0,colleowino,,https://avatars3.githubusercontent.com/u/2420182?v=3&amp;s=100,,,,,,,,,,,,,,,Kole,,,,,,,,,,,,
0,arduanov,,https://avatars0.githubusercontent.com/u/8693029?v=3&amp;s=100,,,,,,,,,,,,,,,Marsel Arduanov,,,,,,,,,,,,
0,toomastahves,,https://avatars3.githubusercontent.com/u/7262443?v=3&amp;s=100,,,,,,,,,,,,,,,Toomas Tahves,,,,,,,,,,,,
0,tvvocold,,https://avatars2.githubusercontent.com/u/4530539?v=3&amp;s=100,,,,,,,,,,,,,,,Ray,,,,,,Do cool things that doesn&#39;t matter.,,,,,,
0,danleyb2,,https://avatars3.githubusercontent.com/u/9919961?v=3&amp;s=100,,,,,,,,,,,,,,,Nyaundi Brian,,,,,,,,,,,,
0,MuhikaThomas,,https://avatars2.githubusercontent.com/u/11571860?v=3&amp;s=100,,,,,,,,,,,,,,,Muhika Thomas,,,,,,,,,,,,
0,MichalPaszkiewicz,,https://avatars2.githubusercontent.com/u/6673982?v=3&amp;s=100,,,,,,,,,,,,,,,Michal Paszkiewicz,,,,,,Just a guy who likes to make things @MichalYouDoing,,,,,,
0,mwongeraE,,https://avatars2.githubusercontent.com/u/15662490?v=3&amp;s=100,,,,,,,,,,,,,,,Evans,,,,,,android // javascript // java // python // web developer,,,,,,
0,SmileBearie,,https://avatars3.githubusercontent.com/u/16967033?v=3&amp;s=100,,,,,,,,,,,,,,,Molly,,,,,,,,,,,,
