﻿login,score,id,avatar_url,gravatar_id,url,html_url,followers_url,following_url,gists_url,starred_url,subscriptions_url,organizations_url,repos_url,events_url,received_events_url,type,site_admin,name,company,blog,location,email,hireable,bio,public_repos,public_gists,followers,following,created_at,updated_at
wilon,0,,https://avatars2.githubusercontent.com/u/7512755?v=3&amp;s=100,,,,,,,,,,,,,,,wilon,,,,,,PHPer.,,,,,,
Vermisse,0,,https://avatars2.githubusercontent.com/u/17972943?v=3&amp;s=100,,,,,,,,,,,,,,,Sunki,,,,,,Java、Scala、Clojure,,,,,,
AeronStory,0,,https://avatars2.githubusercontent.com/u/22915694?v=3&amp;s=100,,,,,,,,,,,,,,,mohammad,,,,,,,,,,,,
Shipow,0,,https://avatars3.githubusercontent.com/u/976175?v=3&amp;s=100,,,,,,,,,,,,,,,Kevin Granger,,,,,,"Devsigner @algolia UX Search API [YC14] ~ own a clairvoyance PhD, eat scale for breakfast, fly Armattan quad FPV, attack ships on fire off the shoulder of Orion",,,,,,
pumpkinheader,0,,https://avatars3.githubusercontent.com/u/6647001?v=3&amp;s=100,,,,,,,,,,,,,,,pumpkinheader,,,,,,,,,,,,
JeorgeMatt,0,,https://avatars3.githubusercontent.com/u/18130056?v=3&amp;s=100,,,,,,,,,,,,,,,Jeorge Matthew,,,,,,,,,,,,
perfettiful,0,,https://avatars3.githubusercontent.com/u/7156158?v=3&amp;s=100,,,,,,,,,,,,,,,Nathan Perfetti,,,,,,,,,,,,
VagrantStory,0,,https://avatars3.githubusercontent.com/u/4069972?v=3&amp;s=100,,,,,,,,,,,,,,,mohammad,,,,,,Developer Program Member,,,,,,
stoked-zz,0,,https://avatars2.githubusercontent.com/u/13973828?v=3&amp;s=100,,,,,,,,,,,,,,,Amie Lynn,,,,,,,,,,,,
mechana,0,,https://avatars2.githubusercontent.com/u/16636226?v=3&amp;s=100,,,,,,,,,,,,,,,Nayumi,,,,,,,,,,,,
angusshire,0,,https://avatars1.githubusercontent.com/u/5877145?v=3&amp;s=100,,,,,,,,,,,,,,,Angus H.,,,,,,Available for part-time or freelance work.,,,,,,
cusspvz,0,,https://avatars2.githubusercontent.com/u/3604053?v=3&amp;s=100,,,,,,,,,,,,,,,José Moreira,,,,,,"full-stack developer, ui/ux designer, musician &amp; diy entusiast",,,,,,
tjinjin,0,,https://avatars3.githubusercontent.com/u/10205123?v=3&amp;s=100,,,,,,,,,,,,,,,tjinjin,,,,,,cloud infrastructure engineer,,,,,,
RVIRUS0817,0,,https://avatars2.githubusercontent.com/u/5633085?v=3&amp;s=100,,,,,,,,,,,,,,,Adachin,,,,,,,,,,,,
kasei-san,0,,https://avatars3.githubusercontent.com/u/147536?v=3&amp;s=100,,,,,,,,,,,,,,,kasei_san,,,,,,,,,,,,
masutaka,0,,https://avatars3.githubusercontent.com/u/170014?v=3&amp;s=100,,,,,,,,,,,,,,,Takashi Masuda,,,,,,I love curry! 🍛,,,,,,
tmd45,0,,https://avatars2.githubusercontent.com/u/294443?v=3&amp;s=100,,,,,,,,,,,,,,,Yoko TAMADA,,,,,,live in Eorzea,,,,,,
PONTA-zip,0,,https://avatars2.githubusercontent.com/u/2268515?v=3&amp;s=100,,,,,,,,,,,,,,,PONTA.zip,,,,,,,,,,,,
ridhomodariver,0,,https://avatars1.githubusercontent.com/u/2943304?v=3&amp;s=100,,,,,,,,,,,,,,,ridho modariver,,,,,,,,,,,,
kuina,0,,https://avatars1.githubusercontent.com/u/1777903?v=3&amp;s=100,,,,,,,,,,,,,,,くいなちゃん,,,,,,あらゆる学問が大好きー　くいなちゃん、６さいですっ！,,,,,,
catoidrobo,0,,https://avatars2.githubusercontent.com/u/1403851?v=3&amp;s=100,,,,,,,,,,,,,,,catoid,,,,,,,,,,,,
