﻿score,login,id,avatar_url,gravatar_id,url,html_url,followers_url,following_url,gists_url,starred_url,subscriptions_url,organizations_url,repos_url,events_url,received_events_url,type,site_admin,name,company,blog,location,email,hireable,bio,public_repos,public_gists,followers,following,created_at,updated_at
0,wilon,,https://avatars2.githubusercontent.com/u/7512755?v=3&amp;s=100,,,,,,,,,,,,,,,wilon,,,,,,PHPer.,,,,,,
0,hiddentribe,,https://avatars0.githubusercontent.com/u/8425015?v=3&amp;s=100,,,,,,,,,,,,,,,Anoubis,,,,,,,,,,,,
0,stardotbmp,,https://avatars2.githubusercontent.com/u/760691?v=3&amp;s=100,,,,,,,,,,,,,,,Jonathon Broughton,,,,,,,,,,,,
0,yfgeek,,https://avatars2.githubusercontent.com/u/7533831?v=3&amp;s=100,,,,,,,,,,,,,,,Ivan,,,,,,,,,,,,
0,AeronStory,,https://avatars2.githubusercontent.com/u/22915694?v=3&amp;s=100,,,,,,,,,,,,,,,mohammad,,,,,,,,,,,,
0,vicboma1,,https://avatars0.githubusercontent.com/u/3646388?v=3&amp;s=100,,,,,,,,,,,,,,,Victor Bolinches,,,,,,I build things into Software. Game/Tooling programmer and Indie Game Developer.,,,,,,
0,tkv858,,https://avatars2.githubusercontent.com/u/4415197?v=3&amp;s=100,,,,,,,,,,,,,,,tkv858,,,,,,,,,,,,
0,MichalPaszkiewicz,,https://avatars2.githubusercontent.com/u/6673982?v=3&amp;s=100,,,,,,,,,,,,,,,Michal Paszkiewicz,,,,,,Just a guy who likes to make things @MichalYouDoing,,,,,,
0,Bvz2001,,https://avatars3.githubusercontent.com/u/1611259?v=3&amp;s=100,,,,,,,,,,,,,,,Max,,,,,,,,,,,,
0,kar1,,https://avatars2.githubusercontent.com/u/1486711?v=3&amp;s=100,,,,,,,,,,,,,,,kar1,,,,,,,,,,,,
0,sonpro,,https://avatars1.githubusercontent.com/u/10112500?v=3&amp;s=100,,,,,,,,,,,,,,,sonpro,,,,,,,,,,,,
0,cusspvz,,https://avatars2.githubusercontent.com/u/3604053?v=3&amp;s=100,,,,,,,,,,,,,,,José Moreira,,,,,,"full-stack developer, ui/ux designer, musician &amp; diy entusiast",,,,,,
0,JeorgeMatt,,https://avatars3.githubusercontent.com/u/18130056?v=3&amp;s=100,,,,,,,,,,,,,,,Jeorge Matthew,,,,,,,,,,,,
0,Nakilon,,https://avatars1.githubusercontent.com/u/2870363?v=3&amp;s=100,,,,,,,,,,,,,,,Victor Maslov,,,,,,,,,,,,
0,VagrantStory,,https://avatars3.githubusercontent.com/u/4069972?v=3&amp;s=100,,,,,,,,,,,,,,,mohammad,,,,,,Developer Program Member,,,,,,
0,stoked-zz,,https://avatars2.githubusercontent.com/u/13973828?v=3&amp;s=100,,,,,,,,,,,,,,,Amie Lynn,,,,,,,,,,,,
0,wilfreddekok,,https://avatars2.githubusercontent.com/u/346927?v=3&amp;s=100,,,,,,,,,,,,,,,Wilfred de Kok,,,,,,"Internet Security &amp; Privacy Activist, FSFE Fellow, FSF Associate member and ISOC member.",,,,,,
0,tvvocold,,https://avatars2.githubusercontent.com/u/4530539?v=3&amp;s=100,,,,,,,,,,,,,,,Ray,,,,,,Do cool things that doesn&#39;t matter.,,,,,,
0,angusshire,,https://avatars1.githubusercontent.com/u/5877145?v=3&amp;s=100,,,,,,,,,,,,,,,Angus H.,,,,,,Available for part-time or freelance work.,,,,,,
0,AmauryVanEspen,,https://avatars0.githubusercontent.com/u/4487041?v=3&amp;s=100,,,,,,,,,,,,,,,Amaury Van Espen,,,,,,,,,,,,
0,shve-d,,https://avatars3.githubusercontent.com/u/8149324?v=3&amp;s=100,,,,,,,,,,,,,,,Viacheslav S.,,,,,,,,,,,,
