﻿score,login,id,avatar_url,gravatar_id,url,html_url,followers_url,following_url,gists_url,starred_url,subscriptions_url,organizations_url,repos_url,events_url,received_events_url,type,site_admin,name,company,blog,location,email,hireable,bio,public_repos,public_gists,followers,following,created_at,updated_at
0,wilon,,https://avatars2.githubusercontent.com/u/7512755?v=3&amp;s=100,,,,,,,,,,,,,,,wilon,,,,,,PHPer.,,,,,,
0,dkanejs,,https://avatars2.githubusercontent.com/u/1489861?v=3&amp;s=100,,,,,,,,,,,,,,,David Kane,,,,,,"&quot;Keep it simple, stupid&quot;",,,,,,
0,AeronStory,,https://avatars2.githubusercontent.com/u/22915694?v=3&amp;s=100,,,,,,,,,,,,,,,mohammad,,,,,,,,,,,,
0,doomsterinc,,https://avatars0.githubusercontent.com/u/5833310?v=3&amp;s=100,,,,,,,,,,,,,,,Maicon Giovani,,,,,,Code Life,,,,,,
0,joses-soul,,https://avatars3.githubusercontent.com/u/21228026?v=3&amp;s=100,,,,,,,,,,,,,,,José Luís Soto Jr.,,,,,,Systematic software programmer. Book lover.,,,,,,
0,WillemJan,,https://avatars0.githubusercontent.com/u/261194?v=3&amp;s=100,,,,,,,,,,,,,,,Willem Jan Faber,,,,,,"Just this guy, you know?",,,,,,
0,bloodycoder,,https://avatars0.githubusercontent.com/u/7576876?v=3&amp;s=100,,,,,,,,,,,,,,,Picard Xie,,,,,,SJTU,,,,,,
0,ternsip,,https://avatars3.githubusercontent.com/u/10179239?v=3&amp;s=100,,,,,,,,,,,,,,,Ternsip,,,,,,If you are alone - imagine that you are Gordon Freeman.,,,,,,
0,cardinot,,https://avatars2.githubusercontent.com/u/4231565?v=3&amp;s=100,,,,,,,,,,,,,,,Marcos Cardinot,,,,,,,,,,,,
0,MichalPaszkiewicz,,https://avatars2.githubusercontent.com/u/6673982?v=3&amp;s=100,,,,,,,,,,,,,,,Michal Paszkiewicz,,,,,,Just a guy who likes to make things @MichalYouDoing,,,,,,
0,jnobre,,https://avatars3.githubusercontent.com/u/5844312?v=3&amp;s=100,,,,,,,,,,,,,,,João Nobre,,,,,,,,,,,,
0,jarrydfillmore,,https://avatars1.githubusercontent.com/u/15603061?v=3&amp;s=100,,,,,,,,,,,,,,,Jarryd Fillmore,,,,,,"Hi there, I&#39;ve been a web designer and web developer for years now. ",,,,,,
