﻿score,login,id,avatar_url,gravatar_id,url,html_url,followers_url,following_url,gists_url,starred_url,subscriptions_url,organizations_url,repos_url,events_url,received_events_url,type,site_admin,name,company,blog,location,email,hireable,bio,public_repos,public_gists,followers,following,created_at,updated_at
0,shunjilin,,https://avatars0.githubusercontent.com/u/10043695?v=3&amp;s=100,,,,,,,,,,,,,,,Shunji Lin,,,,,,,,,,,,
0,AeronStory,,https://avatars2.githubusercontent.com/u/22915694?v=3&amp;s=100,,,,,,,,,,,,,,,mohammad,,,,,,,,,,,,
0,holgerthies,,https://avatars2.githubusercontent.com/u/2326060?v=3&amp;s=100,,,,,,,,,,,,,,,Holger Thies,,,,,,,,,,,,
0,ternsip,,https://avatars3.githubusercontent.com/u/10179239?v=3&amp;s=100,,,,,,,,,,,,,,,Ternsip,,,,,,If you are alone - imagine that you are Gordon Freeman.,,,,,,
0,JeorgeMatt,,https://avatars3.githubusercontent.com/u/18130056?v=3&amp;s=100,,,,,,,,,,,,,,,Jeorge Matthew,,,,,,,,,,,,
0,stoked-zz,,https://avatars2.githubusercontent.com/u/13973828?v=3&amp;s=100,,,,,,,,,,,,,,,Amie Lynn,,,,,,,,,,,,
0,angusshire,,https://avatars1.githubusercontent.com/u/5877145?v=3&amp;s=100,,,,,,,,,,,,,,,Angus H.,,,,,,Available for part-time or freelance work.,,,,,,
0,cusspvz,,https://avatars2.githubusercontent.com/u/3604053?v=3&amp;s=100,,,,,,,,,,,,,,,José Moreira,,,,,,"full-stack developer, ui/ux designer, musician &amp; diy entusiast",,,,,,
0,guicho271828,,https://avatars3.githubusercontent.com/u/1321968?v=3&amp;s=100,,,,,,,,,,,,,,,Masataro Asai,,,,,,"AI Researcher on Optimization, Planning &amp; Scheduling.",,,,,,
0,TakefumiYamamura,,https://avatars3.githubusercontent.com/u/7766684?v=3&amp;s=100,,,,,,,,,,,,,,,Takefumi Yamamura,,,,,,,,,,,,
0,icchis,,https://avatars2.githubusercontent.com/u/8188825?v=3&amp;s=100,,,,,,,,,,,,,,,icchi(Seiya Ichiki),,,,,,,,,,,,
0,bigsea-t,,https://avatars1.githubusercontent.com/u/6690905?v=3&amp;s=100,,,,,,,,,,,,,,,bigsea,,,,,,,,,,,,
0,jinnaiyuu,,https://avatars2.githubusercontent.com/u/6532479?v=3&amp;s=100,,,,,,,,,,,,,,,Yuu David Jinnai,,,,,,,,,,,,
0,caprice-j,,https://avatars2.githubusercontent.com/u/6244800?v=3&amp;s=100,,,,,,,,,,,,,,,caprice,,,,,,,,,,,,
