﻿score,login,id,avatar_url,gravatar_id,url,html_url,followers_url,following_url,gists_url,starred_url,subscriptions_url,organizations_url,repos_url,events_url,received_events_url,type,site_admin,name,company,blog,location,email,hireable,bio,public_repos,public_gists,followers,following,created_at,updated_at
0,wilon,,https://avatars2.githubusercontent.com/u/7512755?v=3&amp;s=100,,,,,,,,,,,,,,,wilon,,,,,,PHPer.,,,,,,
0,yfgeek,,https://avatars2.githubusercontent.com/u/7533831?v=3&amp;s=100,,,,,,,,,,,,,,,Ivan,,,,,,,,,,,,
0,Vermisse,,https://avatars2.githubusercontent.com/u/17972943?v=3&amp;s=100,,,,,,,,,,,,,,,Sunki,,,,,,Java、Scala、Clojure,,,,,,
0,2tarotk,,https://avatars0.githubusercontent.com/u/1920478?v=3&amp;s=100,,,,,,,,,,,,,,,Tsuyoshi,,,,,,,,,,,,
0,AeronStory,,https://avatars2.githubusercontent.com/u/22915694?v=3&amp;s=100,,,,,,,,,,,,,,,mohammad,,,,,,,,,,,,
0,Ho3ein-Boka,,https://avatars3.githubusercontent.com/u/4402043?v=3&amp;s=100,,,,,,,,,,,,,,,Hossein Boka,,,,,,,,,,,,
0,qinix,,https://avatars0.githubusercontent.com/u/1946663?v=3&amp;s=100,,,,,,,,,,,,,,,Eric Zhang,,,,,,,,,,,,
0,AdiChat,,https://avatars0.githubusercontent.com/u/10634210?v=3&amp;s=100,,,,,,,,,,,,,,,Ãditya⛄Chatterjee,,,,,,✌️ 🎅 gave me a stone. 🍥 + 🎁 + 🍷 💃 ,,,,,,
0,perfettiful,,https://avatars3.githubusercontent.com/u/7156158?v=3&amp;s=100,,,,,,,,,,,,,,,Nathan Perfetti,,,,,,,,,,,,
0,VagrantStory,,https://avatars3.githubusercontent.com/u/4069972?v=3&amp;s=100,,,,,,,,,,,,,,,mohammad,,,,,,Developer Program Member,,,,,,
0,stoked-zz,,https://avatars2.githubusercontent.com/u/13973828?v=3&amp;s=100,,,,,,,,,,,,,,,Amie Lynn,,,,,,,,,,,,
0,tvvocold,,https://avatars2.githubusercontent.com/u/4530539?v=3&amp;s=100,,,,,,,,,,,,,,,Ray,,,,,,Do cool things that doesn&#39;t matter.,,,,,,
0,Mellnik,,https://avatars2.githubusercontent.com/u/2716498?v=3&amp;s=100,,,,,,,,,,,,,,,Wendelstein,,,,,,,,,,,,
0,MichalPaszkiewicz,,https://avatars2.githubusercontent.com/u/6673982?v=3&amp;s=100,,,,,,,,,,,,,,,Michal Paszkiewicz,,,,,,Just a guy who likes to make things @MichalYouDoing,,,,,,
0,elgalu,,https://avatars0.githubusercontent.com/u/111569?v=3&amp;s=100,,,,,,,,,,,,,,,Leo Gallucci,,,,,,Leo is the creator of docker-selenium which aims to get Selenium running as simple and fast as possible,,,,,,
0,AlexisOhanian,,https://avatars1.githubusercontent.com/u/16558434?v=3&amp;s=100,,,,,,,,,,,,,,,Alexis Ohanian,,,,,,,,,,,,
0,imraazrally,,https://avatars1.githubusercontent.com/u/10794748?v=3&amp;s=100,,,,,,,,,,,,,,,Imraaz Rally,,,,,,"C.S Graduate from NJIT, Founder / Developer @ Therapy Square ",,,,,,
0,D132,,https://avatars2.githubusercontent.com/u/4085362?v=3&amp;s=100,,,,,,,,,,,,,,,Deepak Laxmi Narasimha,,,,,,,,,,,,
0,alicaglayan,,https://avatars1.githubusercontent.com/u/5114628?v=3&amp;s=100,,,,,,,,,,,,,,,Ali İhsan ÇAĞLAYAN,,,,,,,,,,,,
0,shoshindes,,https://avatars1.githubusercontent.com/u/13901088?v=3&amp;s=100,,,,,,,,,,,,,,,Jack Thompson,,,,,,,,,,,,
0,peterkokot,,https://avatars1.githubusercontent.com/u/1614009?v=3&amp;s=100,,,,,,,,,,,,,,,Peter Kokot,,,,,,,,,,,,
0,SergioChan,,https://avatars3.githubusercontent.com/u/10103766?v=3&amp;s=100,,,,,,,,,,,,,,,江南的悲伤,,,,,,"Currently a Researcher and Hacker at RavenTech, full-stack developer and Hackathoner. Hosted the top level hackathon team @hACKbUSTER .",,,,,,
0,proforbes,,https://avatars0.githubusercontent.com/u/15100995?v=3&amp;s=100,,,,,,,,,,,,,,,ProForbes,,,,,,,,,,,,
0,angusshire,,https://avatars1.githubusercontent.com/u/5877145?v=3&amp;s=100,,,,,,,,,,,,,,,Angus H.,,,,,,Available for part-time or freelance work.,,,,,,
0,alex-cory,,https://avatars1.githubusercontent.com/u/5455859?v=3&amp;s=100,,,,,,,,,,,,,,,Alex Cory,,,,,,ʕ•̫͡•ʔ-̫͡-ʕ•͓͡•ʔ-̫͡-ʕ•̫͡•ʔ,,,,,,
0,mbunge,,https://avatars0.githubusercontent.com/u/395518?v=3&amp;s=100,,,,,,,,,,,,,,,Marco Bunge,,,,,,"My name is Marco Bunge. My toolkit consist of a combination of PHP, NodeJS, JavaScript, HTML, CSS.",,,,,,
0,Meggen,,https://avatars3.githubusercontent.com/u/14045479?v=3&amp;s=100,,,,,,,,,,,,,,,Megan,,,,,,,,,,,,
0,cusspvz,,https://avatars2.githubusercontent.com/u/3604053?v=3&amp;s=100,,,,,,,,,,,,,,,José Moreira,,,,,,"full-stack developer, ui/ux designer, musician &amp; diy entusiast",,,,,,
0,zspine,,https://avatars1.githubusercontent.com/u/1169685?v=3&amp;s=100,,,,,,,,,,,,,,,M#3,,,,,,,,,,,,
0,putzflorian,,https://avatars2.githubusercontent.com/u/1086343?v=3&amp;s=100,,,,,,,,,,,,,,,Florian Putz,,,,,,,,,,,,
