﻿score,login,id,avatar_url,gravatar_id,url,html_url,followers_url,following_url,gists_url,starred_url,subscriptions_url,organizations_url,repos_url,events_url,received_events_url,type,site_admin,name,company,blog,location,email,hireable,bio,public_repos,public_gists,followers,following,created_at,updated_at
0,edu-bot,,https://avatars0.githubusercontent.com/u/23435604?v=3&amp;s=100,,,,,,,,,,,,,,,Edu Bot,,,,,,,,,,,,
0,dengyi1992,,https://avatars3.githubusercontent.com/u/13898604?v=3&amp;s=100,,,,,,,,,,,,,,,dengyi1992,,,,,,为码痴狂,,,,,,
0,leedohyung-dba,,https://avatars2.githubusercontent.com/u/11989096?v=3&amp;s=100,,,,,,,,,,,,,,,leedohyung-dba,,,,,,,,,,,,
0,Vermisse,,https://avatars2.githubusercontent.com/u/17972943?v=3&amp;s=100,,,,,,,,,,,,,,,Sunki,,,,,,Java、Scala、Clojure,,,,,,
0,AeronStory,,https://avatars2.githubusercontent.com/u/22915694?v=3&amp;s=100,,,,,,,,,,,,,,,mohammad,,,,,,,,,,,,
0,lucasbento,,https://avatars3.githubusercontent.com/u/6207220?v=3&amp;s=100,,,,,,,,,,,,,,,Lucas Bento,,,,,,"Full-stack developer building amazing apps with #react, #reactnative, #relay, #webpack, #graphql &amp; #koa",,,,,,
0,danny200309,,https://avatars2.githubusercontent.com/u/6185661?v=3&amp;s=100,,,,,,,,,,,,,,,danny200309,,,,,,,,,,,,
0,zrcing,,https://avatars1.githubusercontent.com/u/1124192?v=3&amp;s=100,,,,,,,,,,,,,,,Gary,,,,,,"Interest PHP, Web Developer, IT",,,,,,
0,shiratsu,,https://avatars2.githubusercontent.com/u/918490?v=3&amp;s=100,,,,,,,,,,,,,,,shiratsu,,,,,,,,,,,,
0,vominhtri1107,,https://avatars2.githubusercontent.com/u/706206?v=3&amp;s=100,,,,,,,,,,,,,,,Tri,,,,,,A Full Stack Web Developer,,,,,,
0,syui,,https://avatars2.githubusercontent.com/u/1867108?v=3&amp;s=100,,,,,,,,,,,,,,,syui,,,,,,,,,,,,
0,Gooooodman,,https://avatars0.githubusercontent.com/u/13062160?v=3&amp;s=100,,,,,,,,,,,,,,,Goooood,,,,,,give me your love!,,,,,,
0,dotscript,,https://avatars0.githubusercontent.com/u/18452762?v=3&amp;s=100,,,,,,,,,,,,,,,dotscript,,,,,,,,,,,,
0,rod-lin,,https://avatars1.githubusercontent.com/u/9999958?v=3&amp;s=100,,,,,,,,,,,,,,,rod,,,,,,student,,,,,,
0,RogerFederer03,,https://avatars1.githubusercontent.com/u/5633006?v=3&amp;s=100,,,,,,,,,,,,,,,Zheng Luo,,,,,,Talk is cheap. Show me the code. -- Linus Torvalds,,,,,,
0,0xNacho,,https://avatars0.githubusercontent.com/u/2890475?v=3&amp;s=100,,,,,,,,,,,,,,,Nacho García Fernández,,,,,,,,,,,,
0,gaku-sei,,https://avatars1.githubusercontent.com/u/3982371?v=3&amp;s=100,,,,,,,,,,,,,,,Kévin Combriat,,,,,,,,,,,,
0,hassanabidpk,,https://avatars2.githubusercontent.com/u/554255?v=3&amp;s=100,,,,,,,,,,,,,,,Hassan Abid,,,,,,"Software Engineer - Hobbies are cycling, hiking and sometimes running!",,,,,,
0,AdiChat,,https://avatars0.githubusercontent.com/u/10634210?v=3&amp;s=100,,,,,,,,,,,,,,,Ãditya⛄Chatterjee,,,,,,✌️ 🎅 gave me a stone. 🍥 + 🎁 + 🍷 💃 ,,,,,,
0,MohammadRazaSEO,,https://avatars3.githubusercontent.com/u/16507462?v=3&amp;s=100,,,,,,,,,,,,,,,Mohammad Raza SEO,,,,,,,,,,,,
0,HassanAyub,,https://avatars3.githubusercontent.com/u/17778197?v=3&amp;s=100,,,,,,,,,,,,,,,Hassan Ayub,,,,,,,,,,,,
0,greeca0204,,https://avatars1.githubusercontent.com/u/1822091?v=3&amp;s=100,,,,,,,,,,,,,,,Ryan Luo,,,,,,,,,,,,
0,pisual,,https://avatars0.githubusercontent.com/u/9153294?v=3&amp;s=100,,,,,,,,,,,,,,,FelixSion,,,,,,DSN Pisual 首席设计师、蟾宫折桂科技有限公司技术总监、月牙堂科技有限公司技术总监、Stargazer（观星者）首席设计师,,,,,,
0,ChrisH221,,https://avatars3.githubusercontent.com/u/10981476?v=3&amp;s=100,,,,,,,,,,,,,,,Chris,,,,,,,,,,,,
0,VagrantStory,,https://avatars3.githubusercontent.com/u/4069972?v=3&amp;s=100,,,,,,,,,,,,,,,mohammad,,,,,,Developer Program Member,,,,,,
0,deividi86,,https://avatars3.githubusercontent.com/u/4314420?v=3&amp;s=100,,,,,,,,,,,,,,,Deividi Silva,,,,,,,,,,,,
0,stoked-zz,,https://avatars2.githubusercontent.com/u/13973828?v=3&amp;s=100,,,,,,,,,,,,,,,Amie Lynn,,,,,,,,,,,,
0,0bman,,https://avatars2.githubusercontent.com/u/1016408?v=3&amp;s=100,,,,,,,,,,,,,,,Vova,,,,,,"Ruby on Rails Engineer at Active Bridge, LLC",,,,,,
0,mindcont,,https://avatars3.githubusercontent.com/u/13744152?v=3&amp;s=100,,,,,,,,,,,,,,,張正軒,,,,,,Talk is cheap. Show me the code,,,,,,
0,Loopshape,,https://avatars3.githubusercontent.com/u/265943?v=3&amp;s=100,,,,,,,,,,,,,,,Aris Arjuna Noorsanto,,,,,,I am a certified media designer with a focus on webdesign and web development.,,,,,,
0,yl790,,https://avatars1.githubusercontent.com/u/405346?v=3&amp;s=100,,,,,,,,,,,,,,,Yitao Li,,,,,,,,,,,,
0,TheRakken,,https://avatars2.githubusercontent.com/u/4529018?v=3&amp;s=100,,,,,,,,,,,,,,,Elijah Karari,,,,,,,,,,,,
0,wicky-info,,https://avatars0.githubusercontent.com/u/8560064?v=3&amp;s=100,,,,,,,,,,,,,,,Wicky,,,,,,"Interest Ruby on Rails, Web Developer, IT ",,,,,,
0,pandcorps,,https://avatars1.githubusercontent.com/u/10601684?v=3&amp;s=100,,,,,,,,,,,,,,,Pandcorps,,,,,,,,,,,,
0,ilk33r,,https://avatars3.githubusercontent.com/u/2945335?v=3&amp;s=100,,,,,,,,,,,,,,,İlker Özcan,,,,,,,,,,,,
0,Ballinger1215,,https://avatars3.githubusercontent.com/u/16548682?v=3&amp;s=100,,,,,,,,,,,,,,,Mark Bollinger,,,,,,,,,,,,
0,stephenherko,,https://avatars1.githubusercontent.com/u/5036121?v=3&amp;s=100,,,,,,,,,,,,,,,Stephen,,,,,,,,,,,,
0,robbiegod,,https://avatars1.githubusercontent.com/u/3711317?v=3&amp;s=100,,,,,,,,,,,,,,,Robert Fletcher,,,,,,,,,,,,
0,rajcybage,,https://avatars0.githubusercontent.com/u/3119321?v=3&amp;s=100,,,,,,,,,,,,,,,Rajarshi Das,,,,,,"I was worked many projects on ruby and python and Java and build many scalable web sites using Ruby on Rails and Django. Also HTML5, JQuery, Angularjs",,,,,,
0,jacobxperez,,https://avatars3.githubusercontent.com/u/12118650?v=3&amp;s=100,,,,,,,,,,,,,,,Jacob Perez,,,,,,,,,,,,
0,MingXingTeam,,https://avatars3.githubusercontent.com/u/4523625?v=3&amp;s=100,,,,,,,,,,,,,,,孤独的崛起,,,,,,,,,,,,
0,whatAboutJohn,,https://avatars2.githubusercontent.com/u/2984230?v=3&amp;s=100,,,,,,,,,,,,,,,John Molina,,,,,,,,,,,,
0,EdoLabWorks,,https://avatars3.githubusercontent.com/u/13027047?v=3&amp;s=100,,,,,,,,,,,,,,,Ed Alegrid,,,,,,,,,,,,
0,supersabillon,,https://avatars3.githubusercontent.com/u/1537642?v=3&amp;s=100,,,,,,,,,,,,,,,Joel Sabillon,,,,,,,,,,,,
0,andreguedes,,https://avatars1.githubusercontent.com/u/4925429?v=3&amp;s=100,,,,,,,,,,,,,,,André Ricardo de Souza Guedes,,,,,,,,,,,,
0,s890506,,https://avatars1.githubusercontent.com/u/6110266?v=3&amp;s=100,,,,,,,,,,,,,,,Red One,,,,,,Having being a full stack engineer. Committed to the promotion of Hackschooling and maker culture. I expect coding can change the world.,,,,,,
0,cnbin,,https://avatars0.githubusercontent.com/u/8576832?v=3&amp;s=100,,,,,,,,,,,,,,,陈斌彬,,,,,,"Stay hungry,stay foolish",,,,,,
0,TsutomuNakamura,,https://avatars3.githubusercontent.com/u/10674169?v=3&amp;s=100,,,,,,,,,,,,,,,Tsutomu Nakamura,,,,,,,,,,,,
0,IanBoyanZhang,,https://avatars1.githubusercontent.com/u/4110995?v=3&amp;s=100,,,,,,,,,,,,,,,Ian Zhang,,,,,,ianboyanzhang@gmail.com,,,,,,
0,existenzial,,https://avatars3.githubusercontent.com/u/10368585?v=3&amp;s=100,,,,,,,,,,,,,,,Jazz Lyles,,,,,,"They / Them: GameDev, frontend frameworks, and accessible EdTech drive me",,,,,,
0,truistic,,https://avatars0.githubusercontent.com/u/13405103?v=3&amp;s=100,,,,,,,,,,,,,,,truistic,,,,,,Beginner&#39;s mind.,,,,,,
