﻿score,login,id,avatar_url,gravatar_id,url,html_url,followers_url,following_url,gists_url,starred_url,subscriptions_url,organizations_url,repos_url,events_url,received_events_url,type,site_admin,name,company,blog,location,email,hireable,bio,public_repos,public_gists,followers,following,created_at,updated_at
0,wilon,,https://avatars2.githubusercontent.com/u/7512755?v=3&amp;s=100,,,,,,,,,,,,,,,wilon,,,,,,PHPer.,,,,,,
0,AeronStory,,https://avatars2.githubusercontent.com/u/22915694?v=3&amp;s=100,,,,,,,,,,,,,,,mohammad,,,,,,,,,,,,
0,kahboom,,https://avatars1.githubusercontent.com/u/3844502?v=3&amp;s=100,,,,,,,,,,,,,,,Rachel Yordán,,,,,,"Senior software engineer at Red Hat. Programmer, daydreamer. Studied chemistry. ⇋ #java #javascript #nodejs #c #unix #apis",,,,,,
0,rod-lin,,https://avatars1.githubusercontent.com/u/9999958?v=3&amp;s=100,,,,,,,,,,,,,,,rod,,,,,,student,,,,,,
0,chenxueyu,,https://avatars0.githubusercontent.com/u/15826080?v=3&amp;s=100,,,,,,,,,,,,,,,陈雪玉,,,,,,,,,,,,
0,ginngle,,https://avatars3.githubusercontent.com/u/5771779?v=3&amp;s=100,,,,,,,,,,,,,,,ginngle,,,,,,,,,,,,
0,VagrantStory,,https://avatars3.githubusercontent.com/u/4069972?v=3&amp;s=100,,,,,,,,,,,,,,,mohammad,,,,,,Developer Program Member,,,,,,
0,stoked-zz,,https://avatars2.githubusercontent.com/u/13973828?v=3&amp;s=100,,,,,,,,,,,,,,,Amie Lynn,,,,,,,,,,,,
0,cjbforgit,,https://avatars1.githubusercontent.com/u/12509157?v=3&amp;s=100,,,,,,,,,,,,,,,cjbforgit,,,,,,,,,,,,
0,JinXM,,https://avatars3.githubusercontent.com/u/9710576?v=3&amp;s=100,,,,,,,,,,,,,,,金徐明,,,,,,平民样本,,,,,,
0,chenxjGit,,https://avatars3.githubusercontent.com/u/12508997?v=3&amp;s=100,,,,,,,,,,,,,,,chenxjGit,,,,,,,,,,,,
0,JiangXuanYi,,https://avatars2.githubusercontent.com/u/11954131?v=3&amp;s=100,,,,,,,,,,,,,,,JeanJiangxuan,,,,,,,,,,,,
