﻿score,login,id,gravatar_id,avatar_url,url,html_url,followers_url,following_url,gists_url,starred_url,subscriptions_url,organizations_url,repos_url,events_url,received_events_url,type,site_admin,name,company,blog,location,email,hireable,bio,public_repos,public_gists,followers,following,created_at,updated_at
0,wilon,,,https://avatars2.githubusercontent.com/u/7512755?v=3&amp;s=100,,,,,,,,,,,,,,wilon,,,,,,PHPer.,,,,,,
0,AeronStory,,,https://avatars2.githubusercontent.com/u/22915694?v=3&amp;s=100,,,,,,,,,,,,,,mohammad,,,,,,,,,,,,
0,mssalvo,,,https://avatars3.githubusercontent.com/u/5181298?v=3&amp;s=100,,,,,,,,,,,,,,Salvo,,,,,,,,,,,,
0,sannamat,,,https://avatars0.githubusercontent.com/u/19423508?v=3&amp;s=100,,,,,,,,,,,,,,Shoilen Sannamat,,,,,,,,,,,,
0,ellenemma,,,https://avatars0.githubusercontent.com/u/19285079?v=3&amp;s=100,,,,,,,,,,,,,,ellenemma,,,,,,,,,,,,
0,lidinghao,,,https://avatars3.githubusercontent.com/u/1456667?v=3&amp;s=100,,,,,,,,,,,,,,Greg Lee,,,,,,,,,,,,
0,JeorgeMatt,,,https://avatars3.githubusercontent.com/u/18130056?v=3&amp;s=100,,,,,,,,,,,,,,Jeorge Matthew,,,,,,,,,,,,
0,stoked-zz,,,https://avatars2.githubusercontent.com/u/13973828?v=3&amp;s=100,,,,,,,,,,,,,,Amie Lynn,,,,,,,,,,,,
0,MichalPaszkiewicz,,,https://avatars2.githubusercontent.com/u/6673982?v=3&amp;s=100,,,,,,,,,,,,,,Michal Paszkiewicz,,,,,,Just a guy who likes to make things @MichalYouDoing,,,,,,
0,soyelmnd,,,https://avatars2.githubusercontent.com/u/2678063?v=3&amp;s=100,,,,,,,,,,,,,,Minh Nguyen,,,,,,,,,,,,
0,angusshire,,,https://avatars1.githubusercontent.com/u/5877145?v=3&amp;s=100,,,,,,,,,,,,,,Angus H.,,,,,,Available for part-time or freelance work.,,,,,,
0,harithsa,,,https://avatars2.githubusercontent.com/u/14597214?v=3&amp;s=100,,,,,,,,,,,,,,Vishruth Harithsa BN,,,,,,Co-Founder and CTO in Inspired Memories and a Passionate Coder with some Interest in Photography and Astrophysics. Friendship is My World,,,,,,
0,Vharithsa,,,https://avatars2.githubusercontent.com/u/10086243?v=3&amp;s=100,,,,,,,,,,,,,,Vishruth Harithsa,,,,,,,,,,,,
