﻿score,login,id,avatar_url,gravatar_id,url,html_url,followers_url,following_url,gists_url,starred_url,subscriptions_url,organizations_url,repos_url,events_url,received_events_url,type,site_admin,name,company,blog,location,email,hireable,bio,public_repos,public_gists,followers,following,created_at,updated_at
0,wilon,,https://avatars2.githubusercontent.com/u/7512755?v=3&amp;s=100,,,,,,,,,,,,,,,wilon,,,,,,PHPer.,,,,,,
0,ternsip,,https://avatars3.githubusercontent.com/u/10179239?v=3&amp;s=100,,,,,,,,,,,,,,,Ternsip,,,,,,If you are alone - imagine that you are Gordon Freeman.,,,,,,
0,rdho,,https://avatars2.githubusercontent.com/u/6601364?v=3&amp;s=100,,,,,,,,,,,,,,,Fuad Rido Awaludin,,,,,,sudo scientist,,,,,,
0,c-hering,,https://avatars3.githubusercontent.com/u/11985544?v=3&amp;s=100,,,,,,,,,,,,,,,Caleb Hering,,,,,,,,,,,,
0,MyasarRasool,,https://avatars0.githubusercontent.com/u/11027595?v=3&amp;s=100,,,,,,,,,,,,,,,Myasar,,,,,,,,,,,,
0,robertjack,,https://avatars3.githubusercontent.com/u/1023269?v=3&amp;s=100,,,,,,,,,,,,,,, Robbie Jack,,,,,,Web Developer + Digital Marketer. Co-Founder + CMO at Fitbot.,,,,,,
0,manishmarahatta,,https://avatars2.githubusercontent.com/u/13973154?v=3&amp;s=100,,,,,,,,,,,,,,,Manish Marahatta,,,,,,,,,,,,
0,sydafq,,https://avatars1.githubusercontent.com/u/12887435?v=3&amp;s=100,,,,,,,,,,,,,,,Syed Afiq,,,,,,Occasional Code Monkey Extraordinaire,,,,,,
0,yibeizifd,,https://avatars1.githubusercontent.com/u/9473923?v=3&amp;s=100,,,,,,,,,,,,,,,zhang,,,,,,,,,,,,
0,SavaIvanov9,,https://avatars3.githubusercontent.com/u/13286618?v=3&amp;s=100,,,,,,,,,,,,,,,Savata,,,,,,,,,,,,
0,iagocavalcante,,https://avatars2.githubusercontent.com/u/5131187?v=3&amp;s=100,,,,,,,,,,,,,,,Iago Angelim Cavalcante,,,,,,"Desenvolvedor web e desktop, trabalho na área a 2 anos, entusiasta a maker e desenvolvimento de hardwares, Bacharel em Engenharia da computação. ",,,,,,
0,coffee2theorems,,https://avatars0.githubusercontent.com/u/7843313?v=3&amp;s=100,,,,,,,,,,,,,,,Ryan Monaghan,,,,,,I teach High School Computer Science,,,,,,
0,Yakiel,,https://avatars3.githubusercontent.com/u/13603780?v=3&amp;s=100,,,,,,,,,,,,,,,Y4k,,,,,,Full-stack Developer | Graphic Designer,,,,,,
0,nyaapass,,https://avatars0.githubusercontent.com/u/13141973?v=3&amp;s=100,,,,,,,,,,,,,,,nyaapass,,,,,,,,,,,,
0,ninjaotoko,,https://avatars1.githubusercontent.com/u/999228?v=3&amp;s=100,,,,,,,,,,,,,,,Xavier Lesa,,,,,,,,,,,,
0,MohanL,,https://avatars3.githubusercontent.com/u/10900547?v=3&amp;s=100,,,,,,,,,,,,,,,MohanL,,,,,,,,,,,,
0,Vermisse,,https://avatars2.githubusercontent.com/u/17972943?v=3&amp;s=100,,,,,,,,,,,,,,,Sunki,,,,,,Java、Scala、Clojure,,,,,,
0,sam0hack,,https://avatars1.githubusercontent.com/u/5379650?v=3&amp;s=100,,,,,,,,,,,,,,,sam,,,,,,full stack developer,,,,,,
0,AeronStory,,https://avatars2.githubusercontent.com/u/22915694?v=3&amp;s=100,,,,,,,,,,,,,,,mohammad,,,,,,,,,,,,
0,jennylia,,https://avatars2.githubusercontent.com/u/5767549?v=3&amp;s=100,,,,,,,,,,,,,,,Jenny Lian,,,,,,"!Nerd but close, @jennybunny00",,,,,,
0,syedirfan7,,https://avatars1.githubusercontent.com/u/6966314?v=3&amp;s=100,,,,,,,,,,,,,,,Irfan Syed,,,,,,,,,,,,
0,WuHarry,,https://avatars1.githubusercontent.com/u/12295975?v=3&amp;s=100,,,,,,,,,,,,,,,Harry Wu,,,,,,,,,,,,
0,aMinuteMan,,https://avatars0.githubusercontent.com/u/8678262?v=3&amp;s=100,,,,,,,,,,,,,,,Aman Nidhi,,,,,,Let&#39;s Recurse https://github.com/aMinuteMan,,,,,,
0,shivamshekhar,,https://avatars1.githubusercontent.com/u/13262314?v=3&amp;s=100,,,,,,,,,,,,,,,Shivam Shekhar,,,,,,,,,,,,
0,nirmalks,,https://avatars0.githubusercontent.com/u/4947233?v=3&amp;s=100,,,,,,,,,,,,,,,Nirmal Kumar K S,,,,,,,,,,,,
0,danny200309,,https://avatars2.githubusercontent.com/u/6185661?v=3&amp;s=100,,,,,,,,,,,,,,,danny200309,,,,,,,,,,,,
0,alhot,,https://avatars2.githubusercontent.com/u/13774396?v=3&amp;s=100,,,,,,,,,,,,,,,Alberto Mejia,,,,,,,,,,,,
0,StevenMedina,,https://avatars0.githubusercontent.com/u/9811859?v=3&amp;s=100,,,,,,,,,,,,,,,Steven Medina,,,,,,Amante de la programación :smile: ciclista apasionado :bicyclist: aficionado de la música instrumental :guitar: encantado con :green_book: fascinado con :stars:,,,,,,
0,thekeyboardcaper,,https://avatars1.githubusercontent.com/u/11773588?v=3&amp;s=100,,,,,,,,,,,,,,,thekeyboardcaper,,,,,,,,,,,,
0,kenjiro7,,https://avatars3.githubusercontent.com/u/2861122?v=3&amp;s=100,,,,,,,,,,,,,,,Kenjiro Sarjonator,,,,,,,,,,,,
0,Nurana,,https://avatars2.githubusercontent.com/u/14014372?v=3&amp;s=100,,,,,,,,,,,,,,,Nurana Verdiyeva,,,,,,,,,,,,
0,ShoeTurtle,,https://avatars0.githubusercontent.com/u/1379415?v=3&amp;s=100,,,,,,,,,,,,,,,Binay Budhathoki,,,,,,,,,,,,
0,hiuryoliveira,,https://avatars3.githubusercontent.com/u/2510591?v=3&amp;s=100,,,,,,,,,,,,,,,Hiury Oliveira,,,,,,"Aficionado por códigos e novas tecnologias, acredita que programar é uma das únicas coisas no mundo na qual você pode fazer algo completamente novo.",,,,,,
0,jmrenouard,,https://avatars3.githubusercontent.com/u/620907?v=3&amp;s=100,,,,,,,,,,,,,,,Jean-Marie Renouard,,,,,,,,,,,,
0,NghiaTranUIT,,https://avatars2.githubusercontent.com/u/5878421?v=3&amp;s=100,,,,,,,,,,,,,,,Nghia Tran,,,,,,Do all things at feels.com,,,,,,
0,pythontrending,,https://avatars0.githubusercontent.com/u/10108228?v=3&amp;s=100,,,,,,,,,,,,,,,pythontrending,,,,,,,,,,,,
0,filipe-abreu,,https://avatars1.githubusercontent.com/u/932447?v=3&amp;s=100,,,,,,,,,,,,,,,Filipe Abreu,,,,,,,,,,,,
0,DarkLT,,https://avatars2.githubusercontent.com/u/15633538?v=3&amp;s=100,,,,,,,,,,,,,,,DarkLT,,,,,,,,,,,,
0,neomadara,,https://avatars1.githubusercontent.com/u/5944757?v=3&amp;s=100,,,,,,,,,,,,,,,Cristian Gutiérrez,,,,,,"Me encanta ser desarrollador web, en un par de años mas me veo enseñando en las universidades o a quienes quieran aprender ✌️ ",,,,,,
0,xiaoshanlin000,,https://avatars3.githubusercontent.com/u/5867735?v=3&amp;s=100,,,,,,,,,,,,,,,xiaoshanlin000,,,,,,sl,,,,,,
0,I2obiN,,https://avatars2.githubusercontent.com/u/7683830?v=3&amp;s=100,,,,,,,,,,,,,,,I2obiN,,,,,,BSc. 4th Year Computer Science,,,,,,
0,JohnGomez,,https://avatars1.githubusercontent.com/u/7232573?v=3&amp;s=100,,,,,,,,,,,,,,,John Gomez,,,,,,,,,,,,
0,rizwankce,,https://avatars2.githubusercontent.com/u/12063704?v=3&amp;s=100,,,,,,,,,,,,,,,Rizwan Mohamed Ibrahim,,,,,,iOS developer by passion - undercover UI designer at night.Fanboy.Made in India and working at @scantrust Shanghai. Living between marvels and DC world,,,,,,
0,cipiricus,,https://avatars2.githubusercontent.com/u/10581339?v=3&amp;s=100,,,,,,,,,,,,,,,Ciprian,,,,,,,,,,,,
0,KernelMonkey,,https://avatars0.githubusercontent.com/u/1006044?v=3&amp;s=100,,,,,,,,,,,,,,,Orazio Briante,,,,,,Ph.D. in Information Engineering.,,,,,,
0,kilfu0701,,https://avatars2.githubusercontent.com/u/1064237?v=3&amp;s=100,,,,,,,,,,,,,,,kilfu0701,,,,,,Software Engineer. Enjoy traveling &amp; interest in new technologies.,,,,,,
0,deepshaswat,,https://avatars0.githubusercontent.com/u/1560547?v=3&amp;s=100,,,,,,,,,,,,,,,Shaswat Deep,,,,,,"QA Eng, INTJ, Agnostic, rest coming soon ;)",,,,,,
0,spg7484,,https://avatars0.githubusercontent.com/u/4558946?v=3&amp;s=100,,,,,,,,,,,,,,,Ganesan Srinivasan,,,,,,,,,,,,
0,dotscript,,https://avatars0.githubusercontent.com/u/18452762?v=3&amp;s=100,,,,,,,,,,,,,,,dotscript,,,,,,,,,,,,
0,Guru107,,https://avatars1.githubusercontent.com/u/5235591?v=3&amp;s=100,,,,,,,,,,,,,,,Gurudatt Kulkarni,,,,,,,,,,,,
0,rifaj,,https://avatars1.githubusercontent.com/u/8567491?v=3&amp;s=100,,,,,,,,,,,,,,,Rifaj Aboobacker,,,,,,,,,,,,
