﻿[
    {
        "Followers": [
            "souying",
            "weimingtom",
            "AndiChiou",
            "Vermisse",
            "BFush",
            "nikelius",
            "happyqq",
            "AmorBlog",
            "evinw",
            "WinnieHanR",
            "gmkhussain",
            "zp1112",
            "axolo",
            "cusspvz"
        ],
        "Followings": [
            "electron-bot",
            "spf13",
            "inconshreveable",
            "robbyrussell",
            "Sioxas",
            "johnleider",
            "sebmarkbage",
            "jonathanong",
            "paulirish",
            "sindresorhus",
            "addyosmani",
            "JakeWharton",
            "torvalds",
            "aleafs",
            "Unknwon",
            "cheng",
            "Stitchpunk",
            "BFush",
            "yyx990803",
            "scarletsky",
            "ashleygwilliams",
            "darkdh",
            "BrendanEich",
            "JacksonTian",
            "maximecb",
            "jennboyce",
            "mbances",
            "rakyll",
            "diracdeltas",
            "olkinn",
            "tj",
            "ErisDS",
            "samraosmanova",
            "k8stone",
            "nathansobo",
            "kevinsawicki",
            "ivadim",
            "wendycan",
            "NARKOZ",
            "i5ting",
            "gkoo",
            "yPangXie",
            "janebautina",
            "akueisara",
            "labarreto",
            "blondiebytes",
            "WinnieHanR",
            "cusspvz",
            "axolo",
            "andrewsyc",
            "wanyanshaofeng"
        ],
        "Repositories": null,
        "Stars": null,
        "User": {
            "Extension": null,
            "avatar_url": null,
            "bio": null,
            "blog": null,
            "company": null,
            "created_at": null,
            "email": null,
            "events_url": null,
            "followers": null,
            "followers_url": null,
            "following": null,
            "following_url": null,
            "gists_url": null,
            "gravatar_id": null,
            "hireable": null,
            "html_url": null,
            "id": null,
            "location": null,
            "login": "amor520",
            "name": null,
            "organizations_url": null,
            "public_gists": null,
            "public_repos": null,
            "received_events_url": null,
            "repos_url": null,
            "score": 0,
            "site_admin": null,
            "starred_url": null,
            "subscriptions_url": null,
            "type": null,
            "updated_at": null,
            "url": null
        }
    }
]