﻿[
    {
        "Followers": [
            "mikeant42",
            "BZoennchen",
            "namin",
            "AndiChiou",
            "aamiralahazan",
            "kfalconspb",
            "Vermisse",
            "edu-bot",
            "chisaramai",
            "dashswati",
            "evinw",
            "Allen-Liang",
            "dsmoore",
            "bihcode",
            "gmkhussain",
            "zexpp5",
            "MarionH2h",
            "sigmaticsMUC",
            "toxtli",
            "MichalPaszkiewicz",
            "Vroni22",
            "juliabecker",
            "stoked-zz",
            "sasha240100",
            "AnthonyoscarOkoth",
            "angusshire",
            "tsiliakis",
            "Xaverl",
            "Lesya91",
            "shoshindes",
            "cusspvz",
            "pmav",
            "murej",
            "hacklschorsch",
            "FabianHoltkoetter",
            "trampi",
            "thomai",
            "jpb11",
            "chanton1392",
            "nvcleemp",
            "pbeek1982",
            "bbuecherl",
            "Sanjo"
        ],
        "Followings": [
            "zol",
            "manakor",
            "BZoennchen",
            "ben",
            "beigeotter",
            "si74",
            "ltagliaferri",
            "hazel-nut",
            "magicgrl111",
            "rhlff",
            "jgraichen",
            "hklement",
            "bluesabre",
            "fuzziness",
            "BFush",
            "ggreer",
            "chisaramai",
            "dae",
            "Portabella",
            "pinguar",
            "ffffux",
            "renrutnnej",
            "zoepage",
            "patriciagarcia",
            "shkodm",
            "scottopell",
            "3b1b",
            "aparrish",
            "cecileboucheron",
            "manuelruder",
            "zeke",
            "carlosFPGA",
            "mariushoch",
            "anjeve",
            "ammeep",
            "LizzHale",
            "niklasvh",
            "andrewsyc",
            "parkjs814",
            "mairatma",
            "Gazler",
            "henu",
            "axelpale",
            "cambecc",
            "mrcrgl",
            "TommesJay",
            "jimbo00000",
            "shancarter",
            "dsmilkov",
            "jmoritzmueller",
            "dominikschreiber"
        ],
        "Repositories": null,
        "Stars": null,
        "User": {
            "Extension": null,
            "avatar_url": null,
            "bio": null,
            "blog": null,
            "company": null,
            "created_at": null,
            "email": null,
            "events_url": null,
            "followers": null,
            "followers_url": null,
            "following": null,
            "following_url": null,
            "gists_url": null,
            "gravatar_id": null,
            "hireable": null,
            "html_url": null,
            "id": null,
            "location": null,
            "login": "benjaminaaron",
            "name": null,
            "organizations_url": null,
            "public_gists": null,
            "public_repos": null,
            "received_events_url": null,
            "repos_url": null,
            "score": 0,
            "site_admin": null,
            "starred_url": null,
            "subscriptions_url": null,
            "type": null,
            "updated_at": null,
            "url": null
        }
    }
]