﻿[
    {
        "Followers": [
            "AndiChiou",
            "Vermisse",
            "BFush",
            "Jogga",
            "simbuerg",
            "lanzafame",
            "MichalPaszkiewicz",
            "M3hrL1cht",
            "Felix11H",
            "gwutz",
            "pedroinformatico",
            "skipshot4",
            "jackspirou",
            "janvajda",
            "Trigger81",
            "RIPchen",
            "roteskamel",
            "ugene143",
            "Rameos",
            "Rickyfox",
            "marcorei",
            "ptnplanet",
            "Pindar"
        ],
        "Followings": [
            "BFush",
            "fredtcaroli",
            "M3hrL1cht",
            "derfl0",
            "simbuerg",
            "griesemer",
            "rupertMme",
            "ugene143",
            "rickfox",
            "Rameos",
            "martinSteidele",
            "lancetekk",
            "thomaspenteker",
            "sebastianhenneberg",
            "marcorei",
            "ptnplanet",
            "Pindar"
        ],
        "Repositories": null,
        "Stars": null,
        "User": {
            "Extension": null,
            "avatar_url": null,
            "bio": null,
            "blog": null,
            "company": null,
            "created_at": null,
            "email": null,
            "events_url": null,
            "followers": null,
            "followers_url": null,
            "following": null,
            "following_url": null,
            "gists_url": null,
            "gravatar_id": null,
            "hireable": null,
            "html_url": null,
            "id": null,
            "location": null,
            "login": "blang",
            "name": null,
            "organizations_url": null,
            "public_gists": null,
            "public_repos": null,
            "received_events_url": null,
            "repos_url": null,
            "score": 0,
            "site_admin": null,
            "starred_url": null,
            "subscriptions_url": null,
            "type": null,
            "updated_at": null,
            "url": null
        }
    }
]