﻿[
    {
        "Followers": [
            "iamyoginth",
            "titsuki",
            "rebeling",
            "AndiChiou",
            "loveJasmine",
            "Vermisse",
            "BFush",
            "andresmasegosa",
            "ramonsenadev",
            "gabrielpeixoto",
            "ddanborges",
            "fly51fly",
            "cretchas",
            "joabepinheiro"
        ],
        "Followings": [
            "titsuki",
            "BFush",
            "jodaiber",
            "SimonSuster",
            "wojzaremba",
            "danielhers",
            "knuppe",
            "dmit25",
            "ramonsenadev",
            "mpsilfve",
            "vjeranc",
            "pommedeterresautee",
            "KaiWeiChang",
            "leondz",
            "bplank",
            "msevrens",
            "tokestermw",
            "yalesong",
            "HadoopIt",
            "datquocnguyen",
            "metpallyv",
            "akkikiki",
            "taku910",
            "tianjianjiang",
            "hiroshi-manabe",
            "minwoo",
            "Sentimentron",
            "erickrf",
            "zseder",
            "VikingMew",
            "eecrazy",
            "WladimirSidorenko",
            "dsindex",
            "Oneplus",
            "usptact",
            "colincsl",
            "napsternxg",
            "memeda",
            "zhongkaifu",
            "loveJasmine"
        ],
        "Repositories": null,
        "Stars": null,
        "User": {
            "Extension": null,
            "avatar_url": null,
            "bio": null,
            "blog": null,
            "company": null,
            "created_at": null,
            "email": null,
            "events_url": null,
            "followers": null,
            "followers_url": null,
            "following": null,
            "following_url": null,
            "gists_url": null,
            "gravatar_id": null,
            "hireable": null,
            "html_url": null,
            "id": null,
            "location": null,
            "login": "bratao",
            "name": null,
            "organizations_url": null,
            "public_gists": null,
            "public_repos": null,
            "received_events_url": null,
            "repos_url": null,
            "score": 0,
            "site_admin": null,
            "starred_url": null,
            "subscriptions_url": null,
            "type": null,
            "updated_at": null,
            "url": null
        }
    }
]