﻿[
    {
        "Followers": [
            "AndiChiou",
            "BFush",
            "ReidHolmes",
            "Vermisse",
            "sosuke-k",
            "loveaffair26",
            "lingocyre",
            "FumikoIshizawa",
            "inver39",
            "rod-lin",
            "RogerFederer03",
            "irshuLx",
            "gmkhussain",
            "AdiChat",
            "pumpkinheader",
            "MichalPaszkiewicz",
            "ternsip",
            "pittkao",
            "Stephanie1125",
            "matthew-z",
            "imulan",
            "graph226"
        ],
        "Followings": [
            "BFush",
            "ruanyf",
            "zouliping",
            "lingocyre",
            "voisine",
            "RogerFederer03",
            "sitilge",
            "liu-dongyu",
            "acgtyrant",
            "rod-lin",
            "irshuLx",
            "Xuanwo",
            "AdiChat",
            "gmkhussain",
            "FumikoIshizawa",
            "ternsip",
            "MichalPaszkiewicz",
            "aronwc",
            "iwiwi",
            "Stephanie1125",
            "MikeMirzayanov",
            "sirrice",
            "julycoding",
            "felix021",
            "AshokRajpurohit",
            "VikParuchuri",
            "manning",
            "kadotami",
            "imulan",
            "sosuke-k",
            "programthink",
            "matthew-z",
            "pumpkinheader",
            "graph226",
            "footearth",
            "clowwindy",
            "vczh",
            "wzpan",
            "kainy",
            "rodrigoalvesvieira",
            "huangz1990",
            "NeonGo"
        ],
        "Repositories": null,
        "Stars": null,
        "User": {
            "Extension": null,
            "avatar_url": null,
            "bio": null,
            "blog": null,
            "company": null,
            "created_at": null,
            "email": null,
            "events_url": null,
            "followers": null,
            "followers_url": null,
            "following": null,
            "following_url": null,
            "gists_url": null,
            "gravatar_id": null,
            "hireable": null,
            "html_url": null,
            "id": null,
            "location": null,
            "login": "Byelaney",
            "name": null,
            "organizations_url": null,
            "public_gists": null,
            "public_repos": null,
            "received_events_url": null,
            "repos_url": null,
            "score": 0,
            "site_admin": null,
            "starred_url": null,
            "subscriptions_url": null,
            "type": null,
            "updated_at": null,
            "url": null
        }
    }
]