﻿[
    {
        "Followers": [
            "AndiChiou",
            "Vermisse",
            "BFush"
        ],
        "Followings": [
            "wesbos",
            "mathisonian",
            "ruanyf",
            "gaubert",
            "samyk",
            "josephyzhou",
            "rushter",
            "spicyj",
            "BFush",
            "karissa",
            "karpathy",
            "asmeurer",
            "novemberborn",
            "dhamaniasad",
            "isaacs",
            "ZuzooVn",
            "watson",
            "mattrajca",
            "verekia",
            "mzabriskie",
            "yfgeek",
            "jwasham",
            "drathier",
            "loiclec",
            "sindresorhus",
            "vhf",
            "alexjc",
            "japerk",
            "ccoenraets",
            "feross",
            "addyosmani",
            "mafintosh",
            "tj",
            "substack",
            "torvalds",
            "hardmaru"
        ],
        "Repositories": null,
        "Stars": null,
        "User": {
            "Extension": null,
            "avatar_url": null,
            "bio": null,
            "blog": null,
            "company": null,
            "created_at": null,
            "email": null,
            "events_url": null,
            "followers": null,
            "followers_url": null,
            "following": null,
            "following_url": null,
            "gists_url": null,
            "gravatar_id": null,
            "hireable": null,
            "html_url": null,
            "id": null,
            "location": null,
            "login": "dio9527",
            "name": null,
            "organizations_url": null,
            "public_gists": null,
            "public_repos": null,
            "received_events_url": null,
            "repos_url": null,
            "score": 0,
            "site_admin": null,
            "starred_url": null,
            "subscriptions_url": null,
            "type": null,
            "updated_at": null,
            "url": null
        }
    }
]