﻿[
    {
        "Followers": [
            "mikeant42",
            "AndiChiou",
            "Vermisse",
            "kajalthecoder"
        ],
        "Followings": [
            "dibyaghosh",
            "BFush",
            "Dawny33",
            "zpardos",
            "manning",
            "smilli",
            "seanabu",
            "wesm",
            "jarrodmillman",
            "amueller"
        ],
        "Repositories": null,
        "Stars": null,
        "User": {
            "Extension": null,
            "avatar_url": null,
            "bio": null,
            "blog": null,
            "company": null,
            "created_at": null,
            "email": null,
            "events_url": null,
            "followers": null,
            "followers_url": null,
            "following": null,
            "following_url": null,
            "gists_url": null,
            "gravatar_id": null,
            "hireable": null,
            "html_url": null,
            "id": null,
            "location": null,
            "login": "divyansha",
            "name": null,
            "organizations_url": null,
            "public_gists": null,
            "public_repos": null,
            "received_events_url": null,
            "repos_url": null,
            "score": 0,
            "site_admin": null,
            "starred_url": null,
            "subscriptions_url": null,
            "type": null,
            "updated_at": null,
            "url": null
        }
    }
]