﻿score,following,login,created_at,id,updated_at,avatar_url,gravatar_id,url,html_url,followers_url,following_url,gists_url,starred_url,subscriptions_url,organizations_url,repos_url,events_url,received_events_url,type,site_admin,name,company,blog,location,email,hireable,bio,public_repos,public_gists,followers
0,,wilon,,,,https://avatars2.githubusercontent.com/u/7512755?v=3&amp;s=100,,,,,,,,,,,,,,,wilon,,,,,,PHPer.,,,
0,,EonKid,,,,https://avatars0.githubusercontent.com/u/13067085?v=3&amp;s=100,,,,,,,,,,,,,,,Dhruv Narayan Singh ,,,,,,I am iOS Engineer,,,
0,,AeronStory,,,,https://avatars2.githubusercontent.com/u/22915694?v=3&amp;s=100,,,,,,,,,,,,,,,mohammad,,,,,,,,,
0,,deborahelizabethpadilla,,,,https://avatars3.githubusercontent.com/u/20284373?v=3&amp;s=100,,,,,,,,,,,,,,,Deborah Elizabeth Padilla,,,,,,Developer that loves to innovate by using different passions.,,,
0,,cahergil,,,,https://avatars2.githubusercontent.com/u/12985910?v=3&amp;s=100,,,,,,,,,,,,,,,Carlos Hernández Gil,,,,,,,,,
