﻿score,id,avatar_url,gravatar_id,url,html_url,followers_url,following_url,gists_url,starred_url,subscriptions_url,organizations_url,repos_url,events_url,received_events_url,type,site_admin,name,company,blog,location,email,hireable,bio,public_repos,public_gists,followers,following,created_at,updated_at,login
0,,https://avatars2.githubusercontent.com/u/7512755?v=3&amp;s=100,,,,,,,,,,,,,,,wilon,,,,,,PHPer.,,,,,,,wilon
0,,https://avatars1.githubusercontent.com/u/16891626?v=3&amp;s=100,,,,,,,,,,,,,,,Sion Yu,,,,,,Java Programmer,,,,,,,icaynia
0,,https://avatars2.githubusercontent.com/u/22915694?v=3&amp;s=100,,,,,,,,,,,,,,,mohammad,,,,,,,,,,,,,AeronStory
0,,https://avatars1.githubusercontent.com/u/539148?v=3&amp;s=100,,,,,,,,,,,,,,,Txmod Xoops,,,,,,,,,,,,,txmodxoops
0,,https://avatars2.githubusercontent.com/u/2020098?v=3&amp;s=100,,,,,,,,,,,,,,,Angelo Rocha,,,,,,,,,,,,,angelorocha
0,,https://avatars0.githubusercontent.com/u/200705?v=3&amp;s=100,,,,,,,,,,,,,,,Luiz Carlos B.,,,,,,,,,,,,,Andrax
0,,https://avatars2.githubusercontent.com/u/613686?v=3&amp;s=100,,,,,,,,,,,,,,,Mamba (Michael Beck),,,,,,,,,,,,,mambax7
