﻿score,login,id,avatar_url,gravatar_id,url,html_url,followers_url,following_url,gists_url,starred_url,subscriptions_url,organizations_url,repos_url,events_url,received_events_url,type,site_admin,name,company,blog,location,email,hireable,bio,public_repos,public_gists,followers,following,created_at,updated_at
0,wilon,,https://avatars2.githubusercontent.com/u/7512755?v=3&amp;s=100,,,,,,,,,,,,,,,wilon,,,,,,PHPer.,,,,,,
0,icaynia,,https://avatars1.githubusercontent.com/u/16891626?v=3&amp;s=100,,,,,,,,,,,,,,,Sion Yu,,,,,,Java Programmer,,,,,,
0,ali-roustaei,,https://avatars1.githubusercontent.com/u/10558930?v=3&amp;s=100,,,,,,,,,,,,,,,Ali Roustaei,,,,,,,,,,,,
0,AeronStory,,https://avatars2.githubusercontent.com/u/22915694?v=3&amp;s=100,,,,,,,,,,,,,,,mohammad,,,,,,,,,,,,
0,mshirdel,,https://avatars3.githubusercontent.com/u/3043118?v=3&amp;s=100,,,,,,,,,,,,,,,Meysam,,,,,,,,,,,,
0,Blaster-777,,https://avatars0.githubusercontent.com/u/6900291?v=3&amp;s=100,,,,,,,,,,,,,,,blaster,,,,,,,,,,,,
0,VagrantStory,,https://avatars3.githubusercontent.com/u/4069972?v=3&amp;s=100,,,,,,,,,,,,,,,mohammad,,,,,,Developer Program Member,,,,,,
0,akbarjimi,,https://avatars2.githubusercontent.com/u/8572908?v=3&amp;s=100,,,,,,,,,,,,,,,Mohammad,,,,,,,,,,,,
0,mohsend,,https://avatars0.githubusercontent.com/u/4129635?v=3&amp;s=100,,,,,,,,,,,,,,,Mohsen Dastjerdi Zade,,,,,,Professional meh person.,,,,,,
0,hossein4heydari,,https://avatars1.githubusercontent.com/u/13304532?v=3&amp;s=100,,,,,,,,,,,,,,,Hossein Heydari,,,,,,"Young Computer GeeK, Arch Linux User, GNU Linux author, Python Pupil, Interested in programming, network and security",,,,,,
0,m0sen,,https://avatars1.githubusercontent.com/u/9605626?v=3&amp;s=100,,,,,,,,,,,,,,,Mohsen Muhammadi Shayan,,,,,,,,,,,,
0,rezab1993,,https://avatars3.githubusercontent.com/u/14152529?v=3&amp;s=100,,,,,,,,,,,,,,,Reza,,,,,,,,,,,,
0,aminkhs,,https://avatars0.githubusercontent.com/u/12787585?v=3&amp;s=100,,,,,,,,,,,,,,,Amin Khalighi Sikaroodi,,,,,,,,,,,,
0,amovah,,https://avatars0.githubusercontent.com/u/6108180?v=3&amp;s=100,,,,,,,,,,,,,,,Ali Movahedi,,,,,,I like trying and expanding my knowledge. I believe Open-source is best thing for a programmer.,,,,,,
0,nekooei,,https://avatars1.githubusercontent.com/u/12533428?v=3&amp;s=100,,,,,,,,,,,,,,,milad nekooei,,,,,,,,,,,,
0,pi0,,https://avatars1.githubusercontent.com/u/5158436?v=3&amp;s=100,,,,,,,,,,,,,,,Pooya Parsa,,,,,,{bio: null},,,,,,
0,mehdi-fathi,,https://avatars0.githubusercontent.com/u/11867691?v=3&amp;s=100,,,,,,,,,,,,,,,mehdi fathi,,,,,,a web developer,,,,,,
