﻿score,login,id,avatar_url,gravatar_id,url,html_url,followers_url,following_url,gists_url,starred_url,subscriptions_url,organizations_url,repos_url,events_url,received_events_url,type,site_admin,name,company,blog,location,email,hireable,bio,public_repos,public_gists,followers,following,created_at,updated_at
0,wilon,,https://avatars2.githubusercontent.com/u/7512755?v=3&amp;s=100,,,,,,,,,,,,,,,wilon,,,,,,PHPer.,,,,,,
0,icaynia,,https://avatars1.githubusercontent.com/u/16891626?v=3&amp;s=100,,,,,,,,,,,,,,,Sion Yu,,,,,,Java Programmer,,,,,,
0,Ohsepoa,,https://avatars2.githubusercontent.com/u/6051172?v=3&amp;s=100,,,,,,,,,,,,,,,Leco,,,,,,,,,,,,
0,AeronStory,,https://avatars2.githubusercontent.com/u/22915694?v=3&amp;s=100,,,,,,,,,,,,,,,mohammad,,,,,,,,,,,,
0,yfgeek,,https://avatars2.githubusercontent.com/u/7533831?v=3&amp;s=100,,,,,,,,,,,,,,,Ivan,,,,,,,,,,,,
0,meendoo,,https://avatars0.githubusercontent.com/u/3496704?v=3&amp;s=100,,,,,,,,,,,,,,,Helder Santos,,,,,,,,,,,,
0,Cipherhouse,,https://avatars1.githubusercontent.com/u/17876475?v=3&amp;s=100,,,,,,,,,,,,,,,Simon Antony Roberts,,,,,,family creed: we never accept or forgive¡ | Council of $OR | Outsidal of normal scope of physical definition | Bounty Hunter | Transcended Twinian | #MoneyGun,,,,,,
0,voltan,,https://avatars3.githubusercontent.com/u/562083?v=3&amp;s=100,,,,,,,,,,,,,,,Hossein Azizabadi,,,,,,"Software Developer at @faragostaresh , @pi-engine and @pi-module ",,,,,,
0,DELTANOTE,,https://avatars0.githubusercontent.com/u/14964764?v=3&amp;s=100,,,,,,,,,,,,,,,DELTANOTE,,,,,,,,,,,,
0,cusspvz,,https://avatars2.githubusercontent.com/u/3604053?v=3&amp;s=100,,,,,,,,,,,,,,,José Moreira,,,,,,"full-stack developer, ui/ux designer, musician &amp; diy entusiast",,,,,,
0,LabsDotCoop,,https://avatars1.githubusercontent.com/u/13866798?v=3&amp;s=100,,,,,,,,,,,,,,,Simon Antony Roberts,,,,,,,,,,,,
0,gabrielpconceicao,,https://avatars0.githubusercontent.com/u/5131269?v=3&amp;s=100,,,,,,,,,,,,,,,Gabriel Conceição,,,,,,,,,,,,
0,bitcero,,https://avatars3.githubusercontent.com/u/1305172?v=3&amp;s=100,,,,,,,,,,,,,,,Eduardo Cortes,,,,,,"Web designer and developer, focused on UI/UX based on México.",,,,,,
0,angelorocha,,https://avatars2.githubusercontent.com/u/2020098?v=3&amp;s=100,,,,,,,,,,,,,,,Angelo Rocha,,,,,,,,,,,,
0,JackNoronha,,https://avatars2.githubusercontent.com/u/4423319?v=3&amp;s=100,,,,,,,,,,,,,,,JackNoronha,,,,,,,,,,,,
0,andrecaribe,,https://avatars0.githubusercontent.com/u/1379298?v=3&amp;s=100,,,,,,,,,,,,,,,André Caribé,,,,,,,,,,,,
0,mambax7,,https://avatars2.githubusercontent.com/u/613686?v=3&amp;s=100,,,,,,,,,,,,,,,Mamba (Michael Beck),,,,,,,,,,,,
0,celsodantas,,https://avatars1.githubusercontent.com/u/408219?v=3&amp;s=100,,,,,,,,,,,,,,,Celso Dantas,,,,,,,,,,,,
0,fernanDOTdo,,https://avatars1.githubusercontent.com/u/406341?v=3&amp;s=100,,,,,,,,,,,,,,,Fernando Santos,,,,,,,,,,,,
