﻿score,login,id,avatar_url,gravatar_id,url,html_url,followers_url,following_url,gists_url,starred_url,subscriptions_url,organizations_url,repos_url,events_url,received_events_url,type,site_admin,name,company,blog,location,email,hireable,bio,public_repos,public_gists,followers,following,created_at,updated_at
0,wilon,,https://avatars2.githubusercontent.com/u/7512755?v=3&amp;s=100,,,,,,,,,,,,,,,wilon,,,,,,PHPer.,,,,,,
0,icaynia,,https://avatars1.githubusercontent.com/u/16891626?v=3&amp;s=100,,,,,,,,,,,,,,,Sion Yu,,,,,,Java Programmer,,,,,,
0,JoeyTawadrous,,https://avatars1.githubusercontent.com/u/2415478?v=3&amp;s=100,,,,,,,,,,,,,,,Joey Tawadrous,,,,,,"I&#39;m a software developer interested in products, execution &amp; deadlines. I&#39;m also a fitness advocate, cooking nut, and a follower of self-improvement techniques.",,,,,,
0,AeronStory,,https://avatars2.githubusercontent.com/u/22915694?v=3&amp;s=100,,,,,,,,,,,,,,,mohammad,,,,,,,,,,,,
0,Cifug,,https://avatars2.githubusercontent.com/u/12780630?v=3&amp;s=100,,,,,,,,,,,,,,,Marty,,,,,,,,,,,,
0,Cipherhouse,,https://avatars1.githubusercontent.com/u/17876475?v=3&amp;s=100,,,,,,,,,,,,,,,Simon Antony Roberts,,,,,,family creed: we never accept or forgive¡ | Council of $OR | Outsidal of normal scope of physical definition | Bounty Hunter | Transcended Twinian | #MoneyGun,,,,,,
0,DELTANOTE,,https://avatars0.githubusercontent.com/u/14964764?v=3&amp;s=100,,,,,,,,,,,,,,,DELTANOTE,,,,,,,,,,,,
0,LabsDotCoop,,https://avatars1.githubusercontent.com/u/13866798?v=3&amp;s=100,,,,,,,,,,,,,,,Simon Antony Roberts,,,,,,,,,,,,
0,cesagonchu,,https://avatars3.githubusercontent.com/u/4613970?v=3&amp;s=100,,,,,,,,,,,,,,,Christelle Gaulupeau,,,,,,,,,,,,
0,txmodxoops,,https://avatars1.githubusercontent.com/u/539148?v=3&amp;s=100,,,,,,,,,,,,,,,Txmod Xoops,,,,,,,,,,,,
0,osw17,,https://avatars1.githubusercontent.com/u/611258?v=3&amp;s=100,,,,,,,,,,,,,,,osw17,,,,,,,,,,,,
0,bitcero,,https://avatars3.githubusercontent.com/u/1305172?v=3&amp;s=100,,,,,,,,,,,,,,,Eduardo Cortes,,,,,,"Web designer and developer, focused on UI/UX based on México.",,,,,,
0,xoopsfire,,https://avatars0.githubusercontent.com/u/7348992?v=3&amp;s=100,,,,,,,,,,,,,,,XOOPS Fire,,,,,,,,,,,,
0,viniciusferreira,,https://avatars2.githubusercontent.com/u/4131628?v=3&amp;s=100,,,,,,,,,,,,,,,Vinicius Ferreira Piassarollo,,,,,,,,,,,,
0,olivee,,https://avatars2.githubusercontent.com/u/7019617?v=3&amp;s=100,,,,,,,,,,,,,,,olivee,,,,,,,,,,,,
0,Andrax,,https://avatars0.githubusercontent.com/u/200705?v=3&amp;s=100,,,,,,,,,,,,,,,Luiz Carlos B.,,,,,,,,,,,,
0,mambax7,,https://avatars2.githubusercontent.com/u/613686?v=3&amp;s=100,,,,,,,,,,,,,,,Mamba (Michael Beck),,,,,,,,,,,,
0,pedra,,https://avatars1.githubusercontent.com/u/4870358?v=3&amp;s=100,,,,,,,,,,,,,,,Bill Rocha,,,,,,,,,,,,
