﻿score,followers_url,login,following_url,id,gists_url,avatar_url,starred_url,gravatar_id,subscriptions_url,url,organizations_url,html_url,repos_url,events_url,received_events_url,type,site_admin,name,company,blog,location,email,hireable,bio,public_repos,public_gists,followers,following,created_at,updated_at
0,,TheDeepThinker,,,,https://avatars0.githubusercontent.com/u/22838822?v=3&amp;s=100,,,,,,,,,,,,Sky of Stars,,,,,,,,,,,,
0,,wilon,,,,https://avatars2.githubusercontent.com/u/7512755?v=3&amp;s=100,,,,,,,,,,,,wilon,,,,,,PHPer.,,,,,,
0,,icaynia,,,,https://avatars1.githubusercontent.com/u/16891626?v=3&amp;s=100,,,,,,,,,,,,Sion Yu,,,,,,Java Programmer,,,,,,
0,,AeronStory,,,,https://avatars2.githubusercontent.com/u/22915694?v=3&amp;s=100,,,,,,,,,,,,mohammad,,,,,,,,,,,,
0,,ahmadazimi,,,,https://avatars3.githubusercontent.com/u/1847191?v=3&amp;s=100,,,,,,,,,,,,Ahmad Azimi,,,,,,,,,,,,
0,,VagrantStory,,,,https://avatars3.githubusercontent.com/u/4069972?v=3&amp;s=100,,,,,,,,,,,,mohammad,,,,,,Developer Program Member,,,,,,
0,,kiananvari,,,,https://avatars2.githubusercontent.com/u/20033615?v=3&amp;s=100,,,,,,,,,,,,Kian Anvari,,,,,,,,,,,,
0,,satrap92,,,,https://avatars3.githubusercontent.com/u/8467792?v=3&amp;s=100,,,,,,,,,,,,Reza Hamouleh,,,,,,Software developer. Working on e-commerce solutions,,,,,,
0,,arastu,,,,https://avatars2.githubusercontent.com/u/472374?v=3&amp;s=100,,,,,,,,,,,,Touhid Arastu,,,,,,"Web geek, software developer @cafebazaar interested in reliability, performance, responsiveness, scalability, capacity and security",,,,,,
0,,voltan,,,,https://avatars3.githubusercontent.com/u/562083?v=3&amp;s=100,,,,,,,,,,,,Hossein Azizabadi,,,,,,"Software Developer at @faragostaresh , @pi-engine and @pi-module ",,,,,,
0,,angusshire,,,,https://avatars1.githubusercontent.com/u/5877145?v=3&amp;s=100,,,,,,,,,,,,Angus H.,,,,,,Available for part-time or freelance work.,,,,,,
0,,meysampg,,,,https://avatars2.githubusercontent.com/u/1416085?v=3&amp;s=100,,,,,,,,,,,,Meysam GanJi,,,,,,"Applied mathematics student, interested in computer and programming.",,,,,,
0,,vbadvanced,,,,https://avatars3.githubusercontent.com/u/5126693?v=3&amp;s=100,,,,,,,,,,,,Mohammad Shiran,,,,,,,,,,,,
0,,MBehtemam,,,,https://avatars2.githubusercontent.com/u/1811124?v=3&amp;s=100,,,,,,,,,,,,Mohammad Bagher Ehtemam,,,,,,,,,,,,
