﻿score,login,id,avatar_url,gravatar_id,url,html_url,followers_url,following_url,gists_url,starred_url,subscriptions_url,organizations_url,repos_url,events_url,received_events_url,type,site_admin,name,company,blog,location,email,hireable,bio,public_repos,public_gists,followers,following,created_at,updated_at
0,wilon,,https://avatars2.githubusercontent.com/u/7512755?v=3&amp;s=100,,,,,,,,,,,,,,,wilon,,,,,,PHPer.,,,,,,
0,icaynia,,https://avatars1.githubusercontent.com/u/16891626?v=3&amp;s=100,,,,,,,,,,,,,,,Sion Yu,,,,,,Java Programmer,,,,,,
0,AeronStory,,https://avatars2.githubusercontent.com/u/22915694?v=3&amp;s=100,,,,,,,,,,,,,,,mohammad,,,,,,,,,,,,
0,hassanghalami,,https://avatars2.githubusercontent.com/u/15688015?v=3&amp;s=100,,,,,,,,,,,,,,,hassanghalami,,,,,,Web Developer,,,,,,
0,Anonymous0710,,https://avatars3.githubusercontent.com/u/17968802?v=3&amp;s=100,,,,,,,,,,,,,,,Anonymous0710,,,,,,,,,,,,
0,sae13,,https://avatars0.githubusercontent.com/u/17175994?v=3&amp;s=100,,,,,,,,,,,,,,,Saeb,,,,,,newbie to all these,,,,,,
0,soroushjavdan,,https://avatars3.githubusercontent.com/u/14258051?v=3&amp;s=100,,,,,,,,,,,,,,,Soroush javdan,,,,,,,,,,,,
0,MichalPaszkiewicz,,https://avatars2.githubusercontent.com/u/6673982?v=3&amp;s=100,,,,,,,,,,,,,,,Michal Paszkiewicz,,,,,,Just a guy who likes to make things @MichalYouDoing,,,,,,
0,nammamir,,https://avatars2.githubusercontent.com/u/16177458?v=3&amp;s=100,,,,,,,,,,,,,,,Ali,,,,,,,,,,,,
0,atahani,,https://avatars3.githubusercontent.com/u/1076900?v=3&amp;s=100,,,,,,,,,,,,,,,Ahmad Tahani,,,,,,"(android / backend) developer, enjoy to (learn / educate) new stuff",,,,,,
0,alirezaghorbani,,https://avatars2.githubusercontent.com/u/16460264?v=3&amp;s=100,,,,,,,,,,,,,,,Alireza ghorani,,,,,,,,,,,,
0,ysarbabi,,https://avatars2.githubusercontent.com/u/15307244?v=3&amp;s=100,,,,,,,,,,,,,,,Yahya SayadArbabi,,,,,,,,,,,,
0,moshtaghi,,https://avatars3.githubusercontent.com/u/266320?v=3&amp;s=100,,,,,,,,,,,,,,,Mehdi,,,,,,,,,,,,
0,ariana2000,,https://avatars3.githubusercontent.com/u/2966107?v=3&amp;s=100,,,,,,,,,,,,,,,ariana2000,,,,,,,,,,,,
0,abbasls,,https://avatars2.githubusercontent.com/u/13572693?v=3&amp;s=100,,,,,,,,,,,,,,,abbas ls,,,,,,,,,,,,
0,amirkarimi,,https://avatars3.githubusercontent.com/u/2813838?v=3&amp;s=100,,,,,,,,,,,,,,,Amir Karimi,,,,,,,,,,,,
0,mahdavipanah,,https://avatars3.githubusercontent.com/u/1397846?v=3&amp;s=100,,,,,,,,,,,,,,,Hamidreza Mahdavipanah,,,,,,"Software developer, Programmer, Computer Engineering Student, Free Software and GNU/Linux passionate.",,,,,,
0,marshalpinokio,,https://avatars2.githubusercontent.com/u/4664266?v=3&amp;s=100,,,,,,,,,,,,,,,marshalpinokio,,,,,,,,,,,,
0,alimohajerani,,https://avatars1.githubusercontent.com/u/9140268?v=3&amp;s=100,,,,,,,,,,,,,,,Ali,,,,,,Founder &amp; Ceo Orpf.Ir,,,,,,
0,arashkhoeini,,https://avatars3.githubusercontent.com/u/9248583?v=3&amp;s=100,,,,,,,,,,,,,,,Arash Khoeini,,,,,,,,,,,,
0,zumoshi,,https://avatars3.githubusercontent.com/u/4184939?v=3&amp;s=100,,,,,,,,,,,,,,,Borhan Hafez,,,,,,"A software engineering student, mostly familiar with Backend WebDevelopment. can code in Python/PHP/C#/js .",,,,,,
