﻿avatar_url,score,hireable,login,public_gists,id,gravatar_id,url,html_url,followers_url,following_url,gists_url,starred_url,subscriptions_url,organizations_url,repos_url,events_url,received_events_url,type,site_admin,name,company,blog,location,email,bio,public_repos,followers,following,created_at,updated_at
https://avatars2.githubusercontent.com/u/7512755?v=3&amp;s=100,0,,wilon,,,,,,,,,,,,,,,,,wilon,,,,,PHPer.,,,,,
https://avatars1.githubusercontent.com/u/16891626?v=3&amp;s=100,0,,icaynia,,,,,,,,,,,,,,,,,Sion Yu,,,,,Java Programmer,,,,,
https://avatars2.githubusercontent.com/u/22915694?v=3&amp;s=100,0,,AeronStory,,,,,,,,,,,,,,,,,mohammad,,,,,,,,,,
https://avatars3.githubusercontent.com/u/11909428?v=3&amp;s=100,0,,Mosoc,,,,,,,,,,,,,,,,,Pojen Chen,,,,,From Web Developer to UX Designer,,,,,
https://avatars2.githubusercontent.com/u/12780630?v=3&amp;s=100,0,,Cifug,,,,,,,,,,,,,,,,,Marty,,,,,,,,,,
https://avatars3.githubusercontent.com/u/3877811?v=3&amp;s=100,0,,kostas4k,,,,,,,,,,,,,,,,,kostas4k,,,,,,,,,,
https://avatars1.githubusercontent.com/u/17876475?v=3&amp;s=100,0,,Cipherhouse,,,,,,,,,,,,,,,,,Simon Antony Roberts,,,,,family creed: we never accept or forgive¡ | Council of $OR | Outsidal of normal scope of physical definition | Bounty Hunter | Transcended Twinian | #MoneyGun,,,,,
https://avatars2.githubusercontent.com/u/16358737?v=3&amp;s=100,0,,JustineBABY,,,,,,,,,,,,,,,,,JustineBABY,,,,,,,,,,
https://avatars1.githubusercontent.com/u/1299233?v=3&amp;s=100,0,,toxtli,,,,,,,,,,,,,,,,,Carlos Toxtli,,,,,Senior Bot developer and Full-Stack developer with more than 15 years of experience.,,,,,
https://avatars2.githubusercontent.com/u/7885632?v=3&amp;s=100,0,,AlexL777,,,,,,,,,,,,,,,,,Alexander Liebrecht,,,,,"Rostocker Blogger, Webmaster, Forum-Admin. Blog unter https://internetblogger.de",,,,,
https://avatars0.githubusercontent.com/u/14964764?v=3&amp;s=100,0,,DELTANOTE,,,,,,,,,,,,,,,,,DELTANOTE,,,,,,,,,,
https://avatars1.githubusercontent.com/u/13866798?v=3&amp;s=100,0,,LabsDotCoop,,,,,,,,,,,,,,,,,Simon Antony Roberts,,,,,,,,,,
https://avatars3.githubusercontent.com/u/4613970?v=3&amp;s=100,0,,cesagonchu,,,,,,,,,,,,,,,,,Christelle Gaulupeau,,,,,,,,,,
https://avatars1.githubusercontent.com/u/3257702?v=3&amp;s=100,0,,cnopens,,,,,,,,,,,,,,,,,Gavin.C,,,,,,,,,,
https://avatars1.githubusercontent.com/u/539148?v=3&amp;s=100,0,,txmodxoops,,,,,,,,,,,,,,,,,Txmod Xoops,,,,,,,,,,
https://avatars0.githubusercontent.com/u/1289303?v=3&amp;s=100,0,,djculex,,,,,,,,,,,,,,,,,Michael Albertsen,,,,,,,,,,
https://avatars3.githubusercontent.com/u/562083?v=3&amp;s=100,0,,voltan,,,,,,,,,,,,,,,,,Hossein Azizabadi,,,,,"Software Developer at @faragostaresh , @pi-engine and @pi-module ",,,,,
https://avatars1.githubusercontent.com/u/9901016?v=3&amp;s=100,0,,jluisah,,,,,,,,,,,,,,,,,jluisah,,,,,,,,,,
https://avatars3.githubusercontent.com/u/609259?v=3&amp;s=100,0,,dbman,,,,,,,,,,,,,,,,,Jim McNeil,,,,,,,,,,
https://avatars2.githubusercontent.com/u/2020098?v=3&amp;s=100,0,,angelorocha,,,,,,,,,,,,,,,,,Angelo Rocha,,,,,,,,,,
https://avatars0.githubusercontent.com/u/200705?v=3&amp;s=100,0,,Andrax,,,,,,,,,,,,,,,,,Luiz Carlos B.,,,,,,,,,,
https://avatars2.githubusercontent.com/u/613686?v=3&amp;s=100,0,,mambax7,,,,,,,,,,,,,,,,,Mamba (Michael Beck),,,,,,,,,,
