﻿score,login,id,avatar_url,gravatar_id,url,html_url,followers_url,following_url,gists_url,starred_url,subscriptions_url,organizations_url,repos_url,events_url,received_events_url,type,site_admin,name,company,blog,location,email,hireable,bio,public_repos,public_gists,followers,following,created_at,updated_at
0,wilon,,https://avatars2.githubusercontent.com/u/7512755?v=3&amp;s=100,,,,,,,,,,,,,,,wilon,,,,,,PHPer.,,,,,,
0,AeronStory,,https://avatars2.githubusercontent.com/u/22915694?v=3&amp;s=100,,,,,,,,,,,,,,,mohammad,,,,,,,,,,,,
0,deborahelizabethpadilla,,https://avatars3.githubusercontent.com/u/20284373?v=3&amp;s=100,,,,,,,,,,,,,,,Deborah Elizabeth Padilla,,,,,,Developer that loves to innovate by using different passions.,,,,,,
0,a-despres,,https://avatars3.githubusercontent.com/u/21027320?v=3&amp;s=100,,,,,,,,,,,,,,,Andrew Despres,,,,,,"I&#39;m an iOS, VR, and front-end web developer day-lighting as a librarian.",,,,,,
0,ashutoshpurushottam,,https://avatars1.githubusercontent.com/u/18068790?v=3&amp;s=100,,,,,,,,,,,,,,,Ashutosh Purushottam,,,,,,,,,,,,
0,martinwilter,,https://avatars2.githubusercontent.com/u/16746283?v=3&amp;s=100,,,,,,,,,,,,,,,Martin Wilter,,,,,,,,,,,,
0,twhetzel,,https://avatars0.githubusercontent.com/u/2167174?v=3&amp;s=100,,,,,,,,,,,,,,,Trish Whetzel,,,,,,,,,,,,
0,anoo-radha,,https://avatars2.githubusercontent.com/u/13477436?v=3&amp;s=100,,,,,,,,,,,,,,,Anuradha Ohm,,,,,,Android Developer,,,,,,
0,anantrao07,,https://avatars2.githubusercontent.com/u/3679862?v=3&amp;s=100,,,,,,,,,,,,,,,Anant Rao,,,,,,,,,,,,
0,thurstonemerson,,https://avatars1.githubusercontent.com/u/13894313?v=3&amp;s=100,,,,,,,,,,,,,,,Emerson,,,,,,,,,,,,
