﻿score,login,id,avatar_url,gravatar_id,url,html_url,followers_url,following_url,gists_url,starred_url,subscriptions_url,organizations_url,repos_url,events_url,received_events_url,type,site_admin,name,company,blog,location,email,hireable,bio,public_repos,public_gists,followers,following,created_at,updated_at
0,wilon,,https://avatars2.githubusercontent.com/u/7512755?v=3&amp;s=100,,,,,,,,,,,,,,,wilon,,,,,,PHPer.,,,,,,
0,AeronStory,,https://avatars2.githubusercontent.com/u/22915694?v=3&amp;s=100,,,,,,,,,,,,,,,mohammad,,,,,,,,,,,,
0,deborahelizabethpadilla,,https://avatars3.githubusercontent.com/u/20284373?v=3&amp;s=100,,,,,,,,,,,,,,,Deborah Elizabeth Padilla,,,,,,Developer that loves to innovate by using different passions.,,,,,,
0,Akshar-Patel,,https://avatars1.githubusercontent.com/u/18311126?v=3&amp;s=100,,,,,,,,,,,,,,,Akshar Patel,,,,,,Learning Programming with @Udacity,,,,,,
0,puneetsharma96,,https://avatars0.githubusercontent.com/u/22370261?v=3&amp;s=100,,,,,,,,,,,,,,,puneetsharma96,,,,,,,,,,,,
0,Chirag-Galani,,https://avatars2.githubusercontent.com/u/4441071?v=3&amp;s=100,,,,,,,,,,,,,,,Chirag Galani,,,,,,,,,,,,
0,WillyShakes,,https://avatars1.githubusercontent.com/u/9576524?v=3&amp;s=100,,,,,,,,,,,,,,,Wilfried Mbouenda Mbogne,,,,,,,,,,,,
0,Audhil,,https://avatars3.githubusercontent.com/u/6565723?v=3&amp;s=100,,,,,,,,,,,,,,,Mohammed Audhil,,,,,,https://about.me/audhil,,,,,,
0,ReidHolmes,,https://avatars3.githubusercontent.com/u/17958554?v=3&amp;s=100,,,,,,,,,,,,,,,Reidholmes,,,,,,,,,,,,
0,riddhik84,,https://avatars3.githubusercontent.com/u/1910385?v=3&amp;s=100,,,,,,,,,,,,,,,Riddhi K,,,,,,,,,,,,
0,rajtheinnovator,,https://avatars3.githubusercontent.com/u/8430154?v=3&amp;s=100,,,,,,,,,,,,,,,ABHISHEK RAJ,,,,,,I&#39;m an Android Developer currently learning through Udacity Android Nanodegree after graduating from Udacity ABND.,,,,,,
0,wishfulsky,,https://avatars1.githubusercontent.com/u/15026869?v=3&amp;s=100,,,,,,,,,,,,,,,Varun Saurya ,,,,,,,,,,,,
0,iris135,,https://avatars3.githubusercontent.com/u/23030780?v=3&amp;s=100,,,,,,,,,,,,,,,Iris,,,,,,I like videos &gt; iris.santana@yandex.com,,,,,,
0,helloravi,,https://avatars2.githubusercontent.com/u/4402010?v=3&amp;s=100,,,,,,,,,,,,,,,Ravikanth Andhavarapu,,,,,,,,,,,,
0,efemoney,,https://avatars1.githubusercontent.com/u/8434606?v=3&amp;s=100,,,,,,,,,,,,,,,Efeturi Money,,,,,,Android developer and design enthusiast.,,,,,,
0,NULLPointerGuy,,https://avatars2.githubusercontent.com/u/3454986?v=3&amp;s=100,,,,,,,,,,,,,,,karthik rk,,,,,,,,,,,,
0,vipulasri,,https://avatars3.githubusercontent.com/u/7822179?v=3&amp;s=100,,,,,,,,,,,,,,,Vipul Asri,,,,,,"A young, professional mobile, web and backend developer based in New Delhi, India. Checkout my site!",,,,,,
0,NikhilBhutani,,https://avatars1.githubusercontent.com/u/7945225?v=3&amp;s=100,,,,,,,,,,,,,,,Nikhil Bhutani,,,,,,"Acquiring the learning, focused on getting things done.",,,,,,
0,droidekas,,https://avatars1.githubusercontent.com/u/6491284?v=3&amp;s=100,,,,,,,,,,,,,,,Satyarth Sampath,,,,,,,,,,,,
0,abhi007tyagi,,https://avatars0.githubusercontent.com/u/12875356?v=3&amp;s=100,,,,,,,,,,,,,,,Abhinav Tyagi,,,,,,,,,,,,
0,jatindhankhar,,https://avatars3.githubusercontent.com/u/2412081?v=3&amp;s=100,,,,,,,,,,,,,,,Jatin Dhankhar,,,,,,,,,,,,
0,faheema,,https://avatars0.githubusercontent.com/u/3014679?v=3&amp;s=100,,,,,,,,,,,,,,,faheem.u,,,,,,A techie what to leave a mark in the world !,,,,,,
0,LadwaAditya,,https://avatars1.githubusercontent.com/u/4971240?v=3&amp;s=100,,,,,,,,,,,,,,,Aditya Ladwa,,,,,,"Avid Learner, Android Enthusiast, Java Hacker",,,,,,
0,Sharathnasa,,https://avatars0.githubusercontent.com/u/7545011?v=3&amp;s=100,,,,,,,,,,,,,,,Sharath Kumar R,,,,,,,,,,,,
0,gogeta95,,https://avatars3.githubusercontent.com/u/8329096?v=3&amp;s=100,,,,,,,,,,,,,,,Saurabh,,,,,,,,,,,,
0,metacritical,,https://avatars2.githubusercontent.com/u/760429?v=3&amp;s=100,,,,,,,,,,,,,,,Pankaj Doharey,,,,,,"Good design is not about making grand plans, but about taking things apart. -- Rick Hickey",,,,,,
0,plaguecoder,,https://avatars0.githubusercontent.com/u/20809089?v=3&amp;s=100,,,,,,,,,,,,,,,Manish Jaiswal,,,,,,,,,,,,
0,dark-bytes,,https://avatars2.githubusercontent.com/u/5426964?v=3&amp;s=100,,,,,,,,,,,,,,,Sudhanshu Singh,,,,,,,,,,,,
0,RogerFederer03,,https://avatars1.githubusercontent.com/u/5633006?v=3&amp;s=100,,,,,,,,,,,,,,,Zheng Luo,,,,,,Talk is cheap. Show me the code. -- Linus Torvalds,,,,,,
0,abhiank209,,https://avatars0.githubusercontent.com/u/8065733?v=3&amp;s=100,,,,,,,,,,,,,,,Abhimanyu Agrawal,,,,,,,,,,,,
0,samirthebti,,https://avatars2.githubusercontent.com/u/17533352?v=3&amp;s=100,,,,,,,,,,,,,,,Samir Thebti ,,,,,,,,,,,,
0,yagnik29,,https://avatars2.githubusercontent.com/u/12974874?v=3&amp;s=100,,,,,,,,,,,,,,,yagnik29,,,,,,Android beginner.,,,,,,
0,MuditSri-2908,,https://avatars0.githubusercontent.com/u/10698697?v=3&amp;s=100,,,,,,,,,,,,,,,Mudit Srivastava,,,,,,,,,,,,
0,amyacharya,,https://avatars2.githubusercontent.com/u/15845847?v=3&amp;s=100,,,,,,,,,,,,,,,amyacharya,,,,,,,,,,,,
0,iluoli,,https://avatars2.githubusercontent.com/u/19885174?v=3&amp;s=100,,,,,,,,,,,,,,,iluoli,,,,,,,,,,,,
0,ANDREWGREVE,,https://avatars3.githubusercontent.com/u/3388869?v=3&amp;s=100,,,,,,,,,,,,,,,andrewgreve,,,,,,,,,,,,
0,stoked-zz,,https://avatars2.githubusercontent.com/u/13973828?v=3&amp;s=100,,,,,,,,,,,,,,,Amie Lynn,,,,,,,,,,,,
0,ruchimutneja,,https://avatars3.githubusercontent.com/u/5244186?v=3&amp;s=100,,,,,,,,,,,,,,,Ruchi Mutneja,,,,,,,,,,,,
0,SuriyaaKudoIsc,,https://avatars1.githubusercontent.com/u/5073946?v=3&amp;s=100,,,,,,,,,,,,,,,Suriyaa Kudo,,,,,,Founder of @iSCGroup &amp; of many startups. Coder. :heart: @Git &amp; @GitHub :octocat:. He is making open web technologies accessible to everyone.,,,,,,
0,akarshsatija,,https://avatars3.githubusercontent.com/u/2181644?v=3&amp;s=100,,,,,,,,,,,,,,,Akarsh Satija,,,,,,⭐⭐⭐⭐⭐ #FullStack #Developer &amp; Engg Manager @LittleBlackBook | Wannapreneur | NodeJS | startups enthusiastic | Foodie | Cancerian | PoweredBy Caffeine,,,,,,
0,chashmeetsingh,,https://avatars2.githubusercontent.com/u/8962264?v=3&amp;s=100,,,,,,,,,,,,,,,Chashmeet Singh,,,,,,Full Stack Developer,,,,,,
0,angusshire,,https://avatars1.githubusercontent.com/u/5877145?v=3&amp;s=100,,,,,,,,,,,,,,,Angus H.,,,,,,Available for part-time or freelance work.,,,,,,
0,xeoneux,,https://avatars2.githubusercontent.com/u/3099626?v=3&amp;s=100,,,,,,,,,,,,,,,Aayush Kapoor,,,,,,,,,,,,
0,KrishMunot,,https://avatars3.githubusercontent.com/u/4161617?v=3&amp;s=100,,,,,,,,,,,,,,,Krish Munot,,,,,,"I love to build stuff, which you can see quite evidently here",,,,,,
0,kalvies,,https://avatars1.githubusercontent.com/u/6883048?v=3&amp;s=100,,,,,,,,,,,,,,,kalvies,,,,,,,,,,,,
0,cusspvz,,https://avatars2.githubusercontent.com/u/3604053?v=3&amp;s=100,,,,,,,,,,,,,,,José Moreira,,,,,,"full-stack developer, ui/ux designer, musician &amp; diy entusiast",,,,,,
0,gudlarakesh,,https://avatars0.githubusercontent.com/u/11899732?v=3&amp;s=100,,,,,,,,,,,,,,,RAKESH,,,,,,,,,,,,
0,gabrielpconceicao,,https://avatars0.githubusercontent.com/u/5131269?v=3&amp;s=100,,,,,,,,,,,,,,,Gabriel Conceição,,,,,,,,,,,,
0,brunocasanova,,https://avatars3.githubusercontent.com/u/4107768?v=3&amp;s=100,,,,,,,,,,,,,,,Bruno Casanova,,,,,,,,,,,,
0,mssalvo,,https://avatars3.githubusercontent.com/u/5181298?v=3&amp;s=100,,,,,,,,,,,,,,,Salvo,,,,,,,,,,,,
0,bvsatyaram,,https://avatars2.githubusercontent.com/u/166072?v=3&amp;s=100,,,,,,,,,,,,,,,B V Satyaram,,,,,,,,,,,,
