﻿score,starred_url,login,subscriptions_url,id,organizations_url,avatar_url,repos_url,gravatar_id,events_url,url,received_events_url,html_url,type,followers_url,site_admin,following_url,name,gists_url,company,blog,location,email,hireable,bio,public_repos,public_gists,followers,following,created_at,updated_at
0,,wilon,,,,https://avatars2.githubusercontent.com/u/7512755?v=3&amp;s=100,,,,,,,,,,,wilon,,,,,,,PHPer.,,,,,,
0,,icaynia,,,,https://avatars1.githubusercontent.com/u/16891626?v=3&amp;s=100,,,,,,,,,,,Sion Yu,,,,,,,Java Programmer,,,,,,
0,,jjbunbury,,,,https://avatars2.githubusercontent.com/u/2598683?v=3&amp;s=100,,,,,,,,,,,James J. Bunbury,,,,,,,,,,,,,
0,,AeronStory,,,,https://avatars2.githubusercontent.com/u/22915694?v=3&amp;s=100,,,,,,,,,,,mohammad,,,,,,,,,,,,,
0,,Cipherhouse,,,,https://avatars1.githubusercontent.com/u/17876475?v=3&amp;s=100,,,,,,,,,,,Simon Antony Roberts,,,,,,,family creed: we never accept or forgive¡ | Council of $OR | Outsidal of normal scope of physical definition | Bounty Hunter | Transcended Twinian | #MoneyGun,,,,,,
0,,wishmasterdjl,,,,https://avatars3.githubusercontent.com/u/6514742?v=3&amp;s=100,,,,,,,,,,,wishmasterdjl,,,,,,,,,,,,,
0,,MoriEdan,,,,https://avatars2.githubusercontent.com/u/3477487?v=3&amp;s=100,,,,,,,,,,,I2 Ltd. Şti.,,,,,,,,,,,,,
0,,LabsDotCoop,,,,https://avatars1.githubusercontent.com/u/13866798?v=3&amp;s=100,,,,,,,,,,,Simon Antony Roberts,,,,,,,,,,,,,
0,,herfulnerful,,,,https://avatars0.githubusercontent.com/u/542248?v=3&amp;s=100,,,,,,,,,,,herfulnerful,,,,,,,,,,,,,
0,,jennieales,,,,https://avatars1.githubusercontent.com/u/8316711?v=3&amp;s=100,,,,,,,,,,,Jenni Eales,,,,,,,,,,,,,
0,,mambax7,,,,https://avatars2.githubusercontent.com/u/613686?v=3&amp;s=100,,,,,,,,,,,Mamba (Michael Beck),,,,,,,,,,,,,
