﻿score,blog,login,hireable,id,public_gists,avatar_url,gravatar_id,url,html_url,followers_url,following_url,gists_url,starred_url,subscriptions_url,organizations_url,repos_url,events_url,received_events_url,type,site_admin,name,company,location,email,bio,public_repos,followers,following,created_at,updated_at
0,,wilon,,,,https://avatars2.githubusercontent.com/u/7512755?v=3&amp;s=100,,,,,,,,,,,,,,,wilon,,,,PHPer.,,,,,
0,,icaynia,,,,https://avatars1.githubusercontent.com/u/16891626?v=3&amp;s=100,,,,,,,,,,,,,,,Sion Yu,,,,Java Programmer,,,,,
0,,AeronStory,,,,https://avatars2.githubusercontent.com/u/22915694?v=3&amp;s=100,,,,,,,,,,,,,,,mohammad,,,,,,,,,
0,,Cipherhouse,,,,https://avatars1.githubusercontent.com/u/17876475?v=3&amp;s=100,,,,,,,,,,,,,,,Simon Antony Roberts,,,,family creed: we never accept or forgive¡ | Council of $OR | Outsidal of normal scope of physical definition | Bounty Hunter | Transcended Twinian | #MoneyGun,,,,,
0,,LabsDotCoop,,,,https://avatars1.githubusercontent.com/u/13866798?v=3&amp;s=100,,,,,,,,,,,,,,,Simon Antony Roberts,,,,,,,,,
0,,cesagonchu,,,,https://avatars3.githubusercontent.com/u/4613970?v=3&amp;s=100,,,,,,,,,,,,,,,Christelle Gaulupeau,,,,,,,,,
0,,Heyula,,,,https://avatars1.githubusercontent.com/u/5504159?v=3&amp;s=100,,,,,,,,,,,,,,,Eren,,,,,,,,,
0,,mambax7,,,,https://avatars2.githubusercontent.com/u/613686?v=3&amp;s=100,,,,,,,,,,,,,,,Mamba (Michael Beck),,,,,,,,,
0,,voltan,,,,https://avatars3.githubusercontent.com/u/562083?v=3&amp;s=100,,,,,,,,,,,,,,,Hossein Azizabadi,,,,"Software Developer at @faragostaresh , @pi-engine and @pi-module ",,,,,
0,,sakarinen,,,,https://avatars1.githubusercontent.com/u/2436640?v=3&amp;s=100,,,,,,,,,,,,,,,Yura,,,,,,,,,
