﻿login,score,id,avatar_url,gravatar_id,url,html_url,followers_url,following_url,gists_url,starred_url,subscriptions_url,organizations_url,repos_url,events_url,received_events_url,type,site_admin,name,company,blog,location,email,hireable,bio,public_repos,public_gists,followers,following,created_at,updated_at
wilon,0,,https://avatars2.githubusercontent.com/u/7512755?v=3&amp;s=100,,,,,,,,,,,,,,,wilon,,,,,,PHPer.,,,,,,
icaynia,0,,https://avatars1.githubusercontent.com/u/16891626?v=3&amp;s=100,,,,,,,,,,,,,,,Sion Yu,,,,,,Java Programmer,,,,,,
AeronStory,0,,https://avatars2.githubusercontent.com/u/22915694?v=3&amp;s=100,,,,,,,,,,,,,,,mohammad,,,,,,,,,,,,
evinw,0,,https://avatars0.githubusercontent.com/u/844215?v=3&amp;s=100,,,,,,,,,,,,,,,Evin Weissenberg,,,,,,bluelab.io,,,,,,
aminabedi1368,0,,https://avatars3.githubusercontent.com/u/9851662?v=3&amp;s=100,,,,,,,,,,,,,,,amin abedi,,,,,,,,,,,,
piwvh,0,,https://avatars0.githubusercontent.com/u/7631027?v=3&amp;s=100,,,,,,,,,,,,,,,Hamid Mohayeji,,,,,,"I&#39;m a software engineer interested in web development, data mining and big data. Right now I am master student of software engineering.",,,,,,
saman3yvazi,0,,https://avatars0.githubusercontent.com/u/20046437?v=3&amp;s=100,,,,,,,,,,,,,,,saman3yvazi,,,,,,,,,,,,
Cipherhouse,0,,https://avatars1.githubusercontent.com/u/17876475?v=3&amp;s=100,,,,,,,,,,,,,,,Simon Antony Roberts,,,,,,family creed: we never accept or forgive¡ | Council of $OR | Outsidal of normal scope of physical definition | Bounty Hunter | Transcended Twinian | #MoneyGun,,,,,,
VagrantStory,0,,https://avatars3.githubusercontent.com/u/4069972?v=3&amp;s=100,,,,,,,,,,,,,,,mohammad,,,,,,Developer Program Member,,,,,,
stoked-zz,0,,https://avatars2.githubusercontent.com/u/13973828?v=3&amp;s=100,,,,,,,,,,,,,,,Amie Lynn,,,,,,,,,,,,
MichalPaszkiewicz,0,,https://avatars2.githubusercontent.com/u/6673982?v=3&amp;s=100,,,,,,,,,,,,,,,Michal Paszkiewicz,,,,,,Just a guy who likes to make things @MichalYouDoing,,,,,,
mirmousaviii,0,,https://avatars2.githubusercontent.com/u/464958?v=3&amp;s=100,,,,,,,,,,,,,,,Mostafa Mirmousavi,,,,,,,,,,,,
ehsan2e,0,,https://avatars0.githubusercontent.com/u/3121043?v=3&amp;s=100,,,,,,,,,,,,,,,Ehsan Enami,,,,,,,,,,,,
imraazrally,0,,https://avatars1.githubusercontent.com/u/10794748?v=3&amp;s=100,,,,,,,,,,,,,,,Imraaz Rally,,,,,,"C.S Graduate from NJIT, Founder / Developer @ Therapy Square ",,,,,,
pouyanh,0,,https://avatars1.githubusercontent.com/u/2997770?v=3&amp;s=100,,,,,,,,,,,,,,,Pouyan Heyratpour,,,,,,Mountaineer C Developer,,,,,,
HamzaElgarrab,0,,https://avatars1.githubusercontent.com/u/9272207?v=3&amp;s=100,,,,,,,,,,,,,,,EL GARRAB Hamza,,,,,,,,,,,,
angusshire,0,,https://avatars1.githubusercontent.com/u/5877145?v=3&amp;s=100,,,,,,,,,,,,,,,Angus H.,,,,,,Available for part-time or freelance work.,,,,,,
phpenterprise,0,,https://avatars2.githubusercontent.com/u/1564781?v=3&amp;s=100,,,,,,,,,,,,,,,Patrick Otto,,,,,,"Fundador da Php Enterprise, sócio em outras empresas de tecnologia e gestor de projetos de software",,,,,,
mambax7,0,,https://avatars2.githubusercontent.com/u/613686?v=3&amp;s=100,,,,,,,,,,,,,,,Mamba (Michael Beck),,,,,,,,,,,,
LabsDotCoop,0,,https://avatars1.githubusercontent.com/u/13866798?v=3&amp;s=100,,,,,,,,,,,,,,,Simon Antony Roberts,,,,,,,,,,,,
mhndev,0,,https://avatars2.githubusercontent.com/u/5164182?v=3&amp;s=100,,,,,,,,,,,,,,,Majid Abdolhosseini,,,,,,,,,,,,
nekofar,0,,https://avatars1.githubusercontent.com/u/147401?v=3&amp;s=100,,,,,,,,,,,,,,,Milad Nekofar,,,,,,I have over a decade of experience in software industry. In recent past years I dedicated part of my life to helping grow of entrepreneurship ecosystem in Iran.,,,,,,
LogIN-,0,,https://avatars3.githubusercontent.com/u/4036277?v=3&amp;s=100,,,,,,,,,,,,,,,LogIN-,,,,,,,,,,,,
ehsanabbasi,0,,https://avatars3.githubusercontent.com/u/8499698?v=3&amp;s=100,,,,,,,,,,,,,,,Ehsan Abbasi,,,,,,,,,,,,
atabrizian,0,,https://avatars1.githubusercontent.com/u/4928551?v=3&amp;s=100,,,,,,,,,,,,,,,Arash Tabriziyan,,,,,,"Eat, Sleep, Code",,,,,,
atkrad,0,,https://avatars2.githubusercontent.com/u/351364?v=3&amp;s=100,,,,,,,,,,,,,,,Mohammad Abdoli Rad,,,,,,"I fell in love with PHP from 2008 and enjoy cooking, photography and music.",,,,,,
fzerorubigd,0,,https://avatars0.githubusercontent.com/u/935155?v=3&amp;s=100,,,,,,,,,,,,,,,fzerorubigd,,,,,,"Full time dad, part time developer. ",,,,,,
