﻿score,login,id,avatar_url,gravatar_id,url,html_url,followers_url,following_url,gists_url,starred_url,subscriptions_url,organizations_url,repos_url,events_url,received_events_url,type,site_admin,name,company,blog,location,email,hireable,bio,public_repos,public_gists,followers,following,created_at,updated_at
0,wilon,,https://avatars2.githubusercontent.com/u/7512755?v=3&amp;s=100,,,,,,,,,,,,,,,wilon,,,,,,PHPer.,,,,,,
0,icaynia,,https://avatars1.githubusercontent.com/u/16891626?v=3&amp;s=100,,,,,,,,,,,,,,,Sion Yu,,,,,,Java Programmer,,,,,,
0,AeronStory,,https://avatars2.githubusercontent.com/u/22915694?v=3&amp;s=100,,,,,,,,,,,,,,,mohammad,,,,,,,,,,,,
0,JIaccino,,https://avatars0.githubusercontent.com/u/1325505?v=3&amp;s=100,,,,,,,,,,,,,,,Jamey Iaccino,,,,,,,,,,,,
0,Cipherhouse,,https://avatars1.githubusercontent.com/u/17876475?v=3&amp;s=100,,,,,,,,,,,,,,,Simon Antony Roberts,,,,,,family creed: we never accept or forgive¡ | Council of $OR | Outsidal of normal scope of physical definition | Bounty Hunter | Transcended Twinian | #MoneyGun,,,,,,
0,angusshire,,https://avatars1.githubusercontent.com/u/5877145?v=3&amp;s=100,,,,,,,,,,,,,,,Angus H.,,,,,,Available for part-time or freelance work.,,,,,,
0,raelmax,,https://avatars2.githubusercontent.com/u/459390?v=3&amp;s=100,,,,,,,,,,,,,,,Rael Max,,,,,,,,,,,,
0,LabsDotCoop,,https://avatars1.githubusercontent.com/u/13866798?v=3&amp;s=100,,,,,,,,,,,,,,,Simon Antony Roberts,,,,,,,,,,,,
0,carmenmp,,https://avatars2.githubusercontent.com/u/3866075?v=3&amp;s=100,,,,,,,,,,,,,,,carmenmp,,,,,,,,,,,,
0,codefranzegithub,,https://avatars1.githubusercontent.com/u/10831285?v=3&amp;s=100,,,,,,,,,,,,,,,Wagner Franze Junior,,,,,,,,,,,,
0,aymone,,https://avatars3.githubusercontent.com/u/5973690?v=3&amp;s=100,,,,,,,,,,,,,,,Marcelo Aymone,,,,,,"Mainly backend developer, interested too in linux, cloud, automation and client side frameworks.",,,,,,
0,mambax7,,https://avatars2.githubusercontent.com/u/613686?v=3&amp;s=100,,,,,,,,,,,,,,,Mamba (Michael Beck),,,,,,,,,,,,
0,PivotLogix,,https://avatars3.githubusercontent.com/u/890682?v=3&amp;s=100,,,,,,,,,,,,,,,Allie Gentry,,,,,,,,,,,,
0,luanpcweb,,https://avatars2.githubusercontent.com/u/2053676?v=3&amp;s=100,,,,,,,,,,,,,,,Luan P Coelho,,,,,,,,,,,,
0,gitlisted,,https://avatars2.githubusercontent.com/u/3116394?v=3&amp;s=100,,,,,,,,,,,,,,,gitlisted,,,,,,,,,,,,
0,samuelsimoes,,https://avatars0.githubusercontent.com/u/1456228?v=3&amp;s=100,,,,,,,,,,,,,,,Samuel Simões,,,,,,,,,,,,
0,guilhermeturri,,https://avatars2.githubusercontent.com/u/1012051?v=3&amp;s=100,,,,,,,,,,,,,,,Guilherme Turri,,,,,,,,,,,,
0,renatolouro,,https://avatars1.githubusercontent.com/u/923594?v=3&amp;s=100,,,,,,,,,,,,,,,Renato Louro,,,,,,,,,,,,
0,salima,,https://avatars2.githubusercontent.com/u/881708?v=3&amp;s=100,,,,,,,,,,,,,,,Saulo Lima,,,,,,,,,,,,
0,fabioegas,,https://avatars2.githubusercontent.com/u/774180?v=3&amp;s=100,,,,,,,,,,,,,,,Fábio Egas,,,,,,,,,,,,
0,snytkine,,https://avatars0.githubusercontent.com/u/606771?v=3&amp;s=100,,,,,,,,,,,,,,,Dmitri,,,,,,,,,,,,
0,Chavao,,https://avatars2.githubusercontent.com/u/604917?v=3&amp;s=100,,,,,,,,,,,,,,,Diego Chavão,,,,,,,,,,,,
0,yermandu,,https://avatars1.githubusercontent.com/u/505299?v=3&amp;s=100,,,,,,,,,,,,,,,Yermandu Daniel,,,,,,,,,,,,
0,afsdede,,https://avatars1.githubusercontent.com/u/416952?v=3&amp;s=100,,,,,,,,,,,,,,,André Simões,,,,,,,,,,,,
0,alganet,,https://avatars0.githubusercontent.com/u/202642?v=3&amp;s=100,,,,,,,,,,,,,,,Alexandre Gomes Gaigalas,,,,,,,,,,,,
0,Andrax,,https://avatars0.githubusercontent.com/u/200705?v=3&amp;s=100,,,,,,,,,,,,,,,Luiz Carlos B.,,,,,,,,,,,,
0,rdohms,,https://avatars0.githubusercontent.com/u/94331?v=3&amp;s=100,,,,,,,,,,,,,,,Rafael Dohms,,,,,,,,,,,,
