﻿score,login,id,avatar_url,gravatar_id,url,html_url,followers_url,following_url,gists_url,starred_url,subscriptions_url,organizations_url,repos_url,events_url,received_events_url,type,site_admin,name,company,blog,location,email,hireable,bio,public_repos,public_gists,followers,following,created_at,updated_at
0,wilon,,https://avatars2.githubusercontent.com/u/7512755?v=3&amp;s=100,,,,,,,,,,,,,,,wilon,,,,,,PHPer.,,,,,,
0,icaynia,,https://avatars1.githubusercontent.com/u/16891626?v=3&amp;s=100,,,,,,,,,,,,,,,Sion Yu,,,,,,Java Programmer,,,,,,
0,AeronStory,,https://avatars2.githubusercontent.com/u/22915694?v=3&amp;s=100,,,,,,,,,,,,,,,mohammad,,,,,,,,,,,,
0,Cipherhouse,,https://avatars1.githubusercontent.com/u/17876475?v=3&amp;s=100,,,,,,,,,,,,,,,Simon Antony Roberts,,,,,,family creed: we never accept or forgive¡ | Council of $OR | Outsidal of normal scope of physical definition | Bounty Hunter | Transcended Twinian | #MoneyGun,,,,,,
0,cusspvz,,https://avatars2.githubusercontent.com/u/3604053?v=3&amp;s=100,,,,,,,,,,,,,,,José Moreira,,,,,,"full-stack developer, ui/ux designer, musician &amp; diy entusiast",,,,,,
0,LabsDotCoop,,https://avatars1.githubusercontent.com/u/13866798?v=3&amp;s=100,,,,,,,,,,,,,,,Simon Antony Roberts,,,,,,,,,,,,
0,jovanepires,,https://avatars1.githubusercontent.com/u/710801?v=3&amp;s=100,,,,,,,,,,,,,,,Jovane,,,,,,"24y, Web Developer",,,,,,
0,huguesqin,,https://avatars0.githubusercontent.com/u/5954671?v=3&amp;s=100,,,,,,,,,,,,,,,Hugues,,,,,,,,,,,,
0,golddiamonds,,https://avatars2.githubusercontent.com/u/3688834?v=3&amp;s=100,,,,,,,,,,,,,,,Golddiamonds,,,,,,,,,,,,
0,Hatsen,,https://avatars3.githubusercontent.com/u/277309?v=3&amp;s=100,,,,,,,,,,,,,,,Patrick Larsen,,,,,,Danish Software Developer who likes cake.,,,,,,
0,qaseeh,,https://avatars2.githubusercontent.com/u/6306912?v=3&amp;s=100,,,,,,,,,,,,,,,qaseeh,,,,,,,,,,,,
0,GabrielReusRodriguez,,https://avatars2.githubusercontent.com/u/1071466?v=3&amp;s=100,,,,,,,,,,,,,,,Gabriel Reus,,,,,,,,,,,,
0,4j1th,,https://avatars1.githubusercontent.com/u/5071745?v=3&amp;s=100,,,,,,,,,,,,,,,4j1th,,,,,,,,,,,,
0,chetanspeed511987,,https://avatars2.githubusercontent.com/u/1456842?v=3&amp;s=100,,,,,,,,,,,,,,,Chetan Patel,,,,,,,,,,,,
0,kylelk,,https://avatars1.githubusercontent.com/u/5159173?v=3&amp;s=100,,,,,,,,,,,,,,,kyle kersey,,,,,,,,,,,,
