﻿score,login,id,avatar_url,gravatar_id,url,html_url,followers_url,following_url,gists_url,starred_url,subscriptions_url,organizations_url,repos_url,events_url,received_events_url,type,site_admin,name,company,blog,location,email,hireable,bio,public_repos,public_gists,followers,following,created_at,updated_at
0,wilon,,https://avatars2.githubusercontent.com/u/7512755?v=3&amp;s=100,,,,,,,,,,,,,,,wilon,,,,,,PHPer.,,,,,,
0,icaynia,,https://avatars1.githubusercontent.com/u/16891626?v=3&amp;s=100,,,,,,,,,,,,,,,Sion Yu,,,,,,Java Programmer,,,,,,
0,petardenev,,https://avatars3.githubusercontent.com/u/16540144?v=3&amp;s=100,,,,,,,,,,,,,,,Peter Denev,,,,,,previously @bazaarvoice,,,,,,
0,luke666,,https://avatars2.githubusercontent.com/u/6560568?v=3&amp;s=100,,,,,,,,,,,,,,,luke666,,,,,,,,,,,,
0,JonTabor,,https://avatars2.githubusercontent.com/u/6052960?v=3&amp;s=100,,,,,,,,,,,,,,,JonTabor,,,,,,,,,,,,
0,mariocannistra,,https://avatars1.githubusercontent.com/u/1177953?v=3&amp;s=100,,,,,,,,,,,,,,,Mario Cannistrà,,,,,,,,,,,,
0,tohaikmeng,,https://avatars3.githubusercontent.com/u/1720241?v=3&amp;s=100,,,,,,,,,,,,,,,tohaikmeng,,,,,,,,,,,,
0,AeronStory,,https://avatars2.githubusercontent.com/u/22915694?v=3&amp;s=100,,,,,,,,,,,,,,,mohammad,,,,,,,,,,,,
0,deyan-levski,,https://avatars2.githubusercontent.com/u/9998869?v=3&amp;s=100,,,,,,,,,,,,,,,Deyan Levski,,,,,,,,,,,,
0,Gubcho,,https://avatars0.githubusercontent.com/u/5749807?v=3&amp;s=100,,,,,,,,,,,,,,,Gubcho,,,,,,,,,,,,
0,samyk,,https://avatars0.githubusercontent.com/u/411832?v=3&amp;s=100,,,,,,,,,,,,,,,Samy Kamkar,,,,,,explo(r|it)ing boundaries,,,,,,
0,ch3n-zh3n,,https://avatars3.githubusercontent.com/u/10049894?v=3&amp;s=100,,,,,,,,,,,,,,,Jack,,,,,,,,,,,,
0,shanodj,,https://avatars0.githubusercontent.com/u/11393516?v=3&amp;s=100,,,,,,,,,,,,,,,shanodj,,,,,,,,,,,,
0,kalints,,https://avatars2.githubusercontent.com/u/11727250?v=3&amp;s=100,,,,,,,,,,,,,,,Kalin Staykov,,,,,,,,,,,,
0,madzharov,,https://avatars2.githubusercontent.com/u/12951085?v=3&amp;s=100,,,,,,,,,,,,,,,madzharov,,,,,,,,,,,,
0,xcode1533,,https://avatars3.githubusercontent.com/u/17508871?v=3&amp;s=100,,,,,,,,,,,,,,,xcode1533,,,,,,,,,,,,
0,ivayloivanof,,https://avatars2.githubusercontent.com/u/5503813?v=3&amp;s=100,,,,,,,,,,,,,,,Ivaylo Ivanov,,,,,,Developer,,,,,,
0,pabit,,https://avatars3.githubusercontent.com/u/15835569?v=3&amp;s=100,,,,,,,,,,,,,,,pabit,,,,,,,,,,,,
0,KazukiPrzyborowski,,https://avatars2.githubusercontent.com/u/42611?v=3&amp;s=100,,,,,,,,,,,,,,,Kazuki Przyborowski,,,,,,,,,,,,
0,aspirez4,,https://avatars1.githubusercontent.com/u/3719404?v=3&amp;s=100,,,,,,,,,,,,,,,Software Developer,,,,,,,,,,,,
0,aburan28,,https://avatars2.githubusercontent.com/u/1086874?v=3&amp;s=100,,,,,,,,,,,,,,,Adam Buran,,,,,,,,,,,,
0,vlordier,,https://avatars3.githubusercontent.com/u/5443125?v=3&amp;s=100,,,,,,,,,,,,,,,vlordier,,,,,,,,,,,,
0,idzhonev,,https://avatars0.githubusercontent.com/u/6012131?v=3&amp;s=100,,,,,,,,,,,,,,,Ivan Dzhonev,,,,,,,,,,,,
0,dropdeadfu,,https://avatars0.githubusercontent.com/u/10739106?v=3&amp;s=100,,,,,,,,,,,,,,,Christoph Heuwieser,,,,,,team hashcat,,,,,,
0,pocketzeroes,,https://avatars0.githubusercontent.com/u/285051?v=3&amp;s=100,,,,,,,,,,,,,,,pocketzeroes,,,,,,,,,,,,
0,vladimirstoyanov,,https://avatars0.githubusercontent.com/u/5685499?v=3&amp;s=100,,,,,,,,,,,,,,,Vladimir Stoyanov,,,,,,,,,,,,
0,jsteube,,https://avatars1.githubusercontent.com/u/10434361?v=3&amp;s=100,,,,,,,,,,,,,,,Jens Steube,,,,,,,,,,,,
0,iangelov,,https://avatars1.githubusercontent.com/u/1127871?v=3&amp;s=100,,,,,,,,,,,,,,,iangelov,,,,,,,,,,,,
0,dashmesh,,https://avatars3.githubusercontent.com/u/1251417?v=3&amp;s=100,,,,,,,,,,,,,,,atkVktr,,,,,,,,,,,,
0,pauljbl,,https://avatars0.githubusercontent.com/u/6816893?v=3&amp;s=100,,,,,,,,,,,,,,,pauljbl,,,,,,,,,,,,
0,p-l-,,https://avatars1.githubusercontent.com/u/5064814?v=3&amp;s=100,,,,,,,,,,,,,,,Pierre Lalet,,,,,,,,,,,,
0,gbochev,,https://avatars2.githubusercontent.com/u/6547424?v=3&amp;s=100,,,,,,,,,,,,,,,George Bochev,,,,,,,,,,,,
0,Epivalent,,https://avatars2.githubusercontent.com/u/94236?v=3&amp;s=100,,,,,,,,,,,,,,,Epivalent,,,,,,,,,,,,
0,uberspot,,https://avatars3.githubusercontent.com/u/237927?v=3&amp;s=100,,,,,,,,,,,,,,,Paul Sarbinowski,,,,,,,,,,,,
0,programings,,https://avatars3.githubusercontent.com/u/6979500?v=3&amp;s=100,,,,,,,,,,,,,,,programings,,,,,,,,,,,,
0,Fatlonder,,https://avatars2.githubusercontent.com/u/6912176?v=3&amp;s=100,,,,,,,,,,,,,,,Fatlonder,,,,,,,,,,,,
0,roman3017,,https://avatars2.githubusercontent.com/u/1292891?v=3&amp;s=100,,,,,,,,,,,,,,,roman3017,,,,,,,,,,,,
0,syphoxy,,https://avatars2.githubusercontent.com/u/234569?v=3&amp;s=100,,,,,,,,,,,,,,,Dario Russo,,,,,,"Now I am become DevOps, the destroyer of servers.",,,,,,
0,rileyzink,,https://avatars2.githubusercontent.com/u/5560841?v=3&amp;s=100,,,,,,,,,,,,,,,rileyzink,,,,,,,,,,,,
0,Simpsonpt,,https://avatars2.githubusercontent.com/u/209478?v=3&amp;s=100,,,,,,,,,,,,,,,Renato Rodrigues,,,,,,{{1+1}}&gt;&lt;%1+1%&gt;{1+1}&lt;%= 1+1 %&gt;,,,,,,
0,Demayl,,https://avatars3.githubusercontent.com/u/1484967?v=3&amp;s=100,,,,,,,,,,,,,,,Denis Kanchev,,,,,,,,,,,,
0,fpesce,,https://avatars3.githubusercontent.com/u/4336228?v=3&amp;s=100,,,,,,,,,,,,,,,Francois Pesce,,,,,,,,,,,,
0,hackman,,https://avatars3.githubusercontent.com/u/202760?v=3&amp;s=100,,,,,,,,,,,,,,,Marian Marinov,,,,,,,,,,,,
0,martinivanov,,https://avatars2.githubusercontent.com/u/1051186?v=3&amp;s=100,,,,,,,,,,,,,,,Martin Ivanov,,,,,,,,,,,,
0,Villain0us,,https://avatars3.githubusercontent.com/u/137451?v=3&amp;s=100,,,,,,,,,,,,,,,Villainous,,,,,,,,,,,,
0,trietptm,,https://avatars1.githubusercontent.com/u/526959?v=3&amp;s=100,,,,,,,,,,,,,,,Minh Triet Pham Tran,,,,,,,,,,,,
0,mimiteto,,https://avatars2.githubusercontent.com/u/1099029?v=3&amp;s=100,,,,,,,,,,,,,,,Dimitar Ivanov,,,,,,,,,,,,
0,TDKPS,,https://avatars1.githubusercontent.com/u/3042118?v=3&amp;s=100,,,,,,,,,,,,,,,TDKPS,,,,,,,,,,,,
0,kholia,,https://avatars1.githubusercontent.com/u/79528?v=3&amp;s=100,,,,,,,,,,,,,,,Dhiru Kholia,,,,,,,,,,,,
0,nask0,,https://avatars2.githubusercontent.com/u/248198?v=3&amp;s=100,,,,,,,,,,,,,,,n@sk0,,,,,,,,,,,,
0,dmarto,,https://avatars1.githubusercontent.com/u/1244744?v=3&amp;s=100,,,,,,,,,,,,,,,Martin,,,,,,,,,,,,
