﻿score,starred_url,login,repos_url,id,events_url,avatar_url,received_events_url,gravatar_id,type,url,site_admin,html_url,name,followers_url,company,following_url,blog,gists_url,location,subscriptions_url,bio,organizations_url,public_repos,email,following,hireable,created_at,public_gists,followers,updated_at
0,,wilon,,,,https://avatars2.githubusercontent.com/u/7512755?v=3&amp;s=100,,,,,,,wilon,,,,,,,,PHPer.,,,,,,,,,
0,,icaynia,,,,https://avatars1.githubusercontent.com/u/16891626?v=3&amp;s=100,,,,,,,Sion Yu,,,,,,,,Java Programmer,,,,,,,,,
0,,AeronStory,,,,https://avatars2.githubusercontent.com/u/22915694?v=3&amp;s=100,,,,,,,mohammad,,,,,,,,,,,,,,,,,
0,,Cipherhouse,,,,https://avatars1.githubusercontent.com/u/17876475?v=3&amp;s=100,,,,,,,Simon Antony Roberts,,,,,,,,family creed: we never accept or forgive¡ | Council of $OR | Outsidal of normal scope of physical definition | Bounty Hunter | Transcended Twinian | #MoneyGun,,,,,,,,,
0,,angusshire,,,,https://avatars1.githubusercontent.com/u/5877145?v=3&amp;s=100,,,,,,,Angus H.,,,,,,,,Available for part-time or freelance work.,,,,,,,,,
0,,LabsDotCoop,,,,https://avatars1.githubusercontent.com/u/13866798?v=3&amp;s=100,,,,,,,Simon Antony Roberts,,,,,,,,,,,,,,,,,
0,,mambax7,,,,https://avatars2.githubusercontent.com/u/613686?v=3&amp;s=100,,,,,,,Mamba (Michael Beck),,,,,,,,,,,,,,,,,
0,,tad0616,,,,https://avatars1.githubusercontent.com/u/4500144?v=3&amp;s=100,,,,,,,Tad,,,,,,,,,,,,,,,,,
