﻿score,login,id,html_url,avatar_url,organizations_url,gravatar_id,location,url,followers_url,following_url,gists_url,starred_url,subscriptions_url,repos_url,events_url,received_events_url,type,site_admin,name,company,blog,email,hireable,bio,public_repos,public_gists,followers,following,created_at,updated_at
0,wilon,,,https://avatars2.githubusercontent.com/u/7512755?v=3&amp;s=100,,,,,,,,,,,,,,,wilon,,,,,PHPer.,,,,,,
0,icaynia,,,https://avatars1.githubusercontent.com/u/16891626?v=3&amp;s=100,,,,,,,,,,,,,,,Sion Yu,,,,,Java Programmer,,,,,,
0,AeronStory,,,https://avatars2.githubusercontent.com/u/22915694?v=3&amp;s=100,,,,,,,,,,,,,,,mohammad,,,,,,,,,,,
0,voltan,,,https://avatars3.githubusercontent.com/u/562083?v=3&amp;s=100,,,,,,,,,,,,,,,Hossein Azizabadi,,,,,"Software Developer at @faragostaresh , @pi-engine and @pi-module ",,,,,,
0,AlaFalaki,,,https://avatars2.githubusercontent.com/u/7250147?v=3&amp;s=100,,,,,,,,,,,,,,,Ala Alam Falaki,,,,,a Web Developer who wants to make huge stuff at Fanava DP / Shomalgan Co,,,,,,
