﻿score,login,id,avatar_url,html_url,gravatar_id,following_url,url,starred_url,followers_url,organizations_url,gists_url,events_url,subscriptions_url,site_admin,repos_url,blog,received_events_url,location,type,email,name,hireable,company,bio,following,public_repos,created_at,public_gists,followers,updated_at
0,wilon,,https://avatars2.githubusercontent.com/u/7512755?v=3&amp;s=100,,,,,,,,,,,,,,,,,,wilon,,,PHPer.,,,,,,
0,icaynia,,https://avatars1.githubusercontent.com/u/16891626?v=3&amp;s=100,,,,,,,,,,,,,,,,,,Sion Yu,,,Java Programmer,,,,,,
0,AeronStory,,https://avatars2.githubusercontent.com/u/22915694?v=3&amp;s=100,,,,,,,,,,,,,,,,,,mohammad,,,,,,,,,
0,Cipherhouse,,https://avatars1.githubusercontent.com/u/17876475?v=3&amp;s=100,,,,,,,,,,,,,,,,,,Simon Antony Roberts,,,family creed: we never accept or forgive¡ | Council of $OR | Outsidal of normal scope of physical definition | Bounty Hunter | Transcended Twinian | #MoneyGun,,,,,,
0,LabsDotCoop,,https://avatars1.githubusercontent.com/u/13866798?v=3&amp;s=100,,,,,,,,,,,,,,,,,,Simon Antony Roberts,,,,,,,,,
0,angelorocha,,https://avatars2.githubusercontent.com/u/2020098?v=3&amp;s=100,,,,,,,,,,,,,,,,,,Angelo Rocha,,,,,,,,,
0,mambax7,,https://avatars2.githubusercontent.com/u/613686?v=3&amp;s=100,,,,,,,,,,,,,,,,,,Mamba (Michael Beck),,,,,,,,,
