﻿score,email,login,id,avatar_url,gravatar_id,url,html_url,followers_url,following_url,gists_url,starred_url,subscriptions_url,organizations_url,repos_url,events_url,received_events_url,type,site_admin,name,company,blog,location,hireable,bio,public_repos,public_gists,followers,following,created_at,updated_at
0,,wilon,,https://avatars2.githubusercontent.com/u/7512755?v=3&amp;s=100,,,,,,,,,,,,,,,wilon,,,,,PHPer.,,,,,,
0,,AeronStory,,https://avatars2.githubusercontent.com/u/22915694?v=3&amp;s=100,,,,,,,,,,,,,,,mohammad,,,,,,,,,,,
0,,deborahelizabethpadilla,,https://avatars3.githubusercontent.com/u/20284373?v=3&amp;s=100,,,,,,,,,,,,,,,Deborah Elizabeth Padilla,,,,,Developer that loves to innovate by using different passions.,,,,,,
0,,Somachi,,https://avatars2.githubusercontent.com/u/13493736?v=3&amp;s=100,,,,,,,,,,,,,,,Bright Nwanoruo,,,,,https://ca.linkedin.com/in/brightnwanoruo,,,,,,
