﻿score,login,id,avatar_url,gravatar_id,url,html_url,followers_url,following_url,gists_url,starred_url,subscriptions_url,organizations_url,repos_url,events_url,received_events_url,type,site_admin,name,company,blog,location,email,hireable,bio,public_repos,public_gists,followers,following,created_at,updated_at
0,TheDeepThinker,,https://avatars0.githubusercontent.com/u/22838822?v=3&amp;s=100,,,,,,,,,,,,,,,Sky of Stars,,,,,,,,,,,,
0,wilon,,https://avatars2.githubusercontent.com/u/7512755?v=3&amp;s=100,,,,,,,,,,,,,,,wilon,,,,,,PHPer.,,,,,,
0,icaynia,,https://avatars1.githubusercontent.com/u/16891626?v=3&amp;s=100,,,,,,,,,,,,,,,Sion Yu,,,,,,Java Programmer,,,,,,
0,AeronStory,,https://avatars2.githubusercontent.com/u/22915694?v=3&amp;s=100,,,,,,,,,,,,,,,mohammad,,,,,,,,,,,,
0,parsa-kafi,,https://avatars3.githubusercontent.com/u/7957513?v=3&amp;s=100,,,,,,,,,,,,,,,Parsa Kafi,,,,,,Web Programmer,,,,,,
0,AhmadNemati,,https://avatars3.githubusercontent.com/u/12984799?v=3&amp;s=100,,,,,,,,,,,,,,,Ahmad Nemati,,,,,,,,,,,,
0,Varanegar,,https://avatars3.githubusercontent.com/u/20364874?v=3&amp;s=100,,,,,,,,,,,,,,,ورانگر پیشرو,,,,,,پروژه ی آناتولی محصول شرکت ورانگر به سفارش شرکت پتروپی میباشد که امکان سفارش محصولات سوپر مارکت از طریق برنامه ی موبایل توسط مصرف کننده را فراهم می کند,,,,,,
0,mrsoftware,,https://avatars0.githubusercontent.com/u/6411703?v=3&amp;s=100,,,,,,,,,,,,,,,Mohammad Rajabloo,,,,,,Just Coding ..,,,,,,
0,voltan,,https://avatars3.githubusercontent.com/u/562083?v=3&amp;s=100,,,,,,,,,,,,,,,Hossein Azizabadi,,,,,,"Software Developer at @faragostaresh , @pi-engine and @pi-module ",,,,,,
0,angusshire,,https://avatars1.githubusercontent.com/u/5877145?v=3&amp;s=100,,,,,,,,,,,,,,,Angus H.,,,,,,Available for part-time or freelance work.,,,,,,
0,peymanslh,,https://avatars2.githubusercontent.com/u/7171098?v=3&amp;s=100,,,,,,,,,,,,,,,Peyman Salehi,,,,,,,,,,,,
0,ariana2000,,https://avatars3.githubusercontent.com/u/2966107?v=3&amp;s=100,,,,,,,,,,,,,,,ariana2000,,,,,,,,,,,,
0,keivan85,,https://avatars3.githubusercontent.com/u/3658156?v=3&amp;s=100,,,,,,,,,,,,,,,keivan karimi,,,,,,Front end developer &amp; QA tester,,,,,,
0,masoudgolchin,,https://avatars3.githubusercontent.com/u/1687227?v=3&amp;s=100,,,,,,,,,,,,,,,Masoud Golchin,,,,,,,,,,,,
0,kkiani,,https://avatars2.githubusercontent.com/u/1734019?v=3&amp;s=100,,,,,,,,,,,,,,,Kiarash,,,,,,,,,,,,
0,arastu,,https://avatars2.githubusercontent.com/u/472374?v=3&amp;s=100,,,,,,,,,,,,,,,Touhid Arastu,,,,,,"Web geek, software developer @cafebazaar interested in reliability, performance, responsiveness, scalability, capacity and security",,,,,,
