﻿score,login,id,avatar_url,gravatar_id,url,html_url,followers_url,following_url,gists_url,starred_url,subscriptions_url,organizations_url,repos_url,events_url,received_events_url,type,site_admin,name,company,blog,location,email,hireable,bio,public_repos,public_gists,followers,following,created_at,updated_at
0,wilon,,https://avatars2.githubusercontent.com/u/7512755?v=3&amp;s=100,,,,,,,,,,,,,,,wilon,,,,,,PHPer.,,,,,,
0,AeronStory,,https://avatars2.githubusercontent.com/u/22915694?v=3&amp;s=100,,,,,,,,,,,,,,,mohammad,,,,,,,,,,,,
0,deborahelizabethpadilla,,https://avatars3.githubusercontent.com/u/20284373?v=3&amp;s=100,,,,,,,,,,,,,,,Deborah Elizabeth Padilla,,,,,,Developer that loves to innovate by using different passions.,,,,,,
0,ansonbao,,https://avatars1.githubusercontent.com/u/15976534?v=3&amp;s=100,,,,,,,,,,,,,,,anson,,,,,,,,,,,,
0,kevinobee,,https://avatars3.githubusercontent.com/u/1688482?v=3&amp;s=100,,,,,,,,,,,,,,,Kevin Obee,,,,,,,,,,,,
0,brunocasanova,,https://avatars3.githubusercontent.com/u/4107768?v=3&amp;s=100,,,,,,,,,,,,,,,Bruno Casanova,,,,,,,,,,,,
0,gabrielpconceicao,,https://avatars0.githubusercontent.com/u/5131269?v=3&amp;s=100,,,,,,,,,,,,,,,Gabriel Conceição,,,,,,,,,,,,
0,jeroendesloovere,,https://avatars3.githubusercontent.com/u/588616?v=3&amp;s=100,,,,,,,,,,,,,,,Jeroen Desloovere,,,,,,,,,,,,
0,malachi358,,https://avatars2.githubusercontent.com/u/3377574?v=3&amp;s=100,,,,,,,,,,,,,,,Malachi Simonyan,,,,,,,,,,,,
0,doapydave,,https://avatars3.githubusercontent.com/u/1028634?v=3&amp;s=100,,,,,,,,,,,,,,,David Menache,,,,,,,,,,,,
0,katepesic,,https://avatars3.githubusercontent.com/u/2644659?v=3&amp;s=100,,,,,,,,,,,,,,,katepesic,,,,,,,,,,,,
0,KbishopSTC,,https://avatars1.githubusercontent.com/u/2206783?v=3&amp;s=100,,,,,,,,,,,,,,,KBishop,,,,,,,,,,,,
0,BinnyChanchal,,https://avatars1.githubusercontent.com/u/2194966?v=3&amp;s=100,,,,,,,,,,,,,,,BinnyChanchal,,,,,,,,,,,,
