﻿score,login,id,avatar_url,gravatar_id,url,html_url,followers_url,following_url,gists_url,starred_url,subscriptions_url,organizations_url,repos_url,events_url,received_events_url,type,site_admin,name,company,blog,location,email,hireable,bio,public_repos,public_gists,followers,following,created_at,updated_at
0,wilon,,https://avatars2.githubusercontent.com/u/7512755?v=3&amp;s=100,,,,,,,,,,,,,,,wilon,,,,,,PHPer.,,,,,,
0,EonKid,,https://avatars0.githubusercontent.com/u/13067085?v=3&amp;s=100,,,,,,,,,,,,,,,Dhruv Narayan Singh ,,,,,,I am iOS Engineer,,,,,,
0,AeronStory,,https://avatars2.githubusercontent.com/u/22915694?v=3&amp;s=100,,,,,,,,,,,,,,,mohammad,,,,,,,,,,,,
0,deborahelizabethpadilla,,https://avatars3.githubusercontent.com/u/20284373?v=3&amp;s=100,,,,,,,,,,,,,,,Deborah Elizabeth Padilla,,,,,,Developer that loves to innovate by using different passions.,,,,,,
0,AlexEul,,https://avatars0.githubusercontent.com/u/20588299?v=3&amp;s=100,,,,,,,,,,,,,,,Alex Eul,,,,,,"Computer engineering undergrad that&#39;s interested in machine learning, Bayesian inference, convex optimizations, and Stochastic differential equations.",,,,,,
0,daresnick,,https://avatars2.githubusercontent.com/u/20326766?v=3&amp;s=100,,,,,,,,,,,,,,,Damon Resnick,,,,,,"Accomplished problem solver, Data Scientist, and achievement driven experimental Ph.D. Physicist. Currently in SMU MS Data Science program.",,,,,,
0,do3bol85,,https://avatars3.githubusercontent.com/u/12564902?v=3&amp;s=100,,,,,,,,,,,,,,,Rick Coleman,,,,,,Aspiring Data Scientist | AI and IoT Enthusiast,,,,,,
