﻿score,login,id,avatar_url,gravatar_id,url,html_url,followers_url,following_url,gists_url,starred_url,subscriptions_url,organizations_url,repos_url,events_url,received_events_url,type,site_admin,name,company,blog,location,email,hireable,bio,public_repos,public_gists,followers,following,created_at,updated_at
0,wilon,,https://avatars2.githubusercontent.com/u/7512755?v=3&amp;s=100,,,,,,,,,,,,,,,wilon,,,,,,PHPer.,,,,,,
0,icaynia,,https://avatars1.githubusercontent.com/u/16891626?v=3&amp;s=100,,,,,,,,,,,,,,,Sion Yu,,,,,,Java Programmer,,,,,,
0,ya3er,,https://avatars1.githubusercontent.com/u/23307823?v=3&amp;s=100,,,,,,,,,,,,,,,Yaser Rezaei,,,,,,,,,,,,
0,AeronStory,,https://avatars2.githubusercontent.com/u/22915694?v=3&amp;s=100,,,,,,,,,,,,,,,mohammad,,,,,,,,,,,,
0,nazaninreihani,,https://avatars3.githubusercontent.com/u/6875585?v=3&amp;s=100,,,,,,,,,,,,,,,Nazanin Reihani,,,,,,,,,,,,
0,benyaminsalimi,,https://avatars2.githubusercontent.com/u/7989511?v=3&amp;s=100,,,,,,,,,,,,,,,BenYamin Salimi,,,,,,Back-end developer !,,,,,,
0,evinw,,https://avatars0.githubusercontent.com/u/844215?v=3&amp;s=100,,,,,,,,,,,,,,,Evin Weissenberg,,,,,,bluelab.io,,,,,,
0,Cipherhouse,,https://avatars1.githubusercontent.com/u/17876475?v=3&amp;s=100,,,,,,,,,,,,,,,Simon Antony Roberts,,,,,,family creed: we never accept or forgive¡ | Council of $OR | Outsidal of normal scope of physical definition | Bounty Hunter | Transcended Twinian | #MoneyGun,,,,,,
0,Supergran,,https://avatars1.githubusercontent.com/u/18495726?v=3&amp;s=100,,,,,,,,,,,,,,,Jan,,,,,,,,,,,,
0,alirezaghorbani,,https://avatars2.githubusercontent.com/u/16460264?v=3&amp;s=100,,,,,,,,,,,,,,,Alireza ghorani,,,,,,,,,,,,
0,LabsDotCoop,,https://avatars1.githubusercontent.com/u/13866798?v=3&amp;s=100,,,,,,,,,,,,,,,Simon Antony Roberts,,,,,,,,,,,,
0,ariana2000,,https://avatars3.githubusercontent.com/u/2966107?v=3&amp;s=100,,,,,,,,,,,,,,,ariana2000,,,,,,,,,,,,
0,RanLee,,https://avatars3.githubusercontent.com/u/9312581?v=3&amp;s=100,,,,,,,,,,,,,,,Ran Lee,,,,,,,,,,,,
0,arashkhoeini,,https://avatars3.githubusercontent.com/u/9248583?v=3&amp;s=100,,,,,,,,,,,,,,,Arash Khoeini,,,,,,,,,,,,
0,sshnevis,,https://avatars3.githubusercontent.com/u/12251832?v=3&amp;s=100,,,,,,,,,,,,,,,Sina,,,,,,,,,,,,
0,asyn,,https://avatars2.githubusercontent.com/u/2125510?v=3&amp;s=100,,,,,,,,,,,,,,,Saeed Asyn,,,,,,,,,,,,
0,morilog,,https://avatars0.githubusercontent.com/u/4139179?v=3&amp;s=100,,,,,,,,,,,,,,,Morteza Parvini,,,,,,Just another developer,,,,,,
0,Mahdihp,,https://avatars2.githubusercontent.com/u/6378625?v=3&amp;s=100,,,,,,,,,,,,,,,Mahdi Hosseinpour,,,,,,,,,,,,
0,somayeh-karami,,https://avatars2.githubusercontent.com/u/8971120?v=3&amp;s=100,,,,,,,,,,,,,,,somayeh-karami,,,,,,,,,,,,
0,numb95,,https://avatars2.githubusercontent.com/u/1831847?v=3&amp;s=100,,,,,,,,,,,,,,,AmirHossein Goodarzi,,,,,,,,,,,,
0,satrap92,,https://avatars3.githubusercontent.com/u/8467792?v=3&amp;s=100,,,,,,,,,,,,,,,Reza Hamouleh,,,,,,Software developer. Working on e-commerce solutions,,,,,,
0,Jannaty,,https://avatars1.githubusercontent.com/u/7488027?v=3&amp;s=100,,,,,,,,,,,,,,,Mohammad Jannaty,,,,,,,,,,,,
0,Andrax,,https://avatars0.githubusercontent.com/u/200705?v=3&amp;s=100,,,,,,,,,,,,,,,Luiz Carlos B.,,,,,,,,,,,,
0,donglijun,,https://avatars2.githubusercontent.com/u/610037?v=3&amp;s=100,,,,,,,,,,,,,,,donglijun,,,,,,,,,,,,
0,peyman24x,,https://avatars2.githubusercontent.com/u/6192441?v=3&amp;s=100,,,,,,,,,,,,,,,peyman24x,,,,,,,,,,,,
0,Marc-pi,,https://avatars0.githubusercontent.com/u/919332?v=3&amp;s=100,,,,,,,,,,,,,,,Marco,,,,,,,,,,,,
0,haozime,,https://avatars3.githubusercontent.com/u/4150641?v=3&amp;s=100,,,,,,,,,,,,,,,Jerry Lee,,,,,,undefined,,,,,,
0,hmny,,https://avatars0.githubusercontent.com/u/2102983?v=3&amp;s=100,,,,,,,,,,,,,,,Hooman Yar,,,,,,hooman@y:~$ whoami,,,,,,
0,zhangsimon,,https://avatars0.githubusercontent.com/u/2338722?v=3&amp;s=100,,,,,,,,,,,,,,,Zhangsimon,,,,,,,,,,,,
0,djculex,,https://avatars0.githubusercontent.com/u/1289303?v=3&amp;s=100,,,,,,,,,,,,,,,Michael Albertsen,,,,,,,,,,,,
0,zoghal,,https://avatars3.githubusercontent.com/u/174688?v=3&amp;s=100,,,,,,,,,,,,,,,Saleh Souzanchi,,,,,,,,,,,,
0,mambax7,,https://avatars2.githubusercontent.com/u/613686?v=3&amp;s=100,,,,,,,,,,,,,,,Mamba (Michael Beck),,,,,,,,,,,,
0,taiwen,,https://avatars2.githubusercontent.com/u/606523?v=3&amp;s=100,,,,,,,,,,,,,,,Taiwen Jiang,,,,,,"VP Technology at Jiedaibao. Worked as architect at Baidu Inc., led development at XOOPS and Pi Engine. ",,,,,,
0,krisxoofoo,,https://avatars0.githubusercontent.com/u/555219?v=3&amp;s=100,,,,,,,,,,,,,,,kris,,,,,,,,,,,,
0,txmodxoops,,https://avatars1.githubusercontent.com/u/539148?v=3&amp;s=100,,,,,,,,,,,,,,,Txmod Xoops,,,,,,,,,,,,
