﻿score,login,id,html_url,avatar_url,followers_url,gravatar_id,following_url,url,gists_url,starred_url,subscriptions_url,organizations_url,repos_url,events_url,received_events_url,type,site_admin,name,company,blog,location,email,hireable,bio,public_repos,public_gists,followers,following,created_at,updated_at
0,AndiChiou,,,https://avatars2.githubusercontent.com/u/23460812?v=3&amp;s=100,,,,,,,,,,,,,,Andi Chiou,,,,,,High school student @bartlett-high-school,,,,,,
0,xiyouWyz,,,https://avatars0.githubusercontent.com/u/13445823?v=3&amp;s=100,,,,,,,,,,,,,,xiyouWyz,,,,,,,,,,,,
0,BFush,,,https://avatars3.githubusercontent.com/u/23432645?v=3&amp;s=100,,,,,,,,,,,,,,Brisnee Fush,,,,,,Research graduate at Stanford University specializing in Natural Language Processing and Linguistics. Previously: Kilgraston School. Please follow me. 😄 ,,,,,,
0,gintern,,,https://avatars2.githubusercontent.com/u/20753788?v=3&amp;s=100,,,,,,,,,,,,,,Michelle Isterya,,,,,,"B.Tech at MIT, 2010;  Help me in development. Google Intern, 2016 :smile: ",,,,,,
0,Vermisse,,,https://avatars2.githubusercontent.com/u/17972943?v=3&amp;s=100,,,,,,,,,,,,,,Sunki,,,,,,Java、Scala、Clojure,,,,,,
0,yw9381,,,https://avatars3.githubusercontent.com/u/4542000?v=3&amp;s=100,,,,,,,,,,,,,,L1n3,,,,,,the Life in Evil,,,,,,
0,moxiaohei,,,https://avatars0.githubusercontent.com/u/19204333?v=3&amp;s=100,,,,,,,,,,,,,,墨小飞,,,,,,滴水穿石，非一日之功,,,,,,
0,menghucheng,,,https://avatars2.githubusercontent.com/u/8064945?v=3&amp;s=100,,,,,,,,,,,,,,menghucheng,,,,,,,,,,,,
0,RogerFederer03,,,https://avatars1.githubusercontent.com/u/5633006?v=3&amp;s=100,,,,,,,,,,,,,,Zheng Luo,,,,,,Talk is cheap. Show me the code. -- Linus Torvalds,,,,,,
0,brunocvcunha,,,https://avatars2.githubusercontent.com/u/3207647?v=3&amp;s=100,,,,,,,,,,,,,,Bruno Candido Volpato da Cunha,,,,,,☕️  💻  ,,,,,,
0,HanDaoDao,,,https://avatars3.githubusercontent.com/u/16078925?v=3&amp;s=100,,,,,,,,,,,,,,HanDaoDao,,,,,,,,,,,,
0,hrh007,,,https://avatars0.githubusercontent.com/u/16026898?v=3&amp;s=100,,,,,,,,,,,,,,hrh007,,,,,,,,,,,,
0,ifan0316,,,https://avatars0.githubusercontent.com/u/19513922?v=3&amp;s=100,,,,,,,,,,,,,,ifan0316,,,,,,,,,,,,
0,SuperSency,,,https://avatars1.githubusercontent.com/u/18276755?v=3&amp;s=100,,,,,,,,,,,,,,sency,,,,,,,,,,,,
0,ruihaolee,,,https://avatars2.githubusercontent.com/u/17810746?v=3&amp;s=100,,,,,,,,,,,,,,ruihaoLee,,,,,,,,,,,,
0,RainbowerIn3G,,,https://avatars2.githubusercontent.com/u/15026599?v=3&amp;s=100,,,,,,,,,,,,,,RainbowerIn3G,,,,,,,,,,,,
0,xiyouZmt,,,https://avatars3.githubusercontent.com/u/16242084?v=3&amp;s=100,,,,,,,,,,,,,,zmt,,,,,,Make the change for android,,,,,,
0,katherineqj,,,https://avatars1.githubusercontent.com/u/20468728?v=3&amp;s=100,,,,,,,,,,,,,,katherineqj,,,,,,,,,,,,
0,iosTangtang,,,https://avatars3.githubusercontent.com/u/15909425?v=3&amp;s=100,,,,,,,,,,,,,,TxxxTang,,,,,,,,,,,,
0,yuanguozheng,,,https://avatars2.githubusercontent.com/u/6261504?v=3&amp;s=100,,,,,,,,,,,,,,Yuan Guozheng,,,,,,Mobile App Developer,,,,,,
