﻿score,login,id,avatar_url,gravatar_id,url,html_url,followers_url,following_url,gists_url,starred_url,subscriptions_url,organizations_url,repos_url,events_url,received_events_url,type,site_admin,name,company,blog,location,email,hireable,bio,public_repos,public_gists,followers,following,created_at,updated_at
0,AndiChiou,,https://avatars2.githubusercontent.com/u/23460812?v=3&amp;s=100,,,,,,,,,,,,,,,Andi Chiou,,,,,,High school student @bartlett-high-school,,,,,,
0,deeheber,,https://avatars2.githubusercontent.com/u/12616554?v=3&amp;s=100,,,,,,,,,,,,,,,Danielle Heberling,,,,,,"I&#39;m Pennsylvania Dutch, but I&#39;m not Amish.",,,,,,
0,richpriordesign,,https://avatars0.githubusercontent.com/u/14063124?v=3&amp;s=100,,,,,,,,,,,,,,,richpriordesign,,,,,,Designer and Developer Straight Outta NYC.,,,,,,
0,jpruiz114,,https://avatars3.githubusercontent.com/u/4614970?v=3&amp;s=100,,,,,,,,,,,,,,,Jean Paul Ruiz,,,,,,"Cat lover, lego fanatic, full stack developer, big data and math passionate.",,,,,,
0,doomsterinc,,https://avatars0.githubusercontent.com/u/5833310?v=3&amp;s=100,,,,,,,,,,,,,,,Maicon Giovani,,,,,,Code Life,,,,,,
0,ozgursarioglan,,https://avatars3.githubusercontent.com/u/9043215?v=3&amp;s=100,,,,,,,,,,,,,,,Özgür SARIOĞLAN,,,,,,@technopratik @razorengineco @OrangeEngine ,,,,,,
0,irshuLx,,https://avatars1.githubusercontent.com/u/12872191?v=3&amp;s=100,,,,,,,,,,,,,,,Irshu,,,,,,"Rolls with  Android. Follower of Dubstep, Rock music, Cyberpunk....and cats?",,,,,,
0,joses-soul,,https://avatars3.githubusercontent.com/u/21228026?v=3&amp;s=100,,,,,,,,,,,,,,,José Luís Soto Jr.,,,,,,Systematic software programmer. Book lover.,,,,,,
0,ternsip,,https://avatars3.githubusercontent.com/u/10179239?v=3&amp;s=100,,,,,,,,,,,,,,,Ternsip,,,,,,If you are alone - imagine that you are Gordon Freeman.,,,,,,
0,MichalPaszkiewicz,,https://avatars2.githubusercontent.com/u/6673982?v=3&amp;s=100,,,,,,,,,,,,,,,Michal Paszkiewicz,,,,,,Just a guy who likes to make things @MichalYouDoing,,,,,,
0,brunocvcunha,,https://avatars2.githubusercontent.com/u/3207647?v=3&amp;s=100,,,,,,,,,,,,,,,Bruno Candido Volpato da Cunha,,,,,,☕️  💻  ,,,,,,
0,nmillward,,https://avatars1.githubusercontent.com/u/4249779?v=3&amp;s=100,,,,,,,,,,,,,,,Nick M,,,,,,Android enthusiast working in the tech space of NYC.,,,,,,
0,OneHunnid,,https://avatars1.githubusercontent.com/u/6773488?v=3&amp;s=100,,,,,,,,,,,,,,,Chris Limbrick,,,,,,Designer. Developer. Photographer.,,,,,,
