﻿score,login,id,avatar_url,gravatar_id,url,html_url,followers_url,following_url,gists_url,starred_url,subscriptions_url,organizations_url,repos_url,events_url,received_events_url,type,site_admin,name,company,blog,location,email,hireable,bio,public_repos,public_gists,followers,following,created_at,updated_at
0,wilon,,https://avatars2.githubusercontent.com/u/7512755?v=3&amp;s=100,,,,,,,,,,,,,,,wilon,,,,,,PHPer.,,,,,,
0,JaySekulow15,,https://avatars0.githubusercontent.com/u/20650551?v=3&amp;s=100,,,,,,,,,,,,,,,Jay Sekulow,,,,,,An accomplished Supreme Court advocate,,,,,,
0,wxmahen,,https://avatars2.githubusercontent.com/u/13268706?v=3&amp;s=100,,,,,,,,,,,,,,,Mahen Samaranayake,,,,,,A huge fan of AI and Big Data.,,,,,,
0,AndiChiou,,https://avatars2.githubusercontent.com/u/23460812?v=3&amp;s=100,,,,,,,,,,,,,,,Andi Chiou,,,,,,High school student @bartlett-high-school,,,,,,
0,edu-bot,,https://avatars0.githubusercontent.com/u/23435604?v=3&amp;s=100,,,,,,,,,,,,,,,Edu Bot,,,,,,,,,,,,
0,BFush,,https://avatars3.githubusercontent.com/u/23432645?v=3&amp;s=100,,,,,,,,,,,,,,,Brisnee Fush,,,,,,Research graduate at Stanford University specializing in Natural Language Processing and Linguistics. Previously: Kilgraston School. Please follow me. 😄 ,,,,,,
0,dengyi1992,,https://avatars3.githubusercontent.com/u/13898604?v=3&amp;s=100,,,,,,,,,,,,,,,dengyi1992,,,,,,为码痴狂,,,,,,
0,gintern,,https://avatars2.githubusercontent.com/u/20753788?v=3&amp;s=100,,,,,,,,,,,,,,,Michelle Isterya,,,,,,"B.Tech at MIT, 2010;  Help me in development. Google Intern, 2016 :smile: ",,,,,,
0,chongbenben,,https://avatars0.githubusercontent.com/u/21237518?v=3&amp;s=100,,,,,,,,,,,,,,,种奔奔,,,,,,FEE in China.,,,,,,
0,ReidHolmes,,https://avatars3.githubusercontent.com/u/17958554?v=3&amp;s=100,,,,,,,,,,,,,,,Reidholmes,,,,,,,,,,,,
0,mallikarjunayaddala,,https://avatars2.githubusercontent.com/u/12093403?v=3&amp;s=100,,,,,,,,,,,,,,,Mallikarjuna,,,,,,,,,,,,
0,yfgeek,,https://avatars2.githubusercontent.com/u/7533831?v=3&amp;s=100,,,,,,,,,,,,,,,Ivan,,,,,,,,,,,,
0,yayuntian,,https://avatars2.githubusercontent.com/u/2228382?v=3&amp;s=100,,,,,,,,,,,,,,,yayuntian,,,,,,keep moving,,,,,,
0,zhiaixuexi,,https://avatars3.githubusercontent.com/u/11385718?v=3&amp;s=100,,,,,,,,,,,,,,,xiao.luo,,,,,,"ClearClouds memeber, specialize in java",,,,,,
0,chenyoufu,,https://avatars2.githubusercontent.com/u/7324573?v=3&amp;s=100,,,,,,,,,,,,,,,比特,,,,,,Specilize in C/Python/Go/Lua/,,,,,,
0,Vermisse,,https://avatars2.githubusercontent.com/u/17972943?v=3&amp;s=100,,,,,,,,,,,,,,,Sunki,,,,,,Java、Scala、Clojure,,,,,,
0,lazyman123,,https://avatars2.githubusercontent.com/u/15192409?v=3&amp;s=100,,,,,,,,,,,,,,,zzg,,,,,,sleepy,,,,,,
0,jaystu,,https://avatars3.githubusercontent.com/u/7977085?v=3&amp;s=100,,,,,,,,,,,,,,,John Stuart,,,,,,,,,,,,
0,naruto227,,https://avatars3.githubusercontent.com/u/16680574?v=3&amp;s=100,,,,,,,,,,,,,,,Michael Allan,,,,,,,,,,,,
0,shivamshekhar,,https://avatars1.githubusercontent.com/u/13262314?v=3&amp;s=100,,,,,,,,,,,,,,,Shivam Shekhar,,,,,,,,,,,,
0,lucasbento,,https://avatars3.githubusercontent.com/u/6207220?v=3&amp;s=100,,,,,,,,,,,,,,,Lucas Bento,,,,,,"Full-stack developer building amazing apps with #react, #reactnative, #relay, #webpack, #graphql &amp; #koa",,,,,,
0,brianna1234,,https://avatars0.githubusercontent.com/u/22613624?v=3&amp;s=100,,,,,,,,,,,,,,,brianna1234,,,,,,,,,,,,
0,shadestreak,,https://avatars1.githubusercontent.com/u/19281808?v=3&amp;s=100,,,,,,,,,,,,,,,Argha Das,,,,,,A Human With Programming Skill,,,,,,
0,zrcing,,https://avatars1.githubusercontent.com/u/1124192?v=3&amp;s=100,,,,,,,,,,,,,,,Gary,,,,,,"Interest PHP, Web Developer, IT",,,,,,
0,ozgursarioglan,,https://avatars3.githubusercontent.com/u/9043215?v=3&amp;s=100,,,,,,,,,,,,,,,Özgür SARIOĞLAN,,,,,,@technopratik @razorengineco @OrangeEngine ,,,,,,
0,perfettiful,,https://avatars3.githubusercontent.com/u/7156158?v=3&amp;s=100,,,,,,,,,,,,,,,Nathan Perfetti,,,,,,,,,,,,
0,kevin-who,,https://avatars2.githubusercontent.com/u/6051736?v=3&amp;s=100,,,,,,,,,,,,,,,Kevin Hu,,,,,,Self-made entrepreneur,,,,,,
0,johnfkraus,,https://avatars1.githubusercontent.com/u/3719472?v=3&amp;s=100,,,,,,,,,,,,,,,John Kraus,,,,,,Me code u long time.,,,,,,
0,qq179825800,,https://avatars1.githubusercontent.com/u/18323522?v=3&amp;s=100,,,,,,,,,,,,,,,qq179825800,,,,,,,,,,,,
0,wrh2,,https://avatars0.githubusercontent.com/u/9388552?v=3&amp;s=100,,,,,,,,,,,,,,,William Harrington,,,,,,"Computer Engineer, Bare metal af",,,,,,
0,selman,,https://avatars3.githubusercontent.com/u/172931?v=3&amp;s=100,,,,,,,,,,,,,,,Selman ULUĞ,,,,,,,,,,,,
0,evinw,,https://avatars0.githubusercontent.com/u/844215?v=3&amp;s=100,,,,,,,,,,,,,,,Evin Weissenberg,,,,,,bluelab.io,,,,,,
0,tm57,,https://avatars2.githubusercontent.com/u/7309040?v=3&amp;s=100,,,,,,,,,,,,,,,Tinashe Matate,,,,,,,,,,,,
0,peterkokot,,https://avatars1.githubusercontent.com/u/1614009?v=3&amp;s=100,,,,,,,,,,,,,,,Peter Kokot,,,,,,,,,,,,
0,JohnAnthony,,https://avatars1.githubusercontent.com/u/436859?v=3&amp;s=100,,,,,,,,,,,,,,,John Anthony,,,,,,,,,,,,
0,JessicaGarson,,https://avatars2.githubusercontent.com/u/6326757?v=3&amp;s=100,,,,,,,,,,,,,,,Jessica Garson,,,,,,,,,,,,
0,indykish,,https://avatars1.githubusercontent.com/u/1402479?v=3&amp;s=100,,,,,,,,,,,,,,,Kishorekumar Neelamegam,,,,,,,,,,,,
0,manoj192,,https://avatars0.githubusercontent.com/u/5259589?v=3&amp;s=100,,,,,,,,,,,,,,,ManojKumar,,,,,,I have completed B.Tech computer science and now i am working as android application developer ,,,,,,
0,cynical89,,https://avatars2.githubusercontent.com/u/14186276?v=3&amp;s=100,,,,,,,,,,,,,,,Anthony Michelizzi,,,,,,JavaScript and C# programmer,,,,,,
0,anoiaque,,https://avatars0.githubusercontent.com/u/95454?v=3&amp;s=100,,,,,,,,,,,,,,,zenyoda,,,,,,,,,,,,
0,Gooooodman,,https://avatars0.githubusercontent.com/u/13062160?v=3&amp;s=100,,,,,,,,,,,,,,,Goooood,,,,,,give me your love!,,,,,,
0,dotscript,,https://avatars0.githubusercontent.com/u/18452762?v=3&amp;s=100,,,,,,,,,,,,,,,dotscript,,,,,,,,,,,,
0,alanhaggai,,https://avatars3.githubusercontent.com/u/46288?v=3&amp;s=100,,,,,,,,,,,,,,,Alan Haggai Alavi,,,,,,The difference makes the difference,,,,,,
0,RogerFederer03,,https://avatars1.githubusercontent.com/u/5633006?v=3&amp;s=100,,,,,,,,,,,,,,,Zheng Luo,,,,,,Talk is cheap. Show me the code. -- Linus Torvalds,,,,,,
0,rod-lin,,https://avatars1.githubusercontent.com/u/9999958?v=3&amp;s=100,,,,,,,,,,,,,,,rod,,,,,,student,,,,,,
0,bloodycoder,,https://avatars0.githubusercontent.com/u/7576876?v=3&amp;s=100,,,,,,,,,,,,,,,Picard Xie,,,,,,SJTU,,,,,,
0,MichalPaszkiewicz,,https://avatars2.githubusercontent.com/u/6673982?v=3&amp;s=100,,,,,,,,,,,,,,,Michal Paszkiewicz,,,,,,Just a guy who likes to make things @MichalYouDoing,,,,,,
0,samhunta,,https://avatars0.githubusercontent.com/u/627984?v=3&amp;s=100,,,,,,,,,,,,,,,sam,,,,,,¯\_(ツ)_/¯,,,,,,
0,docapotamus,,https://avatars2.githubusercontent.com/u/1929544?v=3&amp;s=100,,,,,,,,,,,,,,,Joe Doherty,,,,,,,,,,,,
0,MattMcFarland,,https://avatars1.githubusercontent.com/u/623545?v=3&amp;s=100,,,,,,,,,,,,,,,Matt McFarland,,,,,,,,,,,,
0,timBrockman,,https://avatars2.githubusercontent.com/u/224722?v=3&amp;s=100,,,,,,,,,,,,,,,Tim Brockman,,,,,,,,,,,,
