﻿login,score,gravatar_id,id,followers_url,avatar_url,gists_url,url,starred_url,html_url,subscriptions_url,following_url,organizations_url,public_repos,repos_url,following,events_url,received_events_url,type,site_admin,name,company,blog,location,email,hireable,bio,public_gists,followers,created_at,updated_at
thierryrene,0,,,,https://avatars3.githubusercontent.com/u/1225308?v=3&amp;s=100,,,,,,,,,,,,,,,thierry rene matos,,,,,,"desenvolvedor web, pai, devoro conteúdos da área, traduzo artigo para o Tuts+, compartilho o que aprendo, entusiasta em qualquer coisa digital e cabeça dura.",,,,
hayderimran7,0,,,,https://avatars3.githubusercontent.com/u/4046529?v=3&amp;s=100,,,,,,,,,,,,,,,Imran Hayder ,,,,,,,,,,
AndiChiou,0,,,,https://avatars2.githubusercontent.com/u/23460812?v=3&amp;s=100,,,,,,,,,,,,,,,Andi Chiou,,,,,,High school student @bartlett-high-school,,,,
BFush,0,,,,https://avatars3.githubusercontent.com/u/23432645?v=3&amp;s=100,,,,,,,,,,,,,,,Brisnee Fush,,,,,,Research graduate at Stanford University specializing in Natural Language Processing and Linguistics. Previously: Kilgraston School. Please follow me. 😄 ,,,,
dengyi1992,0,,,,https://avatars3.githubusercontent.com/u/13898604?v=3&amp;s=100,,,,,,,,,,,,,,,dengyi1992,,,,,,为码痴狂,,,,
gintern,0,,,,https://avatars2.githubusercontent.com/u/20753788?v=3&amp;s=100,,,,,,,,,,,,,,,Michelle Isterya,,,,,,"B.Tech at MIT, 2010;  Help me in development. Google Intern, 2016 :smile: ",,,,
huruji,0,,,,https://avatars3.githubusercontent.com/u/15937065?v=3&amp;s=100,,,,,,,,,,,,,,,忽如寄,,,,,,以梦为码，仗键天涯。,,,,
chongbenben,0,,,,https://avatars0.githubusercontent.com/u/21237518?v=3&amp;s=100,,,,,,,,,,,,,,,种奔奔,,,,,,FEE in China.,,,,
isavin,0,,,,https://avatars1.githubusercontent.com/u/1766982?v=3&amp;s=100,,,,,,,,,,,,,,,isavin,,,,,,,,,,
chenyoufu,0,,,,https://avatars2.githubusercontent.com/u/7324573?v=3&amp;s=100,,,,,,,,,,,,,,,比特,,,,,,Specilize in C/Python/Go/Lua/,,,,
Vermisse,0,,,,https://avatars2.githubusercontent.com/u/17972943?v=3&amp;s=100,,,,,,,,,,,,,,,Sunki,,,,,,Java、Scala、Clojure,,,,
Thuffer86,0,,,,https://avatars2.githubusercontent.com/u/8707255?v=3&amp;s=100,,,,,,,,,,,,,,,Tyler Huffer,,,,,,,,,,
naruto227,0,,,,https://avatars3.githubusercontent.com/u/16680574?v=3&amp;s=100,,,,,,,,,,,,,,,Michael Allan,,,,,,,,,,
VegiS,0,,,,https://avatars3.githubusercontent.com/u/2658847?v=3&amp;s=100,,,,,,,,,,,,,,,Srinivasa Vegi,,,,,,DevOps Evangelist | QA Leader | Agilist #Microservices #Docker,,,,
shayanzare,0,,,,https://avatars2.githubusercontent.com/u/17108348?v=3&amp;s=100,,,,,,,,,,,,,,,ViRuS007,,,,,,C++ / QT And Ruby,,,,
selurvedu,0,,,,https://avatars0.githubusercontent.com/u/11262062?v=3&amp;s=100,,,,,,,,,,,,,,,selurvedu,,,,,,Expert in StackOverflow-driven development,,,,
evinw,0,,,,https://avatars0.githubusercontent.com/u/844215?v=3&amp;s=100,,,,,,,,,,,,,,,Evin Weissenberg,,,,,,bluelab.io,,,,
srayner,0,,,,https://avatars3.githubusercontent.com/u/630491?v=3&amp;s=100,,,,,,,,,,,,,,,Civray Software,,,,,,Programmer and software developer.,,,,
bargemb,0,,,,https://avatars2.githubusercontent.com/u/7900526?v=3&amp;s=100,,,,,,,,,,,,,,,Mayur Barge,,,,,,python | jenkins | ansible | docker,,,,
RogerFederer03,0,,,,https://avatars1.githubusercontent.com/u/5633006?v=3&amp;s=100,,,,,,,,,,,,,,,Zheng Luo,,,,,,Talk is cheap. Show me the code. -- Linus Torvalds,,,,
Gooooodman,0,,,,https://avatars0.githubusercontent.com/u/13062160?v=3&amp;s=100,,,,,,,,,,,,,,,Goooood,,,,,,give me your love!,,,,
Tyquan,0,,,,https://avatars1.githubusercontent.com/u/7365526?v=3&amp;s=100,,,,,,,,,,,,,,,Tyquan Reddick,,,,,,Just working on a few things...,,,,
giang99,0,,,,https://avatars2.githubusercontent.com/u/20941968?v=3&amp;s=100,,,,,,,,,,,,,,,giang99,,,,,,,,,,
AdiChat,0,,,,https://avatars0.githubusercontent.com/u/10634210?v=3&amp;s=100,,,,,,,,,,,,,,,Ãditya⛄Chatterjee,,,,,,✌️ 🎅 gave me a stone. 🍥 + 🎁 + 🍷 💃 ,,,,
samhunta,0,,,,https://avatars0.githubusercontent.com/u/627984?v=3&amp;s=100,,,,,,,,,,,,,,,sam,,,,,,¯\_(ツ)_/¯,,,,
RowlandOti,0,,,,https://avatars0.githubusercontent.com/u/8356008?v=3&amp;s=100,,,,,,,,,,,,,,,Rowland Oti,,,,,,"Your scared of how my code may make your work extremely easy, am scared of how it may not. Cheers!",,,,
cusspvz,0,,,,https://avatars2.githubusercontent.com/u/3604053?v=3&amp;s=100,,,,,,,,,,,,,,,José Moreira,,,,,,"full-stack developer, ui/ux designer, musician &amp; diy entusiast",,,,
