﻿score,login,id,avatar_url,gravatar_id,url,html_url,followers_url,following_url,gists_url,starred_url,subscriptions_url,organizations_url,repos_url,events_url,received_events_url,type,site_admin,name,company,blog,location,email,hireable,bio,public_repos,public_gists,followers,following,created_at,updated_at
0,AndiChiou,,https://avatars2.githubusercontent.com/u/23460812?v=3&amp;s=100,,,,,,,,,,,,,,,Andi Chiou,,,,,,High school student @bartlett-high-school,,,,,,
0,BFush,,https://avatars3.githubusercontent.com/u/23432645?v=3&amp;s=100,,,,,,,,,,,,,,,Brisnee Fush,,,,,,Research graduate at Stanford University specializing in Natural Language Processing and Linguistics. Previously: Kilgraston School. Please follow me. 😄 ,,,,,,
0,dengyi1992,,https://avatars3.githubusercontent.com/u/13898604?v=3&amp;s=100,,,,,,,,,,,,,,,dengyi1992,,,,,,为码痴狂,,,,,,
0,gintern,,https://avatars2.githubusercontent.com/u/20753788?v=3&amp;s=100,,,,,,,,,,,,,,,Michelle Isterya,,,,,,"B.Tech at MIT, 2010;  Help me in development. Google Intern, 2016 :smile: ",,,,,,
0,yfgeek,,https://avatars2.githubusercontent.com/u/7533831?v=3&amp;s=100,,,,,,,,,,,,,,,Ivan,,,,,,,,,,,,
0,Vermisse,,https://avatars2.githubusercontent.com/u/17972943?v=3&amp;s=100,,,,,,,,,,,,,,,Sunki,,,,,,Java、Scala、Clojure,,,,,,
0,2tarotk,,https://avatars0.githubusercontent.com/u/1920478?v=3&amp;s=100,,,,,,,,,,,,,,,Tsuyoshi,,,,,,,,,,,,
0,AeronStory,,https://avatars2.githubusercontent.com/u/22915694?v=3&amp;s=100,,,,,,,,,,,,,,,mohammad,,,,,,,,,,,,
0,naruto227,,https://avatars3.githubusercontent.com/u/16680574?v=3&amp;s=100,,,,,,,,,,,,,,,Michael Allan,,,,,,,,,,,,
0,shivamshekhar,,https://avatars1.githubusercontent.com/u/13262314?v=3&amp;s=100,,,,,,,,,,,,,,,Shivam Shekhar,,,,,,,,,,,,
0,lucasbento,,https://avatars3.githubusercontent.com/u/6207220?v=3&amp;s=100,,,,,,,,,,,,,,,Lucas Bento,,,,,,"Full-stack developer building amazing apps with #react, #reactnative, #relay, #webpack, #graphql &amp; #koa",,,,,,
0,zrcing,,https://avatars1.githubusercontent.com/u/1124192?v=3&amp;s=100,,,,,,,,,,,,,,,Gary,,,,,,"Interest PHP, Web Developer, IT",,,,,,
0,ozgursarioglan,,https://avatars3.githubusercontent.com/u/9043215?v=3&amp;s=100,,,,,,,,,,,,,,,Özgür SARIOĞLAN,,,,,,@technopratik @razorengineco @OrangeEngine ,,,,,,
0,lukesUbuntu,,https://avatars2.githubusercontent.com/u/6184757?v=3&amp;s=100,,,,,,,,,,,,,,,Luke Hardiman,,,,,,,,,,,,
0,dotscript,,https://avatars0.githubusercontent.com/u/18452762?v=3&amp;s=100,,,,,,,,,,,,,,,dotscript,,,,,,,,,,,,
0,guguido,,https://avatars1.githubusercontent.com/u/19505457?v=3&amp;s=100,,,,,,,,,,,,,,,Wilson Guido,,,,,,,,,,,,
0,976500133,,https://avatars0.githubusercontent.com/u/5755720?v=3&amp;s=100,,,,,,,,,,,,,,,Baron.Liu,,,,,,前端开发/iOS 开发/Node开发工程师,,,,,,
0,RogerFederer03,,https://avatars1.githubusercontent.com/u/5633006?v=3&amp;s=100,,,,,,,,,,,,,,,Zheng Luo,,,,,,Talk is cheap. Show me the code. -- Linus Torvalds,,,,,,
0,lancelot801,,https://avatars2.githubusercontent.com/u/18180589?v=3&amp;s=100,,,,,,,,,,,,,,,lancelot801,,,,,,An ordinary  university  student,,,,,,
0,rod-lin,,https://avatars1.githubusercontent.com/u/9999958?v=3&amp;s=100,,,,,,,,,,,,,,,rod,,,,,,student,,,,,,
0,ternsip,,https://avatars3.githubusercontent.com/u/10179239?v=3&amp;s=100,,,,,,,,,,,,,,,Ternsip,,,,,,If you are alone - imagine that you are Gordon Freeman.,,,,,,
0,cusspvz,,https://avatars2.githubusercontent.com/u/3604053?v=3&amp;s=100,,,,,,,,,,,,,,,José Moreira,,,,,,"full-stack developer, ui/ux designer, musician &amp; diy entusiast",,,,,,
0,qinix,,https://avatars0.githubusercontent.com/u/1946663?v=3&amp;s=100,,,,,,,,,,,,,,,Eric Zhang,,,,,,,,,,,,
0,ludovicbenistant,,https://avatars0.githubusercontent.com/u/8687482?v=3&amp;s=100,,,,,,,,,,,,,,,Ludovic Benistant,,,,,,#datascience,,,,,,
0,jpruiz114,,https://avatars3.githubusercontent.com/u/4614970?v=3&amp;s=100,,,,,,,,,,,,,,,Jean Paul Ruiz,,,,,,"Cat lover, lego fanatic, full stack developer, big data and math passionate.",,,,,,
0,pisual,,https://avatars0.githubusercontent.com/u/9153294?v=3&amp;s=100,,,,,,,,,,,,,,,FelixSion,,,,,,DSN Pisual 首席设计师、蟾宫折桂科技有限公司技术总监、月牙堂科技有限公司技术总监、Stargazer（观星者）首席设计师,,,,,,
0,VagrantStory,,https://avatars3.githubusercontent.com/u/4069972?v=3&amp;s=100,,,,,,,,,,,,,,,mohammad,,,,,,Developer Program Member,,,,,,
0,stoked-zz,,https://avatars2.githubusercontent.com/u/13973828?v=3&amp;s=100,,,,,,,,,,,,,,,Amie Lynn,,,,,,,,,,,,
0,querino,,https://avatars2.githubusercontent.com/u/1483912?v=3&amp;s=100,,,,,,,,,,,,,,,Luiz Carlos Querino Filho,,,,,,,,,,,,
0,NatOliiveira,,https://avatars3.githubusercontent.com/u/9853578?v=3&amp;s=100,,,,,,,,,,,,,,,NatOliiveira,,,,,,,,,,,,
0,superblr,,https://avatars2.githubusercontent.com/u/13002367?v=3&amp;s=100,,,,,,,,,,,,,,,YongbeomKim,,,,,,,,,,,,
0,tvvocold,,https://avatars2.githubusercontent.com/u/4530539?v=3&amp;s=100,,,,,,,,,,,,,,,Ray,,,,,,Do cool things that doesn&#39;t matter.,,,,,,
0,MichalPaszkiewicz,,https://avatars2.githubusercontent.com/u/6673982?v=3&amp;s=100,,,,,,,,,,,,,,,Michal Paszkiewicz,,,,,,Just a guy who likes to make things @MichalYouDoing,,,,,,
0,elgalu,,https://avatars0.githubusercontent.com/u/111569?v=3&amp;s=100,,,,,,,,,,,,,,,Leo Gallucci,,,,,,Leo is the creator of docker-selenium which aims to get Selenium running as simple and fast as possible,,,,,,
0,jhowcs,,https://avatars0.githubusercontent.com/u/5488195?v=3&amp;s=100,,,,,,,,,,,,,,,Jonathan Campos,,,,,,,,,,,,
0,PeytonsProfile,,https://avatars2.githubusercontent.com/u/7455103?v=3&amp;s=100,,,,,,,,,,,,,,,peyton Caseria,,,,,,"HTML5, CSS3, Javascript, Jquery Front End Web Design Specialist",,,,,,
0,imraazrally,,https://avatars1.githubusercontent.com/u/10794748?v=3&amp;s=100,,,,,,,,,,,,,,,Imraaz Rally,,,,,,"C.S Graduate from NJIT, Founder / Developer @ Therapy Square ",,,,,,
0,fengnanyue,,https://avatars1.githubusercontent.com/u/13938317?v=3&amp;s=100,,,,,,,,,,,,,,,Fengnan Yue,,,,,,Looking for Software Engineering Internship for Summer 2017,,,,,,
0,D132,,https://avatars2.githubusercontent.com/u/4085362?v=3&amp;s=100,,,,,,,,,,,,,,,Deepak Laxmi Narasimha,,,,,,,,,,,,
0,codersaiful,,https://avatars0.githubusercontent.com/u/6463919?v=3&amp;s=100,,,,,,,,,,,,,,,Saiful Islam,,,,,,,,,,,,
0,shoshindes,,https://avatars1.githubusercontent.com/u/13901088?v=3&amp;s=100,,,,,,,,,,,,,,,Jack Thompson,,,,,,,,,,,,
0,fernando-lopes,,https://avatars3.githubusercontent.com/u/12008931?v=3&amp;s=100,,,,,,,,,,,,,,,Fernando Lopes,,,,,,,,,,,,
0,angusshire,,https://avatars1.githubusercontent.com/u/5877145?v=3&amp;s=100,,,,,,,,,,,,,,,Angus H.,,,,,,Available for part-time or freelance work.,,,,,,
0,felipegruoso,,https://avatars0.githubusercontent.com/u/11670216?v=3&amp;s=100,,,,,,,,,,,,,,,Felipe Gadelha Ruoso,,,,,,,,,,,,
0,mgwhitfield,,https://avatars1.githubusercontent.com/u/2973130?v=3&amp;s=100,,,,,,,,,,,,,,,Mike W,,,,,,,,,,,,
0,luanpontolio,,https://avatars0.githubusercontent.com/u/6892058?v=3&amp;s=100,,,,,,,,,,,,,,,luanpontolio,,,,,,,,,,,,
0,davidfcavalcante,,https://avatars2.githubusercontent.com/u/13812121?v=3&amp;s=100,,,,,,,,,,,,,,,David Ferreira Cavalcante,,,,,,,,,,,,
0,lucasbastianik,,https://avatars0.githubusercontent.com/u/1635231?v=3&amp;s=100,,,,,,,,,,,,,,,Lucas Bastianik,,,,,,,,,,,,
