﻿score,login,id,avatar_url,gravatar_id,url,html_url,followers_url,following_url,gists_url,starred_url,subscriptions_url,organizations_url,repos_url,events_url,received_events_url,type,site_admin,name,company,blog,location,email,hireable,bio,public_repos,public_gists,followers,following,created_at,updated_at
0,wilon,,https://avatars2.githubusercontent.com/u/7512755?v=3&amp;s=100,,,,,,,,,,,,,,,wilon,,,,,,PHPer.,,,,,,
0,wxmahen,,https://avatars2.githubusercontent.com/u/13268706?v=3&amp;s=100,,,,,,,,,,,,,,,Mahen Samaranayake,,,,,,A huge fan of AI and Big Data.,,,,,,
0,AndiChiou,,https://avatars2.githubusercontent.com/u/23460812?v=3&amp;s=100,,,,,,,,,,,,,,,Andi Chiou,,,,,,High school student @bartlett-high-school,,,,,,
0,BFush,,https://avatars3.githubusercontent.com/u/23432645?v=3&amp;s=100,,,,,,,,,,,,,,,Brisnee Fush,,,,,,Research graduate at Stanford University specializing in Natural Language Processing and Linguistics. Previously: Kilgraston School. Please follow me. 😄 ,,,,,,
0,edu-bot,,https://avatars0.githubusercontent.com/u/23435604?v=3&amp;s=100,,,,,,,,,,,,,,,Edu Bot,,,,,,,,,,,,
0,gintern,,https://avatars2.githubusercontent.com/u/20753788?v=3&amp;s=100,,,,,,,,,,,,,,,Michelle Isterya,,,,,,"B.Tech at MIT, 2010;  Help me in development. Google Intern, 2016 :smile: ",,,,,,
0,Vermisse,,https://avatars2.githubusercontent.com/u/17972943?v=3&amp;s=100,,,,,,,,,,,,,,,Sunki,,,,,,Java、Scala、Clojure,,,,,,
0,AeronStory,,https://avatars2.githubusercontent.com/u/22915694?v=3&amp;s=100,,,,,,,,,,,,,,,mohammad,,,,,,,,,,,,
0,RogerFederer03,,https://avatars1.githubusercontent.com/u/5633006?v=3&amp;s=100,,,,,,,,,,,,,,,Zheng Luo,,,,,,Talk is cheap. Show me the code. -- Linus Torvalds,,,,,,
0,Gooooodman,,https://avatars0.githubusercontent.com/u/13062160?v=3&amp;s=100,,,,,,,,,,,,,,,Goooood,,,,,,give me your love!,,,,,,
0,ternsip,,https://avatars3.githubusercontent.com/u/10179239?v=3&amp;s=100,,,,,,,,,,,,,,,Ternsip,,,,,,If you are alone - imagine that you are Gordon Freeman.,,,,,,
0,adityaanupindi,,https://avatars1.githubusercontent.com/u/5804235?v=3&amp;s=100,,,,,,,,,,,,,,,A.Aditya,,,,,,,,,,,,
0,qinix,,https://avatars0.githubusercontent.com/u/1946663?v=3&amp;s=100,,,,,,,,,,,,,,,Eric Zhang,,,,,,,,,,,,
0,sisazago,,https://avatars2.githubusercontent.com/u/9251265?v=3&amp;s=100,,,,,,,,,,,,,,,Sebastian Isaza Gómez,,,,,,,,,,,,
0,stoked-zz,,https://avatars2.githubusercontent.com/u/13973828?v=3&amp;s=100,,,,,,,,,,,,,,,Amie Lynn,,,,,,,,,,,,
0,VagrantStory,,https://avatars3.githubusercontent.com/u/4069972?v=3&amp;s=100,,,,,,,,,,,,,,,mohammad,,,,,,Developer Program Member,,,,,,
0,tvvocold,,https://avatars2.githubusercontent.com/u/4530539?v=3&amp;s=100,,,,,,,,,,,,,,,Ray,,,,,,Do cool things that doesn&#39;t matter.,,,,,,
0,soyelmnd,,https://avatars2.githubusercontent.com/u/2678063?v=3&amp;s=100,,,,,,,,,,,,,,,Minh Nguyen,,,,,,,,,,,,
0,imraazrally,,https://avatars1.githubusercontent.com/u/10794748?v=3&amp;s=100,,,,,,,,,,,,,,,Imraaz Rally,,,,,,"C.S Graduate from NJIT, Founder / Developer @ Therapy Square ",,,,,,
0,alicaglayan,,https://avatars1.githubusercontent.com/u/5114628?v=3&amp;s=100,,,,,,,,,,,,,,,Ali İhsan ÇAĞLAYAN,,,,,,,,,,,,
0,Alireza-Dezfoolian,,https://avatars1.githubusercontent.com/u/2324821?v=3&amp;s=100,,,,,,,,,,,,,,,Alireza,,,,,,My name is Alireza Dezfoolian Senior front end Developer/ UI Designer located in Sydney atm,,,,,,
0,shoshindes,,https://avatars1.githubusercontent.com/u/13901088?v=3&amp;s=100,,,,,,,,,,,,,,,Jack Thompson,,,,,,,,,,,,
0,gabrielpconceicao,,https://avatars0.githubusercontent.com/u/5131269?v=3&amp;s=100,,,,,,,,,,,,,,,Gabriel Conceição,,,,,,,,,,,,
0,brunocasanova,,https://avatars3.githubusercontent.com/u/4107768?v=3&amp;s=100,,,,,,,,,,,,,,,Bruno Casanova,,,,,,,,,,,,
0,cusspvz,,https://avatars2.githubusercontent.com/u/3604053?v=3&amp;s=100,,,,,,,,,,,,,,,José Moreira,,,,,,"full-stack developer, ui/ux designer, musician &amp; diy entusiast",,,,,,
0,mafesernaarboleda,,https://avatars2.githubusercontent.com/u/14205513?v=3&amp;s=100,,,,,,,,,,,,,,,mafesernaarboleda,,,,,,,,,,,,
0,JuanEstebanYC,,https://avatars2.githubusercontent.com/u/5009667?v=3&amp;s=100,,,,,,,,,,,,,,,JuanEstebanYC,,,,,,"Soy un amante del desarrollo de software, trabajo fuertemente a diario para logar mi objetivo de ser Arquitecto Software y Sharepoint Developer",,,,,,
0,angusshire,,https://avatars1.githubusercontent.com/u/5877145?v=3&amp;s=100,,,,,,,,,,,,,,,Angus H.,,,,,,Available for part-time or freelance work.,,,,,,
0,noure,,https://avatars1.githubusercontent.com/u/7308393?v=3&amp;s=100,,,,,,,,,,,,,,,Noureddine LABIHI,,,,,,,,,,,,
0,nebiros,,https://avatars1.githubusercontent.com/u/97343?v=3&amp;s=100,,,,,,,,,,,,,,,Juan Felipe Alvarez Saldarriaga,,,,,,,,,,,,
0,Krank2me,,https://avatars2.githubusercontent.com/u/9942486?v=3&amp;s=100,,,,,,,,,,,,,,,Krank2me,,,,,,,,,,,,
0,raowl,,https://avatars2.githubusercontent.com/u/2702126?v=3&amp;s=100,,,,,,,,,,,,,,,raowl,,,,,,,,,,,,
0,dapanas,,https://avatars2.githubusercontent.com/u/1906265?v=3&amp;s=100,,,,,,,,,,,,,,,Daniel Pérez,,,,,,,,,,,,
0,chesstrian,,https://avatars0.githubusercontent.com/u/3923412?v=3&amp;s=100,,,,,,,,,,,,,,,Christian Gutierrez,,,,,,,,,,,,
