﻿score,name,login,location,id,email,avatar_url,public_repos,gravatar_id,url,html_url,followers_url,following_url,gists_url,starred_url,subscriptions_url,organizations_url,repos_url,events_url,received_events_url,type,site_admin,company,blog,hireable,bio,public_gists,followers,following,created_at,updated_at
0,wilon,wilon,,,,https://avatars2.githubusercontent.com/u/7512755?v=3&amp;s=100,,,,,,,,,,,,,,,,,,,PHPer.,,,,,
0,Mahen Samaranayake,wxmahen,,,,https://avatars2.githubusercontent.com/u/13268706?v=3&amp;s=100,,,,,,,,,,,,,,,,,,,A huge fan of AI and Big Data.,,,,,
0,Raed Badr,mrraedbadr,,,,https://avatars2.githubusercontent.com/u/9080323?v=3&amp;s=100,,,,,,,,,,,,,,,,,,,,,,,,
0,Andi Chiou,AndiChiou,,,,https://avatars2.githubusercontent.com/u/23460812?v=3&amp;s=100,,,,,,,,,,,,,,,,,,,High school student @bartlett-high-school,,,,,
0,Mosquitoes,classLoder,,,,https://avatars1.githubusercontent.com/u/7911232?v=3&amp;s=100,,,,,,,,,,,,,,,,,,,,,,,,
0,Edu Bot,edu-bot,,,,https://avatars0.githubusercontent.com/u/23435604?v=3&amp;s=100,,,,,,,,,,,,,,,,,,,,,,,,
0,Swornim Shrestha,bravegurkha,,,,https://avatars3.githubusercontent.com/u/19758839?v=3&amp;s=100,,,,,,,,,,,,,,,,,,,,,,,,
0,Brisnee Fush,BFush,,,,https://avatars3.githubusercontent.com/u/23432645?v=3&amp;s=100,,,,,,,,,,,,,,,,,,,Research graduate at Stanford University specializing in Natural Language Processing and Linguistics. Previously: Kilgraston School. Please follow me. 😄 ,,,,,
0,Michelle Isterya,gintern,,,,https://avatars2.githubusercontent.com/u/20753788?v=3&amp;s=100,,,,,,,,,,,,,,,,,,,"B.Tech at MIT, 2010;  Help me in development. Google Intern, 2016 :smile: ",,,,,
0,忽如寄,huruji,,,,https://avatars3.githubusercontent.com/u/15937065?v=3&amp;s=100,,,,,,,,,,,,,,,,,,,以梦为码，仗键天涯。,,,,,
0,Reidholmes,ReidHolmes,,,,https://avatars3.githubusercontent.com/u/17958554?v=3&amp;s=100,,,,,,,,,,,,,,,,,,,,,,,,
0,Sunki,Vermisse,,,,https://avatars2.githubusercontent.com/u/17972943?v=3&amp;s=100,,,,,,,,,,,,,,,,,,,Java、Scala、Clojure,,,,,
0,mohammad,AeronStory,,,,https://avatars2.githubusercontent.com/u/22915694?v=3&amp;s=100,,,,,,,,,,,,,,,,,,,,,,,,
0,AJ Grande,ajgrande924,,,,https://avatars3.githubusercontent.com/u/12506734?v=3&amp;s=100,,,,,,,,,,,,,,,,,,,,,,,,
0,Zheng Luo,RogerFederer03,,,,https://avatars1.githubusercontent.com/u/5633006?v=3&amp;s=100,,,,,,,,,,,,,,,,,,,Talk is cheap. Show me the code. -- Linus Torvalds,,,,,
0,Goooood,Gooooodman,,,,https://avatars0.githubusercontent.com/u/13062160?v=3&amp;s=100,,,,,,,,,,,,,,,,,,,give me your love!,,,,,
0,Tyquan Reddick,Tyquan,,,,https://avatars1.githubusercontent.com/u/7365526?v=3&amp;s=100,,,,,,,,,,,,,,,,,,,Just working on a few things...,,,,,
0,Baron.Liu,976500133,,,,https://avatars0.githubusercontent.com/u/5755720?v=3&amp;s=100,,,,,,,,,,,,,,,,,,,前端开发/iOS 开发/Node开发工程师,,,,,
0,Tim Z.,ultrasilicon,,,,https://avatars2.githubusercontent.com/u/11886827?v=3&amp;s=100,,,,,,,,,,,,,,,,,,,"Live to be happy, design to be loved.",,,,,
0,rod,rod-lin,,,,https://avatars1.githubusercontent.com/u/9999958?v=3&amp;s=100,,,,,,,,,,,,,,,,,,,student,,,,,
0,Rajkumar,rajkumarui,,,,https://avatars1.githubusercontent.com/u/18653522?v=3&amp;s=100,,,,,,,,,,,,,,,,,,,,,,,,
0,Joseph Muli,josephmuli,,,,https://avatars1.githubusercontent.com/u/15944630?v=3&amp;s=100,,,,,,,,,,,,,,,,,,,,,,,,
0,Blaine Degannes ,bdegannes,,,,https://avatars2.githubusercontent.com/u/11340965?v=3&amp;s=100,,,,,,,,,,,,,,,,,,,,,,,,
0,Ternsip,ternsip,,,,https://avatars3.githubusercontent.com/u/10179239?v=3&amp;s=100,,,,,,,,,,,,,,,,,,,If you are alone - imagine that you are Gordon Freeman.,,,,,
0,@#M1,mahonaguha,,,,https://avatars2.githubusercontent.com/u/18654748?v=3&amp;s=100,,,,,,,,,,,,,,,,,,,,,,,,
0,Rowland Oti,RowlandOti,,,,https://avatars0.githubusercontent.com/u/8356008?v=3&amp;s=100,,,,,,,,,,,,,,,,,,,"Your scared of how my code may make your work extremely easy, am scared of how it may not. Cheers!",,,,,
0,Eric Zhang,qinix,,,,https://avatars0.githubusercontent.com/u/1946663?v=3&amp;s=100,,,,,,,,,,,,,,,,,,,,,,,,
0,Ãditya⛄Chatterjee,AdiChat,,,,https://avatars0.githubusercontent.com/u/10634210?v=3&amp;s=100,,,,,,,,,,,,,,,,,,,✌️ 🎅 gave me a stone. 🍥 + 🎁 + 🍷 💃 ,,,,,
0,Karun Siddana,ksiddana,,,,https://avatars1.githubusercontent.com/u/5177889?v=3&amp;s=100,,,,,,,,,,,,,,,,,,,,,,,,
0,mohammad,VagrantStory,,,,https://avatars3.githubusercontent.com/u/4069972?v=3&amp;s=100,,,,,,,,,,,,,,,,,,,Developer Program Member,,,,,
0,Amie Lynn,stoked-zz,,,,https://avatars2.githubusercontent.com/u/13973828?v=3&amp;s=100,,,,,,,,,,,,,,,,,,,,,,,,
0,Michal Paszkiewicz,MichalPaszkiewicz,,,,https://avatars2.githubusercontent.com/u/6673982?v=3&amp;s=100,,,,,,,,,,,,,,,,,,,Just a guy who likes to make things @MichalYouDoing,,,,,
0,Imraaz Rally,imraazrally,,,,https://avatars1.githubusercontent.com/u/10794748?v=3&amp;s=100,,,,,,,,,,,,,,,,,,,"C.S Graduate from NJIT, Founder / Developer @ Therapy Square ",,,,,
0,Deepak Laxmi Narasimha,D132,,,,https://avatars2.githubusercontent.com/u/4085362?v=3&amp;s=100,,,,,,,,,,,,,,,,,,,,,,,,
0,Jack Thompson,shoshindes,,,,https://avatars1.githubusercontent.com/u/13901088?v=3&amp;s=100,,,,,,,,,,,,,,,,,,,,,,,,
0,Angus H.,angusshire,,,,https://avatars1.githubusercontent.com/u/5877145?v=3&amp;s=100,,,,,,,,,,,,,,,,,,,Available for part-time or freelance work.,,,,,
0,Kenneth Kinyanjui,kenju254,,,,https://avatars2.githubusercontent.com/u/2166051?v=3&amp;s=100,,,,,,,,,,,,,,,,,,,Steering to Africa 2.0 as CTO @wecashup and Google Cloud Expert in Sub Saharan Africa. ,,,,,
0,PATRICK,patelSmith,,,,https://avatars2.githubusercontent.com/u/6449244?v=3&amp;s=100,,,,,,,,,,,,,,,,,,,,,,,,
0,Bruno Casanova,brunocasanova,,,,https://avatars3.githubusercontent.com/u/4107768?v=3&amp;s=100,,,,,,,,,,,,,,,,,,,,,,,,
0,Job Matheka,jobm,,,,https://avatars3.githubusercontent.com/u/5189062?v=3&amp;s=100,,,,,,,,,,,,,,,,,,,"Up and coming backend python Engineer, passionate about family, friends and animals(Dogs mostly).",,,,,
0,Owen Diehl,owen-d,,,,https://avatars2.githubusercontent.com/u/8173478?v=3&amp;s=100,,,,,,,,,,,,,,,,,,,,,,,,
0,Frank Tamre,tamzi,,,,https://avatars3.githubusercontent.com/u/3008932?v=3&amp;s=100,,,,,,,,,,,,,,,,,,,,,,,,
0,Ervin Chow,c2y3dc,,,,https://avatars3.githubusercontent.com/u/6645733?v=3&amp;s=100,,,,,,,,,,,,,,,,,,,,,,,,
0,Justus Kyalo,kyaloj,,,,https://avatars1.githubusercontent.com/u/11403289?v=3&amp;s=100,,,,,,,,,,,,,,,,,,,,,,,,
0,Benoy Maniara,maniarab,,,,https://avatars1.githubusercontent.com/u/8727756?v=3&amp;s=100,,,,,,,,,,,,,,,,,,,,,,,,
0,Kole,colleowino,,,,https://avatars3.githubusercontent.com/u/2420182?v=3&amp;s=100,,,,,,,,,,,,,,,,,,,,,,,,
0,Festus Kiambi,festuskiambi,,,,https://avatars2.githubusercontent.com/u/11291762?v=3&amp;s=100,,,,,,,,,,,,,,,,,,,,,,,,
0,Richard Kho,rkho,,,,https://avatars1.githubusercontent.com/u/4451985?v=3&amp;s=100,,,,,,,,,,,,,,,,,,,,,,,,
0,Anne Kamau ,Sheeaka,,,,https://avatars1.githubusercontent.com/u/7450821?v=3&amp;s=100,,,,,,,,,,,,,,,,,,,,,,,,
0,Grace Lau,gracelau,,,,https://avatars0.githubusercontent.com/u/11990799?v=3&amp;s=100,,,,,,,,,,,,,,,,,,,,,,,,
0,Ian Githinji,iantheninja,,,,https://avatars0.githubusercontent.com/u/4698934?v=3&amp;s=100,,,,,,,,,,,,,,,,,,,,,,,,
