﻿score,login,id,avatar_url,gravatar_id,url,html_url,followers_url,following_url,gists_url,starred_url,subscriptions_url,organizations_url,repos_url,events_url,received_events_url,type,site_admin,name,company,blog,location,email,hireable,bio,public_repos,public_gists,followers,following,created_at,updated_at
0,AndiChiou,,https://avatars2.githubusercontent.com/u/23460812?v=3&amp;s=100,,,,,,,,,,,,,,,Andi Chiou,,,,,,High school student @bartlett-high-school,,,,,,
0,BFush,,https://avatars3.githubusercontent.com/u/23432645?v=3&amp;s=100,,,,,,,,,,,,,,,Brisnee Fush,,,,,,Research graduate at Stanford University specializing in Natural Language Processing and Linguistics. Previously: Kilgraston School. Please follow me. 😄 ,,,,,,
0,gintern,,https://avatars2.githubusercontent.com/u/20753788?v=3&amp;s=100,,,,,,,,,,,,,,,Michelle Isterya,,,,,,"B.Tech at MIT, 2010;  Help me in development. Google Intern, 2016 :smile: ",,,,,,
0,chongbenben,,https://avatars0.githubusercontent.com/u/21237518?v=3&amp;s=100,,,,,,,,,,,,,,,种奔奔,,,,,,FEE in China.,,,,,,
0,Vermisse,,https://avatars2.githubusercontent.com/u/17972943?v=3&amp;s=100,,,,,,,,,,,,,,,Sunki,,,,,,Java、Scala、Clojure,,,,,,
0,ZHLOVE,,https://avatars0.githubusercontent.com/u/19463192?v=3&amp;s=100,,,,,,,,,,,,,,,ZHLOVE,,,,,,,,,,,,
0,shashankpali,,https://avatars3.githubusercontent.com/u/11850361?v=3&amp;s=100,,,,,,,,,,,,,,,Shashank Pali,,,,,,,,,,,,
0,Mati365,,https://avatars3.githubusercontent.com/u/3949262?v=3&amp;s=100,,,,,,,,,,,,,,,Mateusz Bagiński,,,,,,Python/JavaScript Developer,,,,,,
0,muyang00,,https://avatars3.githubusercontent.com/u/16149500?v=3&amp;s=100,,,,,,,,,,,,,,,muyang00,,,,,,today,,,,,,
0,ln371494114,,https://avatars1.githubusercontent.com/u/14963293?v=3&amp;s=100,,,,,,,,,,,,,,,ln371494114,,,,,,,,,,,,
0,OboBear,,https://avatars0.githubusercontent.com/u/7876891?v=3&amp;s=100,,,,,,,,,,,,,,,林深,,,,,,,,,,,,
0,shiyonghui,,https://avatars2.githubusercontent.com/u/15356432?v=3&amp;s=100,,,,,,,,,,,,,,,施暴暴,,,,,,变得更强大,,,,,,
0,donghuagif,,https://avatars2.githubusercontent.com/u/17673073?v=3&amp;s=100,,,,,,,,,,,,,,,Bond Tun,,,,,,,,,,,,
