﻿score,login,id,avatar_url,gravatar_id,url,html_url,followers_url,following_url,gists_url,starred_url,subscriptions_url,organizations_url,repos_url,events_url,received_events_url,type,site_admin,name,company,blog,location,email,hireable,bio,public_repos,public_gists,followers,following,created_at,updated_at
0,AndiChiou,,https://avatars2.githubusercontent.com/u/23460812?v=3&amp;s=100,,,,,,,,,,,,,,,Andi Chiou,,,,,,High school student @bartlett-high-school,,,,,,
0,BFush,,https://avatars3.githubusercontent.com/u/23432645?v=3&amp;s=100,,,,,,,,,,,,,,,Brisnee Fush,,,,,,Research graduate at Stanford University specializing in Natural Language Processing and Linguistics. Previously: Kilgraston School. Please follow me. 😄 ,,,,,,
0,Vermisse,,https://avatars2.githubusercontent.com/u/17972943?v=3&amp;s=100,,,,,,,,,,,,,,,Sunki,,,,,,Java、Scala、Clojure,,,,,,
0,gintern,,https://avatars2.githubusercontent.com/u/20753788?v=3&amp;s=100,,,,,,,,,,,,,,,Michelle Isterya,,,,,,"B.Tech at MIT, 2010;  Help me in development. Google Intern, 2016 :smile: ",,,,,,
0,mugenyie,,https://avatars3.githubusercontent.com/u/11520939?v=3&amp;s=100,,,,,,,,,,,,,,,Mugenyi Emmanuel Columbus,,,,,,,,,,,,
0,jkaweesi22,,https://avatars0.githubusercontent.com/u/5840240?v=3&amp;s=100,,,,,,,,,,,,,,,jkaweesi22,,,,,,,,,,,,
0,nuwe1,,https://avatars0.githubusercontent.com/u/11212736?v=3&amp;s=100,,,,,,,,,,,,,,,KAREGYEYA MARVIN,,,,,,,,,,,,
0,jonathanjab87,,https://avatars1.githubusercontent.com/u/8157003?v=3&amp;s=100,,,,,,,,,,,,,,,Jonathan Amwesiga,,,,,,,,,,,,
0,gmkhussain,,https://avatars2.githubusercontent.com/u/1250826?v=3&amp;s=100,,,,,,,,,,,,,,,GMK Hussain,,,,,,,,,,,,
0,Kyeza,,https://avatars2.githubusercontent.com/u/13334412?v=3&amp;s=100,,,,,,,,,,,,,,,Kyeza Arnold,,,,,,"I am a Computer scientist, love programming its like a hobby. I haven&#39;t yet got that much experience on my hands but hoping to get there sooner than later.",,,,,,
0,BoubTheFixer,,https://avatars0.githubusercontent.com/u/13972251?v=3&amp;s=100,,,,,,,,,,,,,,,Tusiime Innocent Boub,,,,,,,,,,,,
0,MichalPaszkiewicz,,https://avatars2.githubusercontent.com/u/6673982?v=3&amp;s=100,,,,,,,,,,,,,,,Michal Paszkiewicz,,,,,,Just a guy who likes to make things @MichalYouDoing,,,,,,
0,samuelprince77,,https://avatars3.githubusercontent.com/u/13033740?v=3&amp;s=100,,,,,,,,,,,,,,,samuelprince77,,,,,,,,,,,,
0,jokamjohn,,https://avatars2.githubusercontent.com/u/8848097?v=3&amp;s=100,,,,,,,,,,,,,,,John Kagga,,,,,,"Passionate developer living in Uganda | Develops Java, Andriod and PhP Application | Likes learning new stuff ",,,,,,
0,lutayashafiq,,https://avatars3.githubusercontent.com/u/8311273?v=3&amp;s=100,,,,,,,,,,,,,,,Lutaya Shafiq Holmes,,,,,,,,,,,,
