﻿score,login,id,avatar_url,gravatar_id,url,html_url,followers_url,following_url,gists_url,starred_url,subscriptions_url,organizations_url,repos_url,events_url,received_events_url,type,site_admin,name,company,blog,location,email,hireable,bio,public_repos,public_gists,followers,following,created_at,updated_at
0,AndiChiou,,https://avatars2.githubusercontent.com/u/23460812?v=3&amp;s=100,,,,,,,,,,,,,,,Andi Chiou,,,,,,High school student @bartlett-high-school,,,,,,
0,BFush,,https://avatars3.githubusercontent.com/u/23432645?v=3&amp;s=100,,,,,,,,,,,,,,,Brisnee Fush,,,,,,Research graduate at Stanford University specializing in Natural Language Processing and Linguistics. Previously: Kilgraston School. Please follow me. 😄 ,,,,,,
0,edu-bot,,https://avatars0.githubusercontent.com/u/23435604?v=3&amp;s=100,,,,,,,,,,,,,,,Edu Bot,,,,,,,,,,,,
0,Vermisse,,https://avatars2.githubusercontent.com/u/17972943?v=3&amp;s=100,,,,,,,,,,,,,,,Sunki,,,,,,Java、Scala、Clojure,,,,,,
0,gintern,,https://avatars2.githubusercontent.com/u/20753788?v=3&amp;s=100,,,,,,,,,,,,,,,Michelle Isterya,,,,,,"B.Tech at MIT, 2010;  Help me in development. Google Intern, 2016 :smile: ",,,,,,
0,susannahfisher,,https://avatars3.githubusercontent.com/u/19982901?v=3&amp;s=100,,,,,,,,,,,,,,,Susannah Fisher,,,,,,Embarking on a career in front end web development after years and years in the nonprofit sector creating content.,,,,,,
0,SelvaGaneshM,,https://avatars1.githubusercontent.com/u/17263166?v=3&amp;s=100,,,,,,,,,,,,,,,SelvaGanesh M,,,,,,Android Application Development Tutorial,,,,,,
0,adriculous,,https://avatars0.githubusercontent.com/u/6634656?v=3&amp;s=100,,,,,,,,,,,,,,,Adrianne Marie P.,,,,,,"A poly-swaggin&#39; nerdette hailing from the East Bay side of San Francisco Bay Area who loves webdev-ing, reading, writing @ NaNoWriMo, etc.",,,,,,
0,stoked-zz,,https://avatars2.githubusercontent.com/u/13973828?v=3&amp;s=100,,,,,,,,,,,,,,,Amie Lynn,,,,,,,,,,,,
