﻿score,gravatar_id,login,html_url,id,followers_url,avatar_url,url,following_url,gists_url,starred_url,subscriptions_url,organizations_url,repos_url,events_url,received_events_url,type,site_admin,name,company,blog,location,email,hireable,bio,public_repos,public_gists,followers,following,created_at,updated_at
0,,scalarwaves,,,,https://avatars2.githubusercontent.com/u/4212896?v=3&amp;s=100,,,,,,,,,,,,scalarwaves,,,,,,,,,,,,
0,,AndiChiou,,,,https://avatars2.githubusercontent.com/u/23460812?v=3&amp;s=100,,,,,,,,,,,,Andi Chiou,,,,,,High school student @bartlett-high-school,,,,,,
0,,monsterkodi,,,,https://avatars2.githubusercontent.com/u/581442?v=3&amp;s=100,,,,,,,,,,,,monsterkodi,,,,,,monsterkodi,,,,,,
0,,stoked-zz,,,,https://avatars2.githubusercontent.com/u/13973828?v=3&amp;s=100,,,,,,,,,,,,Amie Lynn,,,,,,,,,,,,
