﻿score,login,id,avatar_url,gravatar_id,url,html_url,followers_url,following_url,gists_url,starred_url,subscriptions_url,organizations_url,repos_url,events_url,received_events_url,type,site_admin,name,company,blog,location,email,hireable,bio,public_repos,public_gists,followers,following,created_at,updated_at
0,lsgxeva,,https://avatars0.githubusercontent.com/u/7764324?v=3&amp;s=100,,,,,,,,,,,,,,,lsgx,,,,,,,,,,,,
0,AndiChiou,,https://avatars2.githubusercontent.com/u/23460812?v=3&amp;s=100,,,,,,,,,,,,,,,Andi Chiou,,,,,,High school student @bartlett-high-school,,,,,,
0,BFush,,https://avatars3.githubusercontent.com/u/23432645?v=3&amp;s=100,,,,,,,,,,,,,,,Brisnee Fush,,,,,,Research graduate at Stanford University specializing in Natural Language Processing and Linguistics. Previously: Kilgraston School. Please follow me. 😄 ,,,,,,
0,gintern,,https://avatars2.githubusercontent.com/u/20753788?v=3&amp;s=100,,,,,,,,,,,,,,,Michelle Isterya,,,,,,"B.Tech at MIT, 2010;  Help me in development. Google Intern, 2016 :smile: ",,,,,,
0,chongbenben,,https://avatars0.githubusercontent.com/u/21237518?v=3&amp;s=100,,,,,,,,,,,,,,,种奔奔,,,,,,FEE in China.,,,,,,
0,jpruiz114,,https://avatars3.githubusercontent.com/u/4614970?v=3&amp;s=100,,,,,,,,,,,,,,,Jean Paul Ruiz,,,,,,"Cat lover, lego fanatic, full stack developer, big data and math passionate.",,,,,,
0,RealityDaemon,,https://avatars0.githubusercontent.com/u/10622317?v=3&amp;s=100,,,,,,,,,,,,,,,RealityDaemon,,,,,,,,,,,,
0,yfgeek,,https://avatars2.githubusercontent.com/u/7533831?v=3&amp;s=100,,,,,,,,,,,,,,,Ivan,,,,,,,,,,,,
0,zhiaixuexi,,https://avatars3.githubusercontent.com/u/11385718?v=3&amp;s=100,,,,,,,,,,,,,,,xiao.luo,,,,,,"ClearClouds memeber, specialize in java",,,,,,
0,chenyoufu,,https://avatars2.githubusercontent.com/u/7324573?v=3&amp;s=100,,,,,,,,,,,,,,,比特,,,,,,Specilize in C/Python/Go/Lua/,,,,,,
0,Vermisse,,https://avatars2.githubusercontent.com/u/17972943?v=3&amp;s=100,,,,,,,,,,,,,,,Sunki,,,,,,Java、Scala、Clojure,,,,,,
0,ultrasilicon,,https://avatars2.githubusercontent.com/u/11886827?v=3&amp;s=100,,,,,,,,,,,,,,,Tim Z.,,,,,,"Live to be happy, design to be loved.",,,,,,
0,lucasbento,,https://avatars3.githubusercontent.com/u/6207220?v=3&amp;s=100,,,,,,,,,,,,,,,Lucas Bento,,,,,,"Full-stack developer building amazing apps with #react, #reactnative, #relay, #webpack, #graphql &amp; #koa",,,,,,
0,evinw,,https://avatars0.githubusercontent.com/u/844215?v=3&amp;s=100,,,,,,,,,,,,,,,Evin Weissenberg,,,,,,bluelab.io,,,,,,
0,samhunta,,https://avatars0.githubusercontent.com/u/627984?v=3&amp;s=100,,,,,,,,,,,,,,,sam,,,,,,¯\_(ツ)_/¯,,,,,,
0,Mati365,,https://avatars3.githubusercontent.com/u/3949262?v=3&amp;s=100,,,,,,,,,,,,,,,Mateusz Bagiński,,,,,,Python/JavaScript Developer,,,,,,
0,fgliu-andy,,https://avatars1.githubusercontent.com/u/19339234?v=3&amp;s=100,,,,,,,,,,,,,,,fgliu-andy,,,,,,,,,,,,
0,watiktak,,https://avatars2.githubusercontent.com/u/14079924?v=3&amp;s=100,,,,,,,,,,,,,,,watiktak,,,,,,,,,,,,
