﻿score,name,login,location,id,bio,avatar_url,public_repos,gravatar_id,public_gists,url,followers,html_url,following,followers_url,created_at,following_url,updated_at,gists_url,starred_url,subscriptions_url,organizations_url,repos_url,events_url,received_events_url,type,site_admin,company,blog,email,hireable
0,Andi Chiou,AndiChiou,,,High school student @bartlett-high-school,https://avatars2.githubusercontent.com/u/23460812?v=3&amp;s=100,,,,,,,,,,,,,,,,,,,,,,,,
0,Brisnee Fush,BFush,,,Research graduate at Stanford University specializing in Natural Language Processing and Linguistics. Previously: Kilgraston School. Please follow me. 😄 ,https://avatars3.githubusercontent.com/u/23432645?v=3&amp;s=100,,,,,,,,,,,,,,,,,,,,,,,,
0,The1Krutz,The1Krutz,,,,https://avatars2.githubusercontent.com/u/12178392?v=3&amp;s=100,,,,,,,,,,,,,,,,,,,,,,,,
0,Sunki,Vermisse,,,Java、Scala、Clojure,https://avatars2.githubusercontent.com/u/17972943?v=3&amp;s=100,,,,,,,,,,,,,,,,,,,,,,,,
0,Michelle Isterya,gintern,,,"B.Tech at MIT, 2010;  Help me in development. Google Intern, 2016 :smile: ",https://avatars2.githubusercontent.com/u/20753788?v=3&amp;s=100,,,,,,,,,,,,,,,,,,,,,,,,
0,everdein,everdein,,,,https://avatars3.githubusercontent.com/u/23248933?v=3&amp;s=100,,,,,,,,,,,,,,,,,,,,,,,,
0,Baron.Liu,976500133,,,前端开发/iOS 开发/Node开发工程师,https://avatars0.githubusercontent.com/u/5755720?v=3&amp;s=100,,,,,,,,,,,,,,,,,,,,,,,,
0,Tim Z.,ultrasilicon,,,"Live to be happy, design to be loved.",https://avatars2.githubusercontent.com/u/11886827?v=3&amp;s=100,,,,,,,,,,,,,,,,,,,,,,,,
0,Han Jung,cromagi,,,,https://avatars0.githubusercontent.com/u/17484258?v=3&amp;s=100,,,,,,,,,,,,,,,,,,,,,,,,
