﻿score,login,id,avatar_url,gravatar_id,url,html_url,followers_url,following_url,gists_url,starred_url,subscriptions_url,organizations_url,repos_url,events_url,received_events_url,type,site_admin,name,company,blog,location,email,hireable,bio,public_repos,public_gists,followers,following,created_at,updated_at
0,AndiChiou,,https://avatars2.githubusercontent.com/u/23460812?v=3&amp;s=100,,,,,,,,,,,,,,,Andi Chiou,,,,,,High school student @bartlett-high-school,,,,,,
0,luisjnk,,https://avatars0.githubusercontent.com/u/4520412?v=3&amp;s=100,,,,,,,,,,,,,,,Luís Paulo,,,,,,,,,,,,
0,BFush,,https://avatars3.githubusercontent.com/u/23432645?v=3&amp;s=100,,,,,,,,,,,,,,,Brisnee Fush,,,,,,Research graduate at Stanford University specializing in Natural Language Processing and Linguistics. Previously: Kilgraston School. Please follow me. 😄 ,,,,,,
0,edu-bot,,https://avatars0.githubusercontent.com/u/23435604?v=3&amp;s=100,,,,,,,,,,,,,,,Edu Bot,,,,,,,,,,,,
0,gintern,,https://avatars2.githubusercontent.com/u/20753788?v=3&amp;s=100,,,,,,,,,,,,,,,Michelle Isterya,,,,,,"B.Tech at MIT, 2010;  Help me in development. Google Intern, 2016 :smile: ",,,,,,
0,976500133,,https://avatars0.githubusercontent.com/u/5755720?v=3&amp;s=100,,,,,,,,,,,,,,,Baron.Liu,,,,,,前端开发/iOS 开发/Node开发工程师,,,,,,
0,VagrantStory,,https://avatars3.githubusercontent.com/u/4069972?v=3&amp;s=100,,,,,,,,,,,,,,,mohammad,,,,,,Developer Program Member,,,,,,
0,stoked-zz,,https://avatars2.githubusercontent.com/u/13973828?v=3&amp;s=100,,,,,,,,,,,,,,,Amie Lynn,,,,,,,,,,,,
0,tvvocold,,https://avatars2.githubusercontent.com/u/4530539?v=3&amp;s=100,,,,,,,,,,,,,,,Ray,,,,,,Do cool things that doesn&#39;t matter.,,,,,,
0,deividazevedo2,,https://avatars3.githubusercontent.com/u/8519302?v=3&amp;s=100,,,,,,,,,,,,,,,Deivid Azevedo,,,,,,,,,,,,
0,atwood-cai,,https://avatars1.githubusercontent.com/u/4961241?v=3&amp;s=100,,,,,,,,,,,,,,,caiping,,,,,,,,,,,,
0,gabrielpconceicao,,https://avatars0.githubusercontent.com/u/5131269?v=3&amp;s=100,,,,,,,,,,,,,,,Gabriel Conceição,,,,,,,,,,,,
0,cusspvz,,https://avatars2.githubusercontent.com/u/3604053?v=3&amp;s=100,,,,,,,,,,,,,,,José Moreira,,,,,,"full-stack developer, ui/ux designer, musician &amp; diy entusiast",,,,,,
0,brunocasanova,,https://avatars3.githubusercontent.com/u/4107768?v=3&amp;s=100,,,,,,,,,,,,,,,Bruno Casanova,,,,,,,,,,,,
0,yinjj472,,https://avatars0.githubusercontent.com/u/1495836?v=3&amp;s=100,,,,,,,,,,,,,,,yinjj472,,,,,,,,,,,,
0,17dun,,https://avatars3.githubusercontent.com/u/180690?v=3&amp;s=100,,,,,,,,,,,,,,,xiaoguang,,,,,,,,,,,,
0,hehead,,https://avatars0.githubusercontent.com/u/4409496?v=3&amp;s=100,,,,,,,,,,,,,,,hehead,,,,,,,,,,,,
0,nickyped,,https://avatars2.githubusercontent.com/u/1307094?v=3&amp;s=100,,,,,,,,,,,,,,,nickyped,,,,,,,,,,,,
0,jindw,,https://avatars3.githubusercontent.com/u/1004010?v=3&amp;s=100,,,,,,,,,,,,,,,jindw,,,,,,,,,,,,
0,firede,,https://avatars0.githubusercontent.com/u/157338?v=3&amp;s=100,,,,,,,,,,,,,,,Firede,,,,,,,,,,,,
