﻿score,login,id,avatar_url,gravatar_id,url,html_url,followers_url,following_url,gists_url,starred_url,subscriptions_url,organizations_url,repos_url,events_url,received_events_url,type,site_admin,name,company,blog,location,email,hireable,bio,public_repos,public_gists,followers,following,created_at,updated_at
0,wilon,,https://avatars2.githubusercontent.com/u/7512755?v=3&amp;s=100,,,,,,,,,,,,,,,wilon,,,,,,PHPer.,,,,,,
0,abdulabbas,,https://avatars1.githubusercontent.com/u/13010487?v=3&amp;s=100,,,,,,,,,,,,,,,abdulabbas,,,,,,,,,,,,
0,kuina,,https://avatars1.githubusercontent.com/u/1777903?v=3&amp;s=100,,,,,,,,,,,,,,,くいなちゃん,,,,,,あらゆる学問が大好きー　くいなちゃん、６さいですっ！,,,,,,
0,rod-lin,,https://avatars1.githubusercontent.com/u/9999958?v=3&amp;s=100,,,,,,,,,,,,,,,rod,,,,,,student,,,,,,
0,ternsip,,https://avatars3.githubusercontent.com/u/10179239?v=3&amp;s=100,,,,,,,,,,,,,,,Ternsip,,,,,,If you are alone - imagine that you are Gordon Freeman.,,,,,,
0,wxmahen,,https://avatars2.githubusercontent.com/u/13268706?v=3&amp;s=100,,,,,,,,,,,,,,,Mahen Samaranayake,,,,,,A huge fan of AI and Big Data.,,,,,,
0,Vermisse,,https://avatars2.githubusercontent.com/u/17972943?v=3&amp;s=100,,,,,,,,,,,,,,,Sunki,,,,,,Java、Scala、Clojure,,,,,,
0,alinous-core,,https://avatars2.githubusercontent.com/u/8372877?v=3&amp;s=100,,,,,,,,,,,,,,,Alinous-Core Development Team,,,,,,"Developing Compiler of programming language, and High Speed Database Engine.",,,,,,
