﻿score,login,id,avatar_url,gravatar_id,url,html_url,followers_url,following_url,gists_url,starred_url,subscriptions_url,organizations_url,repos_url,events_url,received_events_url,type,site_admin,name,company,blog,location,email,hireable,bio,public_repos,public_gists,followers,following,created_at,updated_at
0,wilon,,https://avatars2.githubusercontent.com/u/7512755?v=3&amp;s=100,,,,,,,,,,,,,,,wilon,,,,,,PHPer.,,,,,,
0,wxmahen,,https://avatars2.githubusercontent.com/u/13268706?v=3&amp;s=100,,,,,,,,,,,,,,,Mahen Samaranayake,,,,,,A huge fan of AI and Big Data.,,,,,,
0,diana1961,,https://avatars2.githubusercontent.com/u/24484485?v=3&amp;s=100,,,,,,,,,,,,,,,Diana Marina Born,,,,,,"My name is Diplomat Diana Marina Born from USA working with the United Nation organization,, and here to meet project builder and management of company ",,,,,,
0,AndiChiou,,https://avatars2.githubusercontent.com/u/23460812?v=3&amp;s=100,,,,,,,,,,,,,,,Andi Chiou,,,,,,High school student @bartlett-high-school,,,,,,
0,BFush,,https://avatars3.githubusercontent.com/u/23432645?v=3&amp;s=100,,,,,,,,,,,,,,,Brisnee Fush,,,,,,Research graduate at Stanford University specializing in Natural Language Processing and Linguistics. Previously: Kilgraston School. Please follow me. 😄 ,,,,,,
0,dengyi1992,,https://avatars3.githubusercontent.com/u/13898604?v=3&amp;s=100,,,,,,,,,,,,,,,dengyi1992,,,,,,为码痴狂,,,,,,
0,gintern,,https://avatars2.githubusercontent.com/u/20753788?v=3&amp;s=100,,,,,,,,,,,,,,,Michelle Isterya,,,,,,"B.Tech at MIT, 2010;  Help me in development. Google Intern, 2016 :smile: ",,,,,,
0,edu-bot,,https://avatars0.githubusercontent.com/u/23435604?v=3&amp;s=100,,,,,,,,,,,,,,,Edu Bot,,,,,,,,,,,,
0,chongbenben,,https://avatars0.githubusercontent.com/u/21237518?v=3&amp;s=100,,,,,,,,,,,,,,,种奔奔,,,,,,FEE in China.,,,,,,
0,dinkzilla,,https://avatars3.githubusercontent.com/u/5820014?v=3&amp;s=100,,,,,,,,,,,,,,,Matt Dinkel,,,,,,,,,,,,
0,ReidHolmes,,https://avatars3.githubusercontent.com/u/17958554?v=3&amp;s=100,,,,,,,,,,,,,,,Reidholmes,,,,,,,,,,,,
0,yfgeek,,https://avatars2.githubusercontent.com/u/7533831?v=3&amp;s=100,,,,,,,,,,,,,,,Ivan,,,,,,,,,,,,
0,Vermisse,,https://avatars2.githubusercontent.com/u/17972943?v=3&amp;s=100,,,,,,,,,,,,,,,Sunki,,,,,,Java、Scala、Clojure,,,,,,
0,gcelaor,,https://avatars1.githubusercontent.com/u/17756993?v=3&amp;s=100,,,,,,,,,,,,,,,Kevin,,,,,,A front-end programmer🐬,,,,,,
0,AeronStory,,https://avatars2.githubusercontent.com/u/22915694?v=3&amp;s=100,,,,,,,,,,,,,,,mohammad,,,,,,,,,,,,
0,naruto227,,https://avatars3.githubusercontent.com/u/16680574?v=3&amp;s=100,,,,,,,,,,,,,,,Michael Allan,,,,,,,,,,,,
0,2Palmtrees,,https://avatars1.githubusercontent.com/u/21297048?v=3&amp;s=100,,,,,,,,,,,,,,,2Palmtrees,,,,,,,,,,,,
0,Kushalexpert,,https://avatars0.githubusercontent.com/u/15359911?v=3&amp;s=100,,,,,,,,,,,,,,,Kushal Expert,,,,,,"Graphic , Web Designer &amp; Web Developer . Dont forget to Cast your valuable Click To my Twitter Follow Button  . Thank You ! .. ",,,,,,
0,daniegr,,https://avatars2.githubusercontent.com/u/8349630?v=3&amp;s=100,,,,,,,,,,,,,,,Daniel Groos,,,,,,Student at the 4th year in MsC of Computer Science with specialization in Artifical Intelligence,,,,,,
0,khegiw,,https://avatars2.githubusercontent.com/u/4636821?v=3&amp;s=100,,,,,,,,,,,,,,,khegiw,,,,,,,,,,,,
0,rod-lin,,https://avatars1.githubusercontent.com/u/9999958?v=3&amp;s=100,,,,,,,,,,,,,,,rod,,,,,,student,,,,,,
0,RogerFederer03,,https://avatars1.githubusercontent.com/u/5633006?v=3&amp;s=100,,,,,,,,,,,,,,,Zheng Luo,,,,,,Talk is cheap. Show me the code. -- Linus Torvalds,,,,,,
0,liu-dongyu,,https://avatars1.githubusercontent.com/u/16187601?v=3&amp;s=100,,,,,,,,,,,,,,,Liu Dongyu,,,,,, frontend developer,,,,,,
0,brunocvcunha,,https://avatars2.githubusercontent.com/u/3207647?v=3&amp;s=100,,,,,,,,,,,,,,,Bruno Candido Volpato da Cunha,,,,,,☕️  💻  ,,,,,,
0,ternsip,,https://avatars3.githubusercontent.com/u/10179239?v=3&amp;s=100,,,,,,,,,,,,,,,Ternsip,,,,,,If you are alone - imagine that you are Gordon Freeman.,,,,,,
0,KEY1993,,https://avatars3.githubusercontent.com/u/12944652?v=3&amp;s=100,,,,,,,,,,,,,,,Joker,,,,,,,,,,,,
0,mibamur,,https://avatars1.githubusercontent.com/u/2369894?v=3&amp;s=100,,,,,,,,,,,,,,,Michael,,,,,,,,,,,,
0,GitFuture,,https://avatars0.githubusercontent.com/u/7582298?v=3&amp;s=100,,,,,,,,,,,,,,,周家未,,,,,,,,,,,,
0,0xNacho,,https://avatars0.githubusercontent.com/u/2890475?v=3&amp;s=100,,,,,,,,,,,,,,,Nacho García Fernández,,,,,,,,,,,,
0,bradjonesca,,https://avatars0.githubusercontent.com/u/59800?v=3&amp;s=100,,,,,,,,,,,,,,,Brad Jones,,,,,,,,,,,,
0,AdiChat,,https://avatars0.githubusercontent.com/u/10634210?v=3&amp;s=100,,,,,,,,,,,,,,,Ãditya⛄Chatterjee,,,,,,✌️ 🎅 gave me a stone. 🍥 + 🎁 + 🍷 💃 ,,,,,,
0,bjartek,,https://avatars0.githubusercontent.com/u/10621?v=3&amp;s=100,,,,,,,,,,,,,,,Bjarte S. Karlsen,,,,,,,,,,,,
0,oddinge,,https://avatars1.githubusercontent.com/u/6460859?v=3&amp;s=100,,,,,,,,,,,,,,,oddinge,,,,,,,,,,,,
0,VagrantStory,,https://avatars3.githubusercontent.com/u/4069972?v=3&amp;s=100,,,,,,,,,,,,,,,mohammad,,,,,,Developer Program Member,,,,,,
0,stoked-zz,,https://avatars2.githubusercontent.com/u/13973828?v=3&amp;s=100,,,,,,,,,,,,,,,Amie Lynn,,,,,,,,,,,,
0,tvvocold,,https://avatars2.githubusercontent.com/u/4530539?v=3&amp;s=100,,,,,,,,,,,,,,,Ray,,,,,,Do cool things that doesn&#39;t matter.,,,,,,
0,hloland,,https://avatars1.githubusercontent.com/u/10044795?v=3&amp;s=100,,,,,,,,,,,,,,,Harald Loland,,,,,,,,,,,,
0,MichalPaszkiewicz,,https://avatars2.githubusercontent.com/u/6673982?v=3&amp;s=100,,,,,,,,,,,,,,,Michal Paszkiewicz,,,,,,Just a guy who likes to make things @MichalYouDoing,,,,,,
0,elgalu,,https://avatars0.githubusercontent.com/u/111569?v=3&amp;s=100,,,,,,,,,,,,,,,Leo Gallucci,,,,,,Leo is the creator of docker-selenium which aims to get Selenium running as simple and fast as possible,,,,,,
0,tcw,,https://avatars2.githubusercontent.com/u/723145?v=3&amp;s=100,,,,,,,,,,,,,,,Tom Woods,,,,,,,,,,,,
0,imraazrally,,https://avatars1.githubusercontent.com/u/10794748?v=3&amp;s=100,,,,,,,,,,,,,,,Imraaz Rally,,,,,,"C.S Graduate from NJIT, Founder / Developer @ Therapy Square ",,,,,,
0,D132,,https://avatars2.githubusercontent.com/u/4085362?v=3&amp;s=100,,,,,,,,,,,,,,,Deepak Laxmi Narasimha,,,,,,,,,,,,
0,angusshire,,https://avatars1.githubusercontent.com/u/5877145?v=3&amp;s=100,,,,,,,,,,,,,,,Angus H.,,,,,,Available for part-time or freelance work.,,,,,,
0,cusspvz,,https://avatars2.githubusercontent.com/u/3604053?v=3&amp;s=100,,,,,,,,,,,,,,,José Moreira,,,,,,"full-stack developer, ui/ux designer, musician &amp; diy entusiast",,,,,,
0,thpost,,https://avatars3.githubusercontent.com/u/7543347?v=3&amp;s=100,,,,,,,,,,,,,,,thpost,,,,,,,,,,,,
0,kenglxn,,https://avatars2.githubusercontent.com/u/189395?v=3&amp;s=100,,,,,,,,,,,,,,,Ken Gullaksen,,,,,,,,,,,,
0,stenaksel,,https://avatars0.githubusercontent.com/u/265580?v=3&amp;s=100,,,,,,,,,,,,,,,Sten Aksel Heien,,,,,,,,,,,,
