﻿score,login,id,avatar_url,gravatar_id,url,html_url,followers_url,following_url,gists_url,starred_url,subscriptions_url,organizations_url,repos_url,events_url,received_events_url,type,site_admin,name,company,blog,location,email,hireable,bio,public_repos,public_gists,followers,following,created_at,updated_at
0,AndiChiou,,https://avatars2.githubusercontent.com/u/23460812?v=3&amp;s=100,,,,,,,,,,,,,,,Andi Chiou,,,,,,High school student @bartlett-high-school,,,,,,
0,BFush,,https://avatars3.githubusercontent.com/u/23432645?v=3&amp;s=100,,,,,,,,,,,,,,,Brisnee Fush,,,,,,Research graduate at Stanford University specializing in Natural Language Processing and Linguistics. Previously: Kilgraston School. Please follow me. 😄 ,,,,,,
0,edu-bot,,https://avatars0.githubusercontent.com/u/23435604?v=3&amp;s=100,,,,,,,,,,,,,,,Edu Bot,,,,,,,,,,,,
0,dengyi1992,,https://avatars3.githubusercontent.com/u/13898604?v=3&amp;s=100,,,,,,,,,,,,,,,dengyi1992,,,,,,为码痴狂,,,,,,
0,gintern,,https://avatars2.githubusercontent.com/u/20753788?v=3&amp;s=100,,,,,,,,,,,,,,,Michelle Isterya,,,,,,"B.Tech at MIT, 2010;  Help me in development. Google Intern, 2016 :smile: ",,,,,,
0,yfgeek,,https://avatars2.githubusercontent.com/u/7533831?v=3&amp;s=100,,,,,,,,,,,,,,,Ivan,,,,,,,,,,,,
0,Vermisse,,https://avatars2.githubusercontent.com/u/17972943?v=3&amp;s=100,,,,,,,,,,,,,,,Sunki,,,,,,Java、Scala、Clojure,,,,,,
0,TianJiaDaShao,,https://avatars0.githubusercontent.com/u/21334612?v=3&amp;s=100,,,,,,,,,,,,,,,田野,,,,,,,,,,,,
0,woliveiras,,https://avatars1.githubusercontent.com/u/4243601?v=3&amp;s=100,,,,,,,,,,,,,,,William Oliveira,,,,,,"Just other brazilian Software Developer. Enjoying #javascript, #mobile, #nodejs, #robotics, #ai and more of technology world!",,,,,,
0,naruto227,,https://avatars3.githubusercontent.com/u/16680574?v=3&amp;s=100,,,,,,,,,,,,,,,Michael Allan,,,,,,,,,,,,
0,evinw,,https://avatars0.githubusercontent.com/u/844215?v=3&amp;s=100,,,,,,,,,,,,,,,Evin Weissenberg,,,,,,bluelab.io,,,,,,
0,vansh007,,https://avatars1.githubusercontent.com/u/17035731?v=3&amp;s=100,,,,,,,,,,,,,,,Vansh Shah,,,,,,Master&#39;s in Software Engineering | Full-stack Development | Looking for Spring-2017 &amp; Summer-2017 Internship&#39;s.,,,,,,
0,victor-manco33,,https://avatars1.githubusercontent.com/u/20825935?v=3&amp;s=100,,,,,,,,,,,,,,,victor-manco33,,,,,,,,,,,,
0,rod-lin,,https://avatars1.githubusercontent.com/u/9999958?v=3&amp;s=100,,,,,,,,,,,,,,,rod,,,,,,student,,,,,,
0,samhunta,,https://avatars0.githubusercontent.com/u/627984?v=3&amp;s=100,,,,,,,,,,,,,,,sam,,,,,,¯\_(ツ)_/¯,,,,,,
0,liu-dongyu,,https://avatars1.githubusercontent.com/u/16187601?v=3&amp;s=100,,,,,,,,,,,,,,,Liu Dongyu,,,,,, frontend developer,,,,,,
0,cardinot,,https://avatars2.githubusercontent.com/u/4231565?v=3&amp;s=100,,,,,,,,,,,,,,,Marcos Cardinot,,,,,,,,,,,,
0,stoked-zz,,https://avatars2.githubusercontent.com/u/13973828?v=3&amp;s=100,,,,,,,,,,,,,,,Amie Lynn,,,,,,,,,,,,
0,angusshire,,https://avatars1.githubusercontent.com/u/5877145?v=3&amp;s=100,,,,,,,,,,,,,,,Angus H.,,,,,,Available for part-time or freelance work.,,,,,,
0,tomorrow199011,,https://avatars2.githubusercontent.com/u/8546007?v=3&amp;s=100,,,,,,,,,,,,,,,tomorrow199011,,,,,,,,,,,,
0,cusspvz,,https://avatars2.githubusercontent.com/u/3604053?v=3&amp;s=100,,,,,,,,,,,,,,,José Moreira,,,,,,"full-stack developer, ui/ux designer, musician &amp; diy entusiast",,,,,,
0,thialves,,https://avatars0.githubusercontent.com/u/8571061?v=3&amp;s=100,,,,,,,,,,,,,,,Thiago Alves,,,,,,,,,,,,
0,PivotLogix,,https://avatars3.githubusercontent.com/u/890682?v=3&amp;s=100,,,,,,,,,,,,,,,Allie Gentry,,,,,,,,,,,,
