﻿score,login,id,avatar_url,gravatar_id,url,html_url,followers_url,following_url,gists_url,starred_url,subscriptions_url,organizations_url,repos_url,events_url,received_events_url,type,site_admin,name,company,blog,location,email,hireable,bio,public_repos,public_gists,followers,following,created_at,updated_at
0,gintern,,https://avatars2.githubusercontent.com/u/20753788?v=3&amp;s=100,,,,,,,,,,,,,,,Michelle Isterya,,,,,,"B.Tech at MIT, 2010;  Help me in development. Google Intern, 2016 :smile: ",,,,,,
0,AndiChiou,,https://avatars2.githubusercontent.com/u/23460812?v=3&amp;s=100,,,,,,,,,,,,,,,Andi Chiou,,,,,,High school student @bartlett-high-school,,,,,,
0,FatihDurmus,,https://avatars2.githubusercontent.com/u/425675?v=3&amp;s=100,,,,,,,,,,,,,,,Fatih Durmuş,,,,,,,,,,,,
0,OmarZV,,https://avatars1.githubusercontent.com/u/16312270?v=3&amp;s=100,,,,,,,,,,,,,,,Omar Khedr,,,,,,,,,,,,
0,yfgeek,,https://avatars2.githubusercontent.com/u/7533831?v=3&amp;s=100,,,,,,,,,,,,,,,Ivan,,,,,,,,,,,,
0,HuaDanJson,,https://avatars1.githubusercontent.com/u/22411415?v=3&amp;s=100,,,,,,,,,,,,,,,HuaDanJson,,,,,,,,,,,,
0,rawles,,https://avatars0.githubusercontent.com/u/190112?v=3&amp;s=100,,,,,,,,,,,,,,,Simon Rawles,,,,,,,,,,,,
0,eistrati,,https://avatars1.githubusercontent.com/u/27417?v=3&amp;s=100,,,,,,,,,,,,,,,eistrati,,,,,,Proud Father. Lucky Husband. Co-Founder @AdTechMedia | Tech Partner @MitocGroup. Former @Amzn and @HearstCorp.,,,,,,
0,ansuz,,https://avatars3.githubusercontent.com/u/1264398?v=3&amp;s=100,,,,,,,,,,,,,,,ansuz,,,,,,ansuz,,,,,,
0,halilertekin,,https://avatars2.githubusercontent.com/u/6492740?v=3&amp;s=100,,,,,,,,,,,,,,,Halil Ertekin,,,,,,Full Stack Developer Meteor.js,,,,,,
0,fishequality,,https://avatars2.githubusercontent.com/u/16711873?v=3&amp;s=100,,,,,,,,,,,,,,,Fisherboy,,,,,,,,,,,,
0,dimanyc,,https://avatars1.githubusercontent.com/u/6678600?v=3&amp;s=100,,,,,,,,,,,,,,,Dimitry Nazarov,,,,,,Jr. Full-Stack Web Developer @GivTake ,,,,,,
0,jotalp,,https://avatars1.githubusercontent.com/u/12218389?v=3&amp;s=100,,,,,,,,,,,,,,,Jorge,,,,,,,,,,,,
0,Vetal4uk,,https://avatars1.githubusercontent.com/u/12040155?v=3&amp;s=100,,,,,,,,,,,,,,,KoVBoY,,,,,,,,,,,,
0,angusshire,,https://avatars1.githubusercontent.com/u/5877145?v=3&amp;s=100,,,,,,,,,,,,,,,Angus H.,,,,,,Available for part-time or freelance work.,,,,,,
0,DoubleDogDare,,https://avatars0.githubusercontent.com/u/12768000?v=3&amp;s=100,,,,,,,,,,,,,,,Misty Mulhall,,,,,,,,,,,,
0,mssalvo,,https://avatars3.githubusercontent.com/u/5181298?v=3&amp;s=100,,,,,,,,,,,,,,,Salvo,,,,,,,,,,,,
0,brunocasanova,,https://avatars3.githubusercontent.com/u/4107768?v=3&amp;s=100,,,,,,,,,,,,,,,Bruno Casanova,,,,,,,,,,,,
0,cusspvz,,https://avatars2.githubusercontent.com/u/3604053?v=3&amp;s=100,,,,,,,,,,,,,,,José Moreira,,,,,,"full-stack developer, ui/ux designer, musician &amp; diy entusiast",,,,,,
0,iheanyi,,https://avatars3.githubusercontent.com/u/956631?v=3&amp;s=100,,,,,,,,,,,,,,,Iheanyi Ekechukwu,,,,,,Software Engineer @digitalocean. Also likes to design things.,,,,,,
0,ypersyntelykos,,https://avatars1.githubusercontent.com/u/10236771?v=3&amp;s=100,,,,,,,,,,,,,,,ypersyntelykos,,,,,,,,,,,,
0,helloaliceoh,,https://avatars3.githubusercontent.com/u/5771544?v=3&amp;s=100,,,,,,,,,,,,,,,Alice Oh,,,,,,,,,,,,
0,Schwad,,https://avatars3.githubusercontent.com/u/7865030?v=3&amp;s=100,,,,,,,,,,,,,,,Nick Schwad,,,,,,,,,,,,
0,epleaner,,https://avatars0.githubusercontent.com/u/2396455?v=3&amp;s=100,,,,,,,,,,,,,,,Eli Pleaner,,,,,,,,,,,,
0,shvelo,,https://avatars0.githubusercontent.com/u/1080798?v=3&amp;s=100,,,,,,,,,,,,,,,Nick Shvelidze,,,,,,Full-stack developer,,,,,,
0,StewartalsopIII,,https://avatars2.githubusercontent.com/u/8203541?v=3&amp;s=100,,,,,,,,,,,,,,,Stewart Alsop,,,,,,,,,,,,
0,ali88025,,https://avatars0.githubusercontent.com/u/8206007?v=3&amp;s=100,,,,,,,,,,,,,,,ali88025,,,,,,,,,,,,
0,jcdavison,,https://avatars3.githubusercontent.com/u/6944945?v=3&amp;s=100,,,,,,,,,,,,,,,John Davison,,,,,,,,,,,,
