﻿score,login,id,avatar_url,gravatar_id,url,html_url,followers_url,following_url,gists_url,starred_url,subscriptions_url,organizations_url,repos_url,events_url,received_events_url,type,site_admin,name,company,blog,location,email,hireable,bio,public_repos,public_gists,followers,following,created_at,updated_at
0,wilon,,https://avatars2.githubusercontent.com/u/7512755?v=3&amp;s=100,,,,,,,,,,,,,,,wilon,,,,,,PHPer.,,,,,,
0,AndiChiou,,https://avatars2.githubusercontent.com/u/23460812?v=3&amp;s=100,,,,,,,,,,,,,,,Andi Chiou,,,,,,High school student @bartlett-high-school,,,,,,
0,BFush,,https://avatars3.githubusercontent.com/u/23432645?v=3&amp;s=100,,,,,,,,,,,,,,,Brisnee Fush,,,,,,Research graduate at Stanford University specializing in Natural Language Processing and Linguistics. Previously: Kilgraston School. Please follow me. 😄 ,,,,,,
0,Vermisse,,https://avatars2.githubusercontent.com/u/17972943?v=3&amp;s=100,,,,,,,,,,,,,,,Sunki,,,,,,Java、Scala、Clojure,,,,,,
0,AeronStory,,https://avatars2.githubusercontent.com/u/22915694?v=3&amp;s=100,,,,,,,,,,,,,,,mohammad,,,,,,,,,,,,
0,shivamshekhar,,https://avatars1.githubusercontent.com/u/13262314?v=3&amp;s=100,,,,,,,,,,,,,,,Shivam Shekhar,,,,,,,,,,,,
0,mariogmz,,https://avatars0.githubusercontent.com/u/6183307?v=3&amp;s=100,,,,,,,,,,,,,,,Mario Gómez,,,,,,,,,,,,
0,zrcing,,https://avatars1.githubusercontent.com/u/1124192?v=3&amp;s=100,,,,,,,,,,,,,,,Gary,,,,,,"Interest PHP, Web Developer, IT",,,,,,
0,Ilyeo,,https://avatars2.githubusercontent.com/u/10084099?v=3&amp;s=100,,,,,,,,,,,,,,,Ilyeo,,,,,,JRAG ,,,,,,
0,brunocvcunha,,https://avatars2.githubusercontent.com/u/3207647?v=3&amp;s=100,,,,,,,,,,,,,,,Bruno Candido Volpato da Cunha,,,,,,☕️  💻  ,,,,,,
0,joseldmc,,https://avatars2.githubusercontent.com/u/9178317?v=3&amp;s=100,,,,,,,,,,,,,,,joseldmc,,,,,,,,,,,,
0,Gooooodman,,https://avatars0.githubusercontent.com/u/13062160?v=3&amp;s=100,,,,,,,,,,,,,,,Goooood,,,,,,give me your love!,,,,,,
0,josue1406,,https://avatars0.githubusercontent.com/u/4626027?v=3&amp;s=100,,,,,,,,,,,,,,,josue1406,,,,,,,,,,,,
0,chukitow,,https://avatars1.githubusercontent.com/u/4173376?v=3&amp;s=100,,,,,,,,,,,,,,,Ivan velasquez,,,,,,,,,,,,
0,sgarcia-dev,,https://avatars1.githubusercontent.com/u/7468219?v=3&amp;s=100,,,,,,,,,,,,,,,Sergei Garcia,,,,,,,,,,,,
0,miketor666,,https://avatars2.githubusercontent.com/u/8498857?v=3&amp;s=100,,,,,,,,,,,,,,,miketor666,,,,,,,,,,,,
0,DavidCedeno,,https://avatars1.githubusercontent.com/u/8710929?v=3&amp;s=100,,,,,,,,,,,,,,,David Alejandro,,,,,,,,,,,,
