﻿score,login,following_url,id,gists_url,avatar_url,starred_url,gravatar_id,subscriptions_url,url,organizations_url,html_url,repos_url,followers_url,events_url,received_events_url,type,site_admin,name,company,blog,location,email,hireable,bio,public_repos,public_gists,followers,following,created_at,updated_at
0,ArenasH,,,,https://avatars0.githubusercontent.com/u/15828508?v=3&amp;s=100,,,,,,,,,,,,,Martinez,,,,,,,,,,,,
0,benhalpern,,,,https://avatars3.githubusercontent.com/u/3102842?v=3&amp;s=100,,,,,,,,,,,,,benhalpern,,,,,,,,,,,,
0,AndiChiou,,,,https://avatars2.githubusercontent.com/u/23460812?v=3&amp;s=100,,,,,,,,,,,,,Andi Chiou,,,,,,High school student @bartlett-high-school,,,,,,
0,BFush,,,,https://avatars3.githubusercontent.com/u/23432645?v=3&amp;s=100,,,,,,,,,,,,,Brisnee Fush,,,,,,Research graduate at Stanford University specializing in Natural Language Processing and Linguistics. Previously: Kilgraston School. Please follow me. 😄 ,,,,,,
0,edu-bot,,,,https://avatars0.githubusercontent.com/u/23435604?v=3&amp;s=100,,,,,,,,,,,,,Edu Bot,,,,,,,,,,,,
0,Vermisse,,,,https://avatars2.githubusercontent.com/u/17972943?v=3&amp;s=100,,,,,,,,,,,,,Sunki,,,,,,Java、Scala、Clojure,,,,,,
0,yfgeek,,,,https://avatars2.githubusercontent.com/u/7533831?v=3&amp;s=100,,,,,,,,,,,,,Ivan,,,,,,,,,,,,
0,gintern,,,,https://avatars2.githubusercontent.com/u/20753788?v=3&amp;s=100,,,,,,,,,,,,,Michelle Isterya,,,,,,"B.Tech at MIT, 2010;  Help me in development. Google Intern, 2016 :smile: ",,,,,,
0,andrreq,,,,https://avatars2.githubusercontent.com/u/23104566?v=3&amp;s=100,,,,,,,,,,,,,andrreq,,,,,,,,,,,,
0,AeronStory,,,,https://avatars2.githubusercontent.com/u/22915694?v=3&amp;s=100,,,,,,,,,,,,,mohammad,,,,,,,,,,,,
0,CubeSpawn,,,,https://avatars0.githubusercontent.com/u/163519?v=3&amp;s=100,,,,,,,,,,,,,CubeSpawn,,,,,,,,,,,,
0,qinix,,,,https://avatars0.githubusercontent.com/u/1946663?v=3&amp;s=100,,,,,,,,,,,,,Eric Zhang,,,,,,,,,,,,
0,smriti001,,,,https://avatars0.githubusercontent.com/u/10569922?v=3&amp;s=100,,,,,,,,,,,,,Sim Shakya,,,,,,,,,,,,
0,stoked-zz,,,,https://avatars2.githubusercontent.com/u/13973828?v=3&amp;s=100,,,,,,,,,,,,,Amie Lynn,,,,,,,,,,,,
0,VagrantStory,,,,https://avatars3.githubusercontent.com/u/4069972?v=3&amp;s=100,,,,,,,,,,,,,mohammad,,,,,,Developer Program Member,,,,,,
0,tvvocold,,,,https://avatars2.githubusercontent.com/u/4530539?v=3&amp;s=100,,,,,,,,,,,,,Ray,,,,,,Do cool things that doesn&#39;t matter.,,,,,,
0,aminuselnino,,,,https://avatars1.githubusercontent.com/u/16774957?v=3&amp;s=100,,,,,,,,,,,,,aminuselnino,,,,,,,,,,,,
0,ttt555,,,,https://avatars0.githubusercontent.com/u/16794819?v=3&amp;s=100,,,,,,,,,,,,,Sam Wang,,,,,,,,,,,,
0,gunlee01,,,,https://avatars1.githubusercontent.com/u/6788732?v=3&amp;s=100,,,,,,,,,,,,,Gunhee Lee,,,,,,,,,,,,
0,riyasmohamedmr,,,,https://avatars0.githubusercontent.com/u/16667537?v=3&amp;s=100,,,,,,,,,,,,,riyas mohamed mr,,,,,,,,,,,,
0,txn513,,,,https://avatars1.githubusercontent.com/u/6592058?v=3&amp;s=100,,,,,,,,,,,,,Xuning Tian,,,,,,,,,,,,
0,soyelmnd,,,,https://avatars2.githubusercontent.com/u/2678063?v=3&amp;s=100,,,,,,,,,,,,,Minh Nguyen,,,,,,,,,,,,
0,shanmukhswaroop,,,,https://avatars2.githubusercontent.com/u/13120240?v=3&amp;s=100,,,,,,,,,,,,,Shanmukh Swaroop,,,,,,An advancing coder!,,,,,,
0,D132,,,,https://avatars2.githubusercontent.com/u/4085362?v=3&amp;s=100,,,,,,,,,,,,,Deepak Laxmi Narasimha,,,,,,,,,,,,
0,marwensaid,,,,https://avatars1.githubusercontent.com/u/6087568?v=3&amp;s=100,,,,,,,,,,,,,Marwen,,,,,,,,,,,,
0,shoshindes,,,,https://avatars1.githubusercontent.com/u/13901088?v=3&amp;s=100,,,,,,,,,,,,,Jack Thompson,,,,,,,,,,,,
0,nirojmahalingam,,,,https://avatars3.githubusercontent.com/u/827480?v=3&amp;s=100,,,,,,,,,,,,,Niroj Mahalingam,,,,,,,,,,,,
0,proforbes,,,,https://avatars0.githubusercontent.com/u/15100995?v=3&amp;s=100,,,,,,,,,,,,,ProForbes,,,,,,,,,,,,
0,angusshire,,,,https://avatars1.githubusercontent.com/u/5877145?v=3&amp;s=100,,,,,,,,,,,,,Angus H.,,,,,,Available for part-time or freelance work.,,,,,,
0,cusspvz,,,,https://avatars2.githubusercontent.com/u/3604053?v=3&amp;s=100,,,,,,,,,,,,,José Moreira,,,,,,"full-stack developer, ui/ux designer, musician &amp; diy entusiast",,,,,,
0,benas,,,,https://avatars2.githubusercontent.com/u/1210553?v=3&amp;s=100,,,,,,,,,,,,,Mahmoud Ben Hassine,,,,,,Aspiring software craftsman living in the shell..,,,,,,
