﻿score,login,id,avatar_url,gravatar_id,url,html_url,followers_url,following_url,gists_url,starred_url,subscriptions_url,organizations_url,repos_url,events_url,received_events_url,type,site_admin,name,company,blog,location,email,hireable,bio,public_repos,public_gists,followers,following,created_at,updated_at
0,felipetirus,,https://avatars1.githubusercontent.com/u/4377427?v=3&amp;s=100,,,,,,,,,,,,,,,felipetirus,,,,,,,,,,,,
0,filipeseiti,,https://avatars3.githubusercontent.com/u/24640812?v=3&amp;s=100,,,,,,,,,,,,,,,Filipe Nakamura,,,,,,,,,,,,
0,AndiChiou,,https://avatars2.githubusercontent.com/u/23460812?v=3&amp;s=100,,,,,,,,,,,,,,,Andi Chiou,,,,,,High school student @bartlett-high-school,,,,,,
0,luisjnk,,https://avatars0.githubusercontent.com/u/4520412?v=3&amp;s=100,,,,,,,,,,,,,,,Luís Paulo,,,,,,,,,,,,
0,huruji,,https://avatars3.githubusercontent.com/u/15937065?v=3&amp;s=100,,,,,,,,,,,,,,,忽如寄,,,,,,以梦为码，仗键天涯。,,,,,,
0,BFush,,https://avatars3.githubusercontent.com/u/23432645?v=3&amp;s=100,,,,,,,,,,,,,,,Brisnee Fush,,,,,,Research graduate at Stanford University specializing in Natural Language Processing and Linguistics. Previously: Kilgraston School. Please follow me. 😄 ,,,,,,
0,edu-bot,,https://avatars0.githubusercontent.com/u/23435604?v=3&amp;s=100,,,,,,,,,,,,,,,Edu Bot,,,,,,,,,,,,
0,fsalencar,,https://avatars2.githubusercontent.com/u/23104266?v=3&amp;s=100,,,,,,,,,,,,,,,Felipe Alencar,,,,,,,,,,,,
0,Vermisse,,https://avatars2.githubusercontent.com/u/17972943?v=3&amp;s=100,,,,,,,,,,,,,,,Sunki,,,,,,Java、Scala、Clojure,,,,,,
0,MarciaMartins,,https://avatars0.githubusercontent.com/u/15852516?v=3&amp;s=100,,,,,,,,,,,,,,,MarciaMartins,,,,,,,,,,,,
0,WeltonAvila,,https://avatars3.githubusercontent.com/u/23636304?v=3&amp;s=100,,,,,,,,,,,,,,,WeltonAvila,,,,,,,,,,,,
0,gintern,,https://avatars2.githubusercontent.com/u/20753788?v=3&amp;s=100,,,,,,,,,,,,,,,Michelle Isterya,,,,,,"B.Tech at MIT, 2010;  Help me in development. Google Intern, 2016 :smile: ",,,,,,
0,tmmorimoto,,https://avatars2.githubusercontent.com/u/6499905?v=3&amp;s=100,,,,,,,,,,,,,,,Tatiana Morimoto,,,,,,,,,,,,
0,dmorais2012,,https://avatars0.githubusercontent.com/u/2431577?v=3&amp;s=100,,,,,,,,,,,,,,,Darcy Neto,,,,,,,,,,,,
0,AnaaGabriel,,https://avatars1.githubusercontent.com/u/16261751?v=3&amp;s=100,,,,,,,,,,,,,,,Ana Paula Gabriel,,,,,,,,,,,,
0,TatianeGomes01,,https://avatars1.githubusercontent.com/u/23246148?v=3&amp;s=100,,,,,,,,,,,,,,,TatianeGomes01,,,,,,,,,,,,
0,izabalves,,https://avatars0.githubusercontent.com/u/23087672?v=3&amp;s=100,,,,,,,,,,,,,,,Izabela,,,,,,,,,,,,
0,976500133,,https://avatars0.githubusercontent.com/u/5755720?v=3&amp;s=100,,,,,,,,,,,,,,,Baron.Liu,,,,,,前端开发/iOS 开发/Node开发工程师,,,,,,
0,ciervogris,,https://avatars1.githubusercontent.com/u/14133083?v=3&amp;s=100,,,,,,,,,,,,,,,Laura ,,,,,,,,,,,,
0,rod-lin,,https://avatars1.githubusercontent.com/u/9999958?v=3&amp;s=100,,,,,,,,,,,,,,,rod,,,,,,student,,,,,,
0,danilo-drs,,https://avatars0.githubusercontent.com/u/20716736?v=3&amp;s=100,,,,,,,,,,,,,,,Danilo Ribeiro,,,,,,,,,,,,
0,sonusindhu,,https://avatars2.githubusercontent.com/u/4919309?v=3&amp;s=100,,,,,,,,,,,,,,,Sonu Sindhu,,,,,,Expert Laravel 5 Developer,,,,,,
0,brunocvcunha,,https://avatars2.githubusercontent.com/u/3207647?v=3&amp;s=100,,,,,,,,,,,,,,,Bruno Candido Volpato da Cunha,,,,,,☕️  💻  ,,,,,,
0,cardinot,,https://avatars2.githubusercontent.com/u/4231565?v=3&amp;s=100,,,,,,,,,,,,,,,Marcos Cardinot,,,,,,,,,,,,
0,digitalbat,,https://avatars1.githubusercontent.com/u/5832514?v=3&amp;s=100,,,,,,,,,,,,,,,Marcelo Araujo,,,,,,,,,,,,
0,bresan,,https://avatars3.githubusercontent.com/u/6449988?v=3&amp;s=100,,,,,,,,,,,,,,,Rodrigo Bresan,,,,,,Android Developer,,,,,,
0,woliveiras,,https://avatars1.githubusercontent.com/u/4243601?v=3&amp;s=100,,,,,,,,,,,,,,,William Oliveira,,,,,,"Just other brazilian Software Developer. Enjoying #javascript, #mobile, #nodejs, #robotics, #ai and more of technology world!",,,,,,
0,sibelius,,https://avatars0.githubusercontent.com/u/2005841?v=3&amp;s=100,,,,,,,,,,,,,,,Sibelius Seraphini,,,,,,Full Stack Developer #reactnative #redux #relay #graphql #webpack #koa #react,,,,,,
0,wevertonsreis,,https://avatars0.githubusercontent.com/u/5012963?v=3&amp;s=100,,,,,,,,,,,,,,,Weverton,,,,,,,,,,,,
0,GinesOrtiz,,https://avatars0.githubusercontent.com/u/3239559?v=3&amp;s=100,,,,,,,,,,,,,,,Gines,,,,,,,,,,,,
0,adolfoweloy,,https://avatars2.githubusercontent.com/u/1496547?v=3&amp;s=100,,,,,,,,,,,,,,,Adolfo Eloy,,,,,,Software Engineer at Elo7,,,,,,
0,rodolfocintra,,https://avatars0.githubusercontent.com/u/15753324?v=3&amp;s=100,,,,,,,,,,,,,,,rodolfocintra,,,,,,,,,,,,
0,zuthori,,https://avatars3.githubusercontent.com/u/15793668?v=3&amp;s=100,,,,,,,,,,,,,,,Danilo Almeida,,,,,,,,,,,,
0,Helkson,,https://avatars3.githubusercontent.com/u/15706871?v=3&amp;s=100,,,,,,,,,,,,,,,Helkson,,,,,,,,,,,,
0,NaXiD-XV,,https://avatars0.githubusercontent.com/u/15789026?v=3&amp;s=100,,,,,,,,,,,,,,,NaXiD-XV,,,,,,,,,,,,
0,jandersoncassan,,https://avatars1.githubusercontent.com/u/14020248?v=3&amp;s=100,,,,,,,,,,,,,,,Janderson Cassan,,,,,,,,,,,,
0,angusshire,,https://avatars1.githubusercontent.com/u/5877145?v=3&amp;s=100,,,,,,,,,,,,,,,Angus H.,,,,,,Available for part-time or freelance work.,,,,,,
0,mgwhitfield,,https://avatars1.githubusercontent.com/u/2973130?v=3&amp;s=100,,,,,,,,,,,,,,,Mike W,,,,,,,,,,,,
0,agyrafa,,https://avatars2.githubusercontent.com/u/10052533?v=3&amp;s=100,,,,,,,,,,,,,,,Marianna Almeida,,,,,,"giraffe lover, computer engineer, beginner designer, web developer full stack (php) at @AgyrafaWeb ",,,,,,
0,brunocasanova,,https://avatars3.githubusercontent.com/u/4107768?v=3&amp;s=100,,,,,,,,,,,,,,,Bruno Casanova,,,,,,,,,,,,
0,cusspvz,,https://avatars2.githubusercontent.com/u/3604053?v=3&amp;s=100,,,,,,,,,,,,,,,José Moreira,,,,,,"full-stack developer, ui/ux designer, musician &amp; diy entusiast",,,,,,
0,cezarant,,https://avatars0.githubusercontent.com/u/1169761?v=3&amp;s=100,,,,,,,,,,,,,,,Cezar Antônio ,,,,,,"Backend Developer CSharp.Net . But with interest in nodejs and Android Native. I very interested in projects that deal with music, politics and automation.  ",,,,,,
0,afucher,,https://avatars1.githubusercontent.com/u/3756185?v=3&amp;s=100,,,,,,,,,,,,,,,Arthur Fücher,,,,,,,,,,,,
0,edwi-feitoza,,https://avatars3.githubusercontent.com/u/7558458?v=3&amp;s=100,,,,,,,,,,,,,,,edwi-feitoza,,,,,,,,,,,,
0,franklindeoliveira,,https://avatars3.githubusercontent.com/u/1630131?v=3&amp;s=100,,,,,,,,,,,,,,,Franklin de Oliveira,,,,,,,,,,,,
0,afonsojota,,https://avatars2.githubusercontent.com/u/2270582?v=3&amp;s=100,,,,,,,,,,,,,,,Afonso Jota,,,,,,,,,,,,
0,henriquenn,,https://avatars0.githubusercontent.com/u/959750?v=3&amp;s=100,,,,,,,,,,,,,,,Henrique Nascimento,,,,,,,,,,,,
0,cgmenezes,,https://avatars3.githubusercontent.com/u/2350014?v=3&amp;s=100,,,,,,,,,,,,,,,Carlos Menezes,,,,,,,,,,,,
0,pedrohbalves,,https://avatars3.githubusercontent.com/u/6222993?v=3&amp;s=100,,,,,,,,,,,,,,,Pedro Alves.,,,,,,,,,,,,
