﻿score,login,id,avatar_url,gravatar_id,url,html_url,followers_url,following_url,gists_url,starred_url,subscriptions_url,organizations_url,repos_url,events_url,received_events_url,type,site_admin,name,company,blog,location,email,hireable,bio,public_repos,public_gists,followers,following,created_at,updated_at
0,wilon,,https://avatars2.githubusercontent.com/u/7512755?v=3&amp;s=100,,,,,,,,,,,,,,,wilon,,,,,,PHPer.,,,,,,
0,AndiChiou,,https://avatars2.githubusercontent.com/u/23460812?v=3&amp;s=100,,,,,,,,,,,,,,,Andi Chiou,,,,,,High school student @bartlett-high-school,,,,,,
0,BFush,,https://avatars3.githubusercontent.com/u/23432645?v=3&amp;s=100,,,,,,,,,,,,,,,Brisnee Fush,,,,,,Research graduate at Stanford University specializing in Natural Language Processing and Linguistics. Previously: Kilgraston School. Please follow me. 😄 ,,,,,,
0,gintern,,https://avatars2.githubusercontent.com/u/20753788?v=3&amp;s=100,,,,,,,,,,,,,,,Michelle Isterya,,,,,,"B.Tech at MIT, 2010;  Help me in development. Google Intern, 2016 :smile: ",,,,,,
0,Vermisse,,https://avatars2.githubusercontent.com/u/17972943?v=3&amp;s=100,,,,,,,,,,,,,,,Sunki,,,,,,Java、Scala、Clojure,,,,,,
0,AeronStory,,https://avatars2.githubusercontent.com/u/22915694?v=3&amp;s=100,,,,,,,,,,,,,,,mohammad,,,,,,,,,,,,
0,lucasbento,,https://avatars3.githubusercontent.com/u/6207220?v=3&amp;s=100,,,,,,,,,,,,,,,Lucas Bento,,,,,,"Full-stack developer building amazing apps with #react, #reactnative, #relay, #webpack, #graphql &amp; #koa",,,,,,
0,shivamshekhar,,https://avatars1.githubusercontent.com/u/13262314?v=3&amp;s=100,,,,,,,,,,,,,,,Shivam Shekhar,,,,,,,,,,,,
0,zrcing,,https://avatars1.githubusercontent.com/u/1124192?v=3&amp;s=100,,,,,,,,,,,,,,,Gary,,,,,,"Interest PHP, Web Developer, IT",,,,,,
0,arsidnal16,,https://avatars3.githubusercontent.com/u/12207421?v=3&amp;s=100,,,,,,,,,,,,,,,Siddhartha Singh,,,,,,Software engineer. ,,,,,,
0,brunocvcunha,,https://avatars2.githubusercontent.com/u/3207647?v=3&amp;s=100,,,,,,,,,,,,,,,Bruno Candido Volpato da Cunha,,,,,,☕️  💻  ,,,,,,
0,Mati365,,https://avatars3.githubusercontent.com/u/3949262?v=3&amp;s=100,,,,,,,,,,,,,,,Mateusz Bagiński,,,,,,Python/JavaScript Developer,,,,,,
0,ternsip,,https://avatars3.githubusercontent.com/u/10179239?v=3&amp;s=100,,,,,,,,,,,,,,,Ternsip,,,,,,If you are alone - imagine that you are Gordon Freeman.,,,,,,
