﻿score,blog,login,hireable,id,bio,avatar_url,public_repos,gravatar_id,url,html_url,followers_url,following_url,gists_url,starred_url,subscriptions_url,organizations_url,repos_url,events_url,received_events_url,type,site_admin,name,company,location,email,public_gists,followers,following,created_at,updated_at
0,,wilon,,,PHPer.,https://avatars2.githubusercontent.com/u/7512755?v=3&amp;s=100,,,,,,,,,,,,,,,,wilon,,,,,,,,
0,,TheDeepThinker,,,,https://avatars0.githubusercontent.com/u/22838822?v=3&amp;s=100,,,,,,,,,,,,,,,,Sky of Stars,,,,,,,,
0,,argonlaser,,,I am a very passionate developer interested in developing software that could solve a real life problem or could entirely change a way something is used. ,https://avatars0.githubusercontent.com/u/4816430?v=3&amp;s=100,,,,,,,,,,,,,,,,Venkata Krishna.S,,,,,,,,
0,,AndiChiou,,,High school student @bartlett-high-school,https://avatars2.githubusercontent.com/u/23460812?v=3&amp;s=100,,,,,,,,,,,,,,,,Andi Chiou,,,,,,,,
0,,BFush,,,Research graduate at Stanford University specializing in Natural Language Processing and Linguistics. Previously: Kilgraston School. Please follow me. 😄 ,https://avatars3.githubusercontent.com/u/23432645?v=3&amp;s=100,,,,,,,,,,,,,,,,Brisnee Fush,,,,,,,,
0,,dengyi1992,,,为码痴狂,https://avatars3.githubusercontent.com/u/13898604?v=3&amp;s=100,,,,,,,,,,,,,,,,dengyi1992,,,,,,,,
0,,gintern,,,"B.Tech at MIT, 2010;  Help me in development. Google Intern, 2016 :smile: ",https://avatars2.githubusercontent.com/u/20753788?v=3&amp;s=100,,,,,,,,,,,,,,,,Michelle Isterya,,,,,,,,
0,,edu-bot,,,,https://avatars0.githubusercontent.com/u/23435604?v=3&amp;s=100,,,,,,,,,,,,,,,,Edu Bot,,,,,,,,
0,,chongbenben,,,FEE in China.,https://avatars0.githubusercontent.com/u/21237518?v=3&amp;s=100,,,,,,,,,,,,,,,,种奔奔,,,,,,,,
0,,chenyoufu,,,Specilize in C/Python/Go/Lua/,https://avatars2.githubusercontent.com/u/7324573?v=3&amp;s=100,,,,,,,,,,,,,,,,比特,,,,,,,,
0,,yfgeek,,,,https://avatars2.githubusercontent.com/u/7533831?v=3&amp;s=100,,,,,,,,,,,,,,,,Ivan,,,,,,,,
0,,ReidHolmes,,,,https://avatars3.githubusercontent.com/u/17958554?v=3&amp;s=100,,,,,,,,,,,,,,,,Reidholmes,,,,,,,,
0,,RealityDaemon,,,,https://avatars0.githubusercontent.com/u/10622317?v=3&amp;s=100,,,,,,,,,,,,,,,,RealityDaemon,,,,,,,,
0,,zhiaixuexi,,,"ClearClouds memeber, specialize in java",https://avatars3.githubusercontent.com/u/11385718?v=3&amp;s=100,,,,,,,,,,,,,,,,xiao.luo,,,,,,,,
0,,rongwanru,,,,https://avatars2.githubusercontent.com/u/22049214?v=3&amp;s=100,,,,,,,,,,,,,,,,rongwanru,,,,,,,,
0,,Vermisse,,,Java、Scala、Clojure,https://avatars2.githubusercontent.com/u/17972943?v=3&amp;s=100,,,,,,,,,,,,,,,,Sunki,,,,,,,,
0,,AeronStory,,,,https://avatars2.githubusercontent.com/u/22915694?v=3&amp;s=100,,,,,,,,,,,,,,,,mohammad,,,,,,,,
0,,naruto227,,,,https://avatars3.githubusercontent.com/u/16680574?v=3&amp;s=100,,,,,,,,,,,,,,,,Michael Allan,,,,,,,,
0,,lucasbento,,,"Full-stack developer building amazing apps with #react, #reactnative, #relay, #webpack, #graphql &amp; #koa",https://avatars3.githubusercontent.com/u/6207220?v=3&amp;s=100,,,,,,,,,,,,,,,,Lucas Bento,,,,,,,,
0,,Gooooodman,,,give me your love!,https://avatars0.githubusercontent.com/u/13062160?v=3&amp;s=100,,,,,,,,,,,,,,,,Goooood,,,,,,,,
0,,RogerFederer03,,,Talk is cheap. Show me the code. -- Linus Torvalds,https://avatars1.githubusercontent.com/u/5633006?v=3&amp;s=100,,,,,,,,,,,,,,,,Zheng Luo,,,,,,,,
0,,rod-lin,,,student,https://avatars1.githubusercontent.com/u/9999958?v=3&amp;s=100,,,,,,,,,,,,,,,,rod,,,,,,,,
0,,brunocvcunha,,,☕️  💻  ,https://avatars2.githubusercontent.com/u/3207647?v=3&amp;s=100,,,,,,,,,,,,,,,,Bruno Candido Volpato da Cunha,,,,,,,,
0,,gmkhussain,,,,https://avatars2.githubusercontent.com/u/1250826?v=3&amp;s=100,,,,,,,,,,,,,,,,GMK Hussain,,,,,,,,
0,,ternsip,,,If you are alone - imagine that you are Gordon Freeman.,https://avatars3.githubusercontent.com/u/10179239?v=3&amp;s=100,,,,,,,,,,,,,,,,Ternsip,,,,,,,,
0,,detailyang,,,"sometime, just want to sleep :sleepy::(",https://avatars3.githubusercontent.com/u/3370345?v=3&amp;s=100,,,,,,,,,,,,,,,,detailyang,,,,,,,,
0,,hpcslag,,,I am a Indie game developer live in Kaohsiung.,https://avatars2.githubusercontent.com/u/4928289?v=3&amp;s=100,,,,,,,,,,,,,,,,MacTaylor,,,,,,,,
0,,perfettiful,,,,https://avatars3.githubusercontent.com/u/7156158?v=3&amp;s=100,,,,,,,,,,,,,,,,Nathan Perfetti,,,,,,,,
0,,pisual,,,DSN Pisual 首席设计师、蟾宫折桂科技有限公司技术总监、月牙堂科技有限公司技术总监、Stargazer（观星者）首席设计师,https://avatars0.githubusercontent.com/u/9153294?v=3&amp;s=100,,,,,,,,,,,,,,,,FelixSion,,,,,,,,
0,,monmon-2007,,,http://minagadallah.com/,https://avatars3.githubusercontent.com/u/9157808?v=3&amp;s=100,,,,,,,,,,,,,,,,Mina Gadallah,,,,,,,,
0,,limingyang2012,,,,https://avatars1.githubusercontent.com/u/10152413?v=3&amp;s=100,,,,,,,,,,,,,,,,明洋,,,,,,,,
0,,stoked-zz,,,,https://avatars2.githubusercontent.com/u/13973828?v=3&amp;s=100,,,,,,,,,,,,,,,,Amie Lynn,,,,,,,,
0,,VagrantStory,,,Developer Program Member,https://avatars3.githubusercontent.com/u/4069972?v=3&amp;s=100,,,,,,,,,,,,,,,,mohammad,,,,,,,,
0,,tvvocold,,,Do cool things that doesn&#39;t matter.,https://avatars2.githubusercontent.com/u/4530539?v=3&amp;s=100,,,,,,,,,,,,,,,,Ray,,,,,,,,
0,,aarunvignesh,,,,https://avatars1.githubusercontent.com/u/11308342?v=3&amp;s=100,,,,,,,,,,,,,,,,Arun Vignesh,,,,,,,,
0,,PeytonsProfile,,,"HTML5, CSS3, Javascript, Jquery Front End Web Design Specialist",https://avatars2.githubusercontent.com/u/7455103?v=3&amp;s=100,,,,,,,,,,,,,,,,peyton Caseria,,,,,,,,
0,,imraazrally,,,"C.S Graduate from NJIT, Founder / Developer @ Therapy Square ",https://avatars1.githubusercontent.com/u/10794748?v=3&amp;s=100,,,,,,,,,,,,,,,,Imraaz Rally,,,,,,,,
0,,fengnanyue,,,Looking for Software Engineering Internship for Summer 2017,https://avatars1.githubusercontent.com/u/13938317?v=3&amp;s=100,,,,,,,,,,,,,,,,Fengnan Yue,,,,,,,,
0,,angusshire,,,Available for part-time or freelance work.,https://avatars1.githubusercontent.com/u/5877145?v=3&amp;s=100,,,,,,,,,,,,,,,,Angus H.,,,,,,,,
0,,OchumaAgwara,,,,https://avatars1.githubusercontent.com/u/15365718?v=3&amp;s=100,,,,,,,,,,,,,,,,OchumaAgwara,,,,,,,,
0,,shoshindes,,,,https://avatars1.githubusercontent.com/u/13901088?v=3&amp;s=100,,,,,,,,,,,,,,,,Jack Thompson,,,,,,,,
0,,mgwhitfield,,,,https://avatars1.githubusercontent.com/u/2973130?v=3&amp;s=100,,,,,,,,,,,,,,,,Mike W,,,,,,,,
0,,cusspvz,,,"full-stack developer, ui/ux designer, musician &amp; diy entusiast",https://avatars2.githubusercontent.com/u/3604053?v=3&amp;s=100,,,,,,,,,,,,,,,,José Moreira,,,,,,,,
0,,brunocasanova,,,,https://avatars3.githubusercontent.com/u/4107768?v=3&amp;s=100,,,,,,,,,,,,,,,,Bruno Casanova,,,,,,,,
