﻿score,login,id,avatar_url,gravatar_id,url,html_url,followers_url,following_url,gists_url,starred_url,subscriptions_url,organizations_url,repos_url,events_url,received_events_url,type,site_admin,name,company,blog,location,email,hireable,bio,public_repos,public_gists,followers,following,created_at,updated_at
0,wilon,,https://avatars2.githubusercontent.com/u/7512755?v=3&amp;s=100,,,,,,,,,,,,,,,wilon,,,,,,PHPer.,,,,,,
0,EonKid,,https://avatars0.githubusercontent.com/u/13067085?v=3&amp;s=100,,,,,,,,,,,,,,,Dhruv Narayan Singh ,,,,,,I am iOS Engineer,,,,,,
0,AndiChiou,,https://avatars2.githubusercontent.com/u/23460812?v=3&amp;s=100,,,,,,,,,,,,,,,Andi Chiou,,,,,,High school student @bartlett-high-school,,,,,,
0,BFush,,https://avatars3.githubusercontent.com/u/23432645?v=3&amp;s=100,,,,,,,,,,,,,,,Brisnee Fush,,,,,,Research graduate at Stanford University specializing in Natural Language Processing and Linguistics. Previously: Kilgraston School. Please follow me. 😄 ,,,,,,
0,gintern,,https://avatars2.githubusercontent.com/u/20753788?v=3&amp;s=100,,,,,,,,,,,,,,,Michelle Isterya,,,,,,"B.Tech at MIT, 2010;  Help me in development. Google Intern, 2016 :smile: ",,,,,,
0,Vermisse,,https://avatars2.githubusercontent.com/u/17972943?v=3&amp;s=100,,,,,,,,,,,,,,,Sunki,,,,,,Java、Scala、Clojure,,,,,,
0,DetectivSPIA,,https://avatars0.githubusercontent.com/u/23164109?v=3&amp;s=100,,,,,,,,,,,,,,,S.P.I.A. SECRET PRIVATE INVESTIGATIONS AGENCY ROMANIA ,,,,,,"S.P.I.A. is a leading provider of investigations and surveillance services in Romania, member of the W.A.D., I.K.D. and  A.N.D.R. @spiadetectiv ",,,,,,
0,AeronStory,,https://avatars2.githubusercontent.com/u/22915694?v=3&amp;s=100,,,,,,,,,,,,,,,mohammad,,,,,,,,,,,,
0,hutianyi123,,https://avatars0.githubusercontent.com/u/20451667?v=3&amp;s=100,,,,,,,,,,,,,,,hutianyi123,,,,,,,,,,,,
0,lxd117,,https://avatars1.githubusercontent.com/u/20437066?v=3&amp;s=100,,,,,,,,,,,,,,,lxd117,,,,,,,,,,,,
0,ternsip,,https://avatars3.githubusercontent.com/u/10179239?v=3&amp;s=100,,,,,,,,,,,,,,,Ternsip,,,,,,If you are alone - imagine that you are Gordon Freeman.,,,,,,
0,adityaanupindi,,https://avatars1.githubusercontent.com/u/5804235?v=3&amp;s=100,,,,,,,,,,,,,,,A.Aditya,,,,,,,,,,,,
0,fengshaoyun1993,,https://avatars0.githubusercontent.com/u/18023870?v=3&amp;s=100,,,,,,,,,,,,,,,fengshaoyun1993,,,,,,,,,,,,
0,hamidsardar,,https://avatars0.githubusercontent.com/u/15166277?v=3&amp;s=100,,,,,,,,,,,,,,,Hamid sardar,,,,,,,,,,,,
0,CUjamin,,https://avatars0.githubusercontent.com/u/17373918?v=3&amp;s=100,,,,,,,,,,,,,,,CUjamin,,,,,,,,,,,,
0,qinix,,https://avatars0.githubusercontent.com/u/1946663?v=3&amp;s=100,,,,,,,,,,,,,,,Eric Zhang,,,,,,,,,,,,
0,stoked-zz,,https://avatars2.githubusercontent.com/u/13973828?v=3&amp;s=100,,,,,,,,,,,,,,,Amie Lynn,,,,,,,,,,,,
0,VagrantStory,,https://avatars3.githubusercontent.com/u/4069972?v=3&amp;s=100,,,,,,,,,,,,,,,mohammad,,,,,,Developer Program Member,,,,,,
0,dinic,,https://avatars3.githubusercontent.com/u/1432148?v=3&amp;s=100,,,,,,,,,,,,,,,xiongjunmin,,,,,,,,,,,,
0,riyasmohamedmr,,https://avatars0.githubusercontent.com/u/16667537?v=3&amp;s=100,,,,,,,,,,,,,,,riyas mohamed mr,,,,,,,,,,,,
0,angusshire,,https://avatars1.githubusercontent.com/u/5877145?v=3&amp;s=100,,,,,,,,,,,,,,,Angus H.,,,,,,Available for part-time or freelance work.,,,,,,
0,WangMl,,https://avatars0.githubusercontent.com/u/5234205?v=3&amp;s=100,,,,,,,,,,,,,,,Wangxinlu,,,,,,,,,,,,
