﻿score,login,id,avatar_url,gravatar_id,url,html_url,followers_url,following_url,gists_url,starred_url,subscriptions_url,organizations_url,repos_url,events_url,received_events_url,type,site_admin,name,company,blog,location,email,hireable,bio,public_repos,public_gists,followers,following,created_at,updated_at
0,venoral,,https://avatars1.githubusercontent.com/u/14950800?v=3&amp;s=100,,,,,,,,,,,,,,,venoral,,,,,,List。,,,,,,
0,CALTyang,,https://avatars2.githubusercontent.com/u/4888672?v=3&amp;s=100,,,,,,,,,,,,,,,Shawn Liu,,,,,,normal level student.normal level programmer.,,,,,,
0,mxfc,,https://avatars2.githubusercontent.com/u/12004190?v=3&amp;s=100,,,,,,,,,,,,,,,mxfc,,,,,,,,,,,,
0,vip18188,,https://avatars2.githubusercontent.com/u/22238184?v=3&amp;s=100,,,,,,,,,,,,,,,vip18188,,,,,,,,,,,,
0,lisong,,https://avatars3.githubusercontent.com/u/1171518?v=3&amp;s=100,,,,,,,,,,,,,,,lisong,,,,,,,,,,,,
0,adothraki,,https://avatars3.githubusercontent.com/u/6584483?v=3&amp;s=100,,,,,,,,,,,,,,,adothraki,,,,,,,,,,,,
0,samlau201601,,https://avatars3.githubusercontent.com/u/24406698?v=3&amp;s=100,,,,,,,,,,,,,,,samlau201601,,,,,,,,,,,,
0,AndiChiou,,https://avatars2.githubusercontent.com/u/23460812?v=3&amp;s=100,,,,,,,,,,,,,,,Andi Chiou,,,,,,High school student @bartlett-high-school,,,,,,
0,d87335903,,https://avatars3.githubusercontent.com/u/9124518?v=3&amp;s=100,,,,,,,,,,,,,,,sheldon shen,,,,,,万事开头难，如果你做一件事，已经开头了，那么也就不那么难了.,,,,,,
0,dreamsk,,https://avatars3.githubusercontent.com/u/20657858?v=3&amp;s=100,,,,,,,,,,,,,,,Amos King,,,,,,,,,,,,
0,dabit3,,https://avatars3.githubusercontent.com/u/1857282?v=3&amp;s=100,,,,,,,,,,,,,,,Nader Dabit,,,,,,Specializing in React and React Native Training,,,,,,
0,JIN-Xi,,https://avatars3.githubusercontent.com/u/15793520?v=3&amp;s=100,,,,,,,,,,,,,,,Ester,,,,,,,,,,,,
0,h4ck3rm1k3,,https://avatars1.githubusercontent.com/u/34903?v=3&amp;s=100,,,,,,,,,,,,,,,James Michael DuPont,,,,,,,,,,,,
0,BFush,,https://avatars3.githubusercontent.com/u/23432645?v=3&amp;s=100,,,,,,,,,,,,,,,Brisnee Fush,,,,,,Research graduate at Stanford University specializing in Natural Language Processing and Linguistics. Previously: Kilgraston School. Please follow me. 😄 ,,,,,,
0,Kell-Wang,,https://avatars0.githubusercontent.com/u/13595807?v=3&amp;s=100,,,,,,,,,,,,,,,WXH,,,,,,,,,,,,
0,dengyi1992,,https://avatars3.githubusercontent.com/u/13898604?v=3&amp;s=100,,,,,,,,,,,,,,,dengyi1992,,,,,,为码痴狂,,,,,,
0,yfgeek,,https://avatars2.githubusercontent.com/u/7533831?v=3&amp;s=100,,,,,,,,,,,,,,,Ivan,,,,,,,,,,,,
0,gintern,,https://avatars2.githubusercontent.com/u/20753788?v=3&amp;s=100,,,,,,,,,,,,,,,Michelle Isterya,,,,,,"B.Tech at MIT, 2010;  Help me in development. Google Intern, 2016 :smile: ",,,,,,
0,xiefan46,,https://avatars0.githubusercontent.com/u/11348400?v=3&amp;s=100,,,,,,,,,,,,,,,FAN XIE(谢凡),,,,,,,,,,,,
0,VirginMe,,https://avatars3.githubusercontent.com/u/18569911?v=3&amp;s=100,,,,,,,,,,,,,,,Shubo Wang,,,,,,,,,,,,
0,Kelichao,,https://avatars1.githubusercontent.com/u/18028533?v=3&amp;s=100,,,,,,,,,,,,,,,Bob Ke,,,,,,Details determine success or failure ,,,,,,
0,ReidHolmes,,https://avatars3.githubusercontent.com/u/17958554?v=3&amp;s=100,,,,,,,,,,,,,,,Reidholmes,,,,,,,,,,,,
0,lichengbo,,https://avatars1.githubusercontent.com/u/13315730?v=3&amp;s=100,,,,,,,,,,,,,,,沉默,,,,,,,,,,,,
0,Vermisse,,https://avatars2.githubusercontent.com/u/17972943?v=3&amp;s=100,,,,,,,,,,,,,,,Sunki,,,,,,Java、Scala、Clojure,,,,,,
0,TianJiaDaShao,,https://avatars0.githubusercontent.com/u/21334612?v=3&amp;s=100,,,,,,,,,,,,,,,田野,,,,,,,,,,,,
0,AeronStory,,https://avatars2.githubusercontent.com/u/22915694?v=3&amp;s=100,,,,,,,,,,,,,,,mohammad,,,,,,,,,,,,
0,naruto227,,https://avatars3.githubusercontent.com/u/16680574?v=3&amp;s=100,,,,,,,,,,,,,,,Michael Allan,,,,,,,,,,,,
0,lucasbento,,https://avatars3.githubusercontent.com/u/6207220?v=3&amp;s=100,,,,,,,,,,,,,,,Lucas Bento,,,,,,"Full-stack developer building amazing apps with #react, #reactnative, #relay, #webpack, #graphql &amp; #koa",,,,,,
0,wohexi,,https://avatars2.githubusercontent.com/u/22704967?v=3&amp;s=100,,,,,,,,,,,,,,,wohexi,,,,,,,,,,,,
0,ajomadlabs,,https://avatars2.githubusercontent.com/u/21251118?v=3&amp;s=100,,,,,,,,,,,,,,,Ajo John,,,,,,Crazy entrepreneur !! Love learning !! Singing !! Coding  !! Implementing,,,,,,
0,johanzhu,,https://avatars3.githubusercontent.com/u/20274703?v=3&amp;s=100,,,,,,,,,,,,,,,johanzhu,,,,,,Start learning web-development!,,,,,,
0,wenzhihong2003,,https://avatars3.githubusercontent.com/u/486365?v=3&amp;s=100,,,,,,,,,,,,,,,tom.wen,,,,,,,,,,,,
0,linesh-simplicity,,https://avatars1.githubusercontent.com/u/11895199?v=3&amp;s=100,,,,,,,,,,,,,,,Linesh,,,,,,对语言非常敏感。说话简洁真诚是种美德。说真话则更佳。,,,,,,
0,zxhycxq,,https://avatars2.githubusercontent.com/u/11674203?v=3&amp;s=100,,,,,,,,,,,,,,,HelloWorld,,,,,,,,,,,,
0,zrcing,,https://avatars1.githubusercontent.com/u/1124192?v=3&amp;s=100,,,,,,,,,,,,,,,Gary,,,,,,"Interest PHP, Web Developer, IT",,,,,,
0,xiaxiangfeng,,https://avatars2.githubusercontent.com/u/2898403?v=3&amp;s=100,,,,,,,,,,,,,,,xiaxiangfeng,,,,,,,,,,,,
0,briankai,,https://avatars0.githubusercontent.com/u/17720406?v=3&amp;s=100,,,,,,,,,,,,,,,hongkai,,,,,,,,,,,,
0,evinw,,https://avatars0.githubusercontent.com/u/844215?v=3&amp;s=100,,,,,,,,,,,,,,,Evin Weissenberg,,,,,,bluelab.io,,,,,,
0,leesx,,https://avatars2.githubusercontent.com/u/6054773?v=3&amp;s=100,,,,,,,,,,,,,,,图灵大盗,,,,,,:+1:  :fire:  :art: ,,,,,,
0,klajd,,https://avatars3.githubusercontent.com/u/6673182?v=3&amp;s=100,,,,,,,,,,,,,,,Klajd Diko,,,,,,Software &amp; Web Developer.,,,,,,
0,SharonLucky,,https://avatars0.githubusercontent.com/u/12985573?v=3&amp;s=100,,,,,,,,,,,,,,,Princess*,,,,,,So Lucky ~ ,,,,,,
0,RogerFederer03,,https://avatars1.githubusercontent.com/u/5633006?v=3&amp;s=100,,,,,,,,,,,,,,,Zheng Luo,,,,,,Talk is cheap. Show me the code. -- Linus Torvalds,,,,,,
0,cynical89,,https://avatars2.githubusercontent.com/u/14186276?v=3&amp;s=100,,,,,,,,,,,,,,,Anthony Michelizzi,,,,,,JavaScript and C# programmer,,,,,,
0,SakuB,,https://avatars1.githubusercontent.com/u/17701805?v=3&amp;s=100,,,,,,,,,,,,,,,大表哥,,,,,,前端,,,,,,
0,Gooooodman,,https://avatars0.githubusercontent.com/u/13062160?v=3&amp;s=100,,,,,,,,,,,,,,,Goooood,,,,,,give me your love!,,,,,,
0,jpruiz114,,https://avatars3.githubusercontent.com/u/4614970?v=3&amp;s=100,,,,,,,,,,,,,,,Jean Paul Ruiz,,,,,,"Cat lover, lego fanatic, full stack developer, big data and math passionate.",,,,,,
0,zwjun,,https://avatars0.githubusercontent.com/u/18280701?v=3&amp;s=100,,,,,,,,,,,,,,,weijun,,,,,,,,,,,,
0,rod-lin,,https://avatars1.githubusercontent.com/u/9999958?v=3&amp;s=100,,,,,,,,,,,,,,,rod,,,,,,student,,,,,,
0,976500133,,https://avatars0.githubusercontent.com/u/5755720?v=3&amp;s=100,,,,,,,,,,,,,,,Baron.Liu,,,,,,前端开发/iOS 开发/Node开发工程师,,,,,,
0,liwanying,,https://avatars2.githubusercontent.com/u/16506381?v=3&amp;s=100,,,,,,,,,,,,,,,Wing Li,,,,,,,,,,,,
0,mrkt,,https://avatars2.githubusercontent.com/u/10635093?v=3&amp;s=100,,,,,,,,,,,,,,,Tommy.jin,,,,,,System architecture engineer to write the main program system architecture,,,,,,
