﻿score,login,id,avatar_url,gravatar_id,url,html_url,followers_url,following_url,gists_url,starred_url,subscriptions_url,organizations_url,repos_url,events_url,received_events_url,type,site_admin,name,company,blog,location,email,hireable,bio,public_repos,public_gists,followers,following,created_at,updated_at
0,wilon,,https://avatars2.githubusercontent.com/u/7512755?v=3&amp;s=100,,,,,,,,,,,,,,,wilon,,,,,,PHPer.,,,,,,
0,JaySekulow15,,https://avatars0.githubusercontent.com/u/20650551?v=3&amp;s=100,,,,,,,,,,,,,,,Jay Sekulow,,,,,,An accomplished Supreme Court advocate,,,,,,
0,wxmahen,,https://avatars2.githubusercontent.com/u/13268706?v=3&amp;s=100,,,,,,,,,,,,,,,Mahen Samaranayake,,,,,,A huge fan of AI and Big Data.,,,,,,
0,zokeber,,https://avatars3.githubusercontent.com/u/2593840?v=3&amp;s=100,,,,,,,,,,,,,,,Daniel AL Monagas,,,,,,Software Engineer. Web Developer. GNU/Linux SysAdmin. DevOps Enthusiast.,,,,,,
0,OliverTheCoder,,https://avatars0.githubusercontent.com/u/20893230?v=3&amp;s=100,,,,,,,,,,,,,,,Oliver Boamah,,,,,,"Computer Science student, was born to code... really",,,,,,
0,michielkauwatjoe,,https://avatars2.githubusercontent.com/u/530652?v=3&amp;s=100,,,,,,,,,,,,,,,Michiel Kauw–A–Tjoe,,,,,,Typography software developer and illustrator from the Netherlands.,,,,,,
0,zackhaikal,,https://avatars3.githubusercontent.com/u/17828772?v=3&amp;s=100,,,,,,,,,,,,,,,zackhaikal,,,,,,,,,,,,
0,martindale,,https://avatars1.githubusercontent.com/u/129761?v=3&amp;s=100,,,,,,,,,,,,,,,Eric Martindale,,,,,,"Code as craft!  I like distributed systems and the human-friendly web.  I am responsible for the @ElementsProject, the @FabricProtocol, and soundtrack.io.",,,,,,
0,Gawiga,,https://avatars0.githubusercontent.com/u/3864451?v=3&amp;s=100,,,,,,,,,,,,,,,Gabriel Galdino,,,,,,,,,,,,
0,mbaez,,https://avatars2.githubusercontent.com/u/642307?v=3&amp;s=100,,,,,,,,,,,,,,,Maximiliano Báez González,,,,,,,,,,,,
0,zzl5221281994,,https://avatars1.githubusercontent.com/u/4309727?v=3&amp;s=100,,,,,,,,,,,,,,,zhu,,,,,,,,,,,,
0,jbrower95,,https://avatars3.githubusercontent.com/u/2030176?v=3&amp;s=100,,,,,,,,,,,,,,,Justin Brower,,,,,,,,,,,,
0,BrianJenney,,https://avatars2.githubusercontent.com/u/13141947?v=3&amp;s=100,,,,,,,,,,,,,,,jenneyb,,,,,,,,,,,,
0,devudilip,,https://avatars3.githubusercontent.com/u/1140764?v=3&amp;s=100,,,,,,,,,,,,,,,DEVARAJ K,,,,,,,,,,,,
0,gs-ysingh,,https://avatars1.githubusercontent.com/u/10112823?v=3&amp;s=100,,,,,,,,,,,,,,,Yogesh Singh,,,,,,"Learning Computer science. Interested in JavaScript, Node.js, Java or any other computer science related stuff",,,,,,
0,YingYou,,https://avatars2.githubusercontent.com/u/6308393?v=3&amp;s=100,,,,,,,,,,,,,,,smile,,,,,,,,,,,,
0,geraldo-netto,,https://avatars3.githubusercontent.com/u/20527108?v=3&amp;s=100,,,,,,,,,,,,,,,Geraldo Netto,,,,,,,,,,,,
0,dyingjedi,,https://avatars2.githubusercontent.com/u/526981?v=3&amp;s=100,,,,,,,,,,,,,,,dyingjedi,,,,,,,,,,,,
0,neworldexport,,https://avatars1.githubusercontent.com/u/7106909?v=3&amp;s=100,,,,,,,,,,,,,,,neworldexport,,,,,,Never too late ,,,,,,
0,bradpotts,,https://avatars0.githubusercontent.com/u/4887598?v=3&amp;s=100,,,,,,,,,,,,,,,Bradley J Potts,,,,,,Software Engineer &amp; Founder @phcnetworks digital services company operating in Vancouver.,,,,,,
0,komutsatiri,,https://avatars0.githubusercontent.com/u/4398348?v=3&amp;s=100,,,,,,,,,,,,,,,Melih Göksal,,,,,,,,,,,,
0,richardsonlima,,https://avatars2.githubusercontent.com/u/2085089?v=3&amp;s=100,,,,,,,,,,,,,,,Richardson Lima,,,,,,,,,,,,
0,lucrussell,,https://avatars2.githubusercontent.com/u/964541?v=3&amp;s=100,,,,,,,,,,,,,,,Luc Russell,,,,,,,,,,,,
0,rodrigonehring,,https://avatars0.githubusercontent.com/u/15157404?v=3&amp;s=100,,,,,,,,,,,,,,,Rodrigo Eduardo Nehring,,,,,,,,,,,,
0,VidarLiu,,https://avatars0.githubusercontent.com/u/1535732?v=3&amp;s=100,,,,,,,,,,,,,,,LiuBo,,,,,,,,,,,,
0,tatarsky-v,,https://avatars1.githubusercontent.com/u/8398659?v=3&amp;s=100,,,,,,,,,,,,,,,Tatarsky Vladimir,,,,,,,,,,,,
0,briannaorg,,https://avatars3.githubusercontent.com/u/3371846?v=3&amp;s=100,,,,,,,,,,,,,,,Brianna Privett,,,,,,,,,,,,
0,felipetavares,,https://avatars2.githubusercontent.com/u/2183824?v=3&amp;s=100,,,,,,,,,,,,,,,Felipe Tavares,,,,,,,,,,,,
0,kuina,,https://avatars1.githubusercontent.com/u/1777903?v=3&amp;s=100,,,,,,,,,,,,,,,くいなちゃん,,,,,,あらゆる学問が大好きー　くいなちゃん、６さいですっ！,,,,,,
0,Angelfirenze01,,https://avatars0.githubusercontent.com/u/15018138?v=3&amp;s=100,,,,,,,,,,,,,,,Nicole Moore,,,,,,I began learning how to program in 2013 after @natashamre recommended I try it.  I learned Git first; am learning Web Design second.  Everything back-end third.,,,,,,
0,iddaramola,,https://avatars0.githubusercontent.com/u/8862064?v=3&amp;s=100,,,,,,,,,,,,,,,idowu,,,,,,,,,,,,
0,dilshankm,,https://avatars2.githubusercontent.com/u/7222195?v=3&amp;s=100,,,,,,,,,,,,,,,K M Dilshan Udara,,,,,,,,,,,,
0,zelongji,,https://avatars0.githubusercontent.com/u/4558700?v=3&amp;s=100,,,,,,,,,,,,,,,zelongji,,,,,,,,,,,,
0,wpwupingwp,,https://avatars0.githubusercontent.com/u/3808130?v=3&amp;s=100,,,,,,,,,,,,,,,Ping Wu,,,,,,,,,,,,
0,HiredBlade,,https://avatars2.githubusercontent.com/u/8506380?v=3&amp;s=100,,,,,,,,,,,,,,,Geovani Anacleto da Silva,,,,,,,,,,,,
0,jamesmuldrow,,https://avatars3.githubusercontent.com/u/10010548?v=3&amp;s=100,,,,,,,,,,,,,,,James,,,,,,Part time coder of stuff. At work I hunt all the things. Enjoy IT related stuff,,,,,,
0,ahmadao2214,,https://avatars1.githubusercontent.com/u/8989973?v=3&amp;s=100,,,,,,,,,,,,,,,Azhar Ahmad,,,,,,,,,,,,
0,ivayloivanof,,https://avatars2.githubusercontent.com/u/5503813?v=3&amp;s=100,,,,,,,,,,,,,,,Ivaylo Ivanov,,,,,,Developer,,,,,,
0,ldilley,,https://avatars0.githubusercontent.com/u/3323717?v=3&amp;s=100,,,,,,,,,,,,,,,Lloyd Dilley,,,,,,"root by day, gamer, programmer, and zombie aficionado by night (but I&#39;m in bed by midnight if you&#39;re reading this, mom.)",,,,,,
0,Paulkim517,,https://avatars1.githubusercontent.com/u/10397558?v=3&amp;s=100,,,,,,,,,,,,,,,Paul S.B. Kim,,,,,,,,,,,,
0,florinbroasca,,https://avatars1.githubusercontent.com/u/1127978?v=3&amp;s=100,,,,,,,,,,,,,,,Florin Broasca,,,,,,,,,,,,
0,vania-pooh,,https://avatars2.githubusercontent.com/u/829320?v=3&amp;s=100,,,,,,,,,,,,,,,Ivan Krutov,,,,,,,,,,,,
0,An3bi,,https://avatars2.githubusercontent.com/u/11783532?v=3&amp;s=100,,,,,,,,,,,,,,,Anebi Agbo,,,,,,Enamored of machine learning and open source.,,,,,,
0,theekshanasl,,https://avatars2.githubusercontent.com/u/7088858?v=3&amp;s=100,,,,,,,,,,,,,,,Theekshana Kasthuriarachchi,,,,,,,,,,,,
0,lettersfree,,https://avatars2.githubusercontent.com/u/6871959?v=3&amp;s=100,,,,,,,,,,,,,,,Marisa Ritzman,,,,,,"Exclusive collection of sample letters, format &amp; guidelines by experts for professional use. Choose from well designed templates for effective letter writing.",,,,,,
0,laertesjenner,,https://avatars0.githubusercontent.com/u/17891741?v=3&amp;s=100,,,,,,,,,,,,,,,laertesjenner,,,,,,,,,,,,
0,keenprogrammer,,https://avatars2.githubusercontent.com/u/9246192?v=3&amp;s=100,,,,,,,,,,,,,,,Premvir Singh Chaudhary,,,,,,,,,,,,
0,lumixraku,,https://avatars3.githubusercontent.com/u/6280941?v=3&amp;s=100,,,,,,,,,,,,,,,lumix,,,,,,i&#39;m nobody,,,,,,
0,devender,,https://avatars3.githubusercontent.com/u/4103?v=3&amp;s=100,,,,,,,,,,,,,,,Devender Gollapally,,,,,,,,,,,,
0,morufib,,https://avatars2.githubusercontent.com/u/24260138?v=3&amp;s=100,,,,,,,,,,,,,,,morufib,,,,,,,,,,,,
0,TheRinger,,https://avatars1.githubusercontent.com/u/6418211?v=3&amp;s=100,,,,,,,,,,,,,,,Tyrell Rutledge,,,,,,Teach a man to fish..,,,,,,
