﻿score,login,id,avatar_url,gravatar_id,url,html_url,followers_url,following_url,gists_url,starred_url,subscriptions_url,organizations_url,repos_url,events_url,received_events_url,type,site_admin,name,company,blog,location,email,hireable,bio,public_repos,public_gists,followers,following,created_at,updated_at
0,marinacrachi,,https://avatars1.githubusercontent.com/u/24682686?v=3&amp;s=100,,,,,,,,,,,,,,,marinacrachi,,,,,,,,,,,,
0,AndiChiou,,https://avatars2.githubusercontent.com/u/23460812?v=3&amp;s=100,,,,,,,,,,,,,,,Andi Chiou,,,,,,High school student @bartlett-high-school,,,,,,
0,gintern,,https://avatars2.githubusercontent.com/u/20753788?v=3&amp;s=100,,,,,,,,,,,,,,,Michelle Isterya,,,,,,"B.Tech at MIT, 2010;  Help me in development. Google Intern, 2016 :smile: ",,,,,,
0,ricardolabate,,https://avatars1.githubusercontent.com/u/4689565?v=3&amp;s=100,,,,,,,,,,,,,,,Ricardo Labate,,,,,,"Front-developer, Javascript Enthusiast and Cyberpunk of the interwebz",,,,,,
0,chongbenben,,https://avatars0.githubusercontent.com/u/21237518?v=3&amp;s=100,,,,,,,,,,,,,,,种奔奔,,,,,,FEE in China.,,,,,,
0,sibelius,,https://avatars0.githubusercontent.com/u/2005841?v=3&amp;s=100,,,,,,,,,,,,,,,Sibelius Seraphini,,,,,,Full Stack Developer #reactnative #redux #relay #graphql #webpack #koa #react,,,,,,
0,chenyoufu,,https://avatars2.githubusercontent.com/u/7324573?v=3&amp;s=100,,,,,,,,,,,,,,,比特,,,,,,Specilize in C/Python/Go/Lua/,,,,,,
0,zhiaixuexi,,https://avatars3.githubusercontent.com/u/11385718?v=3&amp;s=100,,,,,,,,,,,,,,,xiao.luo,,,,,,"ClearClouds memeber, specialize in java",,,,,,
0,lucasbento,,https://avatars3.githubusercontent.com/u/6207220?v=3&amp;s=100,,,,,,,,,,,,,,,Lucas Bento,,,,,,"Full-stack developer building amazing apps with #react, #reactnative, #relay, #webpack, #graphql &amp; #koa",,,,,,
0,yfgeek,,https://avatars2.githubusercontent.com/u/7533831?v=3&amp;s=100,,,,,,,,,,,,,,,Ivan,,,,,,,,,,,,
0,gcelaor,,https://avatars1.githubusercontent.com/u/17756993?v=3&amp;s=100,,,,,,,,,,,,,,,Kevin,,,,,,A front-end programmer🐬,,,,,,
0,MicaelaLV,,https://avatars0.githubusercontent.com/u/17528760?v=3&amp;s=100,,,,,,,,,,,,,,,Micaela Linda Villani,,,,,,,,,,,,
0,Vermisse,,https://avatars2.githubusercontent.com/u/17972943?v=3&amp;s=100,,,,,,,,,,,,,,,Sunki,,,,,,Java、Scala、Clojure,,,,,,
0,ErikAugust,,https://avatars2.githubusercontent.com/u/3004714?v=3&amp;s=100,,,,,,,,,,,,,,,Erik August Johnson,,,,,,,,,,,,
0,tweenn,,https://avatars1.githubusercontent.com/u/1704162?v=3&amp;s=100,,,,,,,,,,,,,,,Felipe Zuntini,,,,,,,,,,,,
0,cesardv,,https://avatars3.githubusercontent.com/u/605463?v=3&amp;s=100,,,,,,,,,,,,,,,Cesar,,,,,,,,,,,,
0,wonilsuh,,https://avatars0.githubusercontent.com/u/1081064?v=3&amp;s=100,,,,,,,,,,,,,,,Wonil Suh,,,,,,,,,,,,
0,andrehoward,,https://avatars1.githubusercontent.com/u/19153983?v=3&amp;s=100,,,,,,,,,,,,,,,Andre Howard,,,,,,,,,,,,
0,beckysteele,,https://avatars2.githubusercontent.com/u/11295748?v=3&amp;s=100,,,,,,,,,,,,,,,Becky Steele,,,,,,,,,,,,
0,mrvautin,,https://avatars3.githubusercontent.com/u/299398?v=3&amp;s=100,,,,,,,,,,,,,,,Mark Moffat,,,,,,,,,,,,
0,EmersonStark,,https://avatars1.githubusercontent.com/u/7688788?v=3&amp;s=100,,,,,,,,,,,,,,,Emerson Stark,,,,,,,,,,,,
0,rafaelcarneiro,,https://avatars0.githubusercontent.com/u/13425062?v=3&amp;s=100,,,,,,,,,,,,,,,Rafael C.,,,,,,There are no easter eggs up here. Go away,,,,,,
0,tuchedsf,,https://avatars2.githubusercontent.com/u/1728584?v=3&amp;s=100,,,,,,,,,,,,,,,Diego,,,,,,,,,,,,
0,sistemaon,,https://avatars2.githubusercontent.com/u/13405167?v=3&amp;s=100,,,,,,,,,,,,,,,SistemaOn,,,,,,Bringsty on dê himbrilick.,,,,,,
0,hc3,,https://avatars2.githubusercontent.com/u/8162552?v=3&amp;s=100,,,,,,,,,,,,,,,Eliel das Virgens Santos,,,,,,,,,,,,
0,stoked-zz,,https://avatars2.githubusercontent.com/u/13973828?v=3&amp;s=100,,,,,,,,,,,,,,,Amie Lynn,,,,,,,,,,,,
0,moussaDoumbia9219,,https://avatars2.githubusercontent.com/u/16326130?v=3&amp;s=100,,,,,,,,,,,,,,,moussaDoumbia9219,,,,,,,,,,,,
0,liliansousa,,https://avatars0.githubusercontent.com/u/8939264?v=3&amp;s=100,,,,,,,,,,,,,,,Lilian Dias de Sousa,,,,,,Starting as a front-end developer. Web and arts lover. Working at IBM - Digital Services Group.,,,,,,
0,DavidSoaresPivaro,,https://avatars2.githubusercontent.com/u/16544225?v=3&amp;s=100,,,,,,,,,,,,,,,David Soares Pivaro,,,,,,,,,,,,
0,david-araujo,,https://avatars3.githubusercontent.com/u/4921733?v=3&amp;s=100,,,,,,,,,,,,,,,David Araujo,,,,,,,,,,,,
0,shoshindes,,https://avatars1.githubusercontent.com/u/13901088?v=3&amp;s=100,,,,,,,,,,,,,,,Jack Thompson,,,,,,,,,,,,
0,phpenterprise,,https://avatars2.githubusercontent.com/u/1564781?v=3&amp;s=100,,,,,,,,,,,,,,,Patrick Otto,,,,,,"Fundador da Php Enterprise, sócio em outras empresas de tecnologia e gestor de projetos de software",,,,,,
0,cusspvz,,https://avatars2.githubusercontent.com/u/3604053?v=3&amp;s=100,,,,,,,,,,,,,,,José Moreira,,,,,,"full-stack developer, ui/ux designer, musician &amp; diy entusiast",,,,,,
0,brunocasanova,,https://avatars3.githubusercontent.com/u/4107768?v=3&amp;s=100,,,,,,,,,,,,,,,Bruno Casanova,,,,,,,,,,,,
0,angusshire,,https://avatars1.githubusercontent.com/u/5877145?v=3&amp;s=100,,,,,,,,,,,,,,,Angus H.,,,,,,Available for part-time or freelance work.,,,,,,
0,PrinaBerg,,https://avatars3.githubusercontent.com/u/11271146?v=3&amp;s=100,,,,,,,,,,,,,,,PrinaBerg,,,,,,,,,,,,
0,DedersSP,,https://avatars0.githubusercontent.com/u/5178677?v=3&amp;s=100,,,,,,,,,,,,,,,André Batista,,,,,,,,,,,,
