﻿score,login,id,avatar_url,gravatar_id,url,html_url,followers_url,following_url,gists_url,starred_url,subscriptions_url,organizations_url,repos_url,events_url,received_events_url,type,site_admin,name,company,blog,location,email,hireable,bio,public_repos,public_gists,followers,following,created_at,updated_at
0,wilon,,https://avatars2.githubusercontent.com/u/7512755?v=3&amp;s=100,,,,,,,,,,,,,,,wilon,,,,,,PHPer.,,,,,,
0,AndiChiou,,https://avatars2.githubusercontent.com/u/23460812?v=3&amp;s=100,,,,,,,,,,,,,,,Andi Chiou,,,,,,High school student @bartlett-high-school,,,,,,
0,BFush,,https://avatars3.githubusercontent.com/u/23432645?v=3&amp;s=100,,,,,,,,,,,,,,,Brisnee Fush,,,,,,Research graduate at Stanford University specializing in Natural Language Processing and Linguistics. Previously: Kilgraston School. Please follow me. 😄 ,,,,,,
0,gintern,,https://avatars2.githubusercontent.com/u/20753788?v=3&amp;s=100,,,,,,,,,,,,,,,Michelle Isterya,,,,,,"B.Tech at MIT, 2010;  Help me in development. Google Intern, 2016 :smile: ",,,,,,
0,Vermisse,,https://avatars2.githubusercontent.com/u/17972943?v=3&amp;s=100,,,,,,,,,,,,,,,Sunki,,,,,,Java、Scala、Clojure,,,,,,
0,AeronStory,,https://avatars2.githubusercontent.com/u/22915694?v=3&amp;s=100,,,,,,,,,,,,,,,mohammad,,,,,,,,,,,,
0,rod-lin,,https://avatars1.githubusercontent.com/u/9999958?v=3&amp;s=100,,,,,,,,,,,,,,,rod,,,,,,student,,,,,,
0,976500133,,https://avatars0.githubusercontent.com/u/5755720?v=3&amp;s=100,,,,,,,,,,,,,,,Baron.Liu,,,,,,前端开发/iOS 开发/Node开发工程师,,,,,,
0,liu-dongyu,,https://avatars1.githubusercontent.com/u/16187601?v=3&amp;s=100,,,,,,,,,,,,,,,Liu Dongyu,,,,,, frontend developer,,,,,,
0,chungchiehlun,,https://avatars3.githubusercontent.com/u/6926451?v=3&amp;s=100,,,,,,,,,,,,,,,Jay,,,,,,,,,,,,
0,kusha-b-k,,https://avatars2.githubusercontent.com/u/14980964?v=3&amp;s=100,,,,,,,,,,,,,,,KUSHA B K,,,,,,❤️   ,,,,,,
0,yaoweiprc,,https://avatars1.githubusercontent.com/u/6896642?v=3&amp;s=100,,,,,,,,,,,,,,,yaoweiprc,,,,,,,,,,,,
0,VagrantStory,,https://avatars3.githubusercontent.com/u/4069972?v=3&amp;s=100,,,,,,,,,,,,,,,mohammad,,,,,,Developer Program Member,,,,,,
0,stoked-zz,,https://avatars2.githubusercontent.com/u/13973828?v=3&amp;s=100,,,,,,,,,,,,,,,Amie Lynn,,,,,,,,,,,,
0,MingXingTeam,,https://avatars3.githubusercontent.com/u/4523625?v=3&amp;s=100,,,,,,,,,,,,,,,孤独的崛起,,,,,,,,,,,,
0,tvvocold,,https://avatars2.githubusercontent.com/u/4530539?v=3&amp;s=100,,,,,,,,,,,,,,,Ray,,,,,,Do cool things that doesn&#39;t matter.,,,,,,
0,MichalPaszkiewicz,,https://avatars2.githubusercontent.com/u/6673982?v=3&amp;s=100,,,,,,,,,,,,,,,Michal Paszkiewicz,,,,,,Just a guy who likes to make things @MichalYouDoing,,,,,,
0,PeytonsProfile,,https://avatars2.githubusercontent.com/u/7455103?v=3&amp;s=100,,,,,,,,,,,,,,,peyton Caseria,,,,,,"HTML5, CSS3, Javascript, Jquery Front End Web Design Specialist",,,,,,
0,soyelmnd,,https://avatars2.githubusercontent.com/u/2678063?v=3&amp;s=100,,,,,,,,,,,,,,,Minh Nguyen,,,,,,,,,,,,
0,fengnanyue,,https://avatars1.githubusercontent.com/u/13938317?v=3&amp;s=100,,,,,,,,,,,,,,,Fengnan Yue,,,,,,Looking for Software Engineering Internship for Summer 2017,,,,,,
0,imraazrally,,https://avatars1.githubusercontent.com/u/10794748?v=3&amp;s=100,,,,,,,,,,,,,,,Imraaz Rally,,,,,,"C.S Graduate from NJIT, Founder / Developer @ Therapy Square ",,,,,,
0,shoshindes,,https://avatars1.githubusercontent.com/u/13901088?v=3&amp;s=100,,,,,,,,,,,,,,,Jack Thompson,,,,,,,,,,,,
0,codersaiful,,https://avatars0.githubusercontent.com/u/6463919?v=3&amp;s=100,,,,,,,,,,,,,,,Saiful Islam,,,,,,,,,,,,
