﻿score,email,login,public_repos,id,updated_at,avatar_url,gravatar_id,url,html_url,followers_url,following_url,gists_url,starred_url,subscriptions_url,organizations_url,repos_url,events_url,received_events_url,type,site_admin,name,company,blog,location,hireable,bio,public_gists,followers,following,created_at
0,,wilon,,,,https://avatars2.githubusercontent.com/u/7512755?v=3&amp;s=100,,,,,,,,,,,,,,,wilon,,,,,PHPer.,,,,
0,,wxmahen,,,,https://avatars2.githubusercontent.com/u/13268706?v=3&amp;s=100,,,,,,,,,,,,,,,Mahen Samaranayake,,,,,A huge fan of AI and Big Data.,,,,
0,,mcoquet,,,,https://avatars1.githubusercontent.com/u/117676?v=3&amp;s=100,,,,,,,,,,,,,,,Miguel Coquet,,,,,,,,,
0,,ampatell,,,,https://avatars3.githubusercontent.com/u/20740366?v=3&amp;s=100,,,,,,,,,,,,,,,ampatell,,,,,,,,,
0,,AndiChiou,,,,https://avatars2.githubusercontent.com/u/23460812?v=3&amp;s=100,,,,,,,,,,,,,,,Andi Chiou,,,,,High school student @bartlett-high-school,,,,
0,,luisjnk,,,,https://avatars0.githubusercontent.com/u/4520412?v=3&amp;s=100,,,,,,,,,,,,,,,Luís Paulo,,,,,,,,,
0,,edu-bot,,,,https://avatars0.githubusercontent.com/u/23435604?v=3&amp;s=100,,,,,,,,,,,,,,,Edu Bot,,,,,,,,,
0,,joaosalless,,,,https://avatars1.githubusercontent.com/u/6626712?v=3&amp;s=100,,,,,,,,,,,,,,,João Sales,,,,,,,,,
0,,huruji,,,,https://avatars3.githubusercontent.com/u/15937065?v=3&amp;s=100,,,,,,,,,,,,,,,忽如寄,,,,,以梦为码，仗键天涯。,,,,
0,,BFush,,,,https://avatars3.githubusercontent.com/u/23432645?v=3&amp;s=100,,,,,,,,,,,,,,,Brisnee Fush,,,,,Research graduate at Stanford University specializing in Natural Language Processing and Linguistics. Previously: Kilgraston School. Please follow me. 😄 ,,,,
0,,gintern,,,,https://avatars2.githubusercontent.com/u/20753788?v=3&amp;s=100,,,,,,,,,,,,,,,Michelle Isterya,,,,,"B.Tech at MIT, 2010;  Help me in development. Google Intern, 2016 :smile: ",,,,
0,,Mohamed-El-Amine-D,,,,https://avatars2.githubusercontent.com/u/15234847?v=3&amp;s=100,,,,,,,,,,,,,,,DADDOU Mohamed El Amine,,,,,,,,,
0,,yfgeek,,,,https://avatars2.githubusercontent.com/u/7533831?v=3&amp;s=100,,,,,,,,,,,,,,,Ivan,,,,,,,,,
0,,ENM1989,,,,https://avatars2.githubusercontent.com/u/2657224?v=3&amp;s=100,,,,,,,,,,,,,,,Nico Müller,,,,,,,,,
0,,SanjithKanagavel,,,,https://avatars2.githubusercontent.com/u/9746842?v=3&amp;s=100,,,,,,,,,,,,,,,Sanjith Jothi Kanagavel,,,,,iOS/Android/Windows/Game/IOT turns me on for the game 😍,,,,
0,,AeronStory,,,,https://avatars2.githubusercontent.com/u/22915694?v=3&amp;s=100,,,,,,,,,,,,,,,mohammad,,,,,,,,,
0,,valaxis,,,,https://avatars1.githubusercontent.com/u/23111935?v=3&amp;s=100,,,,,,,,,,,,,,,valaxis,,,,,,,,,
0,,Vermisse,,,,https://avatars2.githubusercontent.com/u/17972943?v=3&amp;s=100,,,,,,,,,,,,,,,Sunki,,,,,Java、Scala、Clojure,,,,
0,,jpruiz114,,,,https://avatars3.githubusercontent.com/u/4614970?v=3&amp;s=100,,,,,,,,,,,,,,,Jean Paul Ruiz,,,,,"Cat lover, lego fanatic, full stack developer, big data and math passionate.",,,,
0,,shivamshekhar,,,,https://avatars1.githubusercontent.com/u/13262314?v=3&amp;s=100,,,,,,,,,,,,,,,Shivam Shekhar,,,,,,,,,
0,,obernardovieira,,,,https://avatars3.githubusercontent.com/u/19441097?v=3&amp;s=100,,,,,,,,,,,,,,,Bernardo Vieira,,,,,while(!eating) { coding(); },,,,
0,,lucasbento,,,,https://avatars3.githubusercontent.com/u/6207220?v=3&amp;s=100,,,,,,,,,,,,,,,Lucas Bento,,,,,"Full-stack developer building amazing apps with #react, #reactnative, #relay, #webpack, #graphql &amp; #koa",,,,
0,,rmbernardi,,,,https://avatars0.githubusercontent.com/u/8214682?v=3&amp;s=100,,,,,,,,,,,,,,,Richard Bernardino,,,,,,,,,
0,,adizhavo,,,,https://avatars1.githubusercontent.com/u/13251062?v=3&amp;s=100,,,,,,,,,,,,,,,Adi Zhavo,,,,,Video game lover,,,,
0,,doomsterinc,,,,https://avatars0.githubusercontent.com/u/5833310?v=3&amp;s=100,,,,,,,,,,,,,,,Maicon Giovani,,,,,Code Life,,,,
0,,shadestreak,,,,https://avatars1.githubusercontent.com/u/19281808?v=3&amp;s=100,,,,,,,,,,,,,,,Argha Das,,,,,A Human With Programming Skill,,,,
0,,zrcing,,,,https://avatars1.githubusercontent.com/u/1124192?v=3&amp;s=100,,,,,,,,,,,,,,,Gary,,,,,"Interest PHP, Web Developer, IT",,,,
0,,brunocvcunha,,,,https://avatars2.githubusercontent.com/u/3207647?v=3&amp;s=100,,,,,,,,,,,,,,,Bruno Candido Volpato da Cunha,,,,,☕️  💻  ,,,,
0,,kadinho,,,,https://avatars1.githubusercontent.com/u/457793?v=3&amp;s=100,,,,,,,,,,,,,,,Cláudio Varandas,,,,,,,,,
0,,ipanardian,,,,https://avatars1.githubusercontent.com/u/415225?v=3&amp;s=100,,,,,,,,,,,,,,,Ipan Ardian,,,,,A man who converts caffeine into code,,,,
0,,jorgemurta,,,,https://avatars1.githubusercontent.com/u/2780099?v=3&amp;s=100,,,,,,,,,,,,,,,Jorge Murta,,,,,,,,,
0,,rod-lin,,,,https://avatars1.githubusercontent.com/u/9999958?v=3&amp;s=100,,,,,,,,,,,,,,,rod,,,,,student,,,,
0,,Mati365,,,,https://avatars3.githubusercontent.com/u/3949262?v=3&amp;s=100,,,,,,,,,,,,,,,Mateusz Bagiński,,,,,Python/JavaScript Developer,,,,
0,,liu-dongyu,,,,https://avatars1.githubusercontent.com/u/16187601?v=3&amp;s=100,,,,,,,,,,,,,,,Liu Dongyu,,,,, frontend developer,,,,
0,,ternsip,,,,https://avatars3.githubusercontent.com/u/10179239?v=3&amp;s=100,,,,,,,,,,,,,,,Ternsip,,,,,If you are alone - imagine that you are Gordon Freeman.,,,,
0,,angusshire,,,,https://avatars1.githubusercontent.com/u/5877145?v=3&amp;s=100,,,,,,,,,,,,,,,Angus H.,,,,,Available for part-time or freelance work.,,,,
0,,ninabreznik,,,,https://avatars1.githubusercontent.com/u/1076427?v=3&amp;s=100,,,,,,,,,,,,,,,Nina Breznik,,,,,,,,,
0,,mssalvo,,,,https://avatars3.githubusercontent.com/u/5181298?v=3&amp;s=100,,,,,,,,,,,,,,,Salvo,,,,,,,,,
0,,shoshindes,,,,https://avatars1.githubusercontent.com/u/13901088?v=3&amp;s=100,,,,,,,,,,,,,,,Jack Thompson,,,,,,,,,
0,,cusspvz,,,,https://avatars2.githubusercontent.com/u/3604053?v=3&amp;s=100,,,,,,,,,,,,,,,José Moreira,,,,,"full-stack developer, ui/ux designer, musician &amp; diy entusiast",,,,
0,,brunocasanova,,,,https://avatars3.githubusercontent.com/u/4107768?v=3&amp;s=100,,,,,,,,,,,,,,,Bruno Casanova,,,,,,,,,
0,,quetzyg,,,,https://avatars0.githubusercontent.com/u/1413966?v=3&amp;s=100,,,,,,,,,,,,,,,Quetzy Garcia,,,,,,,,,
0,,nacr,,,,https://avatars3.githubusercontent.com/u/11772318?v=3&amp;s=100,,,,,,,,,,,,,,,Nuno Rodrigues,,,,,,,,,
0,,helio-correia,,,,https://avatars2.githubusercontent.com/u/6276228?v=3&amp;s=100,,,,,,,,,,,,,,,Hélio Correia,,,,,,,,,
0,,zhangjiang19926,,,,https://avatars3.githubusercontent.com/u/13343920?v=3&amp;s=100,,,,,,,,,,,,,,,zhangjiang,,,,,,,,,
