﻿score,login,id,avatar_url,gravatar_id,url,html_url,followers_url,following_url,gists_url,starred_url,subscriptions_url,organizations_url,repos_url,events_url,received_events_url,type,site_admin,name,company,blog,location,email,hireable,bio,public_repos,public_gists,followers,following,created_at,updated_at
0,AndiChiou,,https://avatars2.githubusercontent.com/u/23460812?v=3&amp;s=100,,,,,,,,,,,,,,,Andi Chiou,,,,,,High school student @bartlett-high-school,,,,,,
0,BFush,,https://avatars3.githubusercontent.com/u/23432645?v=3&amp;s=100,,,,,,,,,,,,,,,Brisnee Fush,,,,,,Research graduate at Stanford University specializing in Natural Language Processing and Linguistics. Previously: Kilgraston School. Please follow me. 😄 ,,,,,,
0,Vermisse,,https://avatars2.githubusercontent.com/u/17972943?v=3&amp;s=100,,,,,,,,,,,,,,,Sunki,,,,,,Java、Scala、Clojure,,,,,,
0,gintern,,https://avatars2.githubusercontent.com/u/20753788?v=3&amp;s=100,,,,,,,,,,,,,,,Michelle Isterya,,,,,,"B.Tech at MIT, 2010;  Help me in development. Google Intern, 2016 :smile: ",,,,,,
0,brunocvcunha,,https://avatars2.githubusercontent.com/u/3207647?v=3&amp;s=100,,,,,,,,,,,,,,,Bruno Candido Volpato da Cunha,,,,,,☕️  💻  ,,,,,,
0,WizarD1456,,https://avatars3.githubusercontent.com/u/19240210?v=3&amp;s=100,,,,,,,,,,,,,,,WizarD1456,,,,,,,,,,,,
0,Mati365,,https://avatars3.githubusercontent.com/u/3949262?v=3&amp;s=100,,,,,,,,,,,,,,,Mateusz Bagiński,,,,,,Python/JavaScript Developer,,,,,,
0,kebiro,,https://avatars3.githubusercontent.com/u/10946640?v=3&amp;s=100,,,,,,,,,,,,,,,kebiro,,,,,,,,,,,,
