﻿score,login,id,avatar_url,gravatar_id,url,html_url,followers_url,following_url,gists_url,starred_url,subscriptions_url,organizations_url,repos_url,events_url,received_events_url,type,site_admin,name,company,blog,location,email,hireable,bio,public_repos,public_gists,followers,following,created_at,updated_at
0,wilon,,https://avatars2.githubusercontent.com/u/7512755?v=3&amp;s=100,,,,,,,,,,,,,,,wilon,,,,,,PHPer.,,,,,,
0,BFush,,https://avatars3.githubusercontent.com/u/23432645?v=3&amp;s=100,,,,,,,,,,,,,,,Brisnee Fush,,,,,,Research graduate at Stanford University specializing in Natural Language Processing and Linguistics. Previously: Kilgraston School. Please follow me. 😄 ,,,,,,
0,AndiChiou,,https://avatars2.githubusercontent.com/u/23460812?v=3&amp;s=100,,,,,,,,,,,,,,,Andi Chiou,,,,,,High school student @bartlett-high-school,,,,,,
0,gintern,,https://avatars2.githubusercontent.com/u/20753788?v=3&amp;s=100,,,,,,,,,,,,,,,Michelle Isterya,,,,,,"B.Tech at MIT, 2010;  Help me in development. Google Intern, 2016 :smile: ",,,,,,
0,manu14889,,https://avatars1.githubusercontent.com/u/23097360?v=3&amp;s=100,,,,,,,,,,,,,,,Manu Saxena,,,,,,"HI, I’M MANU SAXENA FROM INDIA. BASICALLY, I AM A SOFTWARE ENGINEER – TEST, WORKING PRESENTLY WITH SYSTWEAK SOFTWARES, JAIPUR (RAJ.), INDIA. AS FAR AS MY ACADEM",,,,,,
0,yfgeek,,https://avatars2.githubusercontent.com/u/7533831?v=3&amp;s=100,,,,,,,,,,,,,,,Ivan,,,,,,,,,,,,
0,Vermisse,,https://avatars2.githubusercontent.com/u/17972943?v=3&amp;s=100,,,,,,,,,,,,,,,Sunki,,,,,,Java、Scala、Clojure,,,,,,
0,TianJiaDaShao,,https://avatars0.githubusercontent.com/u/21334612?v=3&amp;s=100,,,,,,,,,,,,,,,田野,,,,,,,,,,,,
0,2tarotk,,https://avatars0.githubusercontent.com/u/1920478?v=3&amp;s=100,,,,,,,,,,,,,,,Tsuyoshi,,,,,,,,,,,,
0,AeronStory,,https://avatars2.githubusercontent.com/u/22915694?v=3&amp;s=100,,,,,,,,,,,,,,,mohammad,,,,,,,,,,,,
0,georgezafiris,,https://avatars2.githubusercontent.com/u/15641063?v=3&amp;s=100,,,,,,,,,,,,,,,George Zafiris,,,,,,"Passionate developer, science geek and parkour athlete",,,,,,
0,eplt,,https://avatars1.githubusercontent.com/u/206939?v=3&amp;s=100,,,,,,,,,,,,,,,Edward Tsang,,,,,,,,,,,,
0,ternsip,,https://avatars3.githubusercontent.com/u/10179239?v=3&amp;s=100,,,,,,,,,,,,,,,Ternsip,,,,,,If you are alone - imagine that you are Gordon Freeman.,,,,,,
0,zackhaikal,,https://avatars3.githubusercontent.com/u/17828772?v=3&amp;s=100,,,,,,,,,,,,,,,zackhaikal,,,,,,,,,,,,
0,yanivkalfa,,https://avatars0.githubusercontent.com/u/3311717?v=3&amp;s=100,,,,,,,,,,,,,,,Yaniv kalfa,,,,,,,,,,,,
0,qinix,,https://avatars0.githubusercontent.com/u/1946663?v=3&amp;s=100,,,,,,,,,,,,,,,Eric Zhang,,,,,,,,,,,,
0,suppblg,,https://avatars3.githubusercontent.com/u/18168503?v=3&amp;s=100,,,,,,,,,,,,,,,suppblg,,,,,,,,,,,,
0,timliunize,,https://avatars0.githubusercontent.com/u/18035731?v=3&amp;s=100,,,,,,,,,,,,,,,timliunize,,,,,,,,,,,,
0,stoked-zz,,https://avatars2.githubusercontent.com/u/13973828?v=3&amp;s=100,,,,,,,,,,,,,,,Amie Lynn,,,,,,,,,,,,
0,VagrantStory,,https://avatars3.githubusercontent.com/u/4069972?v=3&amp;s=100,,,,,,,,,,,,,,,mohammad,,,,,,Developer Program Member,,,,,,
0,tvvocold,,https://avatars2.githubusercontent.com/u/4530539?v=3&amp;s=100,,,,,,,,,,,,,,,Ray,,,,,,Do cool things that doesn&#39;t matter.,,,,,,
0,riyasmohamedmr,,https://avatars0.githubusercontent.com/u/16667537?v=3&amp;s=100,,,,,,,,,,,,,,,riyas mohamed mr,,,,,,,,,,,,
0,shanmukhswaroop,,https://avatars2.githubusercontent.com/u/13120240?v=3&amp;s=100,,,,,,,,,,,,,,,Shanmukh Swaroop,,,,,,An advancing coder!,,,,,,
0,imraazrally,,https://avatars1.githubusercontent.com/u/10794748?v=3&amp;s=100,,,,,,,,,,,,,,,Imraaz Rally,,,,,,"C.S Graduate from NJIT, Founder / Developer @ Therapy Square ",,,,,,
0,becky7,,https://avatars3.githubusercontent.com/u/16035572?v=3&amp;s=100,,,,,,,,,,,,,,,becky,,,,,,,,,,,,
0,SpyCardShop,,https://avatars3.githubusercontent.com/u/15883718?v=3&amp;s=100,,,,,,,,,,,,,,,Spy Card Shop,,,,,,,,,,,,
0,bearofbear,,https://avatars3.githubusercontent.com/u/11326619?v=3&amp;s=100,,,,,,,,,,,,,,,陈雷,,,,,,,,,,,,
0,alicaglayan,,https://avatars1.githubusercontent.com/u/5114628?v=3&amp;s=100,,,,,,,,,,,,,,,Ali İhsan ÇAĞLAYAN,,,,,,,,,,,,
0,shoshindes,,https://avatars1.githubusercontent.com/u/13901088?v=3&amp;s=100,,,,,,,,,,,,,,,Jack Thompson,,,,,,,,,,,,
0,SergioChan,,https://avatars3.githubusercontent.com/u/10103766?v=3&amp;s=100,,,,,,,,,,,,,,,江南的悲伤,,,,,,"Currently a Researcher and Hacker at RavenTech, full-stack developer and Hackathoner. Hosted the top level hackathon team @hACKbUSTER .",,,,,,
0,alex-cory,,https://avatars1.githubusercontent.com/u/5455859?v=3&amp;s=100,,,,,,,,,,,,,,,Alex Cory,,,,,,ʕ•̫͡•ʔ-̫͡-ʕ•͓͡•ʔ-̫͡-ʕ•̫͡•ʔ,,,,,,
0,angusshire,,https://avatars1.githubusercontent.com/u/5877145?v=3&amp;s=100,,,,,,,,,,,,,,,Angus H.,,,,,,Available for part-time or freelance work.,,,,,,
