﻿score,id,login,company,gravatar_id,avatar_url,blog,url,location,html_url,email,followers_url,hireable,following_url,bio,gists_url,public_repos,starred_url,public_gists,subscriptions_url,followers,organizations_url,following,repos_url,created_at,events_url,updated_at,received_events_url,type,site_admin,name
0,,AndiChiou,,,https://avatars2.githubusercontent.com/u/23460812?v=3&amp;s=100,,,,,,,,,High school student @bartlett-high-school,,,,,,,,,,,,,,,,Andi Chiou
0,,BFush,,,https://avatars3.githubusercontent.com/u/23432645?v=3&amp;s=100,,,,,,,,,Research graduate at Stanford University specializing in Natural Language Processing and Linguistics. Previously: Kilgraston School. Please follow me. 😄 ,,,,,,,,,,,,,,,,Brisnee Fush
0,,Vermisse,,,https://avatars2.githubusercontent.com/u/17972943?v=3&amp;s=100,,,,,,,,,Java、Scala、Clojure,,,,,,,,,,,,,,,,Sunki
0,,gintern,,,https://avatars2.githubusercontent.com/u/20753788?v=3&amp;s=100,,,,,,,,,"B.Tech at MIT, 2010;  Help me in development. Google Intern, 2016 :smile: ",,,,,,,,,,,,,,,,Michelle Isterya
