﻿score,login,id,avatar_url,gravatar_id,url,html_url,followers_url,following_url,gists_url,starred_url,subscriptions_url,organizations_url,repos_url,events_url,received_events_url,type,site_admin,name,company,blog,location,email,hireable,bio,public_repos,public_gists,followers,following,created_at,updated_at
0,wilon,,https://avatars2.githubusercontent.com/u/7512755?v=3&amp;s=100,,,,,,,,,,,,,,,wilon,,,,,,PHPer.,,,,,,
0,AndiChiou,,https://avatars2.githubusercontent.com/u/23460812?v=3&amp;s=100,,,,,,,,,,,,,,,Andi Chiou,,,,,,High school student @bartlett-high-school,,,,,,
0,luisjnk,,https://avatars0.githubusercontent.com/u/4520412?v=3&amp;s=100,,,,,,,,,,,,,,,Luís Paulo,,,,,,,,,,,,
0,gintern,,https://avatars2.githubusercontent.com/u/20753788?v=3&amp;s=100,,,,,,,,,,,,,,,Michelle Isterya,,,,,,"B.Tech at MIT, 2010;  Help me in development. Google Intern, 2016 :smile: ",,,,,,
0,dengyi1992,,https://avatars3.githubusercontent.com/u/13898604?v=3&amp;s=100,,,,,,,,,,,,,,,dengyi1992,,,,,,为码痴狂,,,,,,
0,chongbenben,,https://avatars0.githubusercontent.com/u/21237518?v=3&amp;s=100,,,,,,,,,,,,,,,种奔奔,,,,,,FEE in China.,,,,,,
0,yfgeek,,https://avatars2.githubusercontent.com/u/7533831?v=3&amp;s=100,,,,,,,,,,,,,,,Ivan,,,,,,,,,,,,
0,Vermisse,,https://avatars2.githubusercontent.com/u/17972943?v=3&amp;s=100,,,,,,,,,,,,,,,Sunki,,,,,,Java、Scala、Clojure,,,,,,
0,AeronStory,,https://avatars2.githubusercontent.com/u/22915694?v=3&amp;s=100,,,,,,,,,,,,,,,mohammad,,,,,,,,,,,,
0,liqy,,https://avatars3.githubusercontent.com/u/752015?v=3&amp;s=100,,,,,,,,,,,,,,,李小义,,,,,,,,,,,,
0,naruto227,,https://avatars3.githubusercontent.com/u/16680574?v=3&amp;s=100,,,,,,,,,,,,,,,Michael Allan,,,,,,,,,,,,
0,mrichman,,https://avatars1.githubusercontent.com/u/11228?v=3&amp;s=100,,,,,,,,,,,,,,,Mark Richman,,,,,,I help Fortune 50 retailers scale their cloud applications using open source software,,,,,,
0,Gooooodman,,https://avatars0.githubusercontent.com/u/13062160?v=3&amp;s=100,,,,,,,,,,,,,,,Goooood,,,,,,give me your love!,,,,,,
0,Tyquan,,https://avatars1.githubusercontent.com/u/7365526?v=3&amp;s=100,,,,,,,,,,,,,,,Tyquan Reddick,,,,,,Just working on a few things...,,,,,,
0,jpruiz114,,https://avatars3.githubusercontent.com/u/4614970?v=3&amp;s=100,,,,,,,,,,,,,,,Jean Paul Ruiz,,,,,,"Cat lover, lego fanatic, full stack developer, big data and math passionate.",,,,,,
0,RogerFederer03,,https://avatars1.githubusercontent.com/u/5633006?v=3&amp;s=100,,,,,,,,,,,,,,,Zheng Luo,,,,,,Talk is cheap. Show me the code. -- Linus Torvalds,,,,,,
0,rod-lin,,https://avatars1.githubusercontent.com/u/9999958?v=3&amp;s=100,,,,,,,,,,,,,,,rod,,,,,,student,,,,,,
0,NeftaliYagua,,https://avatars0.githubusercontent.com/u/2866454?v=3&amp;s=100,,,,,,,,,,,,,,,Neftalí Yagua,,,,,,,,,,,,
0,ternsip,,https://avatars3.githubusercontent.com/u/10179239?v=3&amp;s=100,,,,,,,,,,,,,,,Ternsip,,,,,,If you are alone - imagine that you are Gordon Freeman.,,,,,,
0,0xNacho,,https://avatars0.githubusercontent.com/u/2890475?v=3&amp;s=100,,,,,,,,,,,,,,,Nacho García Fernández,,,,,,,,,,,,
0,jotadepicas,,https://avatars2.githubusercontent.com/u/1919819?v=3&amp;s=100,,,,,,,,,,,,,,,Juan Pablo Picasso,,,,,,,,,,,,
0,rcitterio,,https://avatars2.githubusercontent.com/u/4558949?v=3&amp;s=100,,,,,,,,,,,,,,,Raitme Citterio,,,,,,,,,,,,
0,Solci,,https://avatars2.githubusercontent.com/u/18383031?v=3&amp;s=100,,,,,,,,,,,,,,,Sol Ara,,,,,,,,,,,,
0,pisual,,https://avatars0.githubusercontent.com/u/9153294?v=3&amp;s=100,,,,,,,,,,,,,,,FelixSion,,,,,,DSN Pisual 首席设计师、蟾宫折桂科技有限公司技术总监、月牙堂科技有限公司技术总监、Stargazer（观星者）首席设计师,,,,,,
0,stoked-zz,,https://avatars2.githubusercontent.com/u/13973828?v=3&amp;s=100,,,,,,,,,,,,,,,Amie Lynn,,,,,,,,,,,,
0,VagrantStory,,https://avatars3.githubusercontent.com/u/4069972?v=3&amp;s=100,,,,,,,,,,,,,,,mohammad,,,,,,Developer Program Member,,,,,,
0,tvvocold,,https://avatars2.githubusercontent.com/u/4530539?v=3&amp;s=100,,,,,,,,,,,,,,,Ray,,,,,,Do cool things that doesn&#39;t matter.,,,,,,
0,MichalPaszkiewicz,,https://avatars2.githubusercontent.com/u/6673982?v=3&amp;s=100,,,,,,,,,,,,,,,Michal Paszkiewicz,,,,,,Just a guy who likes to make things @MichalYouDoing,,,,,,
0,imraazrally,,https://avatars1.githubusercontent.com/u/10794748?v=3&amp;s=100,,,,,,,,,,,,,,,Imraaz Rally,,,,,,"C.S Graduate from NJIT, Founder / Developer @ Therapy Square ",,,,,,
0,D132,,https://avatars2.githubusercontent.com/u/4085362?v=3&amp;s=100,,,,,,,,,,,,,,,Deepak Laxmi Narasimha,,,,,,,,,,,,
0,alicaglayan,,https://avatars1.githubusercontent.com/u/5114628?v=3&amp;s=100,,,,,,,,,,,,,,,Ali İhsan ÇAĞLAYAN,,,,,,,,,,,,
0,SergioChan,,https://avatars3.githubusercontent.com/u/10103766?v=3&amp;s=100,,,,,,,,,,,,,,,江南的悲伤,,,,,,"Currently a Researcher and Hacker at RavenTech, full-stack developer and Hackathoner. Hosted the top level hackathon team @hACKbUSTER .",,,,,,
0,angusshire,,https://avatars1.githubusercontent.com/u/5877145?v=3&amp;s=100,,,,,,,,,,,,,,,Angus H.,,,,,,Available for part-time or freelance work.,,,,,,
0,phpenterprise,,https://avatars2.githubusercontent.com/u/1564781?v=3&amp;s=100,,,,,,,,,,,,,,,Patrick Otto,,,,,,"Fundador da Php Enterprise, sócio em outras empresas de tecnologia e gestor de projetos de software",,,,,,
0,mlisac,,https://avatars0.githubusercontent.com/u/4005694?v=3&amp;s=100,,,,,,,,,,,,,,,Kreativni Nered,,,,,,,,,,,,
0,aranajhonny,,https://avatars3.githubusercontent.com/u/9091881?v=3&amp;s=100,,,,,,,,,,,,,,,Arana Jhonny,,,,,,Developer. @uptaragua,,,,,,
0,mssalvo,,https://avatars3.githubusercontent.com/u/5181298?v=3&amp;s=100,,,,,,,,,,,,,,,Salvo,,,,,,,,,,,,
0,hadesyi,,https://avatars1.githubusercontent.com/u/84391?v=3&amp;s=100,,,,,,,,,,,,,,,Seok Gon Lee,,,,,,Practice makes perfect.,,,,,,
0,shoshindes,,https://avatars1.githubusercontent.com/u/13901088?v=3&amp;s=100,,,,,,,,,,,,,,,Jack Thompson,,,,,,,,,,,,
0,brunocasanova,,https://avatars3.githubusercontent.com/u/4107768?v=3&amp;s=100,,,,,,,,,,,,,,,Bruno Casanova,,,,,,,,,,,,
0,cusspvz,,https://avatars2.githubusercontent.com/u/3604053?v=3&amp;s=100,,,,,,,,,,,,,,,José Moreira,,,,,,"full-stack developer, ui/ux designer, musician &amp; diy entusiast",,,,,,
0,rjz,,https://avatars2.githubusercontent.com/u/499260?v=3&amp;s=100,,,,,,,,,,,,,,,RJ Zaworski,,,,,,"developing software, teams, systems. learn, do, teach; iterate.",,,,,,
0,obedeugene,,https://avatars0.githubusercontent.com/u/3494971?v=3&amp;s=100,,,,,,,,,,,,,,,Obed Eugene,,,,,,Co-founder at SocialCapital ,,,,,,
0,gabrielpconceicao,,https://avatars0.githubusercontent.com/u/5131269?v=3&amp;s=100,,,,,,,,,,,,,,,Gabriel Conceição,,,,,,,,,,,,
0,matagus,,https://avatars2.githubusercontent.com/u/58519?v=3&amp;s=100,,,,,,,,,,,,,,,agustín méndez,,,,,,,,,,,,
0,ptkrm,,https://avatars3.githubusercontent.com/u/3258646?v=3&amp;s=100,,,,,,,,,,,,,,,Lino Nava,,,,,,,,,,,,
0,fernandoparada18,,https://avatars3.githubusercontent.com/u/9118579?v=3&amp;s=100,,,,,,,,,,,,,,,Fernando Parada,,,,,,,,,,,,
0,russomi,,https://avatars1.githubusercontent.com/u/859824?v=3&amp;s=100,,,,,,,,,,,,,,,russomi,,,,,,,,,,,,
0,pcollaog,,https://avatars2.githubusercontent.com/u/1138284?v=3&amp;s=100,,,,,,,,,,,,,,,Francisco Collao,,,,,,,,,,,,
0,vlordier,,https://avatars3.githubusercontent.com/u/5443125?v=3&amp;s=100,,,,,,,,,,,,,,,vlordier,,,,,,,,,,,,
0,matiasinsaurralde,,https://avatars1.githubusercontent.com/u/20110?v=3&amp;s=100,,,,,,,,,,,,,,,Matias Insaurralde,,,,,,"software developer (most of the time), infosec enthusiast, human being, self-taught. 21 years.",,,,,,
