﻿[
    {
        "Followers": [
            "wilon",
            "icaynia",
            "ali-roustaei",
            "AeronStory",
            "mshirdel",
            "Blaster-777",
            "VagrantStory",
            "akbarjimi",
            "mohsend",
            "hossein4heydari",
            "m0sen",
            "rezab1993",
            "aminkhs",
            "amovah",
            "nekooei",
            "pi0",
            "mehdi-fathi"
        ],
        "Followings": [
            "fafamx",
            "pedramp",
            "amir",
            "rogerclarkmelbourne",
            "nathansmith",
            "daneden",
            "rastikerdar",
            "voltan",
            "jaavid",
            "thesoulless",
            "SlashArash",
            "AmirMansoury",
            "N45ERGHAZI",
            "fffaraz",
            "Fardinak",
            "sajjadrad",
            "ialireza",
            "mrReiha",
            "MujanMujan",
            "mehdy",
            "iamiiir",
            "miladkian",
            "sadid",
            "5y",
            "zolala",
            "argholami",
            "existme",
            "javad75",
            "mah3a",
            "mehranhadidi",
            "numb95",
            "hkazazi",
            "nuved",
            "aidinzolghadr",
            "n4cr",
            "alizandi",
            "mahmoudmy",
            "ramezanpour",
            "zoghal",
            "MrKarimiD",
            "saeedalijani",
            "hosein33",
            "taghizadeh1987",
            "navid-kalaei",
            "benyaminsalimi",
            "pouyanh",
            "gheisari",
            "omidgharib",
            "armantaherian",
            "saeidgi",
            "kiavashteam"
        ],
        "Repositories": null,
        "Stars": null,
        "User": {
            "Extension": null,
            "avatar_url": null,
            "bio": null,
            "blog": null,
            "company": null,
            "created_at": null,
            "email": null,
            "events_url": null,
            "followers": null,
            "followers_url": null,
            "following": null,
            "following_url": null,
            "gists_url": null,
            "gravatar_id": null,
            "hireable": null,
            "html_url": null,
            "id": null,
            "location": null,
            "login": "alirezaghorbani",
            "name": null,
            "organizations_url": null,
            "public_gists": null,
            "public_repos": null,
            "received_events_url": null,
            "repos_url": null,
            "score": 0,
            "site_admin": null,
            "starred_url": null,
            "subscriptions_url": null,
            "type": null,
            "updated_at": null,
            "url": null
        }
    }
]