﻿[
    {
        "Followers": [
            "wilon",
            "icaynia",
            "JoeyTawadrous",
            "AeronStory",
            "Cifug",
            "Cipherhouse",
            "DELTANOTE",
            "LabsDotCoop",
            "cesagonchu",
            "txmodxoops",
            "osw17",
            "bitcero",
            "xoopsfire",
            "viniciusferreira",
            "olivee",
            "Andrax",
            "mambax7",
            "pedra"
        ],
        "Followings": [
            "kevinpetit",
            "ixthemes",
            "asmecher",
            "jtsternberg",
            "juho-jaakkola",
            "bitcero",
            "jegelstaff",
            "alain01",
            "redheadedrod",
            "viniciusferreira",
            "xoopsfire",
            "justinmusgrove",
            "olivee",
            "krisxoofoo",
            "pedra",
            "pauloelr",
            "Andrax",
            "trabisdementia",
            "Heyula",
            "bleekk",
            "geekwright",
            "cesagonchu",
            "txmodxoops",
            "mambax7",
            "TarikAmine",
            "thiagosf"
        ],
        "Repositories": null,
        "Stars": null,
        "User": {
            "Extension": null,
            "avatar_url": null,
            "bio": null,
            "blog": null,
            "company": null,
            "created_at": null,
            "email": null,
            "events_url": null,
            "followers": null,
            "followers_url": null,
            "following": null,
            "following_url": null,
            "gists_url": null,
            "gravatar_id": null,
            "hireable": null,
            "html_url": null,
            "id": null,
            "location": null,
            "login": "angelorocha",
            "name": null,
            "organizations_url": null,
            "public_gists": null,
            "public_repos": null,
            "received_events_url": null,
            "repos_url": null,
            "score": 0,
            "site_admin": null,
            "starred_url": null,
            "subscriptions_url": null,
            "type": null,
            "updated_at": null,
            "url": null
        }
    }
]