﻿[
    {
        "Followers": [
            "TheDeepThinker",
            "wilon",
            "icaynia",
            "AeronStory",
            "ahmadazimi",
            "VagrantStory",
            "kiananvari",
            "satrap92",
            "arastu",
            "voltan",
            "angusshire",
            "meysampg",
            "vbadvanced",
            "MBehtemam"
        ],
        "Followings": [
            "saeidzebardast",
            "ahmadina",
            "HoseinEmrani",
            "HamidFaraji",
            "mehdiraized",
            "nezhadeh",
            "MBehtemam",
            "farhadShekari",
            "Arm1nE",
            "AlirezaAfshar",
            "airani",
            "ehsansh",
            "uyt12765",
            "mimwaw",
            "miladr",
            "m-khosravi",
            "miladkdz",
            "HamidAsadi",
            "farbod-s",
            "DamavandiKamali",
            "kharazi",
            "novid",
            "sobhaan",
            "shgninc",
            "hamidabbaszadeh",
            "rbaghban",
            "AmirMansoury",
            "ehsania",
            "Saeeddn",
            "mrshm",
            "AliMD",
            "yassersouri",
            "kamyarrad",
            "alijmlzd",
            "ahadyekta",
            "MR-Mostafa",
            "seeking",
            "ialireza",
            "mkdesign",
            "afshinm",
            "mehrdxd",
            "Seyfollahi",
            "deamondisk",
            "whoman",
            "myvahid",
            "Vahidrz",
            "masoudgolchin",
            "kamyar-raad",
            "alireza-ahmadi",
            "amirsaam",
            "abolfathi"
        ],
        "Repositories": null,
        "Stars": null,
        "User": {
            "Extension": null,
            "avatar_url": null,
            "bio": null,
            "blog": null,
            "company": null,
            "created_at": null,
            "email": null,
            "events_url": null,
            "followers": null,
            "followers_url": null,
            "following": null,
            "following_url": null,
            "gists_url": null,
            "gravatar_id": null,
            "hireable": null,
            "html_url": null,
            "id": null,
            "location": null,
            "login": "ariana2000",
            "name": null,
            "organizations_url": null,
            "public_gists": null,
            "public_repos": null,
            "received_events_url": null,
            "repos_url": null,
            "score": 0,
            "site_admin": null,
            "starred_url": null,
            "subscriptions_url": null,
            "type": null,
            "updated_at": null,
            "url": null
        }
    }
]