﻿[
    {
        "Followers": [
            "wilon",
            "icaynia",
            "AeronStory",
            "hassanghalami",
            "Anonymous0710",
            "sae13",
            "soroushjavdan",
            "MichalPaszkiewicz",
            "nammamir",
            "atahani",
            "alirezaghorbani",
            "ysarbabi",
            "moshtaghi",
            "ariana2000",
            "abbasls",
            "amirkarimi",
            "mahdavipanah",
            "marshalpinokio",
            "alimohajerani",
            "arashkhoeini",
            "zumoshi"
        ],
        "Followings": [
            "bkhezry",
            "Alirezaies",
            "alireza-amirsamimi",
            "alireza-ahmadi",
            "voltan",
            "vahidR",
            "rezasp",
            "alibo",
            "paulgavrikov",
            "atahani",
            "hanihashemi",
            "mahdavipanah",
            "arashkhoeini",
            "amirkarimi",
            "hooshmand",
            "sallar",
            "ScottSmith95",
            "jadijadi"
        ],
        "Repositories": null,
        "Stars": null,
        "User": {
            "Extension": null,
            "avatar_url": null,
            "bio": null,
            "blog": null,
            "company": null,
            "created_at": null,
            "email": null,
            "events_url": null,
            "followers": null,
            "followers_url": null,
            "following": null,
            "following_url": null,
            "gists_url": null,
            "gravatar_id": null,
            "hireable": null,
            "html_url": null,
            "id": null,
            "location": null,
            "login": "benyaminsalimi",
            "name": null,
            "organizations_url": null,
            "public_gists": null,
            "public_repos": null,
            "received_events_url": null,
            "repos_url": null,
            "score": 0,
            "site_admin": null,
            "starred_url": null,
            "subscriptions_url": null,
            "type": null,
            "updated_at": null,
            "url": null
        }
    }
]