﻿[
    {
        "Followers": [
            "wilon",
            "icaynia",
            "AeronStory",
            "Mosoc",
            "Cifug",
            "kostas4k",
            "Cipherhouse",
            "JustineBABY",
            "toxtli",
            "AlexL777",
            "DELTANOTE",
            "LabsDotCoop",
            "cesagonchu",
            "cnopens",
            "txmodxoops",
            "djculex",
            "voltan",
            "jluisah",
            "dbman",
            "angelorocha",
            "Andrax",
            "mambax7"
        ],
        "Followings": [
            "angelorocha",
            "Andrax",
            "mambax7"
        ],
        "Repositories": null,
        "Stars": null,
        "User": {
            "Extension": null,
            "avatar_url": null,
            "bio": null,
            "blog": null,
            "company": null,
            "created_at": null,
            "email": null,
            "events_url": null,
            "followers": null,
            "followers_url": null,
            "following": null,
            "following_url": null,
            "gists_url": null,
            "gravatar_id": null,
            "hireable": null,
            "html_url": null,
            "id": null,
            "location": null,
            "login": "bitcero",
            "name": null,
            "organizations_url": null,
            "public_gists": null,
            "public_repos": null,
            "received_events_url": null,
            "repos_url": null,
            "score": 0,
            "site_admin": null,
            "starred_url": null,
            "subscriptions_url": null,
            "type": null,
            "updated_at": null,
            "url": null
        }
    }
]