﻿[
    {
        "Followers": [
            "wilon",
            "AeronStory",
            "deborahelizabethpadilla",
            "Akshar-Patel",
            "puneetsharma96",
            "Chirag-Galani",
            "WillyShakes",
            "Audhil",
            "ReidHolmes",
            "riddhik84",
            "rajtheinnovator",
            "wishfulsky",
            "iris135",
            "helloravi",
            "efemoney",
            "NULLPointerGuy",
            "vipulasri",
            "NikhilBhutani",
            "droidekas",
            "abhi007tyagi",
            "jatindhankhar",
            "faheema",
            "LadwaAditya",
            "Sharathnasa",
            "gogeta95",
            "metacritical",
            "plaguecoder",
            "dark-bytes",
            "RogerFederer03",
            "abhiank209",
            "samirthebti",
            "yagnik29",
            "MuditSri-2908",
            "amyacharya",
            "iluoli",
            "ANDREWGREVE",
            "stoked-zz",
            "ruchimutneja",
            "SuriyaaKudoIsc",
            "akarshsatija",
            "chashmeetsingh",
            "angusshire",
            "xeoneux",
            "KrishMunot",
            "kalvies",
            "cusspvz",
            "gudlarakesh",
            "gabrielpconceicao",
            "brunocasanova",
            "mssalvo",
            "bvsatyaram"
        ],
        "Followings": [
            "sahat",
            "akhgupta",
            "ryanhoo",
            "bpolania",
            "mwaterfall",
            "jinankjain",
            "enginebai",
            "benjchristensen",
            "chrisjeon",
            "deborahelizabethpadilla",
            "ghoshabhi",
            "jhusain",
            "queencodemonkey",
            "rakshakhegde",
            "raveeshbhalla",
            "jaredsburrows",
            "anupcowkur",
            "nickbutcher",
            "dlew",
            "commonsguy",
            "romainguy",
            "SimonVT",
            "donnfelker",
            "devunwired",
            "florina-muntenescu",
            "riddhik84",
            "winterbe",
            "anoukruhaak",
            "jfsso",
            "dmytrodanylyk",
            "mustafa01ali",
            "lexer",
            "daminisatya",
            "vipulasri",
            "shrav",
            "droidekas",
            "joekarl",
            "LadwaAditya",
            "pauldix",
            "anantshri",
            "sockeqwe",
            "frankiesardo",
            "Jawnnypoo",
            "FaizMalkani",
            "WillyShakes",
            "yogeshbalan",
            "swankjesse",
            "unclebob",
            "vjex",
            "lisawray",
            "rShetty"
        ],
        "Repositories": null,
        "Stars": null,
        "User": {
            "Extension": null,
            "avatar_url": null,
            "bio": null,
            "blog": null,
            "company": null,
            "created_at": null,
            "email": null,
            "events_url": null,
            "followers": null,
            "followers_url": null,
            "following": null,
            "following_url": null,
            "gists_url": null,
            "gravatar_id": null,
            "hireable": null,
            "html_url": null,
            "id": null,
            "location": null,
            "login": "chi6rag",
            "name": null,
            "organizations_url": null,
            "public_gists": null,
            "public_repos": null,
            "received_events_url": null,
            "repos_url": null,
            "score": 0,
            "site_admin": null,
            "starred_url": null,
            "subscriptions_url": null,
            "type": null,
            "updated_at": null,
            "url": null
        }
    }
]