﻿[
    {
        "Followers": [
            "wilon",
            "icaynia",
            "AeronStory",
            "evinw",
            "aminabedi1368",
            "piwvh",
            "saman3yvazi",
            "Cipherhouse",
            "VagrantStory",
            "stoked-zz",
            "MichalPaszkiewicz",
            "mirmousaviii",
            "ehsan2e",
            "imraazrally",
            "pouyanh",
            "HamzaElgarrab",
            "angusshire",
            "phpenterprise",
            "mambax7",
            "LabsDotCoop",
            "mhndev",
            "nekofar",
            "LogIN-",
            "ehsanabbasi",
            "atabrizian",
            "atkrad",
            "fzerorubigd"
        ],
        "Followings": [
            "masihyeganeh",
            "christian-vigh-phpclasses",
            "spf13",
            "jricher",
            "fkooman",
            "aminabedi1368",
            "piwvh",
            "saharj",
            "shykes",
            "mirmousaviii",
            "mojombo",
            "imraazrally",
            "MichalPaszkiewicz",
            "phpust",
            "ehsan2e",
            "fffaraz",
            "mtdowling",
            "kriskowal",
            "HamzaElgarrab",
            "sadjow",
            "phpenterprise",
            "kamilov",
            "agirivera",
            "dariubs",
            "eahefnawy",
            "cusspvz",
            "pouyanh",
            "mambax7",
            "khashnan",
            "mark-lvl",
            "omid",
            "RoozbehShafiee",
            "ali-hallaji",
            "shayand",
            "GrahamCampbell",
            "LabsDotCoop",
            "ehsanabbasi",
            "rui314",
            "nikic",
            "mhndev",
            "keyvanakbary",
            "m6w6",
            "nekofar",
            "dmamontov",
            "kvz",
            "webmozart",
            "gonzalo123",
            "derickr",
            "beberlei",
            "mnapoli",
            "nicolas-grekas"
        ],
        "Repositories": null,
        "Stars": null,
        "User": {
            "Extension": null,
            "avatar_url": null,
            "bio": null,
            "blog": null,
            "company": null,
            "created_at": null,
            "email": null,
            "events_url": null,
            "followers": null,
            "followers_url": null,
            "following": null,
            "following_url": null,
            "gists_url": null,
            "gravatar_id": null,
            "hireable": null,
            "html_url": null,
            "id": null,
            "location": null,
            "login": "E1101",
            "name": null,
            "organizations_url": null,
            "public_gists": null,
            "public_repos": null,
            "received_events_url": null,
            "repos_url": null,
            "score": 0,
            "site_admin": null,
            "starred_url": null,
            "subscriptions_url": null,
            "type": null,
            "updated_at": null,
            "url": null
        }
    }
]