﻿[
    {
        "Followers": [
            "wilon",
            "icaynia",
            "AeronStory",
            "JIaccino",
            "Cipherhouse",
            "angusshire",
            "raelmax",
            "LabsDotCoop",
            "carmenmp",
            "codefranzegithub",
            "aymone",
            "mambax7",
            "PivotLogix",
            "luanpcweb",
            "gitlisted",
            "samuelsimoes",
            "guilhermeturri",
            "renatolouro",
            "salima",
            "fabioegas",
            "snytkine",
            "Chavao",
            "yermandu",
            "afsdede",
            "alganet",
            "Andrax",
            "rdohms"
        ],
        "Followings": [
            "monteirofilipe",
            "samuelsimoes",
            "codefranzegithub",
            "barryvdh",
            "aymone",
            "kbond",
            "vybs",
            "mambax7",
            "vitorbritto",
            "codeguy",
            "torvalds",
            "guilhermeturri",
            "renatolouro",
            "salima",
            "fabioegas",
            "snytkine",
            "Chavao",
            "Basquens",
            "yermandu",
            "raelmax",
            "stof",
            "oaugustus",
            "afsdede",
            "ded",
            "lsmith77",
            "arghav",
            "MayogaX",
            "alganet",
            "Andrax",
            "webmozart",
            "spf13",
            "jordanlev",
            "ornicar",
            "yegg",
            "gpupo",
            "pablodip",
            "rdohms",
            "avalanche123",
            "jairhenrique",
            "caioariede",
            "guilhermechapiewski",
            "fabpot",
            "dator",
            "leah",
            "kriswallsmith",
            "davglass",
            "everzet",
            "tj",
            "sebastianbergmann",
            "tuupola",
            "ryanj"
        ],
        "Repositories": null,
        "Stars": null,
        "User": {
            "Extension": null,
            "avatar_url": null,
            "bio": null,
            "blog": null,
            "company": null,
            "created_at": null,
            "email": null,
            "events_url": null,
            "followers": null,
            "followers_url": null,
            "following": null,
            "following_url": null,
            "gists_url": null,
            "gravatar_id": null,
            "hireable": null,
            "html_url": null,
            "id": null,
            "location": null,
            "login": "fernanDOTdo",
            "name": null,
            "organizations_url": null,
            "public_gists": null,
            "public_repos": null,
            "received_events_url": null,
            "repos_url": null,
            "score": 0,
            "site_admin": null,
            "starred_url": null,
            "subscriptions_url": null,
            "type": null,
            "updated_at": null,
            "url": null
        }
    }
]