﻿[
    {
        "Followers": [
            "wilon",
            "icaynia",
            "AeronStory",
            "Cipherhouse",
            "cusspvz",
            "LabsDotCoop",
            "jovanepires",
            "huguesqin",
            "golddiamonds",
            "Hatsen",
            "qaseeh",
            "GabrielReusRodriguez",
            "4j1th",
            "chetanspeed511987",
            "kylelk"
        ],
        "Followings": [
            "stanislav-web",
            "HiroshiManRise",
            "xtr3m3rok",
            "vk496",
            "deltaxflux",
            "KyxRecon",
            "andresriancho",
            "x3omdax",
            "inkusu",
            "theogpl",
            "crispgm",
            "kbendyk",
            "beenanner",
            "yuhaya",
            "snetty",
            "Glutexo",
            "chrisjlee",
            "wangrenjun",
            "drodyrev",
            "Khobalt",
            "monsuta64",
            "pjotrligthart",
            "guiled",
            "kiwi95",
            "andreiglingeanu",
            "HikoQiu",
            "MHM5000",
            "xthiago",
            "ericstone57",
            "AnhNhan",
            "erickpatrick",
            "stevenwoodson",
            "tearwyx",
            "appletsauce",
            "kylelk",
            "elibyy",
            "NickelWalter",
            "hexiyou",
            "jamespegg",
            "suiqirui1987",
            "b01",
            "sgc-fireball",
            "kevinferrero",
            "joshtronic",
            "boesing",
            "devilray",
            "ryanscherler",
            "stormpat",
            "blogmars",
            "laxika",
            "morrelinko"
        ],
        "Repositories": null,
        "Stars": null,
        "User": {
            "Extension": null,
            "avatar_url": null,
            "bio": null,
            "blog": null,
            "company": null,
            "created_at": null,
            "email": null,
            "events_url": null,
            "followers": null,
            "followers_url": null,
            "following": null,
            "following_url": null,
            "gists_url": null,
            "gravatar_id": null,
            "hireable": null,
            "html_url": null,
            "id": null,
            "location": null,
            "login": "finderabd135",
            "name": null,
            "organizations_url": null,
            "public_gists": null,
            "public_repos": null,
            "received_events_url": null,
            "repos_url": null,
            "score": 0,
            "site_admin": null,
            "starred_url": null,
            "subscriptions_url": null,
            "type": null,
            "updated_at": null,
            "url": null
        }
    }
]