﻿[
    {
        "Followers": [
            "wilon",
            "icaynia",
            "petardenev",
            "luke666",
            "JonTabor",
            "mariocannistra",
            "tohaikmeng",
            "AeronStory",
            "deyan-levski",
            "Gubcho",
            "samyk",
            "ch3n-zh3n",
            "shanodj",
            "kalints",
            "madzharov",
            "xcode1533",
            "ivayloivanof",
            "pabit",
            "KazukiPrzyborowski",
            "aspirez4",
            "aburan28",
            "vlordier",
            "idzhonev",
            "dropdeadfu",
            "pocketzeroes",
            "vladimirstoyanov",
            "jsteube",
            "iangelov",
            "dashmesh",
            "pauljbl",
            "p-l-",
            "gbochev",
            "Epivalent",
            "uberspot",
            "programings",
            "Fatlonder",
            "roman3017",
            "syphoxy",
            "rileyzink",
            "Simpsonpt",
            "Demayl",
            "fpesce",
            "hackman",
            "martinivanov",
            "Villain0us",
            "trietptm",
            "mimiteto",
            "TDKPS",
            "kholia",
            "nask0",
            "dmarto"
        ],
        "Followings": [
            
        ],
        "Repositories": null,
        "Stars": null,
        "User": {
            "Extension": null,
            "avatar_url": null,
            "bio": null,
            "blog": null,
            "company": null,
            "created_at": null,
            "email": null,
            "events_url": null,
            "followers": null,
            "followers_url": null,
            "following": null,
            "following_url": null,
            "gists_url": null,
            "gravatar_id": null,
            "hireable": null,
            "html_url": null,
            "id": null,
            "location": null,
            "login": "gat3way",
            "name": null,
            "organizations_url": null,
            "public_gists": null,
            "public_repos": null,
            "received_events_url": null,
            "repos_url": null,
            "score": 0,
            "site_admin": null,
            "starred_url": null,
            "subscriptions_url": null,
            "type": null,
            "updated_at": null,
            "url": null
        }
    }
]