﻿[
    {
        "Followers": [
            "wilon",
            "icaynia",
            "AeronStory",
            "Cipherhouse",
            "voltan",
            "E1101"
        ],
        "Followings": [
            "arabxoops",
            "fordream",
            "geek01",
            "dazzlesoftware",
            "olivee",
            "finderabd135",
            "djculex",
            "fernanDOTdo",
            "aslani606",
            "peyman24x",
            "artlila",
            "bitcero",
            "iunderwood",
            "jlm69",
            "mambax7",
            "Heyula",
            "nobat1",
            "Andrax",
            "E1101",
            "voltan",
            "angelorocha",
            "xoopsfire",
            "txmodxoops",
            "cesagonchu",
            "geekwright"
        ],
        "Repositories": null,
        "Stars": null,
        "User": {
            "Extension": null,
            "avatar_url": null,
            "bio": null,
            "blog": null,
            "company": null,
            "created_at": null,
            "email": null,
            "events_url": null,
            "followers": null,
            "followers_url": null,
            "following": null,
            "following_url": null,
            "gists_url": null,
            "gravatar_id": null,
            "hireable": null,
            "html_url": null,
            "id": null,
            "location": null,
            "login": "LabsDotCoop",
            "name": null,
            "organizations_url": null,
            "public_gists": null,
            "public_repos": null,
            "received_events_url": null,
            "repos_url": null,
            "score": 0,
            "site_admin": null,
            "starred_url": null,
            "subscriptions_url": null,
            "type": null,
            "updated_at": null,
            "url": null
        }
    }
]