﻿[
    {
        "Followers": [
            "wilon",
            "icaynia",
            "AeronStory",
            "evinw",
            "srayner",
            "Mati365",
            "Cipherhouse",
            "voltan",
            "angusshire",
            "phpenterprise",
            "mambax7"
        ],
        "Followings": [
            "QConChina",
            "michaelliao",
            "xudafeng",
            "ivito",
            "yyx990803",
            "rogerwang",
            "chloerei",
            "daimajia",
            "wintercn",
            "RubyLouvre",
            "ruanyf",
            "fengmk2",
            "sofish",
            "astaxie",
            "JacksonTian",
            "BYVoid",
            "lifesinger",
            "diracdeltas",
            "mambax7",
            "codeguy",
            "phalcon",
            "desandro",
            "laruence",
            "yiifans",
            "narfbg",
            "caitp",
            "pmjones",
            "sebastianbergmann",
            "weierophinney",
            "ralphschindler",
            "voltan",
            "kilica",
            "taiwen",
            "qiangxue",
            "kartik-v",
            "justjavac",
            "ericzhang-cn"
        ],
        "Repositories": null,
        "Stars": null,
        "User": {
            "Extension": null,
            "avatar_url": null,
            "bio": null,
            "blog": null,
            "company": null,
            "created_at": null,
            "email": null,
            "events_url": null,
            "followers": null,
            "followers_url": null,
            "following": null,
            "following_url": null,
            "gists_url": null,
            "gravatar_id": null,
            "hireable": null,
            "html_url": null,
            "id": null,
            "location": null,
            "login": "RanLee",
            "name": null,
            "organizations_url": null,
            "public_gists": null,
            "public_repos": null,
            "received_events_url": null,
            "repos_url": null,
            "score": 0,
            "site_admin": null,
            "starred_url": null,
            "subscriptions_url": null,
            "type": null,
            "updated_at": null,
            "url": null
        }
    }
]