﻿[
    {
        "Followers": [
            "TheDeepThinker",
            "wilon",
            "icaynia",
            "AeronStory",
            "parsa-kafi",
            "AhmadNemati",
            "Varanegar",
            "mrsoftware",
            "voltan",
            "angusshire",
            "peymanslh",
            "ariana2000",
            "keivan85",
            "masoudgolchin",
            "kkiani",
            "arastu"
        ],
        "Followings": [
            "aziz",
            "smfgol",
            "AhmadNemati",
            "Javid-Izadfar",
            "mohebifar",
            "farhadi",
            "mojde-pajang",
            "snhasani",
            "Alireza-DarkMan",
            "fafamx",
            "saeidzebardast",
            "siamak",
            "arashmilani",
            "akshaynayak",
            "mrsoftware",
            "remohammadi",
            "pooria",
            "moallemi",
            "keyhaaan",
            "armandeh",
            "parsa-kafi",
            "mmnaderi",
            "pilevar",
            "ariana2000",
            "jadijadi",
            "rastikerdar",
            "albinotonnina",
            "zoghal",
            "geminorum",
            "ahadyekta",
            "kamyar-raad",
            "milani",
            "Vahidrz",
            "baghayi",
            "masoudgolchin",
            "kkiani",
            "mehrdxd",
            "deamondisk",
            "afshinm",
            "ialireza",
            "seeking",
            "MR-Mostafa",
            "yassersouri",
            "AliMD",
            "mrshm",
            "ehsania",
            "hamidabbaszadeh",
            "kamyarrad",
            "rbaghban",
            "sobhaan",
            "ArianTN"
        ],
        "Repositories": null,
        "Stars": null,
        "User": {
            "Extension": null,
            "avatar_url": null,
            "bio": null,
            "blog": null,
            "company": null,
            "created_at": null,
            "email": null,
            "events_url": null,
            "followers": null,
            "followers_url": null,
            "following": null,
            "following_url": null,
            "gists_url": null,
            "gravatar_id": null,
            "hireable": null,
            "html_url": null,
            "id": null,
            "location": null,
            "login": "satrap92",
            "name": null,
            "organizations_url": null,
            "public_gists": null,
            "public_repos": null,
            "received_events_url": null,
            "repos_url": null,
            "score": 0,
            "site_admin": null,
            "starred_url": null,
            "subscriptions_url": null,
            "type": null,
            "updated_at": null,
            "url": null
        }
    }
]