﻿[
    {
        "Followers": [
            "wilon",
            "icaynia",
            "AeronStory",
            "Cipherhouse",
            "DELTANOTE",
            "LabsDotCoop",
            "cesagonchu",
            "Heyula",
            "angelorocha",
            "voltan",
            "mambax7"
        ],
        "Followings": [
            "Supergran",
            "giovdk21",
            "scrutinizer-auto-fixer",
            "lvillani",
            "mojtabajml",
            "chaoos2",
            "redheadedrod",
            "nao-pon",
            "Marc-pi",
            "trabisdementia",
            "luciorota",
            "xoopsfire",
            "geekwright",
            "cesagonchu",
            "flipse",
            "alain01",
            "angelorocha",
            "ggoffy",
            "joemottershaw",
            "bitcero",
            "arabxoops",
            "mambax7",
            "taiwen",
            "voltan",
            "ralphschindler"
        ],
        "Repositories": null,
        "Stars": null,
        "User": {
            "Extension": null,
            "avatar_url": null,
            "bio": null,
            "blog": null,
            "company": null,
            "created_at": null,
            "email": null,
            "events_url": null,
            "followers": null,
            "followers_url": null,
            "following": null,
            "following_url": null,
            "gists_url": null,
            "gravatar_id": null,
            "hireable": null,
            "html_url": null,
            "id": null,
            "location": null,
            "login": "txmodxoops",
            "name": null,
            "organizations_url": null,
            "public_gists": null,
            "public_repos": null,
            "received_events_url": null,
            "repos_url": null,
            "score": 0,
            "site_admin": null,
            "starred_url": null,
            "subscriptions_url": null,
            "type": null,
            "updated_at": null,
            "url": null
        }
    }
]