﻿[
    {
        "Followers": [
            "wilon",
            "icaynia",
            "ya3er",
            "AeronStory",
            "nazaninreihani",
            "benyaminsalimi",
            "evinw",
            "Cipherhouse",
            "Supergran",
            "alirezaghorbani",
            "LabsDotCoop",
            "ariana2000",
            "RanLee",
            "arashkhoeini",
            "sshnevis",
            "asyn",
            "morilog",
            "Mahdihp",
            "somayeh-karami",
            "numb95",
            "satrap92",
            "Jannaty",
            "Andrax",
            "donglijun",
            "peyman24x",
            "Marc-pi",
            "haozime",
            "hmny",
            "zhangsimon",
            "djculex",
            "zoghal",
            "mambax7",
            "taiwen",
            "krisxoofoo",
            "txmodxoops"
        ],
        "Followings": [
            "mbijon",
            "torvalds",
            "ya3er",
            "esprit-dev",
            "peace-",
            "qmery",
            "nazaninreihani",
            "Yousha",
            "yousefvand",
            "martianboy",
            "ircmaxell",
            "arashmilani",
            "beygi",
            "ggoffy",
            "hooshmand",
            "Andrax",
            "Jannaty",
            "satrap92",
            "Mahdihp",
            "asyn",
            "arashkhoeini",
            "RanLee",
            "sshnevis",
            "ariana2000",
            "LabsDotCoop",
            "free1",
            "danialbehzadi",
            "rastikerdar",
            "morteza",
            "morilog",
            "bitcero",
            "fzerorubigd",
            "somayeh-karami",
            "numb95",
            "mattpass",
            "irmob",
            "RoozbehShafiee",
            "sallar",
            "chaoos2",
            "bluemooninc",
            "cesagonchu",
            "tuupola",
            "peyman24x",
            "geekwright",
            "djculex",
            "haozime",
            "lavenderli",
            "zoghal",
            "hmny",
            "Hesamedin",
            "jadijadi"
        ],
        "Repositories": null,
        "Stars": null,
        "User": {
            "Extension": null,
            "avatar_url": null,
            "bio": null,
            "blog": null,
            "company": null,
            "created_at": null,
            "email": null,
            "events_url": null,
            "followers": null,
            "followers_url": null,
            "following": null,
            "following_url": null,
            "gists_url": null,
            "gravatar_id": null,
            "hireable": null,
            "html_url": null,
            "id": null,
            "location": null,
            "login": "voltan",
            "name": null,
            "organizations_url": null,
            "public_gists": null,
            "public_repos": null,
            "received_events_url": null,
            "repos_url": null,
            "score": 0,
            "site_admin": null,
            "starred_url": null,
            "subscriptions_url": null,
            "type": null,
            "updated_at": null,
            "url": null
        }
    }
]